transaction_id,client_id,date_transaction,montant_fcfa,type_transaction,compte_destination_id,corridor,is_risky,type_anomalie
fea762b2,CLI-00391,2026-02-03 00:00:00,43600.0,depot,,local,False,aucune
8a10b75c,CLI-00510,2026-02-03 00:00:00,72700.0,retrait,,local,False,aucune
5c95a570,CLI-00751,2026-02-03 00:00:00,114500.0,transfert_sortant,CLI-00111,local,False,aucune
e34749a8,CLI-00209,2026-02-03 00:00:00,105500.0,transfert_entrant,CLI-00342,local,False,aucune
8b1b60e8,CLI-00138,2026-02-03 00:00:00,4577900.0,retrait,,local,False,aucune
7eb0e23c,CLI-00294,2026-02-03 00:00:00,24000.0,transfert_sortant,CLI-00705,local,False,aucune
baef24b1,CLI-00067,2026-02-03 00:00:00,47700.0,retrait,,local,False,aucune
fc0c475a,CLI-00600,2026-02-03 00:00:00,46200.0,depot,,local,False,aucune
4b63ba26,CLI-00289,2026-02-03 00:00:00,12300.0,transfert_sortant,CLI-00158,local,False,aucune
4c3ea369,CLI-00426,2026-02-03 00:00:00,14300.0,transfert_sortant,CLI-00454,regional_uemoa,False,aucune
1b257b3a,CLI-00542,2026-02-03 00:00:00,130500.0,retrait,,local,False,aucune
3344fa00,CLI-00721,2026-02-03 00:00:00,65500.0,retrait,,local,False,aucune
114aa633,CLI-00380,2026-02-03 00:00:00,30200.0,retrait,,local,False,aucune
21eb18d5,CLI-00333,2026-02-03 00:00:00,110800.0,retrait,,local,False,aucune
fb6879d7,CLI-00132,2026-02-03 00:00:00,6900.0,remboursement_credit,,local,False,aucune
94ae40e3,CLI-00097,2026-02-03 00:00:00,19800.0,depot,,local,False,aucune
c7eb085b,CLI-00203,2026-02-03 00:00:00,280500.0,retrait,,local,False,aucune
707babc0,CLI-00141,2026-02-03 00:00:00,35900.0,retrait,,transfrontalier_sensible,False,aucune
4a70bfc3,CLI-00203,2026-02-03 00:00:00,46800.0,retrait,,local,False,aucune
03ed5cc7,CLI-00202,2026-02-03 00:00:00,138600.0,remboursement_credit,,local,False,aucune
6ffb42a5,CLI-00545,2026-02-03 00:00:00,496200.0,depot,,transfrontalier_sensible,False,aucune
c0ff9b08,CLI-00086,2026-02-03 00:00:00,70100.0,depot,,local,False,aucune
18c6f0ad,CLI-00640,2026-02-03 00:00:00,11400.0,transfert_sortant,CLI-00594,local,False,aucune
c9a5328e,CLI-00703,2026-02-03 00:00:00,44900.0,retrait,,local,False,aucune
9778b1d0,CLI-00152,2026-02-03 00:00:00,78000.0,remboursement_credit,,local,False,aucune
91f40bcf,CLI-00036,2026-02-03 00:00:00,49000.0,retrait,,local,False,aucune
02e9eda3,CLI-00089,2026-02-03 00:00:00,26700.0,depot,,local,False,aucune
271473b5,CLI-00233,2026-02-03 00:00:00,59900.0,depot,,local,False,aucune
ec78d4f4,CLI-00547,2026-02-03 00:00:00,21400.0,remboursement_credit,,local,False,aucune
e6907858,CLI-00374,2026-02-03 00:00:00,31200.0,transfert_sortant,CLI-00152,regional_uemoa,False,aucune
5f6d47a1,CLI-00400,2026-02-03 00:00:00,18000.0,transfert_entrant,CLI-00730,local,False,aucune
1c2950da,CLI-00193,2026-02-03 00:00:00,352300.0,remboursement_credit,,local,False,aucune
e0592427,CLI-00075,2026-02-03 00:00:00,295700.0,retrait,,local,False,aucune
362de54a,CLI-00290,2026-02-03 00:00:00,214200.0,retrait,,local,False,aucune
05f59954,CLI-00659,2026-02-03 00:00:00,10000.0,remboursement_credit,,transfrontalier_sensible,False,aucune
dbc164f3,CLI-00071,2026-02-03 00:00:00,296600.0,transfert_entrant,CLI-00341,regional_uemoa,False,aucune
37d42c76,CLI-00189,2026-02-03 00:00:00,113500.0,retrait,,local,False,aucune
482e205d,CLI-00128,2026-02-03 00:00:00,69700.0,retrait,,local,False,aucune
c36f72c9,CLI-00721,2026-02-03 00:00:00,15300.0,transfert_entrant,CLI-00047,local,False,aucune
f5e96aa6,CLI-00475,2026-02-03 00:00:00,95000.0,depot,,local,False,aucune
7de8a1b9,CLI-00573,2026-02-03 00:00:00,39800.0,depot,,local,False,aucune
1a7a1cf8,CLI-00041,2026-02-03 00:00:00,7500.0,depot,,local,False,aucune
805a01c7,CLI-00274,2026-02-03 00:00:00,30300.0,remboursement_credit,,local,False,aucune
fc0d0316,CLI-00266,2026-02-03 00:00:00,470100.0,depot,,transfrontalier_sensible,False,aucune
142e2bbf,CLI-00626,2026-02-03 00:00:00,24700.0,retrait,,local,False,aucune
27e1ebd9,CLI-00725,2026-02-03 00:00:00,64300.0,remboursement_credit,,local,False,aucune
4e951136,CLI-00258,2026-02-03 00:00:00,25900.0,transfert_sortant,CLI-00776,local,False,aucune
54374225,CLI-00746,2026-02-03 00:00:00,24800.0,remboursement_credit,,local,False,aucune
de61c15d,CLI-00257,2026-02-03 00:00:00,173900.0,transfert_sortant,CLI-00375,local,False,aucune
dcc3166c,CLI-00281,2026-02-03 00:00:00,120300.0,transfert_entrant,CLI-00799,local,False,aucune
72174631,CLI-00667,2026-02-03 00:00:00,41000.0,transfert_sortant,CLI-00278,local,False,aucune
5967f7d1,CLI-00022,2026-02-03 00:00:00,34300.0,depot,,local,False,aucune
a7a9c00a,CLI-00630,2026-02-03 00:00:00,13300.0,remboursement_credit,,local,False,aucune
666deaad,CLI-00607,2026-02-03 00:00:00,23000.0,retrait,,local,False,aucune
59274db4,CLI-00405,2026-02-03 00:00:00,358200.0,transfert_sortant,CLI-00205,regional_uemoa,False,aucune
99d32cea,CLI-00058,2026-02-03 00:00:00,43000.0,retrait,,local,False,aucune
e5f96ddc,CLI-00383,2026-02-03 00:00:00,42400.0,depot,,local,False,aucune
a6387543,CLI-00728,2026-02-03 00:00:00,133600.0,depot,,local,False,aucune
4098e5c8,CLI-00486,2026-02-03 00:00:00,47300.0,transfert_sortant,CLI-00325,local,False,aucune
16d8f673,CLI-00327,2026-02-03 00:00:00,32800.0,retrait,,local,False,aucune
6bf3159b,CLI-00353,2026-02-04 00:00:00,2900.0,retrait,,transfrontalier_sensible,False,aucune
bdaca414,CLI-00222,2026-02-04 00:00:00,107100.0,remboursement_credit,,regional_uemoa,False,aucune
68a25983,CLI-00183,2026-02-04 00:00:00,64800.0,transfert_sortant,CLI-00153,local,False,aucune
6f1e26a0,CLI-00182,2026-02-04 00:00:00,77600.0,transfert_sortant,CLI-00613,local,False,aucune
feb08d2f,CLI-00176,2026-02-04 00:00:00,49600.0,retrait,,local,False,aucune
59fa2112,CLI-00316,2026-02-04 00:00:00,110900.0,retrait,,local,False,aucune
d30a95c3,CLI-00674,2026-02-04 00:00:00,264300.0,retrait,,local,False,aucune
8eee9639,CLI-00223,2026-02-04 00:00:00,11300.0,retrait,,local,False,aucune
e9459beb,CLI-00538,2026-02-04 00:00:00,151400.0,retrait,,regional_uemoa,False,aucune
13e3cbec,CLI-00428,2026-02-04 00:00:00,1564400.0,depot,,local,False,aucune
9badd7bb,CLI-00165,2026-02-04 00:00:00,61300.0,retrait,,regional_uemoa,False,aucune
bd4c367c,CLI-00407,2026-02-04 00:00:00,49400.0,decaissement_credit,,local,False,aucune
2a2e1842,CLI-00692,2026-02-04 00:00:00,30100.0,transfert_sortant,CLI-00767,local,False,aucune
49247728,CLI-00540,2026-02-04 00:00:00,4947200.0,depot,,local,False,aucune
7d84ce88,CLI-00726,2026-02-04 00:00:00,92000.0,retrait,,transfrontalier_sensible,False,aucune
d1341c74,CLI-00726,2026-02-04 00:00:00,80400.0,retrait,,regional_uemoa,False,aucune
c41a9dd9,CLI-00692,2026-02-04 00:00:00,179300.0,transfert_sortant,CLI-00338,local,False,aucune
36bb4776,CLI-00676,2026-02-04 00:00:00,20800.0,depot,,regional_uemoa,False,aucune
3c89acc3,CLI-00432,2026-02-04 00:00:00,18000.0,transfert_entrant,CLI-00796,local,False,aucune
fab29ae6,CLI-00067,2026-02-04 00:00:00,74200.0,depot,,local,False,aucune
9be291e0,CLI-00212,2026-02-04 00:00:00,70000.0,transfert_sortant,CLI-00213,local,False,aucune
ed33ab11,CLI-00503,2026-02-04 00:00:00,27900.0,depot,,transfrontalier_sensible,False,aucune
bd78713a,CLI-00598,2026-02-04 00:00:00,32100.0,decaissement_credit,,local,False,aucune
cd833826,CLI-00432,2026-02-04 00:00:00,26600.0,transfert_sortant,CLI-00476,local,False,aucune
e45f0eb7,CLI-00205,2026-02-04 00:00:00,17700.0,depot,,local,False,aucune
08e07df4,CLI-00053,2026-02-04 00:00:00,21200.0,transfert_entrant,CLI-00545,local,False,aucune
a1ab823d,CLI-00651,2026-02-04 00:00:00,167900.0,transfert_entrant,CLI-00462,local,False,aucune
c39337b5,CLI-00413,2026-02-04 00:00:00,71100.0,transfert_sortant,CLI-00338,local,False,aucune
64790eb7,CLI-00254,2026-02-04 00:00:00,11300.0,depot,,local,False,aucune
b55063a0,CLI-00458,2026-02-04 00:00:00,120400.0,retrait,,local,False,aucune
888718d1,CLI-00074,2026-02-04 00:00:00,53900.0,remboursement_credit,,local,False,aucune
cf2feec1,CLI-00475,2026-02-04 00:00:00,231900.0,depot,,local,False,aucune
0a5548cb,CLI-00048,2026-02-04 00:00:00,81700.0,decaissement_credit,,local,False,aucune
c48f3d77,CLI-00629,2026-02-04 00:00:00,43200.0,depot,,local,False,aucune
69750348,CLI-00190,2026-02-04 00:00:00,51100.0,retrait,,local,False,aucune
02462c2a,CLI-00471,2026-02-04 00:00:00,24800.0,remboursement_credit,,regional_uemoa,False,aucune
34440ee9,CLI-00476,2026-02-04 00:00:00,128600.0,transfert_entrant,CLI-00242,regional_uemoa,False,aucune
7734dc5b,CLI-00236,2026-02-04 00:00:00,38300.0,transfert_sortant,CLI-00133,regional_uemoa,False,aucune
e861850d,CLI-00752,2026-02-04 00:00:00,8100.0,depot,,local,False,aucune
664d3740,CLI-00795,2026-02-04 00:00:00,35800.0,remboursement_credit,,local,False,aucune
b501402e,CLI-00395,2026-02-04 00:00:00,16700.0,retrait,,local,False,aucune
9686fd59,CLI-00100,2026-02-04 00:00:00,26500.0,depot,,local,False,aucune
b44e642e,CLI-00302,2026-02-04 00:00:00,57000.0,transfert_sortant,CLI-00594,regional_uemoa,False,aucune
891efc72,CLI-00666,2026-02-04 00:00:00,104400.0,retrait,,local,False,aucune
e5a04593,CLI-00113,2026-02-04 00:00:00,25900.0,decaissement_credit,,local,False,aucune
2cd4e2eb,CLI-00033,2026-02-04 00:00:00,64200.0,decaissement_credit,,local,False,aucune
c8c61a6c,CLI-00376,2026-02-04 00:00:00,329200.0,remboursement_credit,,regional_uemoa,False,aucune
ab439676,CLI-00143,2026-02-04 00:00:00,30400.0,retrait,,transfrontalier_sensible,False,aucune
4dbd08c5,CLI-00576,2026-02-04 00:00:00,100400.0,depot,,local,False,aucune
75c93880,CLI-00122,2026-02-04 00:00:00,23900.0,retrait,,local,False,aucune
b8fc113f,CLI-00776,2026-02-04 00:00:00,119900.0,decaissement_credit,,local,False,aucune
bb422b8a,CLI-00649,2026-02-05 00:00:00,200300.0,remboursement_credit,,local,False,aucune
974f46f4,CLI-00006,2026-02-05 00:00:00,94600.0,depot,,local,False,aucune
5ff9f60f,CLI-00729,2026-02-05 00:00:00,48400.0,depot,,local,False,aucune
14d7df28,CLI-00592,2026-02-05 00:00:00,21200.0,transfert_entrant,CLI-00669,local,False,aucune
d66b8f03,CLI-00372,2026-02-05 00:00:00,105200.0,depot,,local,False,aucune
8bd231ea,CLI-00779,2026-02-05 00:00:00,76300.0,depot,,local,False,aucune
0f576aae,CLI-00598,2026-02-05 00:00:00,93000.0,transfert_sortant,CLI-00523,local,False,aucune
3a9013e5,CLI-00061,2026-02-05 00:00:00,282600.0,remboursement_credit,,local,False,aucune
40928415,CLI-00096,2026-02-05 00:00:00,10400.0,depot,,regional_uemoa,False,aucune
3388f59f,CLI-00351,2026-02-05 00:00:00,120400.0,retrait,,local,False,aucune
5b54e549,CLI-00340,2026-02-05 00:00:00,16300.0,retrait,,local,False,aucune
17f219d3,CLI-00147,2026-02-05 00:00:00,6000.0,remboursement_credit,,local,False,aucune
f7c8a887,CLI-00228,2026-02-05 00:00:00,203700.0,depot,,local,False,aucune
4dc4004a,CLI-00496,2026-02-05 00:00:00,9120200.0,decaissement_credit,,local,False,aucune
42019ac4,CLI-00191,2026-02-05 00:00:00,21800.0,transfert_sortant,CLI-00413,local,False,aucune
bb4faaaf,CLI-00068,2026-02-05 00:00:00,35900.0,transfert_sortant,CLI-00000,local,False,aucune
73a904f0,CLI-00560,2026-02-05 00:00:00,25500.0,depot,,local,False,aucune
258103af,CLI-00333,2026-02-05 00:00:00,97700.0,retrait,,local,False,aucune
00171ba8,CLI-00133,2026-02-05 00:00:00,18600.0,depot,,local,False,aucune
31989c26,CLI-00422,2026-02-05 00:00:00,24700.0,transfert_entrant,CLI-00156,local,False,aucune
fe83f948,CLI-00195,2026-02-05 00:00:00,141700.0,depot,,local,False,aucune
a0818ae4,CLI-00336,2026-02-05 00:00:00,2200.0,retrait,,regional_uemoa,False,aucune
2a0b5bda,CLI-00683,2026-02-05 00:00:00,116500.0,retrait,,local,False,aucune
8adbc5ca,CLI-00424,2026-02-05 00:00:00,86800.0,transfert_sortant,CLI-00799,local,False,aucune
402b9b30,CLI-00424,2026-02-05 00:00:00,116200.0,depot,,regional_uemoa,False,aucune
8152bf42,CLI-00503,2026-02-05 00:00:00,138700.0,depot,,local,False,aucune
c5984eb8,CLI-00636,2026-02-05 00:00:00,26800.0,depot,,local,False,aucune
ff3c0d74,CLI-00145,2026-02-05 00:00:00,6000.0,remboursement_credit,,local,False,aucune
2d35ba33,CLI-00066,2026-02-05 00:00:00,130100.0,depot,,local,False,aucune
5a69072b,CLI-00643,2026-02-05 00:00:00,34300.0,depot,,regional_uemoa,False,aucune
66959fb1,CLI-00556,2026-02-05 00:00:00,182100.0,transfert_sortant,CLI-00450,local,False,aucune
02a7eb0b,CLI-00508,2026-02-05 00:00:00,140100.0,transfert_sortant,CLI-00145,local,False,aucune
57bff36d,CLI-00103,2026-02-05 00:00:00,103400.0,remboursement_credit,,local,False,aucune
2d259391,CLI-00393,2026-02-05 00:00:00,247100.0,transfert_entrant,CLI-00260,local,False,aucune
76b8c758,CLI-00536,2026-02-05 00:00:00,83800.0,transfert_entrant,CLI-00195,local,False,aucune
ec046047,CLI-00317,2026-02-05 00:00:00,146400.0,transfert_sortant,CLI-00000,local,False,aucune
fde63951,CLI-00255,2026-02-05 00:00:00,19200.0,transfert_sortant,CLI-00011,regional_uemoa,False,aucune
ffc3c3ec,CLI-00409,2026-02-05 00:00:00,36900.0,decaissement_credit,,local,False,aucune
075616d8,CLI-00083,2026-02-05 00:00:00,160300.0,transfert_entrant,CLI-00619,regional_uemoa,False,aucune
8b94693d,CLI-00242,2026-02-05 00:00:00,105000.0,remboursement_credit,,local,False,aucune
e6dec33b,CLI-00623,2026-02-05 00:00:00,30600.0,remboursement_credit,,transfrontalier_sensible,False,aucune
f080961a,CLI-00574,2026-02-05 00:00:00,38200.0,depot,,regional_uemoa,False,aucune
23c6cd53,CLI-00611,2026-02-05 00:00:00,174600.0,retrait,,local,False,aucune
68abcde5,CLI-00730,2026-02-05 00:00:00,10400.0,decaissement_credit,,local,False,aucune
678c9d7f,CLI-00248,2026-02-05 00:00:00,261900.0,transfert_entrant,CLI-00110,local,False,aucune
5aefec70,CLI-00640,2026-02-05 00:00:00,18100.0,transfert_entrant,CLI-00247,local,False,aucune
e1850718,CLI-00275,2026-02-05 00:00:00,18700.0,depot,,transfrontalier_sensible,False,aucune
7e07bea6,CLI-00000,2026-02-05 00:00:00,317800.0,remboursement_credit,,local,False,aucune
9006430d,CLI-00369,2026-02-05 00:00:00,33600.0,transfert_sortant,CLI-00287,local,False,aucune
b9b13f51,CLI-00591,2026-02-05 00:00:00,68000.0,retrait,,regional_uemoa,False,aucune
fdb42f27,CLI-00105,2026-02-05 00:00:00,81700.0,depot,,local,False,aucune
0d95371b,CLI-00438,2026-02-06 00:00:00,19900.0,transfert_entrant,CLI-00615,local,False,aucune
5937cde5,CLI-00738,2026-02-06 00:00:00,12000.0,retrait,,local,False,aucune
41008fff,CLI-00265,2026-02-06 00:00:00,26300.0,depot,,transfrontalier_sensible,False,aucune
e532d8af,CLI-00784,2026-02-06 00:00:00,9800.0,depot,,local,False,aucune
845e6aa8,CLI-00121,2026-02-06 00:00:00,248900.0,depot,,transfrontalier_sensible,False,aucune
7b1719c1,CLI-00216,2026-02-06 00:00:00,208300.0,retrait,,local,False,aucune
6feb7c79,CLI-00214,2026-02-06 00:00:00,72000.0,depot,,local,False,aucune
17c7914b,CLI-00439,2026-02-06 00:00:00,436600.0,remboursement_credit,,local,False,aucune
c43f79b8,CLI-00067,2026-02-06 00:00:00,42500.0,transfert_entrant,CLI-00371,regional_uemoa,False,aucune
2c9a0b85,CLI-00270,2026-02-06 00:00:00,37000.0,depot,,local,False,aucune
beaf11cc,CLI-00690,2026-02-06 00:00:00,26100.0,remboursement_credit,,local,False,aucune
fabb92bd,CLI-00573,2026-02-06 00:00:00,23400.0,remboursement_credit,,regional_uemoa,False,aucune
e342c439,CLI-00440,2026-02-06 00:00:00,510800.0,depot,,local,False,aucune
857e7882,CLI-00736,2026-02-06 00:00:00,65500.0,depot,,transfrontalier_sensible,False,aucune
cb25dab9,CLI-00423,2026-02-06 00:00:00,21600.0,transfert_sortant,CLI-00215,local,False,aucune
31b765ab,CLI-00317,2026-02-06 00:00:00,96200.0,depot,,local,False,aucune
e4380b0c,CLI-00450,2026-02-06 00:00:00,33400.0,retrait,,local,False,aucune
1680f60e,CLI-00219,2026-02-06 00:00:00,9500.0,transfert_sortant,CLI-00048,regional_uemoa,False,aucune
bf9f069f,CLI-00100,2026-02-06 00:00:00,139400.0,retrait,,local,False,aucune
b92394b0,CLI-00123,2026-02-06 00:00:00,184200.0,transfert_entrant,CLI-00561,regional_uemoa,False,aucune
90388282,CLI-00792,2026-02-06 00:00:00,34800.0,transfert_sortant,CLI-00565,local,False,aucune
db1b727c,CLI-00554,2026-02-06 00:00:00,47300.0,transfert_sortant,CLI-00031,local,False,aucune
0f7e3f17,CLI-00235,2026-02-06 00:00:00,56600.0,remboursement_credit,,local,False,aucune
888fb067,CLI-00098,2026-02-06 00:00:00,39100.0,decaissement_credit,,local,False,aucune
a0bee5b5,CLI-00746,2026-02-06 00:00:00,22200.0,transfert_sortant,CLI-00019,local,False,aucune
b8abe746,CLI-00493,2026-02-06 00:00:00,16300.0,depot,,local,False,aucune
1bc448f6,CLI-00747,2026-02-06 00:00:00,25700.0,transfert_entrant,CLI-00777,local,False,aucune
483eedda,CLI-00256,2026-02-06 00:00:00,65600.0,retrait,,regional_uemoa,False,aucune
c278b609,CLI-00772,2026-02-06 00:00:00,117200.0,depot,,local,False,aucune
6bf0ef7d,CLI-00062,2026-02-06 00:00:00,14100.0,depot,,regional_uemoa,False,aucune
df3325ff,CLI-00319,2026-02-06 00:00:00,9000.0,decaissement_credit,,local,False,aucune
96d00e59,CLI-00222,2026-02-06 00:00:00,319500.0,retrait,,local,False,aucune
ceed3729,CLI-00472,2026-02-06 00:00:00,15900.0,retrait,,regional_uemoa,False,aucune
e1d9ee8d,CLI-00305,2026-02-06 00:00:00,23800.0,decaissement_credit,,local,False,aucune
c3712826,CLI-00318,2026-02-06 00:00:00,330100.0,retrait,,local,False,aucune
f20b8c2b,CLI-00570,2026-02-06 00:00:00,33200.0,retrait,,local,False,aucune
f02bd041,CLI-00059,2026-02-06 00:00:00,7600.0,depot,,local,False,aucune
505131b2,CLI-00217,2026-02-06 00:00:00,52100.0,transfert_entrant,CLI-00398,regional_uemoa,False,aucune
cfbb1ae6,CLI-00171,2026-02-06 00:00:00,178500.0,transfert_sortant,CLI-00116,local,False,aucune
c4236c19,CLI-00515,2026-02-06 00:00:00,10400.0,decaissement_credit,,local,False,aucune
8b7d728b,CLI-00200,2026-02-06 00:00:00,13900.0,depot,,local,False,aucune
d6eb4c36,CLI-00704,2026-02-06 00:00:00,24600.0,transfert_entrant,CLI-00737,local,False,aucune
3dd94c1d,CLI-00654,2026-02-06 00:00:00,6700.0,retrait,,local,False,aucune
dd99efcc,CLI-00762,2026-02-06 00:00:00,57700.0,depot,,regional_uemoa,False,aucune
716e8f96,CLI-00752,2026-02-06 00:00:00,37100.0,remboursement_credit,,local,False,aucune
046c088e,CLI-00598,2026-02-06 00:00:00,216600.0,depot,,local,False,aucune
7aa30ac2,CLI-00585,2026-02-06 00:00:00,15300.0,retrait,,transfrontalier_sensible,False,aucune
3345af93,CLI-00162,2026-02-06 00:00:00,168200.0,depot,,local,False,aucune
e6b41079,CLI-00659,2026-02-06 00:00:00,15900.0,transfert_entrant,CLI-00613,regional_uemoa,False,aucune
e8f01cd8,CLI-00158,2026-02-06 00:00:00,30000.0,transfert_entrant,CLI-00297,local,False,aucune
d12f2b52,CLI-00084,2026-02-06 00:00:00,6900.0,retrait,,local,False,aucune
bfcd9ac3,CLI-00086,2026-02-06 00:00:00,18300.0,transfert_entrant,CLI-00138,local,False,aucune
9e9ddb7e,CLI-00180,2026-02-06 00:00:00,8600.0,depot,,local,False,aucune
7e951a32,CLI-00169,2026-02-06 00:00:00,57300.0,depot,,local,False,aucune
09020179,CLI-00355,2026-02-06 00:00:00,17700.0,transfert_sortant,CLI-00185,regional_uemoa,False,aucune
8b73a15b,CLI-00670,2026-02-06 00:00:00,10200.0,retrait,,local,False,aucune
75122d2c,CLI-00799,2026-02-06 00:00:00,39500.0,decaissement_credit,,local,False,aucune
886bc96d,CLI-00084,2026-02-06 00:00:00,17200.0,retrait,,local,False,aucune
339e2e88,CLI-00757,2026-02-06 00:00:00,172900.0,depot,,local,False,aucune
915e963f,CLI-00038,2026-02-07 00:00:00,43600.0,transfert_entrant,CLI-00323,local,False,aucune
d6ec0163,CLI-00282,2026-02-07 00:00:00,23200.0,transfert_entrant,CLI-00087,local,False,aucune
1f5e4b74,CLI-00793,2026-02-07 00:00:00,62300.0,retrait,,local,False,aucune
b4c0a45d,CLI-00082,2026-02-07 00:00:00,205900.0,retrait,,local,False,aucune
18f6da20,CLI-00739,2026-02-07 00:00:00,59200.0,depot,,local,False,aucune
dae34f5f,CLI-00303,2026-02-07 00:00:00,299100.0,retrait,,regional_uemoa,False,aucune
7ab5e621,CLI-00777,2026-02-07 00:00:00,121400.0,retrait,,local,False,aucune
47fb3888,CLI-00672,2026-02-07 00:00:00,7305900.0,transfert_entrant,CLI-00624,local,False,aucune
4801cd19,CLI-00053,2026-02-07 00:00:00,54300.0,retrait,,local,False,aucune
ffb35366,CLI-00545,2026-02-07 00:00:00,24300.0,remboursement_credit,,local,False,aucune
b8524b40,CLI-00078,2026-02-07 00:00:00,6998800.0,transfert_entrant,CLI-00489,local,False,aucune
56aabcf8,CLI-00614,2026-02-07 00:00:00,38900.0,depot,,local,False,aucune
e7aa7593,CLI-00243,2026-02-07 00:00:00,4300.0,transfert_sortant,CLI-00034,local,False,aucune
228c53de,CLI-00008,2026-02-07 00:00:00,16700.0,depot,,local,False,aucune
745b5af7,CLI-00452,2026-02-07 00:00:00,59200.0,depot,,local,False,aucune
ff401db5,CLI-00177,2026-02-07 00:00:00,24400.0,depot,,local,False,aucune
32aaf70d,CLI-00788,2026-02-07 00:00:00,73100.0,depot,,local,False,aucune
8d798157,CLI-00080,2026-02-07 00:00:00,37200.0,depot,,local,False,aucune
3683bea4,CLI-00339,2026-02-07 00:00:00,56600.0,transfert_entrant,CLI-00122,regional_uemoa,False,aucune
437f8747,CLI-00041,2026-02-07 00:00:00,38800.0,retrait,,regional_uemoa,False,aucune
dddd5c5a,CLI-00000,2026-02-07 00:00:00,10400.0,retrait,,transfrontalier_sensible,False,aucune
271b0cf0,CLI-00204,2026-02-07 00:00:00,11200.0,decaissement_credit,,regional_uemoa,False,aucune
92fb4579,CLI-00152,2026-02-07 00:00:00,10400.0,retrait,,local,False,aucune
ff84e6df,CLI-00710,2026-02-07 00:00:00,49500.0,transfert_entrant,CLI-00658,local,False,aucune
67305142,CLI-00092,2026-02-07 00:00:00,96800.0,transfert_sortant,CLI-00323,regional_uemoa,False,aucune
0e4a76ce,CLI-00170,2026-02-07 00:00:00,44600.0,retrait,,local,False,aucune
0d485ab0,CLI-00611,2026-02-07 00:00:00,427600.0,transfert_sortant,CLI-00725,local,False,aucune
0100c782,CLI-00556,2026-02-07 00:00:00,21700.0,transfert_sortant,CLI-00212,local,False,aucune
bc9a5d6b,CLI-00215,2026-02-07 00:00:00,9000.0,remboursement_credit,,local,False,aucune
f5f0cbf0,CLI-00736,2026-02-07 00:00:00,53200.0,transfert_sortant,CLI-00209,local,False,aucune
64b46001,CLI-00706,2026-02-07 00:00:00,76300.0,depot,,local,False,aucune
5f61d363,CLI-00710,2026-02-07 00:00:00,49700.0,retrait,,local,False,aucune
11cbfa6b,CLI-00617,2026-02-07 00:00:00,112300.0,transfert_sortant,CLI-00362,local,False,aucune
a7bc74a2,CLI-00624,2026-02-07 00:00:00,47100.0,remboursement_credit,,local,False,aucune
4e15331e,CLI-00136,2026-02-07 00:00:00,6300.0,depot,,local,False,aucune
989292df,CLI-00195,2026-02-07 00:00:00,177800.0,retrait,,local,False,aucune
efc65377,CLI-00117,2026-02-07 00:00:00,170600.0,depot,,local,False,aucune
deca24b4,CLI-00420,2026-02-07 00:00:00,189000.0,decaissement_credit,,local,False,aucune
27e7b082,CLI-00608,2026-02-07 00:00:00,33800.0,remboursement_credit,,transfrontalier_sensible,False,aucune
4bdc40c8,CLI-00663,2026-02-08 00:00:00,28600.0,decaissement_credit,,local,False,aucune
ba391811,CLI-00355,2026-02-08 00:00:00,6413200.0,depot,,local,False,aucune
e3904168,CLI-00397,2026-02-08 00:00:00,25000.0,retrait,,local,False,aucune
d1e067f7,CLI-00472,2026-02-08 00:00:00,56000.0,retrait,,local,False,aucune
d16ec415,CLI-00150,2026-02-08 00:00:00,29800.0,retrait,,local,False,aucune
f9b32c39,CLI-00630,2026-02-08 00:00:00,90900.0,retrait,,local,False,aucune
12ae33d7,CLI-00696,2026-02-08 00:00:00,23900.0,transfert_sortant,CLI-00026,local,False,aucune
fdd23f01,CLI-00257,2026-02-08 00:00:00,72200.0,decaissement_credit,,local,False,aucune
3ccf1876,CLI-00024,2026-02-08 00:00:00,994800.0,depot,,local,False,aucune
4e82856b,CLI-00162,2026-02-08 00:00:00,315100.0,depot,,local,False,aucune
fbfa24b0,CLI-00080,2026-02-08 00:00:00,28900.0,retrait,,local,False,aucune
fb449df0,CLI-00304,2026-02-08 00:00:00,232400.0,remboursement_credit,,local,False,aucune
ac191278,CLI-00024,2026-02-08 00:00:00,50600.0,transfert_entrant,CLI-00195,transfrontalier_sensible,False,aucune
7d7e4c30,CLI-00088,2026-02-08 00:00:00,326500.0,retrait,,local,False,aucune
f972c724,CLI-00028,2026-02-08 00:00:00,420800.0,depot,,local,False,aucune
6419384c,CLI-00649,2026-02-08 00:00:00,12200.0,depot,,local,False,aucune
f6fb5ea4,CLI-00194,2026-02-08 00:00:00,98300.0,depot,,local,False,aucune
33e12e15,CLI-00454,2026-02-08 00:00:00,120600.0,depot,,local,False,aucune
9a15498f,CLI-00042,2026-02-08 00:00:00,31600.0,depot,,local,False,aucune
a789dc85,CLI-00109,2026-02-08 00:00:00,81900.0,remboursement_credit,,regional_uemoa,False,aucune
ca8d31cc,CLI-00602,2026-02-08 00:00:00,8600.0,retrait,,local,False,aucune
87b8812d,CLI-00087,2026-02-08 00:00:00,14200.0,retrait,,local,False,aucune
9dd9eb9d,CLI-00378,2026-02-08 00:00:00,37600.0,transfert_sortant,CLI-00492,regional_uemoa,False,aucune
3526ca9a,CLI-00278,2026-02-08 00:00:00,203800.0,retrait,,local,False,aucune
c9df2305,CLI-00146,2026-02-08 00:00:00,48500.0,remboursement_credit,,local,False,aucune
e91f5972,CLI-00555,2026-02-08 00:00:00,154300.0,depot,,local,False,aucune
65dc80b1,CLI-00336,2026-02-08 00:00:00,14100.0,decaissement_credit,,local,False,aucune
313a0e49,CLI-00315,2026-02-08 00:00:00,74600.0,decaissement_credit,,local,False,aucune
9fcb5273,CLI-00768,2026-02-08 00:00:00,61200.0,depot,,local,False,aucune
429a25bc,CLI-00698,2026-02-08 00:00:00,288500.0,decaissement_credit,,local,False,aucune
001520c5,CLI-00653,2026-02-08 00:00:00,224600.0,remboursement_credit,,regional_uemoa,False,aucune
004ba9df,CLI-00191,2026-02-08 00:00:00,56100.0,transfert_sortant,CLI-00157,regional_uemoa,False,aucune
a1ea083a,CLI-00373,2026-02-08 00:00:00,310700.0,retrait,,regional_uemoa,False,aucune
1415d83f,CLI-00230,2026-02-08 00:00:00,33400.0,transfert_sortant,CLI-00279,local,False,aucune
d89cf4c4,CLI-00685,2026-02-08 00:00:00,24600.0,transfert_sortant,CLI-00743,local,False,aucune
7b4bb040,CLI-00186,2026-02-08 00:00:00,20200.0,transfert_sortant,CLI-00163,local,False,aucune
2f41aa7f,CLI-00069,2026-02-08 00:00:00,32300.0,transfert_entrant,CLI-00342,local,False,aucune
4e8aa5ae,CLI-00697,2026-02-08 00:00:00,71200.0,retrait,,local,False,aucune
828741da,CLI-00286,2026-02-08 00:00:00,22500.0,retrait,,local,False,aucune
bbf302ff,CLI-00367,2026-02-08 00:00:00,61600.0,depot,,local,False,aucune
523b2956,CLI-00745,2026-02-08 00:00:00,87100.0,remboursement_credit,,local,False,aucune
de49e99a,CLI-00745,2026-02-08 00:00:00,60800.0,retrait,,local,False,aucune
728d2d77,CLI-00124,2026-02-08 00:00:00,14100.0,retrait,,local,False,aucune
47a9881f,CLI-00368,2026-02-09 00:00:00,13600.0,depot,,local,False,aucune
8dd67a12,CLI-00673,2026-02-09 00:00:00,92000.0,transfert_entrant,CLI-00566,local,False,aucune
f701a222,CLI-00008,2026-02-09 00:00:00,84300.0,retrait,,local,False,aucune
a03c7e33,CLI-00736,2026-02-09 00:00:00,18900.0,retrait,,regional_uemoa,False,aucune
b00c99fe,CLI-00462,2026-02-09 00:00:00,28600.0,remboursement_credit,,local,False,aucune
a6042399,CLI-00276,2026-02-09 00:00:00,27300.0,depot,,local,False,aucune
215e0296,CLI-00587,2026-02-09 00:00:00,90300.0,retrait,,local,False,aucune
fecd2c01,CLI-00714,2026-02-09 00:00:00,74100.0,depot,,local,False,aucune
07c6dd0f,CLI-00279,2026-02-09 00:00:00,24700.0,remboursement_credit,,regional_uemoa,False,aucune
7a76ce4b,CLI-00539,2026-02-09 00:00:00,71200.0,transfert_entrant,CLI-00791,regional_uemoa,False,aucune
deaa942d,CLI-00795,2026-02-09 00:00:00,233500.0,depot,,local,False,aucune
9d31e021,CLI-00652,2026-02-09 00:00:00,64200.0,remboursement_credit,,local,False,aucune
03e304f8,CLI-00278,2026-02-09 00:00:00,16400.0,retrait,,local,False,aucune
f5c56f7d,CLI-00103,2026-02-09 00:00:00,30000.0,retrait,,local,False,aucune
f0e7dc68,CLI-00614,2026-02-09 00:00:00,225300.0,depot,,local,False,aucune
36d2c2a9,CLI-00439,2026-02-09 00:00:00,32700.0,decaissement_credit,,regional_uemoa,False,aucune
97c1a636,CLI-00264,2026-02-09 00:00:00,247500.0,depot,,local,False,aucune
14d659a8,CLI-00279,2026-02-09 00:00:00,12300.0,depot,,local,False,aucune
bc806181,CLI-00157,2026-02-09 00:00:00,63000.0,retrait,,local,False,aucune
a5180e7f,CLI-00740,2026-02-09 00:00:00,27500.0,decaissement_credit,,local,False,aucune
2e3c6bf6,CLI-00421,2026-02-09 00:00:00,25500.0,remboursement_credit,,local,False,aucune
002228aa,CLI-00588,2026-02-09 00:00:00,17200.0,retrait,,regional_uemoa,False,aucune
236b0146,CLI-00348,2026-02-09 00:00:00,19900.0,depot,,local,False,aucune
6b34a2da,CLI-00520,2026-02-09 00:00:00,22300.0,transfert_sortant,CLI-00441,local,False,aucune
ad58d3ee,CLI-00375,2026-02-09 00:00:00,24600.0,depot,,local,False,aucune
d40d31f2,CLI-00221,2026-02-09 00:00:00,198900.0,retrait,,regional_uemoa,False,aucune
5898f0a2,CLI-00721,2026-02-09 00:00:00,87200.0,retrait,,local,False,aucune
eaf03657,CLI-00498,2026-02-09 00:00:00,92800.0,depot,,local,False,aucune
d3a3e49d,CLI-00145,2026-02-09 00:00:00,49000.0,transfert_sortant,CLI-00189,local,False,aucune
1b6762c4,CLI-00291,2026-02-09 00:00:00,70300.0,transfert_sortant,CLI-00510,local,False,aucune
478e760a,CLI-00400,2026-02-09 00:00:00,35800.0,transfert_entrant,CLI-00146,local,False,aucune
bea1cb3f,CLI-00065,2026-02-09 00:00:00,1100.0,remboursement_credit,,local,False,aucune
e9c37128,CLI-00066,2026-02-09 00:00:00,153900.0,retrait,,local,False,aucune
854b24bf,CLI-00636,2026-02-09 00:00:00,112700.0,transfert_sortant,CLI-00318,local,False,aucune
f17ba7d3,CLI-00277,2026-02-09 00:00:00,80200.0,retrait,,local,False,aucune
5217e822,CLI-00343,2026-02-09 00:00:00,132500.0,transfert_entrant,CLI-00638,local,False,aucune
c96a6779,CLI-00094,2026-02-09 00:00:00,33400.0,decaissement_credit,,local,False,aucune
5dca87b2,CLI-00204,2026-02-09 00:00:00,114700.0,remboursement_credit,,local,False,aucune
86da36e5,CLI-00213,2026-02-09 00:00:00,13000.0,remboursement_credit,,local,False,aucune
a2e55893,CLI-00662,2026-02-09 00:00:00,28100.0,depot,,regional_uemoa,False,aucune
56904738,CLI-00015,2026-02-09 00:00:00,11100.0,depot,,local,False,aucune
b96ef91d,CLI-00700,2026-02-09 00:00:00,25500.0,transfert_entrant,CLI-00484,local,False,aucune
7d2dab3b,CLI-00102,2026-02-09 00:00:00,45400.0,retrait,,local,False,aucune
ed22c701,CLI-00126,2026-02-09 00:00:00,9500.0,retrait,,regional_uemoa,False,aucune
ce92364c,CLI-00564,2026-02-09 00:00:00,22100.0,decaissement_credit,,local,False,aucune
5eb662e7,CLI-00257,2026-02-09 00:00:00,77100.0,depot,,local,False,aucune
4bf065f8,CLI-00361,2026-02-09 00:00:00,742700.0,retrait,,local,False,aucune
00400034,CLI-00254,2026-02-09 00:00:00,4800.0,depot,,regional_uemoa,False,aucune
985cf2e9,CLI-00656,2026-02-09 00:00:00,41100.0,transfert_sortant,CLI-00281,local,False,aucune
d52314e0,CLI-00360,2026-02-09 00:00:00,56400.0,retrait,,local,False,aucune
61874e2e,CLI-00568,2026-02-09 00:00:00,279900.0,remboursement_credit,,local,False,aucune
937bf5d8,CLI-00433,2026-02-09 00:00:00,202800.0,decaissement_credit,,local,False,aucune
46dc5424,CLI-00651,2026-02-09 00:00:00,119800.0,depot,,local,False,aucune
a035a96f,CLI-00731,2026-02-09 00:00:00,78500.0,retrait,,regional_uemoa,False,aucune
5a402c7d,CLI-00236,2026-02-09 00:00:00,285100.0,depot,,local,False,aucune
d3bc780b,CLI-00247,2026-02-09 00:00:00,44500.0,depot,,local,False,aucune
e75f56c8,CLI-00484,2026-02-09 00:00:00,495000.0,decaissement_credit,,local,False,aucune
298d0691,CLI-00357,2026-02-09 00:00:00,18700.0,retrait,,local,False,aucune
ea0d5697,CLI-00710,2026-02-09 00:00:00,118700.0,retrait,,local,False,aucune
f2ca573d,CLI-00432,2026-02-09 00:00:00,105400.0,transfert_sortant,CLI-00027,local,False,aucune
57df6f6a,CLI-00486,2026-02-09 00:00:00,119900.0,retrait,,local,False,aucune
1d55fc7f,CLI-00607,2026-02-09 00:00:00,131000.0,transfert_sortant,CLI-00344,local,False,aucune
5efba884,CLI-00487,2026-02-09 00:00:00,315100.0,depot,,local,False,aucune
ff52b4f8,CLI-00528,2026-02-09 00:00:00,34800.0,depot,,local,False,aucune
ecac5183,CLI-00483,2026-02-09 00:00:00,26700.0,depot,,regional_uemoa,False,aucune
203c630a,CLI-00713,2026-02-09 00:00:00,20700.0,depot,,transfrontalier_sensible,False,aucune
77a2fdee,CLI-00623,2026-02-10 00:00:00,7230200.0,depot,,local,False,aucune
9beb182f,CLI-00280,2026-02-10 00:00:00,52300.0,decaissement_credit,,local,False,aucune
52a954a8,CLI-00069,2026-02-10 00:00:00,265500.0,retrait,,local,False,aucune
81638d14,CLI-00274,2026-02-10 00:00:00,48100.0,remboursement_credit,,local,False,aucune
23ca9c68,CLI-00595,2026-02-10 00:00:00,955500.0,transfert_sortant,CLI-00020,local,False,aucune
1a4d3cb8,CLI-00756,2026-02-10 00:00:00,24700.0,remboursement_credit,,regional_uemoa,False,aucune
4a93ed85,CLI-00592,2026-02-10 00:00:00,121400.0,retrait,,local,False,aucune
6c0f8aeb,CLI-00779,2026-02-10 00:00:00,27900.0,remboursement_credit,,local,False,aucune
86b6cb45,CLI-00540,2026-02-10 00:00:00,3900.0,remboursement_credit,,local,False,aucune
39738c0e,CLI-00154,2026-02-10 00:00:00,39100.0,transfert_entrant,CLI-00713,regional_uemoa,False,aucune
ec467b75,CLI-00153,2026-02-10 00:00:00,107300.0,depot,,local,False,aucune
243f30f9,CLI-00518,2026-02-10 00:00:00,52700.0,transfert_sortant,CLI-00138,local,False,aucune
7d7337c7,CLI-00088,2026-02-10 00:00:00,101400.0,depot,,local,False,aucune
e1483c0c,CLI-00556,2026-02-10 00:00:00,67700.0,remboursement_credit,,local,False,aucune
7d036bdd,CLI-00133,2026-02-10 00:00:00,32600.0,depot,,local,False,aucune
9e9bb1b9,CLI-00663,2026-02-10 00:00:00,6600.0,retrait,,local,False,aucune
4ddec2b0,CLI-00770,2026-02-10 00:00:00,316100.0,depot,,local,False,aucune
c30f5b0e,CLI-00119,2026-02-10 00:00:00,83800.0,depot,,local,False,aucune
729bbea3,CLI-00112,2026-02-10 00:00:00,91600.0,retrait,,local,False,aucune
a5784a3b,CLI-00571,2026-02-10 00:00:00,29700.0,retrait,,local,False,aucune
d8ec2d6d,CLI-00088,2026-02-10 00:00:00,18400.0,retrait,,local,False,aucune
b78d84ff,CLI-00041,2026-02-10 00:00:00,160600.0,depot,,local,False,aucune
eb718e94,CLI-00659,2026-02-10 00:00:00,122500.0,retrait,,local,False,aucune
b3f05a9d,CLI-00065,2026-02-10 00:00:00,30700.0,remboursement_credit,,local,False,aucune
6235e6a1,CLI-00737,2026-02-10 00:00:00,108600.0,transfert_entrant,CLI-00641,local,False,aucune
323996c2,CLI-00790,2026-02-10 00:00:00,43400.0,depot,,regional_uemoa,False,aucune
9e54668f,CLI-00267,2026-02-10 00:00:00,300000.0,depot,,regional_uemoa,False,aucune
139bcbd4,CLI-00611,2026-02-10 00:00:00,52400.0,transfert_sortant,CLI-00083,regional_uemoa,False,aucune
d2d3dadf,CLI-00741,2026-02-10 00:00:00,128500.0,transfert_entrant,CLI-00310,local,False,aucune
4040ac50,CLI-00688,2026-02-10 00:00:00,71400.0,transfert_sortant,CLI-00695,local,False,aucune
b5d491ef,CLI-00608,2026-02-10 00:00:00,28200.0,depot,,regional_uemoa,False,aucune
602bd27e,CLI-00513,2026-02-10 00:00:00,45900.0,transfert_sortant,CLI-00794,local,False,aucune
12a544e4,CLI-00054,2026-02-10 00:00:00,199600.0,remboursement_credit,,local,False,aucune
2477d401,CLI-00241,2026-02-10 00:00:00,241200.0,retrait,,local,False,aucune
41dfd251,CLI-00686,2026-02-10 00:00:00,240500.0,transfert_sortant,CLI-00143,regional_uemoa,False,aucune
ee76afe4,CLI-00488,2026-02-10 00:00:00,3103900.0,decaissement_credit,,local,False,aucune
47bbd732,CLI-00237,2026-02-10 00:00:00,21000.0,transfert_sortant,CLI-00413,local,False,aucune
a2a8c458,CLI-00488,2026-02-10 00:00:00,51800.0,decaissement_credit,,regional_uemoa,False,aucune
055672cc,CLI-00222,2026-02-10 00:00:00,11700.0,retrait,,local,False,aucune
25a0f613,CLI-00498,2026-02-10 00:00:00,32500.0,transfert_sortant,CLI-00569,regional_uemoa,False,aucune
ce7ef8b6,CLI-00244,2026-02-10 00:00:00,33400.0,transfert_entrant,CLI-00206,local,False,aucune
8d47b40f,CLI-00301,2026-02-10 00:00:00,109600.0,transfert_sortant,CLI-00175,local,False,aucune
26ca4ad6,CLI-00250,2026-02-10 00:00:00,7400.0,depot,,local,False,aucune
61ded580,CLI-00332,2026-02-10 00:00:00,60700.0,remboursement_credit,,local,False,aucune
708780dd,CLI-00367,2026-02-10 00:00:00,4200.0,transfert_entrant,CLI-00774,local,False,aucune
2786de96,CLI-00427,2026-02-10 00:00:00,72500.0,depot,,transfrontalier_sensible,False,aucune
d79bdbab,CLI-00414,2026-02-10 00:00:00,15300.0,retrait,,local,False,aucune
b605fde1,CLI-00032,2026-02-10 00:00:00,71200.0,depot,,local,False,aucune
cb20a78a,CLI-00009,2026-02-10 00:00:00,57200.0,transfert_sortant,CLI-00028,local,False,aucune
7d3529e9,CLI-00399,2026-02-10 00:00:00,133400.0,depot,,local,False,aucune
5d02b574,CLI-00381,2026-02-10 00:00:00,162300.0,transfert_sortant,CLI-00053,regional_uemoa,False,aucune
32530cff,CLI-00697,2026-02-10 00:00:00,44600.0,retrait,,local,False,aucune
b597c88a,CLI-00318,2026-02-10 00:00:00,91700.0,retrait,,regional_uemoa,False,aucune
271bab5f,CLI-00440,2026-02-10 00:00:00,60500.0,retrait,,local,False,aucune
23e7ce5f,CLI-00694,2026-02-10 00:00:00,50000.0,retrait,,regional_uemoa,False,aucune
47c7d855,CLI-00013,2026-02-10 00:00:00,24000.0,decaissement_credit,,local,False,aucune
2f34c638,CLI-00388,2026-02-10 00:00:00,279200.0,decaissement_credit,,local,False,aucune
0ad1e775,CLI-00491,2026-02-11 00:00:00,431300.0,depot,,regional_uemoa,False,aucune
40e0782e,CLI-00151,2026-02-11 00:00:00,10900.0,transfert_sortant,CLI-00196,local,False,aucune
807e1f48,CLI-00545,2026-02-11 00:00:00,10100.0,decaissement_credit,,transfrontalier_sensible,False,aucune
0bc4982c,CLI-00498,2026-02-11 00:00:00,75400.0,decaissement_credit,,local,False,aucune
e6f0eab4,CLI-00778,2026-02-11 00:00:00,18400.0,retrait,,regional_uemoa,False,aucune
d73b89ff,CLI-00462,2026-02-11 00:00:00,620400.0,retrait,,local,False,aucune
0aff6f1b,CLI-00028,2026-02-11 00:00:00,106900.0,depot,,local,False,aucune
ea74b2ea,CLI-00501,2026-02-11 00:00:00,77500.0,depot,,local,False,aucune
9ae018b0,CLI-00620,2026-02-11 00:00:00,7800.0,retrait,,regional_uemoa,False,aucune
9aa67b49,CLI-00365,2026-02-11 00:00:00,66700.0,depot,,regional_uemoa,False,aucune
96dc673f,CLI-00422,2026-02-11 00:00:00,81500.0,decaissement_credit,,local,False,aucune
ae79e3fd,CLI-00530,2026-02-11 00:00:00,16000.0,decaissement_credit,,local,False,aucune
b414e4f9,CLI-00186,2026-02-11 00:00:00,20600.0,retrait,,local,False,aucune
d3e7a913,CLI-00285,2026-02-11 00:00:00,36200.0,transfert_sortant,CLI-00696,local,False,aucune
81f2677b,CLI-00306,2026-02-11 00:00:00,36200.0,retrait,,local,False,aucune
35319122,CLI-00301,2026-02-11 00:00:00,2500.0,depot,,regional_uemoa,False,aucune
2f1997bb,CLI-00188,2026-02-11 00:00:00,94700.0,retrait,,local,False,aucune
53c1ed7c,CLI-00593,2026-02-11 00:00:00,36600.0,remboursement_credit,,local,False,aucune
fe94a064,CLI-00635,2026-02-11 00:00:00,58500.0,transfert_sortant,CLI-00361,local,False,aucune
f607bac6,CLI-00700,2026-02-11 00:00:00,353700.0,retrait,,local,False,aucune
d48f03a6,CLI-00718,2026-02-11 00:00:00,25200.0,depot,,local,False,aucune
19557922,CLI-00673,2026-02-11 00:00:00,153000.0,retrait,,transfrontalier_sensible,False,aucune
0f3374b7,CLI-00146,2026-02-11 00:00:00,89000.0,remboursement_credit,,regional_uemoa,False,aucune
73958505,CLI-00652,2026-02-11 00:00:00,10600.0,depot,,local,False,aucune
d1b028d3,CLI-00145,2026-02-11 00:00:00,52800.0,depot,,local,False,aucune
8efa20f8,CLI-00107,2026-02-11 00:00:00,38100.0,remboursement_credit,,local,False,aucune
0649cecd,CLI-00689,2026-02-11 00:00:00,4800.0,transfert_entrant,CLI-00762,regional_uemoa,False,aucune
fb0b4297,CLI-00108,2026-02-11 00:00:00,60900.0,retrait,,regional_uemoa,False,aucune
d45d0dad,CLI-00570,2026-02-11 00:00:00,56700.0,transfert_entrant,CLI-00207,local,False,aucune
a13c5ea1,CLI-00772,2026-02-11 00:00:00,62000.0,remboursement_credit,,local,False,aucune
7ddfb7f3,CLI-00114,2026-02-11 00:00:00,210000.0,depot,,local,False,aucune
74be1d51,CLI-00789,2026-02-11 00:00:00,55200.0,retrait,,local,False,aucune
8b303749,CLI-00322,2026-02-11 00:00:00,221200.0,retrait,,local,False,aucune
9356b4f9,CLI-00385,2026-02-11 00:00:00,29400.0,transfert_sortant,CLI-00070,local,False,aucune
56bc9799,CLI-00256,2026-02-11 00:00:00,22400.0,depot,,local,False,aucune
a32cb692,CLI-00766,2026-02-11 00:00:00,56700.0,retrait,,local,False,aucune
24ef6378,CLI-00737,2026-02-11 00:00:00,54500.0,depot,,transfrontalier_sensible,False,aucune
087b3d44,CLI-00770,2026-02-11 00:00:00,61100.0,decaissement_credit,,local,False,aucune
d1846042,CLI-00381,2026-02-11 00:00:00,70600.0,retrait,,local,False,aucune
1eccb911,CLI-00099,2026-02-11 00:00:00,16100.0,depot,,local,False,aucune
97b3dedc,CLI-00429,2026-02-11 00:00:00,41700.0,remboursement_credit,,local,False,aucune
f2504aab,CLI-00605,2026-02-11 00:00:00,187300.0,retrait,,local,False,aucune
4437019b,CLI-00480,2026-02-11 00:00:00,27400.0,depot,,local,False,aucune
af6442bc,CLI-00022,2026-02-11 00:00:00,14800.0,decaissement_credit,,local,False,aucune
5668a48d,CLI-00134,2026-02-11 00:00:00,114000.0,remboursement_credit,,local,False,aucune
86b1cd9f,CLI-00380,2026-02-11 00:00:00,15400.0,transfert_entrant,CLI-00656,local,False,aucune
5e21247d,CLI-00243,2026-02-11 00:00:00,165600.0,depot,,local,False,aucune
0409865e,CLI-00479,2026-02-12 00:00:00,144200.0,retrait,,regional_uemoa,False,aucune
4cb77f88,CLI-00720,2026-02-12 00:00:00,28300.0,depot,,local,False,aucune
a4ec731c,CLI-00420,2026-02-12 00:00:00,21900.0,decaissement_credit,,local,False,aucune
48a27867,CLI-00308,2026-02-12 00:00:00,177400.0,remboursement_credit,,local,False,aucune
2ec487d3,CLI-00783,2026-02-12 00:00:00,62400.0,decaissement_credit,,local,False,aucune
d256e5c4,CLI-00261,2026-02-12 00:00:00,74000.0,depot,,local,False,aucune
6283a4e0,CLI-00328,2026-02-12 00:00:00,18300.0,depot,,local,False,aucune
6357f359,CLI-00019,2026-02-12 00:00:00,15200.0,retrait,,local,False,aucune
13116552,CLI-00735,2026-02-12 00:00:00,45400.0,retrait,,local,False,aucune
901dd240,CLI-00260,2026-02-12 00:00:00,131300.0,depot,,local,False,aucune
54ab367c,CLI-00615,2026-02-12 00:00:00,38500.0,transfert_entrant,CLI-00687,transfrontalier_sensible,False,aucune
b4a4ff4c,CLI-00224,2026-02-12 00:00:00,21500.0,retrait,,local,False,aucune
a9abe20a,CLI-00340,2026-02-12 00:00:00,34600.0,transfert_entrant,CLI-00456,local,False,aucune
1d209457,CLI-00247,2026-02-12 00:00:00,39900.0,transfert_entrant,CLI-00150,local,False,aucune
39b58781,CLI-00504,2026-02-12 00:00:00,52600.0,transfert_sortant,CLI-00147,local,False,aucune
817fa567,CLI-00442,2026-02-12 00:00:00,507500.0,depot,,local,False,aucune
6416aa91,CLI-00720,2026-02-12 00:00:00,14600.0,depot,,local,False,aucune
604bddf9,CLI-00324,2026-02-12 00:00:00,35200.0,remboursement_credit,,local,False,aucune
e793aed3,CLI-00335,2026-02-12 00:00:00,11800.0,retrait,,local,False,aucune
1489ac4f,CLI-00255,2026-02-12 00:00:00,60700.0,retrait,,local,False,aucune
92bf8851,CLI-00783,2026-02-12 00:00:00,91000.0,depot,,local,False,aucune
114a6e2a,CLI-00345,2026-02-12 00:00:00,86500.0,depot,,local,False,aucune
55935f8b,CLI-00300,2026-02-12 00:00:00,10100.0,retrait,,local,False,aucune
0ef4337b,CLI-00524,2026-02-12 00:00:00,25600.0,transfert_sortant,CLI-00599,local,False,aucune
5453fff0,CLI-00006,2026-02-12 00:00:00,64800.0,retrait,,local,False,aucune
08a6de00,CLI-00004,2026-02-12 00:00:00,45900.0,transfert_sortant,CLI-00639,local,False,aucune
dca0fbc9,CLI-00548,2026-02-12 00:00:00,66300.0,depot,,local,False,aucune
55cf014f,CLI-00305,2026-02-12 00:00:00,20600.0,remboursement_credit,,local,False,aucune
4d54add8,CLI-00562,2026-02-12 00:00:00,23500.0,retrait,,local,False,aucune
0d861152,CLI-00126,2026-02-12 00:00:00,10200.0,depot,,local,False,aucune
bed68bed,CLI-00566,2026-02-12 00:00:00,12200.0,retrait,,local,False,aucune
8e1de267,CLI-00455,2026-02-12 00:00:00,60300.0,retrait,,local,False,aucune
1711a256,CLI-00091,2026-02-12 00:00:00,28800.0,decaissement_credit,,local,False,aucune
16c5a86d,CLI-00172,2026-02-12 00:00:00,87600.0,remboursement_credit,,local,False,aucune
452885ad,CLI-00534,2026-02-12 00:00:00,135700.0,retrait,,regional_uemoa,False,aucune
43bea8ee,CLI-00590,2026-02-12 00:00:00,7900.0,remboursement_credit,,local,False,aucune
ee678222,CLI-00568,2026-02-12 00:00:00,29000.0,retrait,,local,False,aucune
2c963e99,CLI-00285,2026-02-12 00:00:00,18000.0,retrait,,regional_uemoa,False,aucune
2d69a170,CLI-00195,2026-02-12 00:00:00,253800.0,remboursement_credit,,local,False,aucune
fd81bfe6,CLI-00647,2026-02-12 00:00:00,106100.0,depot,,local,False,aucune
370184c7,CLI-00520,2026-02-12 00:00:00,48500.0,depot,,local,False,aucune
16db669f,CLI-00660,2026-02-12 00:00:00,32000.0,retrait,,local,False,aucune
f3217d71,CLI-00109,2026-02-12 00:00:00,235100.0,depot,,local,False,aucune
d147821f,CLI-00111,2026-02-12 00:00:00,100200.0,transfert_sortant,CLI-00482,local,False,aucune
a776d9cf,CLI-00766,2026-02-12 00:00:00,8400.0,transfert_entrant,CLI-00227,local,False,aucune
bfdb1b34,CLI-00188,2026-02-12 00:00:00,8234500.0,transfert_sortant,CLI-00441,transfrontalier_sensible,False,aucune
76d27cfc,CLI-00525,2026-02-12 00:00:00,37900.0,remboursement_credit,,local,False,aucune
7e7c51c5,CLI-00116,2026-02-13 00:00:00,30800.0,retrait,,local,False,aucune
99a72b9c,CLI-00578,2026-02-13 00:00:00,43800.0,depot,,local,False,aucune
12b63823,CLI-00102,2026-02-13 00:00:00,120900.0,transfert_entrant,CLI-00750,local,False,aucune
f30bc1a9,CLI-00689,2026-02-13 00:00:00,49400.0,remboursement_credit,,regional_uemoa,False,aucune
1fc7e3da,CLI-00100,2026-02-13 00:00:00,84900.0,retrait,,local,False,aucune
ca160507,CLI-00656,2026-02-13 00:00:00,78800.0,depot,,local,False,aucune
1f4c5d8b,CLI-00251,2026-02-13 00:00:00,33400.0,remboursement_credit,,regional_uemoa,False,aucune
584aac4a,CLI-00568,2026-02-13 00:00:00,42800.0,transfert_sortant,CLI-00225,local,False,aucune
16fc3fae,CLI-00130,2026-02-13 00:00:00,91200.0,depot,,local,False,aucune
27d7be46,CLI-00581,2026-02-13 00:00:00,64300.0,depot,,local,False,aucune
7dc367ae,CLI-00485,2026-02-13 00:00:00,42600.0,retrait,,local,False,aucune
ae9e0d10,CLI-00435,2026-02-13 00:00:00,58100.0,depot,,local,False,aucune
00ea04e0,CLI-00668,2026-02-13 00:00:00,147000.0,depot,,local,False,aucune
275c442b,CLI-00198,2026-02-13 00:00:00,40500.0,depot,,regional_uemoa,False,aucune
07f2bb15,CLI-00722,2026-02-13 00:00:00,24000.0,retrait,,local,False,aucune
ad943e33,CLI-00203,2026-02-13 00:00:00,23500.0,remboursement_credit,,local,False,aucune
1c6b4148,CLI-00420,2026-02-13 00:00:00,95700.0,retrait,,local,False,aucune
ee9798e4,CLI-00192,2026-02-13 00:00:00,51600.0,retrait,,local,False,aucune
6e3169ee,CLI-00509,2026-02-13 00:00:00,261200.0,transfert_sortant,CLI-00160,local,False,aucune
890e6aa7,CLI-00317,2026-02-13 00:00:00,10400.0,transfert_sortant,CLI-00257,local,False,aucune
9f985433,CLI-00188,2026-02-13 00:00:00,5500.0,depot,,local,False,aucune
deeaa9f7,CLI-00683,2026-02-13 00:00:00,150900.0,transfert_sortant,CLI-00067,local,False,aucune
dff86f66,CLI-00407,2026-02-13 00:00:00,53200.0,decaissement_credit,,local,False,aucune
5f827ad2,CLI-00658,2026-02-13 00:00:00,74000.0,transfert_sortant,CLI-00628,local,False,aucune
f9a93cfe,CLI-00540,2026-02-13 00:00:00,44400.0,transfert_entrant,CLI-00056,local,False,aucune
c1789ca2,CLI-00329,2026-02-13 00:00:00,40500.0,decaissement_credit,,regional_uemoa,False,aucune
90a8158b,CLI-00587,2026-02-13 00:00:00,24200.0,depot,,local,False,aucune
31232fcb,CLI-00368,2026-02-13 00:00:00,78800.0,retrait,,local,False,aucune
6436a2a4,CLI-00369,2026-02-13 00:00:00,11300.0,depot,,local,False,aucune
23ec2519,CLI-00496,2026-02-13 00:00:00,100100.0,depot,,local,False,aucune
5c36cec7,CLI-00151,2026-02-13 00:00:00,74500.0,retrait,,regional_uemoa,False,aucune
4354e473,CLI-00230,2026-02-13 00:00:00,10100.0,remboursement_credit,,local,False,aucune
58b5eda0,CLI-00491,2026-02-13 00:00:00,10200.0,depot,,local,False,aucune
52811e70,CLI-00072,2026-02-13 00:00:00,42000.0,retrait,,local,False,aucune
de88125b,CLI-00147,2026-02-13 00:00:00,85900.0,transfert_entrant,CLI-00503,local,False,aucune
3e7eb885,CLI-00797,2026-02-13 00:00:00,9100.0,retrait,,local,False,aucune
8fdcd926,CLI-00400,2026-02-13 00:00:00,97400.0,transfert_sortant,CLI-00480,local,False,aucune
b91be402,CLI-00008,2026-02-13 00:00:00,50400.0,depot,,local,False,aucune
8e1fd1ad,CLI-00148,2026-02-13 00:00:00,60900.0,depot,,local,False,aucune
d967b5b8,CLI-00664,2026-02-13 00:00:00,72300.0,retrait,,local,False,aucune
a153bf2d,CLI-00271,2026-02-13 00:00:00,16200.0,retrait,,local,False,aucune
ab61c6ce,CLI-00443,2026-02-13 00:00:00,267700.0,depot,,local,False,aucune
2fdd2202,CLI-00616,2026-02-13 00:00:00,78700.0,depot,,local,False,aucune
1ae6e7fe,CLI-00692,2026-02-13 00:00:00,96500.0,transfert_sortant,CLI-00564,local,False,aucune
d2c00f32,CLI-00004,2026-02-14 00:00:00,100000.0,depot,,local,False,aucune
5e4c48d7,CLI-00243,2026-02-14 00:00:00,15600.0,decaissement_credit,,regional_uemoa,False,aucune
7d300df9,CLI-00416,2026-02-14 00:00:00,4100.0,depot,,local,False,aucune
7c11cef5,CLI-00191,2026-02-14 00:00:00,8800.0,retrait,,local,False,aucune
cfc01949,CLI-00326,2026-02-14 00:00:00,175800.0,transfert_sortant,CLI-00579,local,False,aucune
ab8afc4d,CLI-00029,2026-02-14 00:00:00,47600.0,retrait,,local,False,aucune
2a524ed2,CLI-00527,2026-02-14 00:00:00,23000.0,transfert_entrant,CLI-00246,local,False,aucune
e5a60a7c,CLI-00178,2026-02-14 00:00:00,7394700.0,depot,,local,False,aucune
d4e2554f,CLI-00003,2026-02-14 00:00:00,87200.0,transfert_sortant,CLI-00319,local,False,aucune
c2cced55,CLI-00251,2026-02-14 00:00:00,28100.0,depot,,local,False,aucune
9e89a9ad,CLI-00043,2026-02-14 00:00:00,14100.0,depot,,local,False,aucune
1d00f666,CLI-00251,2026-02-14 00:00:00,241000.0,depot,,local,False,aucune
98088029,CLI-00166,2026-02-14 00:00:00,131600.0,depot,,local,False,aucune
4f9b897d,CLI-00254,2026-02-14 00:00:00,40500.0,depot,,local,False,aucune
c7121bfc,CLI-00648,2026-02-14 00:00:00,70900.0,decaissement_credit,,local,False,aucune
1414b390,CLI-00674,2026-02-14 00:00:00,636700.0,retrait,,local,False,aucune
2f4df01a,CLI-00661,2026-02-14 00:00:00,29400.0,depot,,local,False,aucune
a30a8126,CLI-00043,2026-02-14 00:00:00,32100.0,retrait,,regional_uemoa,False,aucune
1286f6c7,CLI-00104,2026-02-14 00:00:00,473600.0,retrait,,local,False,aucune
9b1068cd,CLI-00158,2026-02-14 00:00:00,19600.0,depot,,local,False,aucune
4d105cb7,CLI-00347,2026-02-14 00:00:00,14600.0,transfert_sortant,CLI-00387,local,False,aucune
354e7f78,CLI-00775,2026-02-14 00:00:00,17500.0,depot,,local,False,aucune
1d8f4247,CLI-00418,2026-02-14 00:00:00,14300.0,retrait,,local,False,aucune
88167e3f,CLI-00257,2026-02-14 00:00:00,225800.0,depot,,local,False,aucune
d42ea0d1,CLI-00568,2026-02-14 00:00:00,28100.0,depot,,local,False,aucune
3b1b6c03,CLI-00277,2026-02-14 00:00:00,43600.0,remboursement_credit,,local,False,aucune
e395a758,CLI-00771,2026-02-14 00:00:00,7800.0,remboursement_credit,,transfrontalier_sensible,False,aucune
e3393050,CLI-00698,2026-02-14 00:00:00,66800.0,transfert_entrant,CLI-00512,regional_uemoa,False,aucune
3949949b,CLI-00067,2026-02-14 00:00:00,169500.0,retrait,,local,False,aucune
fc8eb185,CLI-00339,2026-02-14 00:00:00,87800.0,depot,,local,False,aucune
77ada215,CLI-00646,2026-02-14 00:00:00,15800.0,depot,,local,False,aucune
adf8c8bc,CLI-00040,2026-02-14 00:00:00,12900.0,transfert_sortant,CLI-00188,local,False,aucune
585e1090,CLI-00507,2026-02-14 00:00:00,49300.0,depot,,local,False,aucune
6f9d479b,CLI-00508,2026-02-14 00:00:00,272600.0,transfert_entrant,CLI-00088,local,False,aucune
d9a23be9,CLI-00280,2026-02-14 00:00:00,98800.0,transfert_sortant,CLI-00595,local,False,aucune
d51390b7,CLI-00203,2026-02-14 00:00:00,58800.0,retrait,,local,False,aucune
756d6fbb,CLI-00071,2026-02-14 00:00:00,4700.0,transfert_entrant,CLI-00726,regional_uemoa,False,aucune
07b0d606,CLI-00296,2026-02-14 00:00:00,15200.0,transfert_sortant,CLI-00744,local,False,aucune
9429c623,CLI-00059,2026-02-14 00:00:00,28100.0,depot,,local,False,aucune
f637a4c6,CLI-00122,2026-02-14 00:00:00,21200.0,retrait,,local,False,aucune
b774b743,CLI-00296,2026-02-14 00:00:00,9200.0,retrait,,local,False,aucune
c2a8595f,CLI-00735,2026-02-14 00:00:00,15900.0,transfert_sortant,CLI-00445,local,False,aucune
877be891,CLI-00346,2026-02-14 00:00:00,27800.0,remboursement_credit,,local,False,aucune
b0ea4cf8,CLI-00240,2026-02-14 00:00:00,49700.0,remboursement_credit,,local,False,aucune
6edd7e14,CLI-00631,2026-02-14 00:00:00,39900.0,retrait,,local,False,aucune
f2f4663c,CLI-00730,2026-02-14 00:00:00,101800.0,depot,,local,False,aucune
2ed0aa46,CLI-00559,2026-02-14 00:00:00,144600.0,decaissement_credit,,local,False,aucune
dde54c0c,CLI-00248,2026-02-14 00:00:00,9100.0,retrait,,local,False,aucune
1d80078f,CLI-00145,2026-02-14 00:00:00,39300.0,depot,,local,False,aucune
da52cb39,CLI-00141,2026-02-14 00:00:00,138200.0,transfert_sortant,CLI-00610,local,False,aucune
40eb326e,CLI-00550,2026-02-14 00:00:00,29900.0,retrait,,local,False,aucune
7bdf7dc1,CLI-00400,2026-02-14 00:00:00,27200.0,retrait,,local,False,aucune
afdc3b84,CLI-00552,2026-02-14 00:00:00,68300.0,retrait,,local,False,aucune
580d560e,CLI-00090,2026-02-14 00:00:00,23100.0,depot,,local,False,aucune
a93d5637,CLI-00372,2026-02-14 00:00:00,144000.0,transfert_sortant,CLI-00614,regional_uemoa,False,aucune
6f72b1c8,CLI-00670,2026-02-14 00:00:00,47400.0,retrait,,local,False,aucune
c2eb8549,CLI-00088,2026-02-14 00:00:00,84900.0,decaissement_credit,,local,False,aucune
245fdb90,CLI-00437,2026-02-14 00:00:00,85800.0,depot,,local,False,aucune
2b9f7a70,CLI-00378,2026-02-14 00:00:00,48600.0,retrait,,regional_uemoa,False,aucune
1ac25cea,CLI-00376,2026-02-14 00:00:00,48700.0,depot,,regional_uemoa,False,aucune
0518b8af,CLI-00048,2026-02-14 00:00:00,22000.0,transfert_sortant,CLI-00150,transfrontalier_sensible,False,aucune
7900b3c4,CLI-00630,2026-02-15 00:00:00,45500.0,remboursement_credit,,transfrontalier_sensible,False,aucune
74c60950,CLI-00069,2026-02-15 00:00:00,40500.0,retrait,,local,False,aucune
4e1d04fd,CLI-00781,2026-02-15 00:00:00,19500.0,depot,,local,False,aucune
779fdf9b,CLI-00457,2026-02-15 00:00:00,14700.0,decaissement_credit,,local,False,aucune
bf13c7dd,CLI-00446,2026-02-15 00:00:00,80000.0,retrait,,local,False,aucune
0e55946f,CLI-00613,2026-02-15 00:00:00,21000.0,retrait,,transfrontalier_sensible,False,aucune
0efc8b7f,CLI-00222,2026-02-15 00:00:00,114900.0,depot,,regional_uemoa,False,aucune
f90b3e11,CLI-00138,2026-02-15 00:00:00,36200.0,remboursement_credit,,local,False,aucune
f824e33c,CLI-00375,2026-02-15 00:00:00,82900.0,transfert_sortant,CLI-00413,local,False,aucune
311d0257,CLI-00015,2026-02-15 00:00:00,52600.0,decaissement_credit,,regional_uemoa,False,aucune
2a9b44ad,CLI-00181,2026-02-15 00:00:00,24100.0,transfert_sortant,CLI-00077,local,False,aucune
8ee7ce5d,CLI-00355,2026-02-15 00:00:00,129400.0,transfert_sortant,CLI-00296,local,False,aucune
50cdc4a2,CLI-00681,2026-02-15 00:00:00,40000.0,depot,,local,False,aucune
c620f94a,CLI-00268,2026-02-15 00:00:00,1451300.0,transfert_entrant,CLI-00278,local,False,aucune
a55a1338,CLI-00463,2026-02-15 00:00:00,107200.0,depot,,regional_uemoa,False,aucune
90e11bcc,CLI-00558,2026-02-15 00:00:00,118900.0,transfert_sortant,CLI-00455,local,False,aucune
8bf25413,CLI-00621,2026-02-15 00:00:00,239400.0,retrait,,regional_uemoa,False,aucune
8622f53c,CLI-00140,2026-02-15 00:00:00,6800.0,retrait,,local,False,aucune
9c929def,CLI-00709,2026-02-15 00:00:00,57200.0,remboursement_credit,,local,False,aucune
b170a32c,CLI-00687,2026-02-15 00:00:00,122400.0,remboursement_credit,,local,False,aucune
6b7ccfde,CLI-00685,2026-02-15 00:00:00,177200.0,depot,,local,False,aucune
3aa38558,CLI-00433,2026-02-15 00:00:00,154000.0,transfert_entrant,CLI-00185,local,False,aucune
9d071472,CLI-00457,2026-02-15 00:00:00,13500.0,retrait,,local,False,aucune
44917bab,CLI-00475,2026-02-15 00:00:00,112300.0,decaissement_credit,,local,False,aucune
c796ca24,CLI-00463,2026-02-15 00:00:00,110600.0,transfert_sortant,CLI-00729,local,False,aucune
766fefc0,CLI-00373,2026-02-15 00:00:00,100200.0,depot,,local,False,aucune
29537d90,CLI-00189,2026-02-15 00:00:00,42400.0,depot,,regional_uemoa,False,aucune
09f615a9,CLI-00660,2026-02-15 00:00:00,230700.0,transfert_entrant,CLI-00373,local,False,aucune
60576a04,CLI-00250,2026-02-15 00:00:00,25600.0,retrait,,local,False,aucune
796abf2f,CLI-00314,2026-02-15 00:00:00,17500.0,transfert_sortant,CLI-00732,local,False,aucune
e23bb971,CLI-00403,2026-02-15 00:00:00,30400.0,decaissement_credit,,local,False,aucune
a7c300e4,CLI-00793,2026-02-15 00:00:00,39700.0,depot,,local,False,aucune
a5861ab1,CLI-00469,2026-02-15 00:00:00,65100.0,depot,,regional_uemoa,False,aucune
f37b2339,CLI-00556,2026-02-15 00:00:00,15300.0,transfert_entrant,CLI-00133,local,False,aucune
e26835bb,CLI-00732,2026-02-15 00:00:00,139400.0,transfert_sortant,CLI-00110,local,False,aucune
e0cd421c,CLI-00496,2026-02-15 00:00:00,69600.0,transfert_sortant,CLI-00049,local,False,aucune
89a98c65,CLI-00539,2026-02-15 00:00:00,448300.0,depot,,local,False,aucune
a2f1ac2e,CLI-00600,2026-02-15 00:00:00,21800.0,transfert_sortant,CLI-00145,local,False,aucune
2688988e,CLI-00502,2026-02-15 00:00:00,9100.0,transfert_sortant,CLI-00538,local,False,aucune
f39bab39,CLI-00117,2026-02-15 00:00:00,102400.0,transfert_entrant,CLI-00388,regional_uemoa,False,aucune
5be6fbee,CLI-00328,2026-02-15 00:00:00,162800.0,depot,,local,False,aucune
772e3cef,CLI-00451,2026-02-15 00:00:00,12200.0,retrait,,local,False,aucune
db627e9d,CLI-00166,2026-02-15 00:00:00,100700.0,depot,,local,False,aucune
c552e7e0,CLI-00722,2026-02-15 00:00:00,13200.0,depot,,local,False,aucune
d13ea4b8,CLI-00434,2026-02-15 00:00:00,23100.0,transfert_sortant,CLI-00274,local,False,aucune
d36d2940,CLI-00272,2026-02-15 00:00:00,39700.0,retrait,,local,False,aucune
42567968,CLI-00293,2026-02-15 00:00:00,174600.0,retrait,,local,False,aucune
6857612e,CLI-00045,2026-02-15 00:00:00,54300.0,decaissement_credit,,local,False,aucune
19f4f075,CLI-00198,2026-02-15 00:00:00,35500.0,transfert_sortant,CLI-00774,local,False,aucune
9892c0ce,CLI-00073,2026-02-15 00:00:00,12600.0,decaissement_credit,,local,False,aucune
4caedea4,CLI-00210,2026-02-15 00:00:00,66200.0,decaissement_credit,,local,False,aucune
9a3506a0,CLI-00790,2026-02-15 00:00:00,162300.0,depot,,regional_uemoa,False,aucune
b8140c32,CLI-00159,2026-02-15 00:00:00,1518500.0,decaissement_credit,,local,False,aucune
56383599,CLI-00359,2026-02-15 00:00:00,60300.0,retrait,,local,False,aucune
2ac6574e,CLI-00403,2026-02-15 00:00:00,179800.0,remboursement_credit,,local,False,aucune
bd5efcc5,CLI-00273,2026-02-15 00:00:00,120600.0,depot,,local,False,aucune
723eca1b,CLI-00121,2026-02-15 00:00:00,7700.0,remboursement_credit,,local,False,aucune
2c29cb66,CLI-00062,2026-02-15 00:00:00,2100.0,retrait,,local,False,aucune
3afc1690,CLI-00773,2026-02-15 00:00:00,8800.0,transfert_entrant,CLI-00764,local,False,aucune
a4dc3cee,CLI-00794,2026-02-16 00:00:00,113200.0,retrait,,local,False,aucune
a9a6de6e,CLI-00198,2026-02-16 00:00:00,128300.0,remboursement_credit,,regional_uemoa,False,aucune
404dd567,CLI-00118,2026-02-16 00:00:00,54800.0,retrait,,local,False,aucune
25bc1251,CLI-00302,2026-02-16 00:00:00,159000.0,transfert_sortant,CLI-00480,local,False,aucune
620b7009,CLI-00382,2026-02-16 00:00:00,208400.0,remboursement_credit,,local,False,aucune
3c5a5696,CLI-00214,2026-02-16 00:00:00,18700.0,retrait,,local,False,aucune
1477ec24,CLI-00227,2026-02-16 00:00:00,24500.0,retrait,,local,False,aucune
a2432137,CLI-00582,2026-02-16 00:00:00,58300.0,decaissement_credit,,regional_uemoa,False,aucune
104e25f8,CLI-00442,2026-02-16 00:00:00,56000.0,depot,,local,False,aucune
964862e6,CLI-00400,2026-02-16 00:00:00,31400.0,depot,,local,False,aucune
21fd81a5,CLI-00210,2026-02-16 00:00:00,104200.0,transfert_sortant,CLI-00667,local,False,aucune
f9c9b281,CLI-00507,2026-02-16 00:00:00,25000.0,retrait,,regional_uemoa,False,aucune
a2361d6f,CLI-00632,2026-02-16 00:00:00,32700.0,depot,,local,False,aucune
75479d98,CLI-00073,2026-02-16 00:00:00,67900.0,retrait,,local,False,aucune
3128ae81,CLI-00446,2026-02-16 00:00:00,35000.0,depot,,local,False,aucune
b4ff26e5,CLI-00501,2026-02-16 00:00:00,13600.0,retrait,,local,False,aucune
8672abec,CLI-00663,2026-02-16 00:00:00,42000.0,retrait,,local,False,aucune
86dabc98,CLI-00034,2026-02-16 00:00:00,41800.0,transfert_entrant,CLI-00537,local,False,aucune
d1e22ab6,CLI-00731,2026-02-16 00:00:00,23700.0,retrait,,local,False,aucune
e48288da,CLI-00281,2026-02-16 00:00:00,42800.0,retrait,,local,False,aucune
39adc9f0,CLI-00346,2026-02-16 00:00:00,31700.0,remboursement_credit,,local,False,aucune
7d728336,CLI-00207,2026-02-16 00:00:00,79100.0,retrait,,local,False,aucune
6d74be33,CLI-00258,2026-02-16 00:00:00,5300.0,transfert_sortant,CLI-00206,local,False,aucune
20b63630,CLI-00197,2026-02-16 00:00:00,67600.0,depot,,transfrontalier_sensible,False,aucune
45761eb7,CLI-00179,2026-02-16 00:00:00,137300.0,decaissement_credit,,local,False,aucune
3ca473ff,CLI-00174,2026-02-16 00:00:00,39200.0,transfert_entrant,CLI-00176,transfrontalier_sensible,False,aucune
e1b0e94d,CLI-00533,2026-02-16 00:00:00,5800.0,retrait,,local,False,aucune
823ee23f,CLI-00481,2026-02-16 00:00:00,144100.0,transfert_sortant,CLI-00265,regional_uemoa,False,aucune
dbedf15a,CLI-00740,2026-02-16 00:00:00,146100.0,depot,,local,False,aucune
20ccae08,CLI-00376,2026-02-16 00:00:00,76500.0,remboursement_credit,,local,False,aucune
d69f7329,CLI-00173,2026-02-16 00:00:00,83900.0,remboursement_credit,,regional_uemoa,False,aucune
39e6159e,CLI-00104,2026-02-16 00:00:00,151000.0,decaissement_credit,,transfrontalier_sensible,False,aucune
181b688a,CLI-00478,2026-02-16 00:00:00,292200.0,retrait,,local,False,aucune
efd8b64a,CLI-00180,2026-02-16 00:00:00,69700.0,retrait,,local,False,aucune
c9dba3bb,CLI-00131,2026-02-16 00:00:00,78400.0,transfert_entrant,CLI-00072,local,False,aucune
28eccb88,CLI-00363,2026-02-16 00:00:00,174500.0,depot,,regional_uemoa,False,aucune
1107c7bc,CLI-00729,2026-02-16 00:00:00,23500.0,transfert_entrant,CLI-00067,transfrontalier_sensible,False,aucune
005b9ffa,CLI-00165,2026-02-16 00:00:00,54400.0,transfert_sortant,CLI-00767,local,False,aucune
37067303,CLI-00778,2026-02-16 00:00:00,65100.0,retrait,,local,False,aucune
4db03e9f,CLI-00714,2026-02-16 00:00:00,27000.0,transfert_sortant,CLI-00090,regional_uemoa,False,aucune
60878279,CLI-00273,2026-02-16 00:00:00,34600.0,decaissement_credit,,local,False,aucune
0c0f5972,CLI-00160,2026-02-16 00:00:00,48200.0,depot,,transfrontalier_sensible,False,aucune
2200da0a,CLI-00086,2026-02-16 00:00:00,4200.0,transfert_sortant,CLI-00481,local,False,aucune
dec5ee74,CLI-00543,2026-02-16 00:00:00,180800.0,transfert_entrant,CLI-00710,local,False,aucune
267d5ffc,CLI-00408,2026-02-16 00:00:00,42700.0,transfert_entrant,CLI-00051,regional_uemoa,False,aucune
6d62ebd2,CLI-00688,2026-02-16 00:00:00,22900.0,decaissement_credit,,local,False,aucune
90557871,CLI-00251,2026-02-16 00:00:00,418200.0,depot,,local,False,aucune
08115f6f,CLI-00498,2026-02-16 00:00:00,72500.0,remboursement_credit,,local,False,aucune
529c5a69,CLI-00112,2026-02-16 00:00:00,31500.0,depot,,local,False,aucune
85824f6c,CLI-00075,2026-02-16 00:00:00,41700.0,depot,,regional_uemoa,False,aucune
b5c19fcd,CLI-00043,2026-02-16 00:00:00,20800.0,remboursement_credit,,local,False,aucune
f0a2d2d1,CLI-00193,2026-02-16 00:00:00,81400.0,depot,,local,False,aucune
393b2fb1,CLI-00008,2026-02-16 00:00:00,788900.0,retrait,,local,False,aucune
570e75a9,CLI-00721,2026-02-16 00:00:00,24500.0,depot,,local,False,aucune
069fbc41,CLI-00242,2026-02-16 00:00:00,140100.0,depot,,local,False,aucune
70e8bd5a,CLI-00245,2026-02-16 00:00:00,42200.0,retrait,,local,False,aucune
3bb93bde,CLI-00196,2026-02-16 00:00:00,114400.0,retrait,,local,False,aucune
7adf0e85,CLI-00248,2026-02-16 00:00:00,8100.0,depot,,local,False,aucune
ba862f52,CLI-00144,2026-02-16 00:00:00,33800.0,depot,,local,False,aucune
e61df672,CLI-00152,2026-02-17 00:00:00,46300.0,retrait,,local,False,aucune
aef524e1,CLI-00191,2026-02-17 00:00:00,35600.0,remboursement_credit,,local,False,aucune
e91dc8b1,CLI-00644,2026-02-17 00:00:00,25300.0,transfert_sortant,CLI-00010,regional_uemoa,False,aucune
0d132674,CLI-00007,2026-02-17 00:00:00,7700.0,transfert_sortant,CLI-00605,local,False,aucune
0f4cafea,CLI-00767,2026-02-17 00:00:00,39300.0,retrait,,local,False,aucune
98acb59f,CLI-00595,2026-02-17 00:00:00,48900.0,retrait,,local,False,aucune
f1a74daf,CLI-00367,2026-02-17 00:00:00,89300.0,depot,,local,False,aucune
e53f4c50,CLI-00646,2026-02-17 00:00:00,19900.0,retrait,,local,False,aucune
760d4cf6,CLI-00096,2026-02-17 00:00:00,8800.0,decaissement_credit,,local,False,aucune
f7ff4b19,CLI-00154,2026-02-17 00:00:00,90200.0,depot,,local,False,aucune
693a6bbd,CLI-00424,2026-02-17 00:00:00,35800.0,depot,,local,False,aucune
fa348dc9,CLI-00008,2026-02-17 00:00:00,333900.0,depot,,local,False,aucune
1dfea22b,CLI-00693,2026-02-17 00:00:00,47900.0,depot,,local,False,aucune
1a06d29f,CLI-00379,2026-02-17 00:00:00,11900.0,depot,,local,False,aucune
7f3c5401,CLI-00676,2026-02-17 00:00:00,93300.0,retrait,,local,False,aucune
e82c15ac,CLI-00068,2026-02-17 00:00:00,104300.0,retrait,,local,False,aucune
7258dcb1,CLI-00563,2026-02-17 00:00:00,10500.0,depot,,local,False,aucune
82edacb1,CLI-00132,2026-02-17 00:00:00,13000.0,transfert_entrant,CLI-00263,local,False,aucune
56ecca74,CLI-00410,2026-02-17 00:00:00,34400.0,decaissement_credit,,local,False,aucune
df25b531,CLI-00590,2026-02-17 00:00:00,32200.0,decaissement_credit,,local,False,aucune
bf7ef7f4,CLI-00354,2026-02-17 00:00:00,28300.0,depot,,local,False,aucune
6aa64aed,CLI-00691,2026-02-17 00:00:00,46700.0,decaissement_credit,,local,False,aucune
00d568af,CLI-00384,2026-02-17 00:00:00,21300.0,retrait,,local,False,aucune
64354eab,CLI-00342,2026-02-17 00:00:00,55400.0,retrait,,local,False,aucune
ca2b699b,CLI-00446,2026-02-17 00:00:00,20200.0,remboursement_credit,,local,False,aucune
e63c5d9e,CLI-00600,2026-02-17 00:00:00,37100.0,remboursement_credit,,local,False,aucune
02462a65,CLI-00290,2026-02-17 00:00:00,111100.0,depot,,local,False,aucune
59487a8d,CLI-00077,2026-02-17 00:00:00,19300.0,retrait,,local,False,aucune
93201d5b,CLI-00361,2026-02-17 00:00:00,56800.0,depot,,local,False,aucune
dca944bf,CLI-00699,2026-02-17 00:00:00,5600.0,retrait,,regional_uemoa,False,aucune
533906d2,CLI-00169,2026-02-17 00:00:00,28800.0,remboursement_credit,,local,False,aucune
e895fd08,CLI-00566,2026-02-17 00:00:00,21500.0,transfert_sortant,CLI-00045,regional_uemoa,False,aucune
1afca5e0,CLI-00682,2026-02-17 00:00:00,12200.0,retrait,,local,False,aucune
a884d66d,CLI-00408,2026-02-17 00:00:00,98100.0,depot,,local,False,aucune
f2938bb0,CLI-00537,2026-02-17 00:00:00,156300.0,transfert_sortant,CLI-00690,local,False,aucune
78cb4b61,CLI-00567,2026-02-17 00:00:00,22500.0,depot,,regional_uemoa,False,aucune
01d1a64d,CLI-00352,2026-02-17 00:00:00,59500.0,depot,,local,False,aucune
06f494ef,CLI-00386,2026-02-17 00:00:00,84600.0,remboursement_credit,,regional_uemoa,False,aucune
0c9bae37,CLI-00751,2026-02-17 00:00:00,30800.0,depot,,local,False,aucune
466b2527,CLI-00273,2026-02-17 00:00:00,10400.0,retrait,,local,False,aucune
7c20ef39,CLI-00739,2026-02-17 00:00:00,29200.0,transfert_entrant,CLI-00124,regional_uemoa,False,aucune
39077052,CLI-00441,2026-02-17 00:00:00,60300.0,retrait,,local,False,aucune
03e359ca,CLI-00573,2026-02-17 00:00:00,12400.0,retrait,,local,False,aucune
2fd19f22,CLI-00496,2026-02-17 00:00:00,88000.0,depot,,regional_uemoa,False,aucune
bb41bbaf,CLI-00473,2026-02-17 00:00:00,41200.0,retrait,,local,False,aucune
7571c474,CLI-00332,2026-02-17 00:00:00,58100.0,retrait,,local,False,aucune
e5d51358,CLI-00727,2026-02-17 00:00:00,48700.0,retrait,,local,False,aucune
cbe167d8,CLI-00476,2026-02-17 00:00:00,202000.0,depot,,local,False,aucune
74c95537,CLI-00392,2026-02-17 00:00:00,161100.0,transfert_entrant,CLI-00416,local,False,aucune
499257cd,CLI-00772,2026-02-17 00:00:00,34000.0,retrait,,local,False,aucune
fd0cf6e7,CLI-00772,2026-02-17 00:00:00,97600.0,retrait,,local,False,aucune
ef3744af,CLI-00487,2026-02-17 00:00:00,33600.0,depot,,local,False,aucune
7fd4b8ed,CLI-00787,2026-02-17 00:00:00,349000.0,retrait,,regional_uemoa,False,aucune
2e1c0af0,CLI-00247,2026-02-17 00:00:00,113100.0,depot,,regional_uemoa,False,aucune
324bcf6e,CLI-00251,2026-02-17 00:00:00,18300.0,remboursement_credit,,local,False,aucune
2497d881,CLI-00438,2026-02-17 00:00:00,41500.0,retrait,,local,False,aucune
1e28cbb6,CLI-00737,2026-02-17 00:00:00,245600.0,depot,,local,False,aucune
787247ff,CLI-00626,2026-02-17 00:00:00,13200.0,remboursement_credit,,local,False,aucune
6376a55a,CLI-00774,2026-02-17 00:00:00,12400.0,depot,,transfrontalier_sensible,False,aucune
e5c55df1,CLI-00019,2026-02-17 00:00:00,93900.0,transfert_entrant,CLI-00650,regional_uemoa,False,aucune
a4cb52b3,CLI-00045,2026-02-17 00:00:00,12000.0,remboursement_credit,,local,False,aucune
387e0028,CLI-00776,2026-02-18 00:00:00,42600.0,depot,,local,False,aucune
79386401,CLI-00666,2026-02-18 00:00:00,72300.0,depot,,regional_uemoa,False,aucune
592874ab,CLI-00276,2026-02-18 00:00:00,92500.0,depot,,local,False,aucune
cb1235d6,CLI-00359,2026-02-18 00:00:00,58800.0,remboursement_credit,,local,False,aucune
dff5e36c,CLI-00436,2026-02-18 00:00:00,1003800.0,transfert_entrant,CLI-00300,local,False,aucune
60b58e14,CLI-00474,2026-02-18 00:00:00,15400.0,depot,,local,False,aucune
3a30c9a2,CLI-00676,2026-02-18 00:00:00,13500.0,depot,,local,False,aucune
9c6a6a1c,CLI-00679,2026-02-18 00:00:00,4700.0,retrait,,regional_uemoa,False,aucune
24cdf748,CLI-00176,2026-02-18 00:00:00,25800.0,depot,,local,False,aucune
74c9a274,CLI-00445,2026-02-18 00:00:00,45900.0,remboursement_credit,,local,False,aucune
5c91e735,CLI-00088,2026-02-18 00:00:00,24000.0,remboursement_credit,,local,False,aucune
56136ced,CLI-00210,2026-02-18 00:00:00,8937900.0,retrait,,local,False,aucune
2ab24eb9,CLI-00571,2026-02-18 00:00:00,36900.0,transfert_sortant,CLI-00645,local,False,aucune
9be9e3ab,CLI-00155,2026-02-18 00:00:00,4600.0,transfert_entrant,CLI-00795,local,False,aucune
7fb738be,CLI-00042,2026-02-18 00:00:00,48000.0,transfert_entrant,CLI-00340,local,False,aucune
c0672cd7,CLI-00767,2026-02-18 00:00:00,125900.0,depot,,local,False,aucune
0dbce310,CLI-00251,2026-02-18 00:00:00,66800.0,remboursement_credit,,local,False,aucune
582b72dd,CLI-00360,2026-02-18 00:00:00,22400.0,retrait,,local,False,aucune
65e3f5b4,CLI-00680,2026-02-18 00:00:00,256900.0,retrait,,regional_uemoa,False,aucune
34b387bc,CLI-00449,2026-02-18 00:00:00,14900.0,retrait,,regional_uemoa,False,aucune
5264823c,CLI-00015,2026-02-18 00:00:00,17400.0,depot,,local,False,aucune
ae14ed33,CLI-00161,2026-02-18 00:00:00,39400.0,transfert_entrant,CLI-00193,regional_uemoa,False,aucune
7d4a2afa,CLI-00510,2026-02-18 00:00:00,243800.0,decaissement_credit,,local,False,aucune
4e461cb1,CLI-00031,2026-02-18 00:00:00,14100.0,decaissement_credit,,local,False,aucune
f7c90e37,CLI-00059,2026-02-18 00:00:00,164000.0,transfert_sortant,CLI-00682,local,False,aucune
013662a0,CLI-00588,2026-02-18 00:00:00,31200.0,decaissement_credit,,local,False,aucune
453fc446,CLI-00420,2026-02-18 00:00:00,35600.0,retrait,,local,False,aucune
64f240f3,CLI-00586,2026-02-18 00:00:00,21200.0,remboursement_credit,,regional_uemoa,False,aucune
b52e805e,CLI-00398,2026-02-18 00:00:00,7000.0,transfert_entrant,CLI-00069,local,False,aucune
572bc6cb,CLI-00343,2026-02-18 00:00:00,241600.0,retrait,,local,False,aucune
2b7a32ae,CLI-00629,2026-02-18 00:00:00,53200.0,transfert_entrant,CLI-00515,regional_uemoa,False,aucune
090e46fe,CLI-00730,2026-02-18 00:00:00,7400.0,depot,,local,False,aucune
9a6502fb,CLI-00187,2026-02-18 00:00:00,36200.0,depot,,local,False,aucune
f959058a,CLI-00192,2026-02-18 00:00:00,60900.0,depot,,local,False,aucune
3549b302,CLI-00438,2026-02-18 00:00:00,12600.0,depot,,local,False,aucune
7cf1f5f0,CLI-00262,2026-02-18 00:00:00,62400.0,transfert_entrant,CLI-00048,local,False,aucune
9e3abe08,CLI-00625,2026-02-18 00:00:00,65200.0,remboursement_credit,,local,False,aucune
0a90ae2b,CLI-00792,2026-02-18 00:00:00,140700.0,retrait,,transfrontalier_sensible,False,aucune
2759419e,CLI-00045,2026-02-18 00:00:00,43000.0,decaissement_credit,,local,False,aucune
67f70dd9,CLI-00784,2026-02-18 00:00:00,16700.0,remboursement_credit,,transfrontalier_sensible,False,aucune
ab6201b0,CLI-00216,2026-02-18 00:00:00,27500.0,depot,,local,False,aucune
2343c46f,CLI-00387,2026-02-18 00:00:00,17000.0,remboursement_credit,,local,False,aucune
13bb5469,CLI-00701,2026-02-18 00:00:00,200600.0,decaissement_credit,,regional_uemoa,False,aucune
f2bf91a7,CLI-00529,2026-02-18 00:00:00,54200.0,decaissement_credit,,regional_uemoa,False,aucune
fcb67c3d,CLI-00402,2026-02-18 00:00:00,79200.0,remboursement_credit,,local,False,aucune
78be0a39,CLI-00448,2026-02-18 00:00:00,326000.0,remboursement_credit,,local,False,aucune
4eb98601,CLI-00067,2026-02-18 00:00:00,35500.0,depot,,local,False,aucune
efe9f2db,CLI-00731,2026-02-18 00:00:00,71300.0,retrait,,local,False,aucune
f4f8f070,CLI-00756,2026-02-19 00:00:00,26300.0,depot,,local,False,aucune
5305f7f0,CLI-00362,2026-02-19 00:00:00,35100.0,transfert_sortant,CLI-00102,regional_uemoa,False,aucune
02c8c049,CLI-00433,2026-02-19 00:00:00,30400.0,depot,,regional_uemoa,False,aucune
0e067ebb,CLI-00361,2026-02-19 00:00:00,709800.0,remboursement_credit,,local,False,aucune
a9735e62,CLI-00537,2026-02-19 00:00:00,61900.0,transfert_entrant,CLI-00457,local,False,aucune
694d49f7,CLI-00485,2026-02-19 00:00:00,37800.0,retrait,,local,False,aucune
2bec1ce2,CLI-00296,2026-02-19 00:00:00,900.0,remboursement_credit,,local,False,aucune
5df5ed3c,CLI-00589,2026-02-19 00:00:00,38100.0,remboursement_credit,,regional_uemoa,False,aucune
a889c593,CLI-00660,2026-02-19 00:00:00,8100.0,remboursement_credit,,local,False,aucune
e2f111dc,CLI-00488,2026-02-19 00:00:00,6500.0,retrait,,transfrontalier_sensible,False,aucune
360b95e1,CLI-00103,2026-02-19 00:00:00,70200.0,depot,,local,False,aucune
88cb2dbe,CLI-00170,2026-02-19 00:00:00,91800.0,depot,,local,False,aucune
b0878c27,CLI-00608,2026-02-19 00:00:00,81900.0,retrait,,local,False,aucune
60bff19c,CLI-00281,2026-02-19 00:00:00,75400.0,retrait,,local,False,aucune
ec727316,CLI-00249,2026-02-19 00:00:00,33300.0,depot,,local,False,aucune
369cd784,CLI-00635,2026-02-19 00:00:00,239700.0,transfert_entrant,CLI-00502,local,False,aucune
05a61f33,CLI-00579,2026-02-19 00:00:00,19000.0,depot,,local,False,aucune
575eab56,CLI-00196,2026-02-19 00:00:00,136300.0,depot,,regional_uemoa,False,aucune
d4c80f10,CLI-00360,2026-02-19 00:00:00,36300.0,depot,,local,False,aucune
75fbbe4e,CLI-00412,2026-02-19 00:00:00,21600.0,retrait,,transfrontalier_sensible,False,aucune
790426e0,CLI-00296,2026-02-19 00:00:00,19000.0,depot,,local,False,aucune
03f3ba40,CLI-00281,2026-02-19 00:00:00,261800.0,transfert_sortant,CLI-00482,local,False,aucune
1f0c5ef7,CLI-00743,2026-02-19 00:00:00,62100.0,depot,,local,False,aucune
8e978c1a,CLI-00779,2026-02-19 00:00:00,122400.0,depot,,regional_uemoa,False,aucune
cf4ba443,CLI-00201,2026-02-19 00:00:00,59600.0,retrait,,transfrontalier_sensible,False,aucune
4e110fe5,CLI-00072,2026-02-19 00:00:00,80800.0,decaissement_credit,,local,False,aucune
1ca21f19,CLI-00533,2026-02-19 00:00:00,117000.0,retrait,,local,False,aucune
37bf1f0d,CLI-00218,2026-02-19 00:00:00,35800.0,remboursement_credit,,local,False,aucune
dccad5f7,CLI-00208,2026-02-19 00:00:00,16000.0,retrait,,local,False,aucune
2f465384,CLI-00724,2026-02-19 00:00:00,25400.0,transfert_entrant,CLI-00434,local,False,aucune
e86a9baf,CLI-00586,2026-02-19 00:00:00,320300.0,remboursement_credit,,local,False,aucune
7af13ce3,CLI-00320,2026-02-19 00:00:00,88900.0,remboursement_credit,,local,False,aucune
5e907b12,CLI-00087,2026-02-19 00:00:00,7400.0,transfert_sortant,CLI-00495,local,False,aucune
17233b45,CLI-00331,2026-02-19 00:00:00,42800.0,depot,,local,False,aucune
408cf990,CLI-00095,2026-02-19 00:00:00,23000.0,retrait,,local,False,aucune
e36a1044,CLI-00131,2026-02-19 00:00:00,9800.0,transfert_sortant,CLI-00376,local,False,aucune
5fde6d60,CLI-00737,2026-02-19 00:00:00,237000.0,decaissement_credit,,local,False,aucune
d8aa4fbf,CLI-00648,2026-02-19 00:00:00,104300.0,depot,,local,False,aucune
18b6de4a,CLI-00668,2026-02-19 00:00:00,888000.0,transfert_sortant,CLI-00129,local,False,aucune
21072624,CLI-00212,2026-02-19 00:00:00,35400.0,decaissement_credit,,local,False,aucune
f523fd8c,CLI-00136,2026-02-19 00:00:00,36200.0,depot,,local,False,aucune
060b3430,CLI-00152,2026-02-19 00:00:00,31100.0,transfert_entrant,CLI-00129,local,False,aucune
01f485e0,CLI-00423,2026-02-19 00:00:00,47000.0,remboursement_credit,,local,False,aucune
d928a3cf,CLI-00553,2026-02-19 00:00:00,341300.0,transfert_sortant,CLI-00382,local,False,aucune
cca76660,CLI-00313,2026-02-19 00:00:00,68800.0,depot,,regional_uemoa,False,aucune
a89b353b,CLI-00087,2026-02-19 00:00:00,40900.0,remboursement_credit,,regional_uemoa,False,aucune
985a2509,CLI-00451,2026-02-19 00:00:00,139200.0,remboursement_credit,,local,False,aucune
0aa04c01,CLI-00316,2026-02-19 00:00:00,137000.0,retrait,,local,False,aucune
8b2d2801,CLI-00798,2026-02-19 00:00:00,101000.0,transfert_sortant,CLI-00268,regional_uemoa,False,aucune
cf064d88,CLI-00654,2026-02-19 00:00:00,9900.0,retrait,,local,False,aucune
c6c384a7,CLI-00573,2026-02-19 00:00:00,49800.0,remboursement_credit,,local,False,aucune
031ab173,CLI-00399,2026-02-19 00:00:00,5100.0,retrait,,local,False,aucune
3d13a556,CLI-00685,2026-02-19 00:00:00,34100.0,retrait,,local,False,aucune
0da9b609,CLI-00235,2026-02-19 00:00:00,159800.0,remboursement_credit,,local,False,aucune
443f2df1,CLI-00223,2026-02-19 00:00:00,22500.0,depot,,local,False,aucune
540ac06a,CLI-00317,2026-02-19 00:00:00,316600.0,transfert_sortant,CLI-00386,regional_uemoa,False,aucune
d699ccf8,CLI-00640,2026-02-19 00:00:00,18500.0,transfert_entrant,CLI-00244,regional_uemoa,False,aucune
232951e3,CLI-00216,2026-02-19 00:00:00,41800.0,retrait,,local,False,aucune
9a7360b2,CLI-00713,2026-02-19 00:00:00,10000.0,decaissement_credit,,local,False,aucune
dec27fcc,CLI-00157,2026-02-19 00:00:00,65800.0,depot,,regional_uemoa,False,aucune
caee0b38,CLI-00640,2026-02-19 00:00:00,91900.0,retrait,,regional_uemoa,False,aucune
d2834f37,CLI-00017,2026-02-19 00:00:00,5100.0,transfert_entrant,CLI-00009,regional_uemoa,False,aucune
9fd79508,CLI-00306,2026-02-20 00:00:00,106200.0,retrait,,local,False,aucune
d971054c,CLI-00412,2026-02-20 00:00:00,200500.0,depot,,local,False,aucune
8150c1ee,CLI-00397,2026-02-20 00:00:00,5200.0,transfert_sortant,CLI-00612,local,False,aucune
98147022,CLI-00552,2026-02-20 00:00:00,37800.0,transfert_sortant,CLI-00668,regional_uemoa,False,aucune
ab55f86e,CLI-00315,2026-02-20 00:00:00,69000.0,transfert_sortant,CLI-00263,local,False,aucune
d076ce0c,CLI-00141,2026-02-20 00:00:00,111800.0,depot,,local,False,aucune
c37aa350,CLI-00147,2026-02-20 00:00:00,62500.0,depot,,regional_uemoa,False,aucune
4d41e795,CLI-00304,2026-02-20 00:00:00,15200.0,transfert_entrant,CLI-00561,local,False,aucune
223f1b02,CLI-00095,2026-02-20 00:00:00,2600.0,remboursement_credit,,local,False,aucune
f353d914,CLI-00638,2026-02-20 00:00:00,30800.0,depot,,local,False,aucune
57649611,CLI-00649,2026-02-20 00:00:00,2400.0,remboursement_credit,,local,False,aucune
0201eadf,CLI-00571,2026-02-20 00:00:00,84900.0,retrait,,local,False,aucune
63ca58c8,CLI-00688,2026-02-20 00:00:00,36900.0,remboursement_credit,,local,False,aucune
461b1610,CLI-00690,2026-02-20 00:00:00,44800.0,transfert_sortant,CLI-00207,local,False,aucune
aa48aec7,CLI-00130,2026-02-20 00:00:00,5200.0,depot,,local,False,aucune
3fe30dff,CLI-00444,2026-02-20 00:00:00,35300.0,depot,,local,False,aucune
4cf90982,CLI-00272,2026-02-20 00:00:00,83100.0,remboursement_credit,,local,False,aucune
cecaef36,CLI-00324,2026-02-20 00:00:00,27400.0,retrait,,regional_uemoa,False,aucune
545171b6,CLI-00456,2026-02-20 00:00:00,9800.0,retrait,,local,False,aucune
b8300e62,CLI-00411,2026-02-20 00:00:00,20700.0,retrait,,local,False,aucune
9f19de3a,CLI-00696,2026-02-20 00:00:00,26100.0,remboursement_credit,,regional_uemoa,False,aucune
a233c824,CLI-00675,2026-02-20 00:00:00,161000.0,retrait,,regional_uemoa,False,aucune
d4ba0792,CLI-00629,2026-02-20 00:00:00,12700.0,decaissement_credit,,local,False,aucune
071e1e8b,CLI-00088,2026-02-20 00:00:00,11400.0,transfert_sortant,CLI-00744,local,False,aucune
d8510a7a,CLI-00688,2026-02-20 00:00:00,127300.0,remboursement_credit,,local,False,aucune
a428b545,CLI-00397,2026-02-20 00:00:00,52000.0,transfert_entrant,CLI-00462,local,False,aucune
e72dc782,CLI-00473,2026-02-20 00:00:00,11600.0,retrait,,local,False,aucune
c115fdd6,CLI-00402,2026-02-20 00:00:00,86200.0,transfert_sortant,CLI-00545,local,False,aucune
c30cdfb9,CLI-00644,2026-02-20 00:00:00,32400.0,depot,,local,False,aucune
b221fef0,CLI-00796,2026-02-20 00:00:00,17400.0,remboursement_credit,,local,False,aucune
c344e112,CLI-00696,2026-02-20 00:00:00,15100.0,retrait,,transfrontalier_sensible,False,aucune
68fb67f9,CLI-00326,2026-02-20 00:00:00,82600.0,retrait,,local,False,aucune
b1e06f62,CLI-00490,2026-02-20 00:00:00,70200.0,depot,,regional_uemoa,False,aucune
69aff618,CLI-00448,2026-02-20 00:00:00,7727200.0,depot,,local,False,aucune
880c2a86,CLI-00057,2026-02-20 00:00:00,143600.0,retrait,,local,False,aucune
e126e505,CLI-00567,2026-02-20 00:00:00,15300.0,remboursement_credit,,local,False,aucune
36bc4aac,CLI-00746,2026-02-20 00:00:00,43000.0,transfert_entrant,CLI-00407,local,False,aucune
5df16c66,CLI-00686,2026-02-20 00:00:00,44900.0,remboursement_credit,,local,False,aucune
65eac723,CLI-00211,2026-02-20 00:00:00,74900.0,transfert_entrant,CLI-00117,local,False,aucune
169cc1f7,CLI-00699,2026-02-20 00:00:00,20500.0,retrait,,local,False,aucune
307ce623,CLI-00510,2026-02-20 00:00:00,22500.0,transfert_sortant,CLI-00507,local,False,aucune
e5008d47,CLI-00694,2026-02-20 00:00:00,73900.0,depot,,regional_uemoa,False,aucune
07ed99de,CLI-00564,2026-02-20 00:00:00,32500.0,remboursement_credit,,local,False,aucune
677b1ff6,CLI-00393,2026-02-20 00:00:00,12400.0,retrait,,local,False,aucune
a9a5e59b,CLI-00306,2026-02-20 00:00:00,74800.0,transfert_sortant,CLI-00649,local,False,aucune
77d97d28,CLI-00501,2026-02-20 00:00:00,92600.0,retrait,,local,False,aucune
0af10753,CLI-00748,2026-02-20 00:00:00,79000.0,depot,,regional_uemoa,False,aucune
f34e6ba5,CLI-00699,2026-02-20 00:00:00,33600.0,decaissement_credit,,regional_uemoa,False,aucune
27cf6b7f,CLI-00718,2026-02-20 00:00:00,10700.0,retrait,,local,False,aucune
1bf43866,CLI-00722,2026-02-20 00:00:00,322000.0,retrait,,local,False,aucune
3d2d3e15,CLI-00389,2026-02-20 00:00:00,6300.0,retrait,,local,False,aucune
eb91e286,CLI-00568,2026-02-20 00:00:00,72200.0,retrait,,local,False,aucune
d7f32c1a,CLI-00203,2026-02-21 00:00:00,145200.0,remboursement_credit,,regional_uemoa,False,aucune
3433950b,CLI-00455,2026-02-21 00:00:00,38200.0,depot,,local,False,aucune
20fcaca9,CLI-00688,2026-02-21 00:00:00,15300.0,retrait,,regional_uemoa,False,aucune
8d96d0e0,CLI-00050,2026-02-21 00:00:00,42500.0,transfert_sortant,CLI-00293,local,False,aucune
28ade06c,CLI-00331,2026-02-21 00:00:00,17400.0,depot,,local,False,aucune
26d8272c,CLI-00743,2026-02-21 00:00:00,48300.0,remboursement_credit,,local,False,aucune
7dc69439,CLI-00286,2026-02-21 00:00:00,138200.0,depot,,local,False,aucune
ed266b7c,CLI-00236,2026-02-21 00:00:00,90200.0,retrait,,local,False,aucune
6bc3cfe1,CLI-00384,2026-02-21 00:00:00,35400.0,remboursement_credit,,local,False,aucune
feec11a4,CLI-00366,2026-02-21 00:00:00,51300.0,retrait,,local,False,aucune
9027426d,CLI-00609,2026-02-21 00:00:00,22300.0,remboursement_credit,,regional_uemoa,False,aucune
9a1492fe,CLI-00244,2026-02-21 00:00:00,19200.0,decaissement_credit,,local,False,aucune
09d24ec7,CLI-00086,2026-02-21 00:00:00,49100.0,retrait,,local,False,aucune
a199bd8b,CLI-00721,2026-02-21 00:00:00,15700.0,transfert_sortant,CLI-00271,local,False,aucune
19d82bcd,CLI-00602,2026-02-21 00:00:00,20700.0,depot,,local,False,aucune
d7fba22b,CLI-00442,2026-02-21 00:00:00,114500.0,depot,,local,False,aucune
2760089d,CLI-00006,2026-02-21 00:00:00,107200.0,retrait,,local,False,aucune
0046f527,CLI-00373,2026-02-21 00:00:00,28600.0,retrait,,transfrontalier_sensible,False,aucune
80825f66,CLI-00276,2026-02-21 00:00:00,87300.0,transfert_entrant,CLI-00470,local,False,aucune
d9ff2e1f,CLI-00585,2026-02-21 00:00:00,101300.0,transfert_entrant,CLI-00684,regional_uemoa,False,aucune
6125d80c,CLI-00088,2026-02-21 00:00:00,17200.0,transfert_entrant,CLI-00765,regional_uemoa,False,aucune
f73d2aa0,CLI-00040,2026-02-21 00:00:00,37000.0,transfert_sortant,CLI-00139,transfrontalier_sensible,False,aucune
28574c24,CLI-00473,2026-02-21 00:00:00,17400.0,depot,,local,False,aucune
ccb982be,CLI-00108,2026-02-21 00:00:00,251900.0,depot,,regional_uemoa,False,aucune
d355e2f2,CLI-00178,2026-02-21 00:00:00,28000.0,remboursement_credit,,local,False,aucune
d5e013e7,CLI-00114,2026-02-21 00:00:00,20000.0,depot,,local,False,aucune
ea04e1f6,CLI-00099,2026-02-21 00:00:00,12200.0,retrait,,local,False,aucune
3ac243de,CLI-00158,2026-02-21 00:00:00,72500.0,depot,,local,False,aucune
62fefc94,CLI-00191,2026-02-21 00:00:00,37000.0,depot,,local,False,aucune
3838479c,CLI-00329,2026-02-21 00:00:00,17100.0,remboursement_credit,,local,False,aucune
c95761b4,CLI-00768,2026-02-21 00:00:00,23400.0,retrait,,transfrontalier_sensible,False,aucune
13a1456e,CLI-00063,2026-02-21 00:00:00,54200.0,depot,,local,False,aucune
d238af36,CLI-00592,2026-02-21 00:00:00,53300.0,depot,,local,False,aucune
de3fcf03,CLI-00097,2026-02-21 00:00:00,11000.0,depot,,local,False,aucune
0ca63d24,CLI-00075,2026-02-21 00:00:00,22100.0,transfert_sortant,CLI-00401,local,False,aucune
4aaac49a,CLI-00796,2026-02-21 00:00:00,10700.0,depot,,local,False,aucune
072126cf,CLI-00795,2026-02-21 00:00:00,230000.0,depot,,local,False,aucune
eda02805,CLI-00565,2026-02-21 00:00:00,10900.0,retrait,,regional_uemoa,False,aucune
0d20451f,CLI-00756,2026-02-21 00:00:00,6153700.0,transfert_sortant,CLI-00577,local,False,aucune
f20ef70b,CLI-00244,2026-02-21 00:00:00,45000.0,depot,,local,False,aucune
e438d0b9,CLI-00128,2026-02-21 00:00:00,12600.0,retrait,,local,False,aucune
65d2a621,CLI-00482,2026-02-21 00:00:00,51200.0,depot,,regional_uemoa,False,aucune
f59f2b5d,CLI-00355,2026-02-21 00:00:00,24100.0,transfert_sortant,CLI-00357,local,False,aucune
6d14f743,CLI-00302,2026-02-22 00:00:00,16100.0,retrait,,transfrontalier_sensible,False,aucune
50e11011,CLI-00715,2026-02-22 00:00:00,24900.0,transfert_sortant,CLI-00166,local,False,aucune
47cc80ef,CLI-00728,2026-02-22 00:00:00,201800.0,decaissement_credit,,regional_uemoa,False,aucune
cbcd82c5,CLI-00578,2026-02-22 00:00:00,19300.0,transfert_sortant,CLI-00642,local,False,aucune
7cd2c82c,CLI-00733,2026-02-22 00:00:00,117100.0,transfert_sortant,CLI-00591,local,False,aucune
e26ff1cc,CLI-00690,2026-02-22 00:00:00,20000.0,retrait,,local,False,aucune
9775a5b5,CLI-00640,2026-02-22 00:00:00,5600.0,retrait,,local,False,aucune
883522e8,CLI-00284,2026-02-22 00:00:00,193600.0,retrait,,local,False,aucune
59c300ad,CLI-00254,2026-02-22 00:00:00,32700.0,retrait,,local,False,aucune
477c63a6,CLI-00022,2026-02-22 00:00:00,53200.0,depot,,local,False,aucune
6886e530,CLI-00276,2026-02-22 00:00:00,14900.0,depot,,local,False,aucune
87451aaf,CLI-00319,2026-02-22 00:00:00,10600.0,depot,,local,False,aucune
79812397,CLI-00314,2026-02-22 00:00:00,63400.0,remboursement_credit,,local,False,aucune
1f4db0d8,CLI-00490,2026-02-22 00:00:00,69500.0,depot,,local,False,aucune
0f535328,CLI-00393,2026-02-22 00:00:00,8800.0,transfert_entrant,CLI-00060,local,False,aucune
5be090ed,CLI-00729,2026-02-22 00:00:00,63300.0,remboursement_credit,,local,False,aucune
34eaf47d,CLI-00128,2026-02-22 00:00:00,15300.0,retrait,,regional_uemoa,False,aucune
7d9b09f6,CLI-00121,2026-02-22 00:00:00,76600.0,depot,,local,False,aucune
ec19ce2a,CLI-00777,2026-02-22 00:00:00,17600.0,depot,,local,False,aucune
80bd6bca,CLI-00483,2026-02-22 00:00:00,183300.0,depot,,local,False,aucune
3f759eb2,CLI-00586,2026-02-22 00:00:00,63200.0,remboursement_credit,,local,False,aucune
0c3ee68f,CLI-00487,2026-02-22 00:00:00,22500.0,transfert_entrant,CLI-00733,local,False,aucune
a7ac0277,CLI-00571,2026-02-22 00:00:00,6900.0,retrait,,local,False,aucune
cb5116a7,CLI-00550,2026-02-22 00:00:00,25200.0,depot,,local,False,aucune
7c859b62,CLI-00557,2026-02-22 00:00:00,20900.0,transfert_entrant,CLI-00647,local,False,aucune
eb53f77a,CLI-00331,2026-02-22 00:00:00,421900.0,depot,,local,False,aucune
7a1027a4,CLI-00522,2026-02-22 00:00:00,116700.0,remboursement_credit,,local,False,aucune
ae607b9f,CLI-00031,2026-02-22 00:00:00,69600.0,transfert_sortant,CLI-00546,transfrontalier_sensible,False,aucune
71fd75a4,CLI-00269,2026-02-22 00:00:00,178900.0,retrait,,local,False,aucune
590831b5,CLI-00487,2026-02-22 00:00:00,9500.0,transfert_entrant,CLI-00773,local,False,aucune
49bcb5c1,CLI-00563,2026-02-22 00:00:00,73200.0,depot,,transfrontalier_sensible,False,aucune
4c120e7d,CLI-00710,2026-02-22 00:00:00,80300.0,retrait,,local,False,aucune
985da9de,CLI-00445,2026-02-22 00:00:00,170200.0,depot,,local,False,aucune
e8ba22e5,CLI-00606,2026-02-22 00:00:00,1700.0,depot,,regional_uemoa,False,aucune
76c10fcc,CLI-00707,2026-02-22 00:00:00,22800.0,retrait,,local,False,aucune
6d4f8b50,CLI-00324,2026-02-22 00:00:00,65700.0,retrait,,local,False,aucune
3dc4e05c,CLI-00240,2026-02-22 00:00:00,174600.0,retrait,,transfrontalier_sensible,False,aucune
f65d829f,CLI-00335,2026-02-22 00:00:00,58900.0,depot,,local,False,aucune
ca3aa374,CLI-00583,2026-02-22 00:00:00,167200.0,remboursement_credit,,local,False,aucune
00f514dd,CLI-00446,2026-02-22 00:00:00,15700.0,depot,,transfrontalier_sensible,False,aucune
37d13c74,CLI-00798,2026-02-22 00:00:00,36800.0,depot,,local,False,aucune
4736e43c,CLI-00742,2026-02-22 00:00:00,10800.0,retrait,,local,False,aucune
8f9b9c6b,CLI-00141,2026-02-22 00:00:00,41900.0,depot,,local,False,aucune
872cd516,CLI-00083,2026-02-22 00:00:00,2700.0,transfert_entrant,CLI-00414,local,False,aucune
eb2f0b0f,CLI-00167,2026-02-22 00:00:00,52900.0,depot,,transfrontalier_sensible,False,aucune
2b5a6194,CLI-00720,2026-02-22 00:00:00,19500.0,transfert_entrant,CLI-00561,local,False,aucune
f22065c5,CLI-00432,2026-02-22 00:00:00,65700.0,depot,,local,False,aucune
7cc59648,CLI-00152,2026-02-23 00:00:00,11600.0,depot,,local,False,aucune
089b0459,CLI-00633,2026-02-23 00:00:00,6800.0,retrait,,local,False,aucune
883d696d,CLI-00153,2026-02-23 00:00:00,8800.0,remboursement_credit,,local,False,aucune
74777d56,CLI-00221,2026-02-23 00:00:00,75800.0,remboursement_credit,,local,False,aucune
8a6bc6a0,CLI-00616,2026-02-23 00:00:00,35300.0,retrait,,local,False,aucune
2c658b21,CLI-00077,2026-02-23 00:00:00,150800.0,retrait,,local,False,aucune
05908fef,CLI-00459,2026-02-23 00:00:00,10200.0,retrait,,local,False,aucune
f19a96e9,CLI-00064,2026-02-23 00:00:00,46000.0,remboursement_credit,,local,False,aucune
22d81478,CLI-00217,2026-02-23 00:00:00,435500.0,retrait,,local,False,aucune
1162ef8e,CLI-00136,2026-02-23 00:00:00,20900.0,remboursement_credit,,local,False,aucune
15ff90f4,CLI-00077,2026-02-23 00:00:00,103600.0,retrait,,local,False,aucune
1e04142d,CLI-00128,2026-02-23 00:00:00,8000.0,transfert_entrant,CLI-00476,regional_uemoa,False,aucune
6af2757e,CLI-00339,2026-02-23 00:00:00,46100.0,depot,,regional_uemoa,False,aucune
4d2797a0,CLI-00220,2026-02-23 00:00:00,164900.0,retrait,,local,False,aucune
8b719394,CLI-00437,2026-02-23 00:00:00,36400.0,depot,,local,False,aucune
8b591131,CLI-00225,2026-02-23 00:00:00,42300.0,transfert_entrant,CLI-00588,local,False,aucune
b7fb6f63,CLI-00743,2026-02-23 00:00:00,50000.0,retrait,,local,False,aucune
ea8e1815,CLI-00502,2026-02-23 00:00:00,7700.0,remboursement_credit,,regional_uemoa,False,aucune
049fb040,CLI-00583,2026-02-23 00:00:00,52500.0,retrait,,local,False,aucune
2f25f6fe,CLI-00381,2026-02-23 00:00:00,111500.0,transfert_sortant,CLI-00227,local,False,aucune
6f1c003d,CLI-00338,2026-02-23 00:00:00,65500.0,remboursement_credit,,local,False,aucune
14dbe42a,CLI-00710,2026-02-23 00:00:00,17900.0,remboursement_credit,,local,False,aucune
a2f1cdf2,CLI-00647,2026-02-23 00:00:00,60200.0,depot,,local,False,aucune
9bbca92a,CLI-00722,2026-02-23 00:00:00,63200.0,retrait,,local,False,aucune
da042e2f,CLI-00151,2026-02-23 00:00:00,39300.0,retrait,,local,False,aucune
7c2e8a27,CLI-00731,2026-02-23 00:00:00,7400.0,remboursement_credit,,local,False,aucune
7eb3ce7f,CLI-00163,2026-02-23 00:00:00,57700.0,depot,,transfrontalier_sensible,False,aucune
b9dc811e,CLI-00687,2026-02-23 00:00:00,63900.0,transfert_sortant,CLI-00714,local,False,aucune
8f651c21,CLI-00447,2026-02-23 00:00:00,26500.0,depot,,local,False,aucune
9b2fdd97,CLI-00639,2026-02-23 00:00:00,581000.0,depot,,local,False,aucune
583511ec,CLI-00595,2026-02-23 00:00:00,31600.0,transfert_entrant,CLI-00676,local,False,aucune
d72b6a9b,CLI-00346,2026-02-23 00:00:00,66400.0,depot,,local,False,aucune
69b4dd48,CLI-00476,2026-02-23 00:00:00,235400.0,depot,,transfrontalier_sensible,False,aucune
80afd089,CLI-00597,2026-02-23 00:00:00,8310400.0,retrait,,local,False,aucune
19bee662,CLI-00566,2026-02-23 00:00:00,79200.0,depot,,local,False,aucune
216dd4e5,CLI-00096,2026-02-23 00:00:00,28800.0,transfert_entrant,CLI-00141,local,False,aucune
ef9a4046,CLI-00275,2026-02-23 00:00:00,1728800.0,transfert_sortant,,transfrontalier_sensible,True,corridor_sensible
510e50d9,CLI-00082,2026-02-23 00:00:00,64700.0,transfert_entrant,CLI-00649,local,False,aucune
e39fcb81,CLI-00059,2026-02-23 00:00:00,331200.0,retrait,,local,False,aucune
d50d3a95,CLI-00420,2026-02-23 00:00:00,5400.0,remboursement_credit,,local,False,aucune
4fe4a854,CLI-00604,2026-02-23 00:00:00,36600.0,decaissement_credit,,local,False,aucune
9844ba98,CLI-00636,2026-02-23 00:00:00,531000.0,depot,,regional_uemoa,False,aucune
2330c7d2,CLI-00356,2026-02-23 00:00:00,33000.0,decaissement_credit,,local,False,aucune
f2ea0127,CLI-00715,2026-02-23 00:00:00,16200.0,depot,,local,False,aucune
fd928ac8,CLI-00165,2026-02-23 00:00:00,171600.0,decaissement_credit,,local,False,aucune
d94a5f3e,CLI-00133,2026-02-24 00:00:00,56900.0,transfert_entrant,CLI-00496,local,False,aucune
a4f656be,CLI-00166,2026-02-24 00:00:00,34500.0,depot,,local,False,aucune
184238c5,CLI-00496,2026-02-24 00:00:00,23600.0,retrait,,local,False,aucune
3c22610a,CLI-00114,2026-02-24 00:00:00,141000.0,transfert_sortant,CLI-00793,local,False,aucune
930675b5,CLI-00501,2026-02-24 00:00:00,31400.0,retrait,,local,False,aucune
6bcf00ae,CLI-00522,2026-02-24 00:00:00,39800.0,retrait,,local,False,aucune
288bd24c,CLI-00489,2026-02-24 00:00:00,60200.0,transfert_sortant,CLI-00181,local,False,aucune
6c950bba,CLI-00044,2026-02-24 00:00:00,114400.0,retrait,,local,False,aucune
3c40d96e,CLI-00605,2026-02-24 00:00:00,67900.0,transfert_entrant,CLI-00591,local,False,aucune
03080909,CLI-00222,2026-02-24 00:00:00,44000.0,decaissement_credit,,local,False,aucune
4daf4a8f,CLI-00335,2026-02-24 00:00:00,102100.0,remboursement_credit,,local,False,aucune
b1f7e655,CLI-00460,2026-02-24 00:00:00,20200.0,depot,,local,False,aucune
e76b291c,CLI-00488,2026-02-24 00:00:00,82600.0,retrait,,local,False,aucune
9f5c8186,CLI-00556,2026-02-24 00:00:00,71800.0,retrait,,local,False,aucune
eb969156,CLI-00619,2026-02-24 00:00:00,21800.0,transfert_sortant,CLI-00061,local,False,aucune
9b9a63c8,CLI-00238,2026-02-24 00:00:00,83400.0,remboursement_credit,,local,False,aucune
c0b1829a,CLI-00774,2026-02-24 00:00:00,84400.0,depot,,local,False,aucune
9a761fa6,CLI-00626,2026-02-24 00:00:00,166600.0,depot,,local,False,aucune
e6463218,CLI-00003,2026-02-24 00:00:00,18500.0,retrait,,local,False,aucune
9a2472c7,CLI-00679,2026-02-24 00:00:00,29200.0,decaissement_credit,,local,False,aucune
48bd542e,CLI-00013,2026-02-24 00:00:00,28300.0,depot,,local,False,aucune
8800136d,CLI-00388,2026-02-24 00:00:00,28400.0,depot,,transfrontalier_sensible,False,aucune
83486422,CLI-00653,2026-02-24 00:00:00,7900.0,remboursement_credit,,regional_uemoa,False,aucune
f22125ec,CLI-00330,2026-02-24 00:00:00,6500.0,remboursement_credit,,local,False,aucune
72fc86d4,CLI-00470,2026-02-24 00:00:00,37900.0,depot,,regional_uemoa,False,aucune
b2bf6941,CLI-00656,2026-02-24 00:00:00,32000.0,remboursement_credit,,local,False,aucune
c0c87538,CLI-00605,2026-02-24 00:00:00,15700.0,depot,,local,False,aucune
8e9a2b40,CLI-00615,2026-02-24 00:00:00,42200.0,transfert_sortant,CLI-00655,local,False,aucune
5ae13fd4,CLI-00636,2026-02-24 00:00:00,24800.0,retrait,,local,False,aucune
cc8b39bc,CLI-00330,2026-02-24 00:00:00,20500.0,retrait,,regional_uemoa,False,aucune
4496c4df,CLI-00338,2026-02-24 00:00:00,34700.0,remboursement_credit,,local,False,aucune
d09a6ba0,CLI-00757,2026-02-24 00:00:00,40700.0,remboursement_credit,,local,False,aucune
dddbee42,CLI-00048,2026-02-24 00:00:00,85100.0,transfert_entrant,CLI-00272,local,False,aucune
e7a2cb4d,CLI-00740,2026-02-24 00:00:00,16100.0,decaissement_credit,,local,False,aucune
ed311b79,CLI-00653,2026-02-24 00:00:00,408200.0,retrait,,local,False,aucune
a2df62c4,CLI-00288,2026-02-24 00:00:00,25400.0,depot,,local,False,aucune
bbf524c8,CLI-00159,2026-02-24 00:00:00,35500.0,depot,,local,False,aucune
e1a194a5,CLI-00272,2026-02-24 00:00:00,163000.0,depot,,local,False,aucune
11f3f69d,CLI-00023,2026-02-24 00:00:00,22700.0,retrait,,local,False,aucune
56c485a7,CLI-00622,2026-02-24 00:00:00,247700.0,depot,,local,False,aucune
0212e65d,CLI-00331,2026-02-24 00:00:00,61300.0,remboursement_credit,,local,False,aucune
237ee7f0,CLI-00405,2026-02-24 00:00:00,33500.0,retrait,,local,False,aucune
084dd31c,CLI-00259,2026-02-24 00:00:00,39400.0,retrait,,local,False,aucune
092efbb8,CLI-00405,2026-02-24 00:00:00,56600.0,remboursement_credit,,local,False,aucune
20453f0d,CLI-00743,2026-02-24 00:00:00,16300.0,transfert_sortant,CLI-00230,local,False,aucune
f00ecd05,CLI-00630,2026-02-24 00:00:00,195300.0,transfert_entrant,CLI-00440,local,False,aucune
df3b4c2d,CLI-00505,2026-02-24 00:00:00,129000.0,decaissement_credit,,local,False,aucune
46519e99,CLI-00677,2026-02-24 00:00:00,32500.0,remboursement_credit,,local,False,aucune
5329332c,CLI-00579,2026-02-24 00:00:00,26400.0,depot,,local,False,aucune
5bfec662,CLI-00067,2026-02-24 00:00:00,34500.0,remboursement_credit,,local,False,aucune
59364007,CLI-00435,2026-02-24 00:00:00,87300.0,retrait,,local,False,aucune
1f2a90f4,CLI-00679,2026-02-24 00:00:00,63500.0,retrait,,regional_uemoa,False,aucune
0523c825,CLI-00389,2026-02-24 00:00:00,84400.0,retrait,,local,False,aucune
0151afb9,CLI-00794,2026-02-24 00:00:00,114000.0,depot,,local,False,aucune
98eaa106,CLI-00797,2026-02-24 00:00:00,11600.0,depot,,local,False,aucune
d1e9f971,CLI-00774,2026-02-24 00:00:00,103200.0,transfert_sortant,CLI-00522,local,False,aucune
77566d1d,CLI-00547,2026-02-24 00:00:00,69300.0,retrait,,local,False,aucune
d08a060d,CLI-00442,2026-02-24 00:00:00,54700.0,depot,,local,False,aucune
86b27cd3,CLI-00035,2026-02-24 00:00:00,34000.0,transfert_sortant,CLI-00129,regional_uemoa,False,aucune
bb4df634,CLI-00722,2026-02-24 00:00:00,23300.0,depot,,local,False,aucune
84ca3590,CLI-00339,2026-02-24 00:00:00,69000.0,retrait,,local,False,aucune
5e4a96aa,CLI-00633,2026-02-24 00:00:00,34200.0,transfert_sortant,CLI-00227,local,False,aucune
5523eb20,CLI-00372,2026-02-24 00:00:00,32600.0,depot,,local,False,aucune
09856787,CLI-00615,2026-02-24 00:00:00,33100.0,decaissement_credit,,local,False,aucune
05ff076d,CLI-00128,2026-02-24 00:00:00,12400.0,transfert_entrant,CLI-00646,local,False,aucune
1c7f98b6,CLI-00393,2026-02-24 00:00:00,197300.0,remboursement_credit,,local,False,aucune
ab5790c9,CLI-00069,2026-02-24 00:00:00,112200.0,remboursement_credit,,local,False,aucune
381cbc51,CLI-00089,2026-02-24 00:00:00,283900.0,transfert_entrant,CLI-00743,local,False,aucune
685b6e2d,CLI-00763,2026-02-24 00:00:00,89400.0,decaissement_credit,,local,False,aucune
4533cd23,CLI-00126,2026-02-25 00:00:00,66600.0,depot,,transfrontalier_sensible,False,aucune
0ad4620b,CLI-00772,2026-02-25 00:00:00,36700.0,retrait,,local,False,aucune
46fe0ca6,CLI-00568,2026-02-25 00:00:00,40700.0,transfert_entrant,CLI-00796,local,False,aucune
1328b9a2,CLI-00397,2026-02-25 00:00:00,54400.0,retrait,,local,False,aucune
8237979a,CLI-00096,2026-02-25 00:00:00,21300.0,depot,,regional_uemoa,False,aucune
d1beb33c,CLI-00299,2026-02-25 00:00:00,13100.0,remboursement_credit,,local,False,aucune
2afece60,CLI-00392,2026-02-25 00:00:00,122900.0,depot,,regional_uemoa,False,aucune
adcfbaf8,CLI-00689,2026-02-25 00:00:00,7600.0,remboursement_credit,,local,False,aucune
285839e0,CLI-00412,2026-02-25 00:00:00,46600.0,depot,,transfrontalier_sensible,False,aucune
6c8342af,CLI-00638,2026-02-25 00:00:00,175300.0,decaissement_credit,,local,False,aucune
d45d1dd7,CLI-00434,2026-02-25 00:00:00,51200.0,retrait,,local,False,aucune
e742cff3,CLI-00733,2026-02-25 00:00:00,65000.0,transfert_entrant,CLI-00572,local,False,aucune
7321b86e,CLI-00221,2026-02-25 00:00:00,64800.0,decaissement_credit,,local,False,aucune
af82d1ac,CLI-00039,2026-02-25 00:00:00,27900.0,depot,,local,False,aucune
5729ae15,CLI-00064,2026-02-25 00:00:00,68600.0,remboursement_credit,,regional_uemoa,False,aucune
c131789e,CLI-00499,2026-02-25 00:00:00,13900.0,retrait,,local,False,aucune
65e08dba,CLI-00218,2026-02-25 00:00:00,23400.0,retrait,,local,False,aucune
9c663595,CLI-00678,2026-02-25 00:00:00,41700.0,depot,,local,False,aucune
7c03469b,CLI-00650,2026-02-25 00:00:00,19300.0,retrait,,transfrontalier_sensible,False,aucune
1d3b126f,CLI-00417,2026-02-25 00:00:00,38100.0,retrait,,local,False,aucune
930c1dd3,CLI-00753,2026-02-25 00:00:00,8244900.0,depot,,local,False,aucune
ea134bee,CLI-00017,2026-02-25 00:00:00,19500.0,decaissement_credit,,local,False,aucune
c73060b3,CLI-00782,2026-02-25 00:00:00,24700.0,depot,,local,False,aucune
3d751ddf,CLI-00023,2026-02-25 00:00:00,111600.0,retrait,,local,False,aucune
9588155a,CLI-00072,2026-02-25 00:00:00,45500.0,decaissement_credit,,local,False,aucune
84229225,CLI-00475,2026-02-25 00:00:00,13400.0,depot,,regional_uemoa,False,aucune
21950d98,CLI-00202,2026-02-25 00:00:00,27200.0,transfert_entrant,CLI-00281,local,False,aucune
ed4cd40c,CLI-00015,2026-02-25 00:00:00,12400.0,transfert_sortant,CLI-00234,local,False,aucune
acd00c8b,CLI-00280,2026-02-25 00:00:00,38500.0,depot,,local,False,aucune
48cdb6a4,CLI-00209,2026-02-25 00:00:00,74300.0,depot,,local,False,aucune
92185f51,CLI-00255,2026-02-25 00:00:00,69100.0,remboursement_credit,,local,False,aucune
e0039549,CLI-00735,2026-02-25 00:00:00,144900.0,transfert_sortant,CLI-00441,local,False,aucune
a1d42a2b,CLI-00529,2026-02-25 00:00:00,9400.0,transfert_entrant,CLI-00120,regional_uemoa,False,aucune
55ccf9a4,CLI-00411,2026-02-25 00:00:00,30000.0,transfert_sortant,CLI-00589,local,False,aucune
d09524d3,CLI-00051,2026-02-25 00:00:00,9200.0,depot,,local,False,aucune
a7946ff7,CLI-00745,2026-02-25 00:00:00,11900.0,transfert_sortant,CLI-00767,local,False,aucune
c7afc090,CLI-00404,2026-02-25 00:00:00,38200.0,retrait,,regional_uemoa,False,aucune
642b55c6,CLI-00304,2026-02-25 00:00:00,22600.0,retrait,,local,False,aucune
0bc6fd3a,CLI-00237,2026-02-25 00:00:00,10100.0,retrait,,local,False,aucune
7d44b8ea,CLI-00159,2026-02-25 00:00:00,28100.0,retrait,,local,False,aucune
ec4ec221,CLI-00238,2026-02-25 00:00:00,143800.0,depot,,local,False,aucune
a5f95ffe,CLI-00539,2026-02-25 00:00:00,73700.0,retrait,,regional_uemoa,False,aucune
da68147b,CLI-00269,2026-02-25 00:00:00,975900.0,remboursement_credit,,local,False,aucune
0873d0f4,CLI-00468,2026-02-25 00:00:00,12400.0,transfert_sortant,CLI-00785,local,False,aucune
d08a8082,CLI-00743,2026-02-25 00:00:00,8100.0,decaissement_credit,,local,False,aucune
05d1e2e9,CLI-00490,2026-02-25 00:00:00,15400.0,retrait,,local,False,aucune
8b54a704,CLI-00232,2026-02-25 00:00:00,21500.0,retrait,,local,False,aucune
4c8c8da0,CLI-00621,2026-02-25 00:00:00,34400.0,depot,,local,False,aucune
8eec5b16,CLI-00081,2026-02-25 00:00:00,19000.0,depot,,local,False,aucune
2d293ab5,CLI-00145,2026-02-25 00:00:00,139400.0,transfert_entrant,CLI-00264,local,False,aucune
9fe042ea,CLI-00764,2026-02-25 00:00:00,412600.0,transfert_sortant,CLI-00176,local,False,aucune
626a8d3f,CLI-00212,2026-02-26 00:00:00,6100.0,remboursement_credit,,regional_uemoa,False,aucune
55ecdd03,CLI-00426,2026-02-26 00:00:00,1600.0,depot,,local,False,aucune
393bbe2e,CLI-00238,2026-02-26 00:00:00,57700.0,retrait,,local,False,aucune
722bcb22,CLI-00787,2026-02-26 00:00:00,71400.0,retrait,,local,False,aucune
71895e10,CLI-00599,2026-02-26 00:00:00,39100.0,retrait,,local,False,aucune
b5e4379a,CLI-00479,2026-02-26 00:00:00,98700.0,depot,,local,False,aucune
849f4d62,CLI-00615,2026-02-26 00:00:00,403200.0,transfert_sortant,CLI-00775,regional_uemoa,False,aucune
9420f387,CLI-00567,2026-02-26 00:00:00,318100.0,retrait,,local,False,aucune
e39e10a1,CLI-00339,2026-02-26 00:00:00,155400.0,transfert_sortant,CLI-00277,local,False,aucune
4e6658b5,CLI-00785,2026-02-26 00:00:00,23800.0,retrait,,local,False,aucune
4fec7f2b,CLI-00646,2026-02-26 00:00:00,43000.0,retrait,,local,False,aucune
4b4d6598,CLI-00065,2026-02-26 00:00:00,16500.0,depot,,local,False,aucune
73e48825,CLI-00021,2026-02-26 00:00:00,59900.0,depot,,local,False,aucune
6b277bd1,CLI-00489,2026-02-26 00:00:00,135600.0,decaissement_credit,,local,False,aucune
8731f372,CLI-00490,2026-02-26 00:00:00,69100.0,depot,,local,False,aucune
91da8767,CLI-00447,2026-02-26 00:00:00,120800.0,transfert_entrant,CLI-00678,local,False,aucune
2885115e,CLI-00325,2026-02-26 00:00:00,50300.0,transfert_sortant,CLI-00066,regional_uemoa,False,aucune
f1c8b0a8,CLI-00249,2026-02-26 00:00:00,3600.0,transfert_entrant,CLI-00637,local,False,aucune
5b563761,CLI-00067,2026-02-26 00:00:00,293900.0,decaissement_credit,,local,False,aucune
53d83098,CLI-00699,2026-02-26 00:00:00,207500.0,depot,,regional_uemoa,False,aucune
d2710dbd,CLI-00723,2026-02-26 00:00:00,111600.0,decaissement_credit,,local,False,aucune
04b4fca8,CLI-00460,2026-02-26 00:00:00,37800.0,depot,,local,False,aucune
1d891510,CLI-00628,2026-02-26 00:00:00,123300.0,retrait,,local,False,aucune
e520c4d2,CLI-00358,2026-02-26 00:00:00,14200.0,depot,,local,False,aucune
ecc2df6e,CLI-00656,2026-02-26 00:00:00,92800.0,retrait,,local,False,aucune
6b246076,CLI-00174,2026-02-26 00:00:00,58100.0,retrait,,local,False,aucune
6c5caf50,CLI-00537,2026-02-26 00:00:00,16900.0,remboursement_credit,,local,False,aucune
b8e46a76,CLI-00407,2026-02-26 00:00:00,72400.0,retrait,,local,False,aucune
a44ccf6d,CLI-00635,2026-02-26 00:00:00,14900.0,transfert_sortant,CLI-00573,local,False,aucune
4d3b2085,CLI-00438,2026-02-26 00:00:00,28800.0,retrait,,local,False,aucune
466966d3,CLI-00158,2026-02-26 00:00:00,280900.0,transfert_entrant,CLI-00655,local,False,aucune
711e1e90,CLI-00542,2026-02-26 00:00:00,82400.0,depot,,local,False,aucune
af378862,CLI-00153,2026-02-26 00:00:00,28100.0,transfert_entrant,CLI-00408,local,False,aucune
1d08cab8,CLI-00547,2026-02-26 00:00:00,92200.0,depot,,local,False,aucune
fb369877,CLI-00292,2026-02-26 00:00:00,109500.0,decaissement_credit,,local,False,aucune
1a1b2d36,CLI-00550,2026-02-26 00:00:00,9100.0,remboursement_credit,,local,False,aucune
f449166e,CLI-00662,2026-02-26 00:00:00,8900.0,retrait,,local,False,aucune
0cace7b6,CLI-00692,2026-02-26 00:00:00,39100.0,transfert_sortant,CLI-00022,local,False,aucune
6f0224d5,CLI-00579,2026-02-26 00:00:00,139300.0,depot,,local,False,aucune
d8efeb5a,CLI-00614,2026-02-26 00:00:00,154200.0,depot,,local,False,aucune
e2353c3d,CLI-00440,2026-02-26 00:00:00,101300.0,remboursement_credit,,local,False,aucune
3f21d4c8,CLI-00752,2026-02-26 00:00:00,33700.0,depot,,local,False,aucune
974dba63,CLI-00566,2026-02-26 00:00:00,19900.0,remboursement_credit,,local,False,aucune
21febe66,CLI-00596,2026-02-26 00:00:00,88900.0,depot,,local,False,aucune
0f3f3e0d,CLI-00381,2026-02-26 00:00:00,116400.0,remboursement_credit,,regional_uemoa,False,aucune
546e2e15,CLI-00073,2026-02-26 00:00:00,4200.0,retrait,,local,False,aucune
bd6d986b,CLI-00619,2026-02-26 00:00:00,59100.0,transfert_entrant,CLI-00129,local,False,aucune
e2ffb2e5,CLI-00436,2026-02-26 00:00:00,20000.0,transfert_entrant,CLI-00638,regional_uemoa,False,aucune
5a82155c,CLI-00193,2026-02-26 00:00:00,59700.0,depot,,regional_uemoa,False,aucune
e73530ac,CLI-00615,2026-02-26 00:00:00,120200.0,retrait,,local,False,aucune
56e3ba95,CLI-00190,2026-02-26 00:00:00,6575400.0,retrait,,regional_uemoa,False,aucune
a534cd1e,CLI-00417,2026-02-26 00:00:00,185100.0,depot,,local,False,aucune
0884c88a,CLI-00258,2026-02-27 00:00:00,56600.0,retrait,,regional_uemoa,False,aucune
144ee44c,CLI-00772,2026-02-27 00:00:00,260000.0,depot,,local,False,aucune
0d6fc156,CLI-00689,2026-02-27 00:00:00,53200.0,retrait,,local,False,aucune
eb3a8f81,CLI-00695,2026-02-27 00:00:00,27200.0,retrait,,local,False,aucune
8cb9b8a6,CLI-00481,2026-02-27 00:00:00,32600.0,transfert_sortant,CLI-00044,local,False,aucune
f44583b8,CLI-00477,2026-02-27 00:00:00,14200.0,transfert_entrant,CLI-00008,local,False,aucune
c2e58e41,CLI-00298,2026-02-27 00:00:00,33500.0,depot,,local,False,aucune
3233eaac,CLI-00140,2026-02-27 00:00:00,26300.0,retrait,,local,False,aucune
5de69d49,CLI-00727,2026-02-27 00:00:00,58600.0,retrait,,regional_uemoa,False,aucune
a7f56389,CLI-00731,2026-02-27 00:00:00,2600.0,depot,,local,False,aucune
4d3244e8,CLI-00453,2026-02-27 00:00:00,144000.0,depot,,local,False,aucune
073bd31f,CLI-00546,2026-02-27 00:00:00,41000.0,remboursement_credit,,local,False,aucune
ac5ca90d,CLI-00366,2026-02-27 00:00:00,14100.0,retrait,,transfrontalier_sensible,False,aucune
4f5597ed,CLI-00295,2026-02-27 00:00:00,90600.0,depot,,local,False,aucune
dd23ad73,CLI-00296,2026-02-27 00:00:00,40900.0,depot,,regional_uemoa,False,aucune
82d4f9cf,CLI-00529,2026-02-27 00:00:00,12400.0,depot,,local,False,aucune
7b4ba839,CLI-00349,2026-02-27 00:00:00,90900.0,depot,,local,False,aucune
0d200c99,CLI-00677,2026-02-27 00:00:00,13200.0,remboursement_credit,,local,False,aucune
bfa9387f,CLI-00347,2026-02-27 00:00:00,16100.0,retrait,,local,False,aucune
9a8877a1,CLI-00347,2026-02-27 00:00:00,198200.0,depot,,local,False,aucune
ed7ad9b8,CLI-00382,2026-02-27 00:00:00,52400.0,retrait,,local,False,aucune
dab01d34,CLI-00200,2026-02-27 00:00:00,60500.0,depot,,local,False,aucune
4a01f150,CLI-00730,2026-02-27 00:00:00,65800.0,remboursement_credit,,regional_uemoa,False,aucune
a90763a7,CLI-00513,2026-02-27 00:00:00,11700.0,depot,,local,False,aucune
542d23aa,CLI-00343,2026-02-27 00:00:00,326400.0,depot,,local,False,aucune
51759832,CLI-00513,2026-02-27 00:00:00,74300.0,depot,,local,False,aucune
9462335b,CLI-00378,2026-02-27 00:00:00,14400.0,retrait,,regional_uemoa,False,aucune
b4f5de69,CLI-00750,2026-02-27 00:00:00,27200.0,retrait,,local,False,aucune
d9e8deda,CLI-00311,2026-02-27 00:00:00,526700.0,transfert_sortant,CLI-00237,local,False,aucune
88b7a079,CLI-00498,2026-02-27 00:00:00,9260400.0,transfert_entrant,CLI-00486,local,False,aucune
5b6cc3de,CLI-00222,2026-02-27 00:00:00,27800.0,remboursement_credit,,regional_uemoa,False,aucune
a276a8d4,CLI-00746,2026-02-27 00:00:00,83300.0,retrait,,local,False,aucune
293a305d,CLI-00745,2026-02-27 00:00:00,6600.0,transfert_sortant,CLI-00399,transfrontalier_sensible,False,aucune
50b98ffa,CLI-00444,2026-02-27 00:00:00,29400.0,decaissement_credit,,local,False,aucune
c89913a2,CLI-00316,2026-02-27 00:00:00,372500.0,depot,,local,False,aucune
557c9522,CLI-00617,2026-02-27 00:00:00,116100.0,remboursement_credit,,local,False,aucune
8822ed1e,CLI-00087,2026-02-27 00:00:00,55200.0,depot,,local,False,aucune
d2f86948,CLI-00275,2026-02-27 00:00:00,2722600.0,transfert_sortant,,transfrontalier_sensible,True,corridor_sensible
773a07e4,CLI-00083,2026-02-27 00:00:00,56400.0,remboursement_credit,,local,False,aucune
cbb1f29e,CLI-00105,2026-02-27 00:00:00,44200.0,transfert_sortant,CLI-00199,local,False,aucune
0b449187,CLI-00006,2026-02-27 00:00:00,25800.0,transfert_entrant,CLI-00792,local,False,aucune
d15a6c89,CLI-00607,2026-02-27 00:00:00,63700.0,decaissement_credit,,local,False,aucune
0f953976,CLI-00776,2026-02-27 00:00:00,51100.0,depot,,local,False,aucune
352e7bee,CLI-00787,2026-02-27 00:00:00,22100.0,depot,,regional_uemoa,False,aucune
19256b82,CLI-00585,2026-02-27 00:00:00,56700.0,retrait,,regional_uemoa,False,aucune
b2ca0164,CLI-00046,2026-02-27 00:00:00,98900.0,retrait,,local,False,aucune
8d653fa5,CLI-00662,2026-02-27 00:00:00,49100.0,depot,,local,False,aucune
43d268ab,CLI-00594,2026-02-27 00:00:00,30700.0,retrait,,local,False,aucune
02b73c2f,CLI-00607,2026-02-28 00:00:00,7100.0,depot,,regional_uemoa,False,aucune
89f4056a,CLI-00445,2026-02-28 00:00:00,10600.0,depot,,local,False,aucune
b7c7b3be,CLI-00728,2026-02-28 00:00:00,27900.0,transfert_entrant,CLI-00065,local,False,aucune
d27dfb32,CLI-00402,2026-02-28 00:00:00,16800.0,retrait,,local,False,aucune
e2fed000,CLI-00636,2026-02-28 00:00:00,99300.0,depot,,local,False,aucune
39c40bba,CLI-00139,2026-02-28 00:00:00,4000.0,transfert_sortant,CLI-00676,local,False,aucune
66195dc4,CLI-00576,2026-02-28 00:00:00,93700.0,transfert_sortant,CLI-00000,local,False,aucune
fd658055,CLI-00344,2026-02-28 00:00:00,129300.0,depot,,regional_uemoa,False,aucune
6ada7907,CLI-00655,2026-02-28 00:00:00,119500.0,depot,,local,False,aucune
63ea2803,CLI-00005,2026-02-28 00:00:00,16300.0,depot,,local,False,aucune
6972d257,CLI-00307,2026-02-28 00:00:00,44600.0,transfert_sortant,CLI-00014,local,False,aucune
6b6bd13b,CLI-00703,2026-02-28 00:00:00,33800.0,transfert_entrant,CLI-00493,local,False,aucune
c638046f,CLI-00759,2026-02-28 00:00:00,3400.0,depot,,local,False,aucune
e0b19761,CLI-00683,2026-02-28 00:00:00,162300.0,retrait,,local,False,aucune
d068a2a9,CLI-00174,2026-02-28 00:00:00,11800.0,retrait,,regional_uemoa,False,aucune
326f5f77,CLI-00759,2026-02-28 00:00:00,41000.0,remboursement_credit,,local,False,aucune
7dcf5ab8,CLI-00651,2026-02-28 00:00:00,30300.0,retrait,,local,False,aucune
dc74ef02,CLI-00150,2026-02-28 00:00:00,1401700.0,remboursement_credit,,local,False,aucune
343f9b54,CLI-00532,2026-02-28 00:00:00,56600.0,remboursement_credit,,regional_uemoa,False,aucune
f638edf2,CLI-00759,2026-02-28 00:00:00,37900.0,retrait,,local,False,aucune
d8aaabeb,CLI-00470,2026-02-28 00:00:00,59700.0,remboursement_credit,,local,False,aucune
7ccbc463,CLI-00656,2026-02-28 00:00:00,47500.0,remboursement_credit,,transfrontalier_sensible,False,aucune
387d1919,CLI-00447,2026-02-28 00:00:00,230400.0,retrait,,local,False,aucune
5d712465,CLI-00011,2026-02-28 00:00:00,36900.0,decaissement_credit,,local,False,aucune
7624c222,CLI-00293,2026-02-28 00:00:00,27400.0,decaissement_credit,,transfrontalier_sensible,False,aucune
243fefe1,CLI-00109,2026-02-28 00:00:00,6100.0,retrait,,local,False,aucune
7590a731,CLI-00301,2026-02-28 00:00:00,53200.0,retrait,,local,False,aucune
dbbc5495,CLI-00388,2026-02-28 00:00:00,53100.0,depot,,local,False,aucune
8a6964c8,CLI-00505,2026-02-28 00:00:00,78000.0,depot,,local,False,aucune
109a718d,CLI-00129,2026-02-28 00:00:00,7300.0,depot,,local,False,aucune
38ba0a8f,CLI-00039,2026-02-28 00:00:00,6700.0,remboursement_credit,,local,False,aucune
345d6a83,CLI-00217,2026-02-28 00:00:00,4300.0,depot,,regional_uemoa,False,aucune
e47a87d9,CLI-00588,2026-02-28 00:00:00,6100.0,transfert_entrant,CLI-00289,local,False,aucune
4282800c,CLI-00204,2026-02-28 00:00:00,153100.0,retrait,,local,False,aucune
7158fe68,CLI-00275,2026-02-28 00:00:00,3932300.0,transfert_sortant,,transfrontalier_sensible,True,corridor_sensible
821e88ea,CLI-00498,2026-02-28 00:00:00,61800.0,depot,,local,False,aucune
e7364003,CLI-00700,2026-02-28 00:00:00,80400.0,depot,,local,False,aucune
3aba8d71,CLI-00132,2026-02-28 00:00:00,37400.0,transfert_entrant,CLI-00669,local,False,aucune
f19b0e43,CLI-00071,2026-02-28 00:00:00,42900.0,transfert_entrant,CLI-00774,regional_uemoa,False,aucune
424963cf,CLI-00455,2026-02-28 00:00:00,40900.0,depot,,transfrontalier_sensible,False,aucune
40aa0806,CLI-00767,2026-02-28 00:00:00,52200.0,retrait,,regional_uemoa,False,aucune
80911323,CLI-00573,2026-02-28 00:00:00,21600.0,retrait,,regional_uemoa,False,aucune
3e200163,CLI-00222,2026-02-28 00:00:00,14700.0,retrait,,regional_uemoa,False,aucune
ffeb69c1,CLI-00166,2026-02-28 00:00:00,56300.0,retrait,,local,False,aucune
dc20b780,CLI-00108,2026-02-28 00:00:00,152900.0,depot,,local,False,aucune
ff01d993,CLI-00122,2026-02-28 00:00:00,123500.0,transfert_sortant,CLI-00536,local,False,aucune
ee6aad97,CLI-00200,2026-02-28 00:00:00,32300.0,retrait,,local,False,aucune
de9941ed,CLI-00331,2026-02-28 00:00:00,14500.0,transfert_sortant,CLI-00286,local,False,aucune
91518892,CLI-00189,2026-03-01 00:00:00,110400.0,decaissement_credit,,local,False,aucune
9015242b,CLI-00096,2026-03-01 00:00:00,37400.0,transfert_entrant,CLI-00677,local,False,aucune
56466152,CLI-00137,2026-03-01 00:00:00,37500.0,remboursement_credit,,local,False,aucune
5b33719d,CLI-00295,2026-03-01 00:00:00,10900.0,transfert_entrant,CLI-00759,local,False,aucune
e78def39,CLI-00677,2026-03-01 00:00:00,333700.0,decaissement_credit,,regional_uemoa,False,aucune
97f94565,CLI-00752,2026-03-01 00:00:00,1300.0,depot,,local,False,aucune
5f2d08b6,CLI-00328,2026-03-01 00:00:00,19800.0,remboursement_credit,,local,False,aucune
922dd8f6,CLI-00509,2026-03-01 00:00:00,176600.0,retrait,,local,False,aucune
ae8336ea,CLI-00038,2026-03-01 00:00:00,21100.0,retrait,,local,False,aucune
278c7972,CLI-00207,2026-03-01 00:00:00,66400.0,decaissement_credit,,local,False,aucune
e81b1d28,CLI-00779,2026-03-01 00:00:00,66500.0,decaissement_credit,,local,False,aucune
6b737468,CLI-00648,2026-03-01 00:00:00,50100.0,remboursement_credit,,local,False,aucune
d41cd3e3,CLI-00062,2026-03-01 00:00:00,55800.0,depot,,local,False,aucune
eaa0c813,CLI-00326,2026-03-01 00:00:00,37200.0,depot,,local,False,aucune
ff6708e1,CLI-00240,2026-03-01 00:00:00,10000.0,retrait,,local,False,aucune
df8919e9,CLI-00768,2026-03-01 00:00:00,70200.0,remboursement_credit,,local,False,aucune
ef76906a,CLI-00091,2026-03-01 00:00:00,33900.0,depot,,local,False,aucune
a18a6ccd,CLI-00354,2026-03-01 00:00:00,13000.0,retrait,,local,False,aucune
99bac1ce,CLI-00006,2026-03-01 00:00:00,45700.0,retrait,,local,False,aucune
3043b8de,CLI-00288,2026-03-01 00:00:00,274600.0,retrait,,local,False,aucune
1b960912,CLI-00782,2026-03-01 00:00:00,228700.0,depot,,local,False,aucune
0621c12a,CLI-00074,2026-03-01 00:00:00,15700.0,depot,,local,False,aucune
760a2e83,CLI-00195,2026-03-01 00:00:00,16600.0,retrait,,local,False,aucune
31119f43,CLI-00633,2026-03-01 00:00:00,113700.0,depot,,regional_uemoa,False,aucune
37b117cc,CLI-00494,2026-03-01 00:00:00,6800.0,transfert_entrant,CLI-00120,regional_uemoa,False,aucune
4ec92091,CLI-00122,2026-03-01 00:00:00,120100.0,depot,,local,False,aucune
23826d0d,CLI-00222,2026-03-01 00:00:00,16400.0,transfert_sortant,CLI-00203,regional_uemoa,False,aucune
7ad7b163,CLI-00698,2026-03-01 00:00:00,19000.0,depot,,local,False,aucune
d56a8bca,CLI-00007,2026-03-01 00:00:00,34600.0,retrait,,local,False,aucune
6ebab467,CLI-00229,2026-03-01 00:00:00,79400.0,decaissement_credit,,regional_uemoa,False,aucune
b7c64f20,CLI-00489,2026-03-01 00:00:00,28600.0,retrait,,local,False,aucune
988cfe5b,CLI-00495,2026-03-01 00:00:00,29200.0,decaissement_credit,,local,False,aucune
7eb0b3f3,CLI-00293,2026-03-01 00:00:00,515000.0,depot,,local,False,aucune
3b8ce362,CLI-00676,2026-03-01 00:00:00,129100.0,remboursement_credit,,local,False,aucune
f4e5ca39,CLI-00166,2026-03-01 00:00:00,16500.0,depot,,local,False,aucune
1bf1f55f,CLI-00763,2026-03-01 00:00:00,65000.0,transfert_entrant,CLI-00469,local,False,aucune
4be5a08b,CLI-00707,2026-03-01 00:00:00,80500.0,retrait,,local,False,aucune
7182176b,CLI-00168,2026-03-01 00:00:00,42600.0,decaissement_credit,,regional_uemoa,False,aucune
2d4415fe,CLI-00313,2026-03-01 00:00:00,55200.0,decaissement_credit,,local,False,aucune
10926064,CLI-00742,2026-03-01 00:00:00,110500.0,decaissement_credit,,local,False,aucune
5d8052cd,CLI-00246,2026-03-01 00:00:00,70400.0,retrait,,local,False,aucune
b341488c,CLI-00441,2026-03-01 00:00:00,80300.0,remboursement_credit,,local,False,aucune
ad5972a1,CLI-00480,2026-03-01 00:00:00,99400.0,depot,,local,False,aucune
fd36fb23,CLI-00242,2026-03-01 00:00:00,11000.0,decaissement_credit,,local,False,aucune
a6551a58,CLI-00367,2026-03-01 00:00:00,29100.0,remboursement_credit,,local,False,aucune
db19c8d8,CLI-00706,2026-03-01 00:00:00,431100.0,remboursement_credit,,local,False,aucune
ce840674,CLI-00537,2026-03-01 00:00:00,58800.0,retrait,,local,False,aucune
d27d19e8,CLI-00303,2026-03-01 00:00:00,663900.0,transfert_entrant,CLI-00067,local,False,aucune
af15e2c7,CLI-00348,2026-03-01 00:00:00,117900.0,depot,,regional_uemoa,False,aucune
b89299f1,CLI-00586,2026-03-01 00:00:00,82500.0,retrait,,regional_uemoa,False,aucune
af28b1e6,CLI-00178,2026-03-01 00:00:00,39300.0,depot,,local,False,aucune
eb36cb1c,CLI-00635,2026-03-01 00:00:00,193500.0,transfert_sortant,CLI-00614,regional_uemoa,False,aucune
f2cfe47a,CLI-00329,2026-03-02 00:00:00,47300.0,decaissement_credit,,local,False,aucune
687f1c85,CLI-00601,2026-03-02 00:00:00,21100.0,retrait,,local,False,aucune
8797a802,CLI-00218,2026-03-02 00:00:00,131100.0,depot,,local,False,aucune
c99f5200,CLI-00042,2026-03-02 00:00:00,69100.0,transfert_sortant,CLI-00756,local,False,aucune
c8f55c17,CLI-00761,2026-03-02 00:00:00,119700.0,transfert_entrant,CLI-00158,local,False,aucune
0d0f93ae,CLI-00788,2026-03-02 00:00:00,32300.0,depot,,regional_uemoa,False,aucune
b51166fb,CLI-00711,2026-03-02 00:00:00,25600.0,decaissement_credit,,local,False,aucune
1f8232fc,CLI-00681,2026-03-02 00:00:00,7000.0,retrait,,regional_uemoa,False,aucune
331b145f,CLI-00047,2026-03-02 00:00:00,30900.0,retrait,,transfrontalier_sensible,False,aucune
b5fd01e6,CLI-00311,2026-03-02 00:00:00,73800.0,transfert_sortant,CLI-00428,local,False,aucune
0df98882,CLI-00408,2026-03-02 00:00:00,25900.0,depot,,local,False,aucune
5c33a64d,CLI-00797,2026-03-02 00:00:00,292400.0,retrait,,local,False,aucune
03a2d97e,CLI-00673,2026-03-02 00:00:00,72200.0,depot,,local,False,aucune
15dd947d,CLI-00012,2026-03-02 00:00:00,43700.0,transfert_entrant,CLI-00646,transfrontalier_sensible,False,aucune
ac1677d8,CLI-00589,2026-03-02 00:00:00,45700.0,retrait,,local,False,aucune
521304fb,CLI-00771,2026-03-02 00:00:00,13100.0,transfert_entrant,CLI-00342,local,False,aucune
33920085,CLI-00366,2026-03-02 00:00:00,19200.0,retrait,,local,False,aucune
c8be3f5e,CLI-00247,2026-03-02 00:00:00,59900.0,retrait,,local,False,aucune
21954d3e,CLI-00658,2026-03-02 00:00:00,160600.0,remboursement_credit,,local,False,aucune
7b3f5094,CLI-00275,2026-03-02 00:00:00,406700.0,depot,,local,False,aucune
94ab8ed5,CLI-00642,2026-03-02 00:00:00,108700.0,retrait,,local,False,aucune
6e822f4b,CLI-00071,2026-03-02 00:00:00,61700.0,transfert_entrant,CLI-00259,local,False,aucune
8a41ff64,CLI-00784,2026-03-02 00:00:00,28100.0,retrait,,transfrontalier_sensible,False,aucune
d2e9e5c9,CLI-00327,2026-03-02 00:00:00,42400.0,retrait,,regional_uemoa,False,aucune
d5a05151,CLI-00333,2026-03-02 00:00:00,5000.0,retrait,,local,False,aucune
bef5456b,CLI-00484,2026-03-02 00:00:00,179100.0,transfert_sortant,CLI-00737,local,False,aucune
73121470,CLI-00077,2026-03-02 00:00:00,50700.0,retrait,,local,False,aucune
a9c2b15f,CLI-00335,2026-03-02 00:00:00,15200.0,retrait,,regional_uemoa,False,aucune
f331b918,CLI-00780,2026-03-02 00:00:00,15600.0,depot,,local,False,aucune
638b88c0,CLI-00207,2026-03-02 00:00:00,244200.0,depot,,local,False,aucune
169859fd,CLI-00284,2026-03-02 00:00:00,59400.0,depot,,local,False,aucune
8442613d,CLI-00660,2026-03-02 00:00:00,165900.0,retrait,,local,False,aucune
54edbe56,CLI-00778,2026-03-02 00:00:00,59600.0,retrait,,local,False,aucune
bc81a126,CLI-00390,2026-03-02 00:00:00,19500.0,depot,,local,False,aucune
82888a92,CLI-00159,2026-03-02 00:00:00,32500.0,depot,,local,False,aucune
fae91624,CLI-00570,2026-03-02 00:00:00,20600.0,transfert_sortant,CLI-00702,local,False,aucune
de8e59ff,CLI-00215,2026-03-02 00:00:00,15200.0,depot,,local,False,aucune
eb118b1a,CLI-00281,2026-03-02 00:00:00,22200.0,depot,,local,False,aucune
16086a15,CLI-00528,2026-03-02 00:00:00,52700.0,retrait,,regional_uemoa,False,aucune
726afe6b,CLI-00067,2026-03-02 00:00:00,63600.0,depot,,local,False,aucune
f9c3812a,CLI-00148,2026-03-02 00:00:00,52200.0,transfert_entrant,CLI-00268,local,False,aucune
e6dd5fd6,CLI-00098,2026-03-02 00:00:00,23300.0,retrait,,local,False,aucune
0af77892,CLI-00409,2026-03-02 00:00:00,1000000.0,retrait,,local,False,aucune
3f213cdb,CLI-00071,2026-03-02 00:00:00,58900.0,transfert_sortant,CLI-00679,local,False,aucune
64d0419f,CLI-00665,2026-03-02 00:00:00,49400.0,depot,,local,False,aucune
e3f762e6,CLI-00670,2026-03-02 00:00:00,41600.0,depot,,local,False,aucune
7c156159,CLI-00533,2026-03-02 00:00:00,15800.0,transfert_sortant,CLI-00676,local,False,aucune
1355cb2f,CLI-00010,2026-03-02 00:00:00,75400.0,transfert_entrant,CLI-00135,local,False,aucune
5902836d,CLI-00139,2026-03-02 00:00:00,52000.0,decaissement_credit,,local,False,aucune
796951ad,CLI-00189,2026-03-02 00:00:00,12300.0,depot,,local,False,aucune
9dc415cd,CLI-00456,2026-03-02 00:00:00,160800.0,retrait,,local,False,aucune
263e9077,CLI-00314,2026-03-02 00:00:00,20300.0,transfert_entrant,CLI-00745,local,False,aucune
357aa782,CLI-00206,2026-03-02 00:00:00,44600.0,retrait,,local,False,aucune
fe8617b1,CLI-00640,2026-03-02 00:00:00,197600.0,retrait,,local,False,aucune
53552549,CLI-00513,2026-03-03 00:00:00,34800.0,remboursement_credit,,local,False,aucune
d5fad316,CLI-00039,2026-03-03 00:00:00,21300.0,depot,,local,False,aucune
466dce25,CLI-00204,2026-03-03 00:00:00,138100.0,depot,,local,False,aucune
a100daee,CLI-00131,2026-03-03 00:00:00,128800.0,remboursement_credit,,local,False,aucune
d8497ae5,CLI-00743,2026-03-03 00:00:00,19900.0,decaissement_credit,,local,False,aucune
f7556b73,CLI-00257,2026-03-03 00:00:00,306700.0,depot,,local,False,aucune
e0e081f3,CLI-00157,2026-03-03 00:00:00,160800.0,retrait,,local,False,aucune
72c84bec,CLI-00052,2026-03-03 00:00:00,37300.0,remboursement_credit,,local,False,aucune
2003867a,CLI-00209,2026-03-03 00:00:00,27400.0,depot,,local,False,aucune
9fa66f72,CLI-00425,2026-03-03 00:00:00,12200.0,transfert_sortant,CLI-00564,local,False,aucune
9171dd39,CLI-00218,2026-03-03 00:00:00,78000.0,remboursement_credit,,local,False,aucune
c224496b,CLI-00161,2026-03-03 00:00:00,64800.0,remboursement_credit,,local,False,aucune
d7eb16f4,CLI-00020,2026-03-03 00:00:00,18200.0,depot,,local,False,aucune
67388c92,CLI-00064,2026-03-03 00:00:00,108200.0,depot,,regional_uemoa,False,aucune
0685ad7d,CLI-00007,2026-03-03 00:00:00,6987800.0,transfert_sortant,CLI-00035,local,False,aucune
829a638c,CLI-00777,2026-03-03 00:00:00,17900.0,remboursement_credit,,regional_uemoa,False,aucune
99882e16,CLI-00770,2026-03-03 00:00:00,221300.0,depot,,local,False,aucune
ac7e3454,CLI-00070,2026-03-03 00:00:00,151100.0,depot,,local,False,aucune
14bbe896,CLI-00037,2026-03-03 00:00:00,10400.0,remboursement_credit,,local,False,aucune
065c688f,CLI-00260,2026-03-03 00:00:00,215200.0,depot,,local,False,aucune
7b441ca2,CLI-00621,2026-03-03 00:00:00,136400.0,depot,,regional_uemoa,False,aucune
7fcea504,CLI-00495,2026-03-03 00:00:00,54700.0,transfert_sortant,CLI-00380,local,False,aucune
a642c6d8,CLI-00675,2026-03-03 00:00:00,36500.0,depot,,local,False,aucune
00f5f30b,CLI-00666,2026-03-03 00:00:00,19400.0,transfert_sortant,CLI-00048,local,False,aucune
85d055b3,CLI-00595,2026-03-03 00:00:00,22100.0,retrait,,local,False,aucune
c14e4a06,CLI-00731,2026-03-03 00:00:00,283300.0,transfert_sortant,CLI-00381,transfrontalier_sensible,False,aucune
a07a28e9,CLI-00490,2026-03-03 00:00:00,18300.0,retrait,,local,False,aucune
c2acb913,CLI-00520,2026-03-03 00:00:00,55400.0,retrait,,transfrontalier_sensible,False,aucune
cf2d0c05,CLI-00576,2026-03-03 00:00:00,44800.0,remboursement_credit,,local,False,aucune
09ba94b0,CLI-00273,2026-03-03 00:00:00,84600.0,remboursement_credit,,local,False,aucune
3965fe72,CLI-00138,2026-03-03 00:00:00,15400.0,transfert_sortant,CLI-00233,regional_uemoa,False,aucune
f5b8e56d,CLI-00139,2026-03-03 00:00:00,44500.0,remboursement_credit,,regional_uemoa,False,aucune
c394a751,CLI-00590,2026-03-03 00:00:00,341900.0,transfert_sortant,CLI-00156,local,False,aucune
b2dc2c25,CLI-00752,2026-03-03 00:00:00,73400.0,decaissement_credit,,transfrontalier_sensible,False,aucune
53ee3485,CLI-00604,2026-03-03 00:00:00,28100.0,depot,,local,False,aucune
a003f7cc,CLI-00569,2026-03-03 00:00:00,258400.0,transfert_entrant,CLI-00625,local,False,aucune
08afd029,CLI-00650,2026-03-03 00:00:00,66700.0,retrait,,local,False,aucune
516808bd,CLI-00585,2026-03-03 00:00:00,83200.0,decaissement_credit,,local,False,aucune
234be5f6,CLI-00275,2026-03-03 00:00:00,3074200.0,transfert_sortant,,transfrontalier_sensible,True,corridor_sensible
bf4288ca,CLI-00337,2026-03-03 00:00:00,335200.0,depot,,regional_uemoa,False,aucune
2a09f6d3,CLI-00716,2026-03-03 00:00:00,34500.0,retrait,,local,False,aucune
fbd0e348,CLI-00632,2026-03-03 00:00:00,18700.0,retrait,,local,False,aucune
3e16ca16,CLI-00647,2026-03-03 00:00:00,25200.0,transfert_sortant,CLI-00230,local,False,aucune
63b7fafb,CLI-00407,2026-03-03 00:00:00,11500.0,retrait,,local,False,aucune
0a7f242a,CLI-00764,2026-03-03 00:00:00,190900.0,retrait,,local,False,aucune
34fe37cd,CLI-00324,2026-03-03 00:00:00,165500.0,transfert_sortant,CLI-00691,local,False,aucune
0756b6ee,CLI-00604,2026-03-03 00:00:00,22000.0,transfert_entrant,CLI-00671,regional_uemoa,False,aucune
aaec6adf,CLI-00302,2026-03-03 00:00:00,56100.0,retrait,,regional_uemoa,False,aucune
6e27967d,CLI-00005,2026-03-03 00:00:00,58200.0,transfert_sortant,CLI-00472,local,False,aucune
2a2440b7,CLI-00589,2026-03-03 00:00:00,63200.0,retrait,,local,False,aucune
168a9e65,CLI-00780,2026-03-03 00:00:00,63400.0,transfert_entrant,CLI-00728,local,False,aucune
6fb8cd97,CLI-00145,2026-03-03 00:00:00,148300.0,transfert_sortant,CLI-00674,local,False,aucune
3ab475bd,CLI-00430,2026-03-03 00:00:00,86300.0,remboursement_credit,,local,False,aucune
ab175456,CLI-00013,2026-03-03 00:00:00,17600.0,retrait,,local,False,aucune
c85cb27d,CLI-00046,2026-03-03 00:00:00,11000.0,depot,,local,False,aucune
b7eec4a0,CLI-00485,2026-03-03 00:00:00,89200.0,depot,,regional_uemoa,False,aucune
95821a64,CLI-00576,2026-03-03 00:00:00,12100.0,retrait,,local,False,aucune
300aa7f7,CLI-00438,2026-03-04 00:00:00,235500.0,transfert_sortant,CLI-00786,local,False,aucune
62ef9914,CLI-00751,2026-03-04 00:00:00,33800.0,remboursement_credit,,local,False,aucune
77ecd281,CLI-00378,2026-03-04 00:00:00,17300.0,decaissement_credit,,local,False,aucune
7357c883,CLI-00284,2026-03-04 00:00:00,59100.0,transfert_sortant,CLI-00389,local,False,aucune
9ea84596,CLI-00035,2026-03-04 00:00:00,216900.0,retrait,,local,False,aucune
2af9248c,CLI-00177,2026-03-04 00:00:00,80800.0,retrait,,regional_uemoa,False,aucune
f053504a,CLI-00504,2026-03-04 00:00:00,27800.0,retrait,,local,False,aucune
55ee085b,CLI-00148,2026-03-04 00:00:00,10800.0,depot,,local,False,aucune
af21018f,CLI-00525,2026-03-04 00:00:00,248100.0,retrait,,local,False,aucune
371fc120,CLI-00729,2026-03-04 00:00:00,40200.0,depot,,local,False,aucune
9deb3ea9,CLI-00026,2026-03-04 00:00:00,33000.0,depot,,local,False,aucune
07b53353,CLI-00534,2026-03-04 00:00:00,19800.0,retrait,,local,False,aucune
aa89357b,CLI-00311,2026-03-04 00:00:00,43600.0,retrait,,regional_uemoa,False,aucune
35fd54e3,CLI-00382,2026-03-04 00:00:00,291700.0,transfert_entrant,CLI-00670,regional_uemoa,False,aucune
a644e473,CLI-00797,2026-03-04 00:00:00,93100.0,remboursement_credit,,local,False,aucune
2327cc57,CLI-00289,2026-03-04 00:00:00,8571200.0,retrait,,local,False,aucune
a054df47,CLI-00711,2026-03-04 00:00:00,89700.0,retrait,,regional_uemoa,False,aucune
37bf83a3,CLI-00670,2026-03-04 00:00:00,250400.0,remboursement_credit,,local,False,aucune
889bc7a0,CLI-00632,2026-03-04 00:00:00,18400.0,remboursement_credit,,local,False,aucune
1502e186,CLI-00539,2026-03-04 00:00:00,77000.0,retrait,,local,False,aucune
b309abbd,CLI-00136,2026-03-04 00:00:00,58300.0,depot,,transfrontalier_sensible,False,aucune
7c96f75d,CLI-00003,2026-03-04 00:00:00,59200.0,transfert_entrant,CLI-00462,transfrontalier_sensible,False,aucune
80288989,CLI-00156,2026-03-04 00:00:00,217600.0,retrait,,local,False,aucune
cb34526c,CLI-00540,2026-03-04 00:00:00,34000.0,remboursement_credit,,local,False,aucune
9b3741ce,CLI-00167,2026-03-04 00:00:00,19500.0,transfert_entrant,CLI-00063,local,False,aucune
73b51015,CLI-00095,2026-03-04 00:00:00,148500.0,transfert_sortant,CLI-00753,local,False,aucune
b83cc445,CLI-00767,2026-03-04 00:00:00,10400.0,retrait,,local,False,aucune
6d1fc22d,CLI-00534,2026-03-04 00:00:00,50700.0,retrait,,local,False,aucune
ab946a1b,CLI-00760,2026-03-04 00:00:00,64800.0,transfert_entrant,CLI-00091,local,False,aucune
4a642c68,CLI-00450,2026-03-04 00:00:00,17800.0,transfert_sortant,CLI-00410,local,False,aucune
1101ddc4,CLI-00555,2026-03-04 00:00:00,186900.0,retrait,,local,False,aucune
45f9a8b6,CLI-00625,2026-03-04 00:00:00,5600.0,depot,,local,False,aucune
4b6f2cda,CLI-00501,2026-03-04 00:00:00,40800.0,remboursement_credit,,local,False,aucune
cb51fd34,CLI-00240,2026-03-04 00:00:00,379600.0,depot,,local,False,aucune
a97c937e,CLI-00719,2026-03-04 00:00:00,108200.0,depot,,local,False,aucune
d007e0b7,CLI-00470,2026-03-04 00:00:00,61600.0,depot,,local,False,aucune
85920e06,CLI-00000,2026-03-04 00:00:00,130100.0,depot,,local,False,aucune
0d3f47ea,CLI-00236,2026-03-04 00:00:00,124900.0,decaissement_credit,,local,False,aucune
8491a3c2,CLI-00685,2026-03-04 00:00:00,16900.0,transfert_sortant,CLI-00748,local,False,aucune
20e630e5,CLI-00612,2026-03-04 00:00:00,78800.0,retrait,,local,False,aucune
87fcc8cd,CLI-00371,2026-03-04 00:00:00,4691200.0,retrait,,local,False,aucune
4d7018f7,CLI-00066,2026-03-04 00:00:00,38200.0,depot,,regional_uemoa,False,aucune
e9a4ea48,CLI-00102,2026-03-04 00:00:00,104300.0,depot,,local,False,aucune
0bda7a99,CLI-00461,2026-03-04 00:00:00,44200.0,transfert_sortant,CLI-00564,local,False,aucune
30b8e3a9,CLI-00465,2026-03-04 00:00:00,112000.0,retrait,,local,False,aucune
55ea754c,CLI-00403,2026-03-04 00:00:00,36600.0,remboursement_credit,,local,False,aucune
f758d12b,CLI-00464,2026-03-04 00:00:00,5700.0,transfert_entrant,CLI-00557,transfrontalier_sensible,False,aucune
a29dae77,CLI-00099,2026-03-04 00:00:00,27300.0,retrait,,local,False,aucune
1bd1b440,CLI-00741,2026-03-04 00:00:00,114600.0,retrait,,regional_uemoa,False,aucune
5b9cc0ab,CLI-00391,2026-03-04 00:00:00,81200.0,depot,,regional_uemoa,False,aucune
81d2ede6,CLI-00052,2026-03-04 00:00:00,53000.0,transfert_entrant,CLI-00566,local,False,aucune
58317aff,CLI-00368,2026-03-04 00:00:00,74800.0,retrait,,local,False,aucune
e08520eb,CLI-00369,2026-03-04 00:00:00,130900.0,decaissement_credit,,local,False,aucune
50415be9,CLI-00337,2026-03-04 00:00:00,25400.0,transfert_entrant,CLI-00715,regional_uemoa,False,aucune
222c7266,CLI-00424,2026-03-05 00:00:00,74400.0,decaissement_credit,,transfrontalier_sensible,False,aucune
1364b6af,CLI-00133,2026-03-05 00:00:00,1500.0,retrait,,local,False,aucune
c8417fa1,CLI-00521,2026-03-05 00:00:00,35200.0,transfert_entrant,CLI-00670,local,False,aucune
e39ccd8e,CLI-00006,2026-03-05 00:00:00,7900.0,transfert_sortant,CLI-00661,regional_uemoa,False,aucune
87ecf97c,CLI-00513,2026-03-05 00:00:00,32200.0,transfert_entrant,CLI-00059,local,False,aucune
ea64886a,CLI-00432,2026-03-05 00:00:00,38500.0,depot,,local,False,aucune
cd76978a,CLI-00523,2026-03-05 00:00:00,234700.0,depot,,local,False,aucune
2f7fc226,CLI-00690,2026-03-05 00:00:00,12800.0,retrait,,local,False,aucune
439e3258,CLI-00115,2026-03-05 00:00:00,96700.0,depot,,local,False,aucune
49236010,CLI-00223,2026-03-05 00:00:00,13700.0,retrait,,local,False,aucune
0ced76dc,CLI-00641,2026-03-05 00:00:00,48500.0,depot,,local,False,aucune
d66f3c1c,CLI-00693,2026-03-05 00:00:00,38800.0,transfert_sortant,CLI-00112,local,False,aucune
d00e9ccf,CLI-00747,2026-03-05 00:00:00,74400.0,depot,,local,False,aucune
08b75c8b,CLI-00040,2026-03-05 00:00:00,84900.0,retrait,,regional_uemoa,False,aucune
f768aeee,CLI-00671,2026-03-05 00:00:00,10500.0,transfert_sortant,CLI-00021,local,False,aucune
6f00b127,CLI-00051,2026-03-05 00:00:00,20600.0,transfert_sortant,CLI-00484,local,False,aucune
420ca859,CLI-00695,2026-03-05 00:00:00,242900.0,depot,,local,False,aucune
b5dce82f,CLI-00664,2026-03-05 00:00:00,130000.0,retrait,,local,False,aucune
7d75c156,CLI-00706,2026-03-05 00:00:00,39300.0,transfert_entrant,CLI-00499,regional_uemoa,False,aucune
3f3947af,CLI-00105,2026-03-05 00:00:00,139100.0,retrait,,local,False,aucune
c071a676,CLI-00441,2026-03-05 00:00:00,536100.0,depot,,local,False,aucune
e47cb2f8,CLI-00664,2026-03-05 00:00:00,40000.0,retrait,,regional_uemoa,False,aucune
4e9b828c,CLI-00696,2026-03-05 00:00:00,25600.0,transfert_sortant,CLI-00685,local,False,aucune
8f39924c,CLI-00537,2026-03-05 00:00:00,3100.0,retrait,,local,False,aucune
3dc3618a,CLI-00611,2026-03-05 00:00:00,321400.0,retrait,,local,False,aucune
b380f563,CLI-00261,2026-03-05 00:00:00,60700.0,retrait,,local,False,aucune
e9d0f1ca,CLI-00181,2026-03-05 00:00:00,30800.0,transfert_sortant,CLI-00171,local,False,aucune
e1772c8f,CLI-00413,2026-03-05 00:00:00,4400.0,retrait,,local,False,aucune
eabcde03,CLI-00261,2026-03-05 00:00:00,58500.0,retrait,,local,False,aucune
58b01228,CLI-00390,2026-03-05 00:00:00,19000.0,depot,,local,False,aucune
6b8fa7af,CLI-00103,2026-03-05 00:00:00,19200.0,decaissement_credit,,local,False,aucune
b32aecd9,CLI-00436,2026-03-05 00:00:00,342800.0,decaissement_credit,,local,False,aucune
4e5c2c97,CLI-00696,2026-03-05 00:00:00,10700.0,depot,,regional_uemoa,False,aucune
b8697052,CLI-00676,2026-03-05 00:00:00,39000.0,retrait,,regional_uemoa,False,aucune
83987b63,CLI-00531,2026-03-05 00:00:00,29400.0,depot,,local,False,aucune
b76a6967,CLI-00112,2026-03-05 00:00:00,126900.0,depot,,local,False,aucune
7cee7556,CLI-00303,2026-03-05 00:00:00,433500.0,decaissement_credit,,local,False,aucune
357f7b8b,CLI-00455,2026-03-05 00:00:00,87000.0,depot,,local,False,aucune
918233b2,CLI-00390,2026-03-05 00:00:00,84400.0,transfert_entrant,CLI-00478,local,False,aucune
989d717f,CLI-00309,2026-03-05 00:00:00,158700.0,depot,,local,False,aucune
b29f8e04,CLI-00566,2026-03-05 00:00:00,16900.0,transfert_sortant,CLI-00186,local,False,aucune
d9310c5f,CLI-00051,2026-03-05 00:00:00,37000.0,retrait,,regional_uemoa,False,aucune
80c6d3e5,CLI-00715,2026-03-05 00:00:00,246700.0,transfert_sortant,CLI-00755,local,False,aucune
46257d10,CLI-00283,2026-03-05 00:00:00,43300.0,transfert_sortant,CLI-00265,local,False,aucune
3f89fc00,CLI-00388,2026-03-05 00:00:00,15200.0,decaissement_credit,,local,False,aucune
4dc8a770,CLI-00400,2026-03-05 00:00:00,392400.0,transfert_entrant,CLI-00761,local,False,aucune
18bdf873,CLI-00374,2026-03-05 00:00:00,18900.0,retrait,,regional_uemoa,False,aucune
d1e791cf,CLI-00563,2026-03-05 00:00:00,240700.0,retrait,,local,False,aucune
8feeb649,CLI-00128,2026-03-05 00:00:00,41800.0,transfert_sortant,CLI-00432,local,False,aucune
10a635e7,CLI-00291,2026-03-06 00:00:00,80900.0,remboursement_credit,,local,False,aucune
d1c32775,CLI-00121,2026-03-06 00:00:00,36100.0,transfert_sortant,CLI-00783,local,False,aucune
d2338fad,CLI-00243,2026-03-06 00:00:00,150100.0,transfert_sortant,CLI-00413,local,False,aucune
4962cbf1,CLI-00747,2026-03-06 00:00:00,33000.0,remboursement_credit,,local,False,aucune
e5dae846,CLI-00589,2026-03-06 00:00:00,131100.0,retrait,,local,False,aucune
c2838e92,CLI-00037,2026-03-06 00:00:00,137800.0,retrait,,local,False,aucune
69854f6a,CLI-00070,2026-03-06 00:00:00,20400.0,remboursement_credit,,local,False,aucune
c260d321,CLI-00256,2026-03-06 00:00:00,35700.0,retrait,,local,False,aucune
4cdf7047,CLI-00262,2026-03-06 00:00:00,3300.0,transfert_sortant,CLI-00700,local,False,aucune
0e5e77b4,CLI-00695,2026-03-06 00:00:00,11900.0,transfert_sortant,CLI-00598,local,False,aucune
4c2d78d7,CLI-00112,2026-03-06 00:00:00,95800.0,depot,,local,False,aucune
577b9b23,CLI-00796,2026-03-06 00:00:00,17700.0,transfert_entrant,CLI-00538,local,False,aucune
fbc85860,CLI-00517,2026-03-06 00:00:00,132600.0,transfert_entrant,CLI-00087,local,False,aucune
10e35f02,CLI-00057,2026-03-06 00:00:00,64300.0,depot,,transfrontalier_sensible,False,aucune
7bfa73c0,CLI-00725,2026-03-06 00:00:00,94200.0,depot,,regional_uemoa,False,aucune
94b0c280,CLI-00144,2026-03-06 00:00:00,83500.0,transfert_sortant,CLI-00346,local,False,aucune
74b0b310,CLI-00573,2026-03-06 00:00:00,7600.0,remboursement_credit,,local,False,aucune
7cf32db0,CLI-00088,2026-03-06 00:00:00,98300.0,transfert_entrant,CLI-00287,regional_uemoa,False,aucune
54be897b,CLI-00659,2026-03-06 00:00:00,486300.0,retrait,,local,False,aucune
806bcf16,CLI-00497,2026-03-06 00:00:00,26300.0,depot,,local,False,aucune
8e61fa5c,CLI-00269,2026-03-06 00:00:00,4700.0,transfert_entrant,CLI-00464,local,False,aucune
55e7a1c3,CLI-00395,2026-03-06 00:00:00,31500.0,remboursement_credit,,local,False,aucune
0002e69d,CLI-00405,2026-03-06 00:00:00,77900.0,transfert_sortant,CLI-00306,regional_uemoa,False,aucune
42a32574,CLI-00676,2026-03-06 00:00:00,153800.0,depot,,local,False,aucune
0e7a5382,CLI-00772,2026-03-06 00:00:00,221200.0,remboursement_credit,,regional_uemoa,False,aucune
768eacac,CLI-00531,2026-03-06 00:00:00,34200.0,transfert_sortant,CLI-00136,local,False,aucune
69cfbbca,CLI-00373,2026-03-06 00:00:00,16400.0,retrait,,local,False,aucune
27d9ab44,CLI-00640,2026-03-06 00:00:00,26700.0,transfert_sortant,CLI-00789,local,False,aucune
ec1a1da4,CLI-00006,2026-03-06 00:00:00,71100.0,depot,,local,False,aucune
8ef42443,CLI-00154,2026-03-06 00:00:00,67700.0,remboursement_credit,,local,False,aucune
4e4b217b,CLI-00471,2026-03-06 00:00:00,40400.0,transfert_entrant,CLI-00704,local,False,aucune
149d4f5a,CLI-00566,2026-03-06 00:00:00,6800.0,retrait,,local,False,aucune
306ab0a9,CLI-00707,2026-03-06 00:00:00,45600.0,depot,,local,False,aucune
f203472e,CLI-00443,2026-03-07 00:00:00,116800.0,retrait,,transfrontalier_sensible,False,aucune
fe3a4897,CLI-00127,2026-03-07 00:00:00,258700.0,depot,,local,False,aucune
e92e9ce1,CLI-00204,2026-03-07 00:00:00,36800.0,decaissement_credit,,regional_uemoa,False,aucune
4044e9d7,CLI-00683,2026-03-07 00:00:00,55800.0,decaissement_credit,,local,False,aucune
dd9754ab,CLI-00683,2026-03-07 00:00:00,28300.0,transfert_sortant,CLI-00640,local,False,aucune
59d79b09,CLI-00438,2026-03-07 00:00:00,376700.0,retrait,,local,False,aucune
288147bd,CLI-00290,2026-03-07 00:00:00,43000.0,decaissement_credit,,regional_uemoa,False,aucune
0c7d37da,CLI-00617,2026-03-07 00:00:00,2700.0,depot,,local,False,aucune
212e133d,CLI-00674,2026-03-07 00:00:00,262900.0,remboursement_credit,,local,False,aucune
5f269d4f,CLI-00421,2026-03-07 00:00:00,55000.0,depot,,transfrontalier_sensible,False,aucune
57b6f751,CLI-00474,2026-03-07 00:00:00,6800.0,retrait,,transfrontalier_sensible,False,aucune
8a507b59,CLI-00397,2026-03-07 00:00:00,112000.0,retrait,,local,False,aucune
cd692200,CLI-00305,2026-03-07 00:00:00,10200.0,depot,,regional_uemoa,False,aucune
b6f1d72e,CLI-00371,2026-03-07 00:00:00,6180800.0,remboursement_credit,,local,False,aucune
7a351de8,CLI-00721,2026-03-07 00:00:00,4700.0,remboursement_credit,,local,False,aucune
e07e90b8,CLI-00277,2026-03-07 00:00:00,17900.0,retrait,,transfrontalier_sensible,False,aucune
c9d88a13,CLI-00472,2026-03-07 00:00:00,80600.0,depot,,local,False,aucune
b3850fdd,CLI-00689,2026-03-07 00:00:00,42100.0,depot,,local,False,aucune
bc1afe69,CLI-00522,2026-03-07 00:00:00,33800.0,retrait,,local,False,aucune
ad04aae1,CLI-00694,2026-03-07 00:00:00,45500.0,transfert_sortant,CLI-00178,local,False,aucune
5cb5d003,CLI-00359,2026-03-07 00:00:00,7500.0,remboursement_credit,,local,False,aucune
811c1e04,CLI-00067,2026-03-07 00:00:00,37600.0,depot,,local,False,aucune
f2943a7f,CLI-00126,2026-03-07 00:00:00,10700.0,transfert_sortant,CLI-00244,local,False,aucune
4dd49c12,CLI-00647,2026-03-07 00:00:00,9900.0,depot,,local,False,aucune
be918b3c,CLI-00147,2026-03-07 00:00:00,61900.0,retrait,,local,False,aucune
81b2a042,CLI-00352,2026-03-07 00:00:00,12900.0,remboursement_credit,,local,False,aucune
db01bdb1,CLI-00032,2026-03-07 00:00:00,30700.0,depot,,local,False,aucune
f990c0db,CLI-00600,2026-03-07 00:00:00,208700.0,decaissement_credit,,local,False,aucune
20863f47,CLI-00355,2026-03-07 00:00:00,4400.0,transfert_entrant,CLI-00342,regional_uemoa,False,aucune
7043ab06,CLI-00665,2026-03-07 00:00:00,163900.0,retrait,,local,False,aucune
b1b2047c,CLI-00065,2026-03-07 00:00:00,548200.0,decaissement_credit,,local,False,aucune
bd3ee950,CLI-00047,2026-03-07 00:00:00,30400.0,depot,,local,False,aucune
7340b6dd,CLI-00799,2026-03-07 00:00:00,16800.0,transfert_sortant,CLI-00039,transfrontalier_sensible,False,aucune
59df549f,CLI-00243,2026-03-07 00:00:00,27800.0,decaissement_credit,,local,False,aucune
f6f5aece,CLI-00762,2026-03-07 00:00:00,29300.0,retrait,,local,False,aucune
15a12433,CLI-00504,2026-03-07 00:00:00,98800.0,depot,,local,False,aucune
e8b697dc,CLI-00010,2026-03-07 00:00:00,24500.0,remboursement_credit,,regional_uemoa,False,aucune
9028da52,CLI-00219,2026-03-07 00:00:00,114300.0,decaissement_credit,,local,False,aucune
c037f1ed,CLI-00575,2026-03-07 00:00:00,146500.0,retrait,,local,False,aucune
640c84bb,CLI-00298,2026-03-07 00:00:00,155000.0,retrait,,local,False,aucune
b2f326e3,CLI-00164,2026-03-07 00:00:00,65000.0,transfert_entrant,CLI-00326,local,False,aucune
9e808c2b,CLI-00500,2026-03-07 00:00:00,159300.0,transfert_sortant,CLI-00510,local,False,aucune
713d0430,CLI-00413,2026-03-07 00:00:00,18700.0,depot,,local,False,aucune
55873fa9,CLI-00038,2026-03-07 00:00:00,7151800.0,transfert_entrant,CLI-00626,local,False,aucune
8a030fcb,CLI-00721,2026-03-07 00:00:00,64900.0,retrait,,local,False,aucune
218cbc76,CLI-00059,2026-03-08 00:00:00,10500.0,retrait,,regional_uemoa,False,aucune
0be16bde,CLI-00724,2026-03-08 00:00:00,31200.0,transfert_sortant,CLI-00672,local,False,aucune
b77f25a1,CLI-00024,2026-03-08 00:00:00,173800.0,retrait,,regional_uemoa,False,aucune
3d5bab47,CLI-00358,2026-03-08 00:00:00,142000.0,decaissement_credit,,local,False,aucune
784bdadc,CLI-00607,2026-03-08 00:00:00,8800.0,retrait,,local,False,aucune
d734d0f3,CLI-00687,2026-03-08 00:00:00,103200.0,transfert_sortant,CLI-00014,local,False,aucune
fb94639d,CLI-00591,2026-03-08 00:00:00,41700.0,transfert_sortant,CLI-00665,local,False,aucune
a80e19fb,CLI-00398,2026-03-08 00:00:00,7044600.0,retrait,,local,False,aucune
ed0b34e4,CLI-00146,2026-03-08 00:00:00,100400.0,depot,,local,False,aucune
d24989b3,CLI-00592,2026-03-08 00:00:00,32100.0,depot,,local,False,aucune
60dfd634,CLI-00190,2026-03-08 00:00:00,140400.0,transfert_sortant,CLI-00326,regional_uemoa,False,aucune
72c46ec4,CLI-00386,2026-03-08 00:00:00,184800.0,remboursement_credit,,regional_uemoa,False,aucune
3c564258,CLI-00546,2026-03-08 00:00:00,22600.0,depot,,local,False,aucune
6d3f14fd,CLI-00295,2026-03-08 00:00:00,12000.0,decaissement_credit,,local,False,aucune
02be608a,CLI-00034,2026-03-08 00:00:00,97500.0,transfert_sortant,CLI-00724,local,False,aucune
7e9ad67a,CLI-00024,2026-03-08 00:00:00,85500.0,retrait,,transfrontalier_sensible,False,aucune
a72b913c,CLI-00621,2026-03-08 00:00:00,35400.0,depot,,local,False,aucune
b69c5852,CLI-00222,2026-03-08 00:00:00,16300.0,transfert_sortant,CLI-00674,regional_uemoa,False,aucune
8beb1252,CLI-00314,2026-03-08 00:00:00,79700.0,remboursement_credit,,local,False,aucune
7f016eb2,CLI-00099,2026-03-08 00:00:00,35300.0,transfert_entrant,CLI-00120,regional_uemoa,False,aucune
540e27c1,CLI-00330,2026-03-08 00:00:00,52500.0,depot,,local,False,aucune
b7d6d492,CLI-00067,2026-03-08 00:00:00,76500.0,retrait,,local,False,aucune
564e6aaa,CLI-00134,2026-03-08 00:00:00,17800.0,depot,,local,False,aucune
8064bdbe,CLI-00134,2026-03-08 00:00:00,9600.0,decaissement_credit,,local,False,aucune
0004ca50,CLI-00597,2026-03-08 00:00:00,44600.0,decaissement_credit,,local,False,aucune
c2157633,CLI-00596,2026-03-08 00:00:00,14600.0,depot,,local,False,aucune
f46026f4,CLI-00632,2026-03-08 00:00:00,64200.0,transfert_sortant,CLI-00006,local,False,aucune
9d6c4722,CLI-00424,2026-03-08 00:00:00,7600.0,depot,,local,False,aucune
18f71664,CLI-00334,2026-03-08 00:00:00,14300.0,depot,,local,False,aucune
4d82163f,CLI-00697,2026-03-08 00:00:00,3100.0,transfert_entrant,CLI-00167,transfrontalier_sensible,False,aucune
35b185ad,CLI-00583,2026-03-08 00:00:00,14400.0,transfert_entrant,CLI-00478,regional_uemoa,False,aucune
076c5cf5,CLI-00678,2026-03-08 00:00:00,39100.0,depot,,local,False,aucune
90ace9c5,CLI-00049,2026-03-08 00:00:00,78700.0,depot,,local,False,aucune
476127a6,CLI-00211,2026-03-08 00:00:00,354600.0,depot,,local,False,aucune
e6df23f2,CLI-00293,2026-03-08 00:00:00,115500.0,depot,,local,False,aucune
3e73e64d,CLI-00594,2026-03-08 00:00:00,44400.0,depot,,local,False,aucune
a26007ef,CLI-00746,2026-03-08 00:00:00,107400.0,depot,,regional_uemoa,False,aucune
8ee6dcd2,CLI-00092,2026-03-08 00:00:00,124300.0,depot,,local,False,aucune
96006abb,CLI-00733,2026-03-08 00:00:00,8000.0,retrait,,local,False,aucune
28802d42,CLI-00638,2026-03-09 00:00:00,23900.0,remboursement_credit,,regional_uemoa,False,aucune
ff7c4fa9,CLI-00718,2026-03-09 00:00:00,196200.0,depot,,regional_uemoa,False,aucune
332248a8,CLI-00765,2026-03-09 00:00:00,214500.0,retrait,,local,False,aucune
1b1e5d93,CLI-00653,2026-03-09 00:00:00,65000.0,retrait,,local,False,aucune
27a2f4ae,CLI-00019,2026-03-09 00:00:00,71300.0,transfert_sortant,CLI-00630,local,False,aucune
57cfa390,CLI-00085,2026-03-09 00:00:00,40700.0,transfert_sortant,CLI-00621,local,False,aucune
4427b41d,CLI-00009,2026-03-09 00:00:00,114400.0,retrait,,local,False,aucune
ffcb88d8,CLI-00725,2026-03-09 00:00:00,50000.0,retrait,,regional_uemoa,False,aucune
ddc10146,CLI-00454,2026-03-09 00:00:00,75500.0,depot,,local,False,aucune
3fc58366,CLI-00632,2026-03-09 00:00:00,16000.0,depot,,local,False,aucune
cb6ec93f,CLI-00655,2026-03-09 00:00:00,17500.0,transfert_sortant,CLI-00504,local,False,aucune
c15aef76,CLI-00713,2026-03-09 00:00:00,20200.0,retrait,,local,False,aucune
0c16b115,CLI-00030,2026-03-09 00:00:00,10500.0,transfert_entrant,CLI-00654,local,False,aucune
526c97b6,CLI-00731,2026-03-09 00:00:00,8500.0,depot,,local,False,aucune
3def4c80,CLI-00497,2026-03-09 00:00:00,401100.0,retrait,,local,False,aucune
5e49f4f2,CLI-00656,2026-03-09 00:00:00,166000.0,depot,,local,False,aucune
309e2e4c,CLI-00375,2026-03-09 00:00:00,23900.0,transfert_sortant,CLI-00036,local,False,aucune
be86ca70,CLI-00785,2026-03-09 00:00:00,85600.0,depot,,local,False,aucune
c0663dd4,CLI-00177,2026-03-09 00:00:00,44700.0,transfert_entrant,CLI-00073,local,False,aucune
446ee3c2,CLI-00703,2026-03-09 00:00:00,10300.0,depot,,local,False,aucune
955d943c,CLI-00102,2026-03-09 00:00:00,102200.0,remboursement_credit,,regional_uemoa,False,aucune
a335b95f,CLI-00575,2026-03-09 00:00:00,181400.0,transfert_sortant,CLI-00291,transfrontalier_sensible,False,aucune
80e61d7c,CLI-00664,2026-03-09 00:00:00,35800.0,retrait,,local,False,aucune
9d41c445,CLI-00356,2026-03-09 00:00:00,251100.0,depot,,local,False,aucune
3eeda8b9,CLI-00428,2026-03-09 00:00:00,4700.0,transfert_sortant,CLI-00691,local,False,aucune
5c84064d,CLI-00389,2026-03-09 00:00:00,20100.0,depot,,local,False,aucune
a44053ab,CLI-00642,2026-03-09 00:00:00,38000.0,transfert_sortant,CLI-00765,local,False,aucune
8b27657a,CLI-00090,2026-03-09 00:00:00,47200.0,depot,,regional_uemoa,False,aucune
dc5b0373,CLI-00747,2026-03-09 00:00:00,18500.0,remboursement_credit,,local,False,aucune
c615741b,CLI-00760,2026-03-09 00:00:00,33900.0,retrait,,local,False,aucune
9dc9273a,CLI-00378,2026-03-09 00:00:00,46400.0,transfert_sortant,CLI-00753,transfrontalier_sensible,False,aucune
fd1dba9d,CLI-00281,2026-03-09 00:00:00,50800.0,transfert_sortant,CLI-00259,local,False,aucune
97ada96a,CLI-00481,2026-03-09 00:00:00,69900.0,depot,,local,False,aucune
5f698485,CLI-00297,2026-03-09 00:00:00,40000.0,depot,,local,False,aucune
28cfde73,CLI-00660,2026-03-09 00:00:00,7500.0,depot,,local,False,aucune
cd87c9c8,CLI-00799,2026-03-09 00:00:00,10400.0,retrait,,local,False,aucune
6a91d2a5,CLI-00528,2026-03-09 00:00:00,49900.0,retrait,,transfrontalier_sensible,False,aucune
f6a71924,CLI-00734,2026-03-09 00:00:00,105600.0,depot,,local,False,aucune
b9219b34,CLI-00078,2026-03-09 00:00:00,180300.0,transfert_entrant,CLI-00532,local,False,aucune
769c68dc,CLI-00325,2026-03-09 00:00:00,33400.0,transfert_entrant,CLI-00703,transfrontalier_sensible,False,aucune
5b79d157,CLI-00660,2026-03-09 00:00:00,130300.0,remboursement_credit,,local,False,aucune
3a6050d8,CLI-00723,2026-03-09 00:00:00,23000.0,decaissement_credit,,local,False,aucune
641c985f,CLI-00173,2026-03-09 00:00:00,6200.0,depot,,local,False,aucune
9132c7d6,CLI-00274,2026-03-09 00:00:00,501500.0,depot,,transfrontalier_sensible,False,aucune
523dbe8f,CLI-00415,2026-03-09 00:00:00,85600.0,depot,,local,False,aucune
99c7868a,CLI-00337,2026-03-09 00:00:00,19600.0,retrait,,local,False,aucune
51c46bff,CLI-00671,2026-03-09 00:00:00,48200.0,transfert_sortant,CLI-00075,local,False,aucune
8cb2d6f6,CLI-00444,2026-03-09 00:00:00,124900.0,remboursement_credit,,regional_uemoa,False,aucune
4f7c02b8,CLI-00743,2026-03-09 00:00:00,29100.0,retrait,,local,False,aucune
ee709395,CLI-00386,2026-03-09 00:00:00,95200.0,remboursement_credit,,local,False,aucune
d637c0ca,CLI-00152,2026-03-10 00:00:00,93900.0,decaissement_credit,,transfrontalier_sensible,False,aucune
7b63c611,CLI-00543,2026-03-10 00:00:00,141900.0,transfert_sortant,CLI-00417,local,False,aucune
a810ff76,CLI-00637,2026-03-10 00:00:00,27400.0,depot,,local,False,aucune
2074b38b,CLI-00128,2026-03-10 00:00:00,29200.0,retrait,,local,False,aucune
0880fdf3,CLI-00320,2026-03-10 00:00:00,14600.0,remboursement_credit,,local,False,aucune
37ed81e3,CLI-00262,2026-03-10 00:00:00,94600.0,depot,,local,False,aucune
4012f8a4,CLI-00347,2026-03-10 00:00:00,27100.0,retrait,,local,False,aucune
8110d34c,CLI-00724,2026-03-10 00:00:00,53000.0,depot,,local,False,aucune
7f144721,CLI-00588,2026-03-10 00:00:00,108100.0,retrait,,local,False,aucune
c9320410,CLI-00279,2026-03-10 00:00:00,53100.0,depot,,local,False,aucune
e6a399ff,CLI-00607,2026-03-10 00:00:00,49500.0,retrait,,local,False,aucune
dec3f63f,CLI-00069,2026-03-10 00:00:00,97700.0,depot,,local,False,aucune
63b250c9,CLI-00346,2026-03-10 00:00:00,184300.0,depot,,local,False,aucune
32e6765f,CLI-00030,2026-03-10 00:00:00,90200.0,depot,,local,False,aucune
6c833a0b,CLI-00158,2026-03-10 00:00:00,18000.0,depot,,local,False,aucune
e56ee563,CLI-00714,2026-03-10 00:00:00,28300.0,retrait,,local,False,aucune
ef94abc3,CLI-00565,2026-03-10 00:00:00,15500.0,transfert_entrant,CLI-00770,local,False,aucune
52cf4cc7,CLI-00648,2026-03-10 00:00:00,32900.0,depot,,local,False,aucune
68dc8930,CLI-00527,2026-03-10 00:00:00,180900.0,retrait,,local,False,aucune
b1aa33e1,CLI-00040,2026-03-10 00:00:00,339400.0,retrait,,regional_uemoa,False,aucune
6ff86777,CLI-00411,2026-03-10 00:00:00,82900.0,retrait,,regional_uemoa,False,aucune
c34d0ea6,CLI-00186,2026-03-10 00:00:00,27100.0,remboursement_credit,,regional_uemoa,False,aucune
50a4abe3,CLI-00239,2026-03-10 00:00:00,24000.0,depot,,local,False,aucune
281493e9,CLI-00470,2026-03-10 00:00:00,45300.0,depot,,local,False,aucune
c29d2601,CLI-00077,2026-03-10 00:00:00,103000.0,retrait,,regional_uemoa,False,aucune
31a26a33,CLI-00411,2026-03-10 00:00:00,27300.0,retrait,,local,False,aucune
e419dc30,CLI-00076,2026-03-10 00:00:00,7400.0,transfert_sortant,CLI-00245,local,False,aucune
11a1b726,CLI-00635,2026-03-10 00:00:00,95900.0,transfert_entrant,CLI-00520,local,False,aucune
31b92dd4,CLI-00490,2026-03-10 00:00:00,28800.0,retrait,,local,False,aucune
d72248d2,CLI-00598,2026-03-10 00:00:00,27900.0,depot,,local,False,aucune
1ec3f036,CLI-00646,2026-03-10 00:00:00,29200.0,depot,,local,False,aucune
f54b0a57,CLI-00125,2026-03-10 00:00:00,5700.0,depot,,local,False,aucune
5d81bb4f,CLI-00193,2026-03-10 00:00:00,43100.0,depot,,local,False,aucune
ef549a0c,CLI-00227,2026-03-10 00:00:00,31800.0,depot,,local,False,aucune
52710e3c,CLI-00226,2026-03-10 00:00:00,18800.0,decaissement_credit,,regional_uemoa,False,aucune
bb7df6cb,CLI-00596,2026-03-10 00:00:00,131900.0,transfert_sortant,CLI-00405,local,False,aucune
ec3f1d84,CLI-00351,2026-03-10 00:00:00,30400.0,transfert_entrant,CLI-00187,local,False,aucune
eb51821a,CLI-00135,2026-03-10 00:00:00,191500.0,retrait,,local,False,aucune
0fdd00e0,CLI-00275,2026-03-10 00:00:00,542900.0,transfert_entrant,CLI-00222,local,False,aucune
c49a79d9,CLI-00732,2026-03-10 00:00:00,67300.0,retrait,,regional_uemoa,False,aucune
b782eb88,CLI-00336,2026-03-10 00:00:00,12400.0,retrait,,local,False,aucune
52ac4936,CLI-00457,2026-03-10 00:00:00,61100.0,retrait,,local,False,aucune
2ffb4fe4,CLI-00657,2026-03-10 00:00:00,5900.0,retrait,,local,False,aucune
19cde459,CLI-00326,2026-03-10 00:00:00,176900.0,retrait,,local,False,aucune
6b43b072,CLI-00343,2026-03-10 00:00:00,12000.0,retrait,,local,False,aucune
6750f442,CLI-00751,2026-03-10 00:00:00,6600.0,depot,,local,False,aucune
76bbd3e6,CLI-00744,2026-03-10 00:00:00,102300.0,transfert_entrant,CLI-00692,regional_uemoa,False,aucune
97330955,CLI-00324,2026-03-10 00:00:00,27100.0,remboursement_credit,,local,False,aucune
95e06951,CLI-00366,2026-03-10 00:00:00,100800.0,remboursement_credit,,local,False,aucune
7b1fca03,CLI-00179,2026-03-10 00:00:00,290100.0,remboursement_credit,,local,False,aucune
10f85382,CLI-00785,2026-03-11 00:00:00,125200.0,retrait,,local,False,aucune
1f5abfc0,CLI-00206,2026-03-11 00:00:00,197300.0,depot,,local,False,aucune
357eeb04,CLI-00761,2026-03-11 00:00:00,111100.0,retrait,,transfrontalier_sensible,False,aucune
200e26b2,CLI-00192,2026-03-11 00:00:00,54700.0,depot,,local,False,aucune
80566df7,CLI-00129,2026-03-11 00:00:00,34200.0,depot,,local,False,aucune
d77cb848,CLI-00057,2026-03-11 00:00:00,114500.0,depot,,local,False,aucune
00faa742,CLI-00673,2026-03-11 00:00:00,20100.0,transfert_entrant,CLI-00165,local,False,aucune
82d6a3f6,CLI-00583,2026-03-11 00:00:00,14600.0,depot,,local,False,aucune
4bf19f5c,CLI-00002,2026-03-11 00:00:00,77700.0,depot,,local,False,aucune
88c53531,CLI-00241,2026-03-11 00:00:00,7300.0,decaissement_credit,,local,False,aucune
8cb951a3,CLI-00166,2026-03-11 00:00:00,4328700.0,retrait,,local,False,aucune
36919a11,CLI-00624,2026-03-11 00:00:00,126200.0,transfert_entrant,CLI-00537,local,False,aucune
6df70acd,CLI-00065,2026-03-11 00:00:00,25500.0,transfert_entrant,CLI-00218,local,False,aucune
b0d4a60d,CLI-00469,2026-03-11 00:00:00,151500.0,transfert_entrant,CLI-00414,local,False,aucune
444bacaf,CLI-00500,2026-03-11 00:00:00,59500.0,depot,,local,False,aucune
369897bb,CLI-00772,2026-03-11 00:00:00,37000.0,depot,,local,False,aucune
cfb60dce,CLI-00194,2026-03-11 00:00:00,55200.0,retrait,,local,False,aucune
fefbd2df,CLI-00317,2026-03-11 00:00:00,16600.0,retrait,,local,False,aucune
fa20cbd5,CLI-00643,2026-03-11 00:00:00,52300.0,transfert_sortant,CLI-00587,local,False,aucune
7a45771c,CLI-00162,2026-03-11 00:00:00,3530400.0,transfert_sortant,CLI-00794,local,False,aucune
1f166d21,CLI-00627,2026-03-11 00:00:00,131400.0,retrait,,local,False,aucune
6edc5d02,CLI-00197,2026-03-11 00:00:00,163800.0,transfert_sortant,CLI-00456,local,False,aucune
e9987966,CLI-00709,2026-03-11 00:00:00,232800.0,retrait,,local,False,aucune
c3361bfb,CLI-00496,2026-03-11 00:00:00,6700.0,depot,,local,False,aucune
9c472f9c,CLI-00080,2026-03-11 00:00:00,232600.0,depot,,local,False,aucune
b62d8c8a,CLI-00406,2026-03-11 00:00:00,18700.0,depot,,regional_uemoa,False,aucune
aa4a97fe,CLI-00438,2026-03-11 00:00:00,620300.0,decaissement_credit,,transfrontalier_sensible,False,aucune
8172a714,CLI-00237,2026-03-11 00:00:00,59100.0,transfert_entrant,CLI-00702,local,False,aucune
890f8560,CLI-00471,2026-03-11 00:00:00,26000.0,transfert_sortant,CLI-00038,local,False,aucune
513b51c1,CLI-00525,2026-03-11 00:00:00,108500.0,retrait,,local,False,aucune
a03ea229,CLI-00220,2026-03-11 00:00:00,51300.0,retrait,,regional_uemoa,False,aucune
cfffe2a8,CLI-00079,2026-03-11 00:00:00,23000.0,depot,,local,False,aucune
ba875fd7,CLI-00736,2026-03-11 00:00:00,72900.0,depot,,local,False,aucune
b5813b8e,CLI-00296,2026-03-11 00:00:00,66100.0,depot,,regional_uemoa,False,aucune
a818c7b4,CLI-00240,2026-03-11 00:00:00,121400.0,retrait,,regional_uemoa,False,aucune
5aa1712c,CLI-00433,2026-03-11 00:00:00,7500.0,transfert_sortant,CLI-00278,regional_uemoa,False,aucune
f479a896,CLI-00735,2026-03-11 00:00:00,76200.0,retrait,,regional_uemoa,False,aucune
3e20b9c3,CLI-00152,2026-03-11 00:00:00,91900.0,remboursement_credit,,transfrontalier_sensible,False,aucune
b5a93914,CLI-00580,2026-03-11 00:00:00,8100.0,transfert_entrant,CLI-00789,local,False,aucune
e2dd048d,CLI-00375,2026-03-11 00:00:00,98600.0,retrait,,local,False,aucune
c6a57a3d,CLI-00160,2026-03-11 00:00:00,32300.0,retrait,,local,False,aucune
4825ee6d,CLI-00711,2026-03-11 00:00:00,21400.0,retrait,,local,False,aucune
60558651,CLI-00566,2026-03-11 00:00:00,162500.0,depot,,local,False,aucune
ed6ae578,CLI-00704,2026-03-11 00:00:00,6100.0,retrait,,local,False,aucune
9b7292b7,CLI-00222,2026-03-11 00:00:00,148700.0,retrait,,regional_uemoa,False,aucune
22425ce7,CLI-00012,2026-03-11 00:00:00,37500.0,retrait,,local,False,aucune
c1ed47c4,CLI-00488,2026-03-11 00:00:00,15700.0,depot,,local,False,aucune
e1d24fad,CLI-00496,2026-03-11 00:00:00,10200.0,transfert_sortant,CLI-00608,regional_uemoa,False,aucune
b7cb4558,CLI-00651,2026-03-11 00:00:00,57000.0,depot,,local,False,aucune
7a72d8a4,CLI-00639,2026-03-11 00:00:00,48800.0,decaissement_credit,,regional_uemoa,False,aucune
5873e361,CLI-00171,2026-03-11 00:00:00,64200.0,transfert_sortant,CLI-00502,local,False,aucune
45cebaee,CLI-00308,2026-03-11 00:00:00,202500.0,depot,,local,False,aucune
2c0c5790,CLI-00444,2026-03-11 00:00:00,32500.0,remboursement_credit,,local,False,aucune
8082d900,CLI-00172,2026-03-11 00:00:00,481200.0,transfert_sortant,CLI-00095,local,False,aucune
56df8657,CLI-00146,2026-03-11 00:00:00,19400.0,depot,,local,False,aucune
43e461cc,CLI-00098,2026-03-11 00:00:00,35100.0,retrait,,local,False,aucune
315abb34,CLI-00500,2026-03-12 00:00:00,44100.0,transfert_entrant,CLI-00701,regional_uemoa,False,aucune
db68d54e,CLI-00080,2026-03-12 00:00:00,28400.0,transfert_sortant,CLI-00495,local,False,aucune
a39fcd8d,CLI-00691,2026-03-12 00:00:00,179500.0,retrait,,local,False,aucune
c47d6102,CLI-00684,2026-03-12 00:00:00,55200.0,transfert_entrant,CLI-00168,local,False,aucune
3977d10a,CLI-00073,2026-03-12 00:00:00,10600.0,transfert_sortant,CLI-00368,local,False,aucune
379be7bf,CLI-00481,2026-03-12 00:00:00,204500.0,retrait,,local,False,aucune
b90df55b,CLI-00491,2026-03-12 00:00:00,11800.0,depot,,local,False,aucune
678440e3,CLI-00007,2026-03-12 00:00:00,64300.0,remboursement_credit,,local,False,aucune
4d1df2ae,CLI-00702,2026-03-12 00:00:00,34600.0,transfert_entrant,CLI-00034,local,False,aucune
22150c2f,CLI-00397,2026-03-12 00:00:00,16900.0,retrait,,regional_uemoa,False,aucune
a00a73bd,CLI-00527,2026-03-12 00:00:00,90900.0,remboursement_credit,,regional_uemoa,False,aucune
f9471bfb,CLI-00064,2026-03-12 00:00:00,23000.0,retrait,,local,False,aucune
1ae49153,CLI-00534,2026-03-12 00:00:00,120300.0,retrait,,local,False,aucune
7874e61e,CLI-00444,2026-03-12 00:00:00,299500.0,remboursement_credit,,regional_uemoa,False,aucune
fc23c1ad,CLI-00621,2026-03-12 00:00:00,57800.0,decaissement_credit,,local,False,aucune
ee5496cb,CLI-00534,2026-03-12 00:00:00,23500.0,transfert_entrant,CLI-00553,local,False,aucune
fe92a434,CLI-00369,2026-03-12 00:00:00,78400.0,decaissement_credit,,local,False,aucune
e5640b4d,CLI-00649,2026-03-12 00:00:00,15300.0,transfert_sortant,CLI-00273,local,False,aucune
cd112bbd,CLI-00443,2026-03-12 00:00:00,52600.0,retrait,,local,False,aucune
cc066ff6,CLI-00047,2026-03-12 00:00:00,54800.0,retrait,,local,False,aucune
7bba6b56,CLI-00175,2026-03-12 00:00:00,55300.0,retrait,,local,False,aucune
12c20eb8,CLI-00460,2026-03-12 00:00:00,19100.0,depot,,regional_uemoa,False,aucune
f49b7034,CLI-00790,2026-03-12 00:00:00,33400.0,transfert_entrant,CLI-00050,local,False,aucune
43c82078,CLI-00746,2026-03-12 00:00:00,621800.0,remboursement_credit,,local,False,aucune
ae350506,CLI-00609,2026-03-12 00:00:00,31500.0,depot,,local,False,aucune
2e75089e,CLI-00194,2026-03-12 00:00:00,17300.0,retrait,,local,False,aucune
31ec1397,CLI-00494,2026-03-12 00:00:00,88900.0,transfert_sortant,CLI-00744,local,False,aucune
4b319fbd,CLI-00176,2026-03-12 00:00:00,61500.0,transfert_sortant,CLI-00041,local,False,aucune
1cc913c1,CLI-00481,2026-03-12 00:00:00,59300.0,transfert_entrant,CLI-00173,local,False,aucune
ca150c4b,CLI-00180,2026-03-12 00:00:00,375300.0,transfert_entrant,CLI-00767,local,False,aucune
f2e72d62,CLI-00518,2026-03-12 00:00:00,84300.0,retrait,,local,False,aucune
fd067e7d,CLI-00615,2026-03-12 00:00:00,23700.0,depot,,local,False,aucune
ba5b289b,CLI-00470,2026-03-12 00:00:00,33900.0,depot,,local,False,aucune
6eb470ce,CLI-00417,2026-03-12 00:00:00,10400.0,transfert_entrant,CLI-00395,local,False,aucune
93511822,CLI-00766,2026-03-12 00:00:00,22000.0,retrait,,local,False,aucune
aa1062cd,CLI-00633,2026-03-12 00:00:00,45900.0,depot,,local,False,aucune
5e4c4d17,CLI-00634,2026-03-12 00:00:00,35000.0,decaissement_credit,,transfrontalier_sensible,False,aucune
da10d836,CLI-00765,2026-03-12 00:00:00,12400.0,remboursement_credit,,regional_uemoa,False,aucune
5f55d830,CLI-00586,2026-03-12 00:00:00,39600.0,retrait,,local,False,aucune
8c6584a0,CLI-00647,2026-03-12 00:00:00,68500.0,depot,,transfrontalier_sensible,False,aucune
8c50a71f,CLI-00325,2026-03-12 00:00:00,41200.0,depot,,regional_uemoa,False,aucune
6b551eac,CLI-00699,2026-03-12 00:00:00,18400.0,decaissement_credit,,local,False,aucune
7545a6b3,CLI-00636,2026-03-12 00:00:00,61600.0,retrait,,local,False,aucune
6216bcf6,CLI-00586,2026-03-12 00:00:00,8700.0,retrait,,local,False,aucune
d15f6fc6,CLI-00114,2026-03-12 00:00:00,8100.0,depot,,local,False,aucune
c002e7d6,CLI-00723,2026-03-12 00:00:00,42500.0,depot,,regional_uemoa,False,aucune
bcfaa003,CLI-00104,2026-03-12 00:00:00,82900.0,depot,,local,False,aucune
e82f82cc,CLI-00651,2026-03-12 00:00:00,38400.0,retrait,,local,False,aucune
f0c85531,CLI-00330,2026-03-12 00:00:00,313300.0,retrait,,local,False,aucune
c69a6cec,CLI-00586,2026-03-12 00:00:00,7400.0,remboursement_credit,,local,False,aucune
f725101e,CLI-00261,2026-03-13 00:00:00,82700.0,transfert_entrant,CLI-00220,local,False,aucune
48da677e,CLI-00223,2026-03-13 00:00:00,13900.0,retrait,,local,False,aucune
03916850,CLI-00135,2026-03-13 00:00:00,53100.0,retrait,,local,False,aucune
1d86810b,CLI-00639,2026-03-13 00:00:00,39300.0,depot,,regional_uemoa,False,aucune
5967fdf9,CLI-00151,2026-03-13 00:00:00,400000.0,retrait,,local,False,aucune
67ff26c1,CLI-00796,2026-03-13 00:00:00,11800.0,retrait,,local,False,aucune
9a83042f,CLI-00453,2026-03-13 00:00:00,25500.0,depot,,local,False,aucune
25e1a9c2,CLI-00496,2026-03-13 00:00:00,22700.0,retrait,,local,False,aucune
253e76a2,CLI-00359,2026-03-13 00:00:00,41000.0,retrait,,local,False,aucune
cd8bad5c,CLI-00069,2026-03-13 00:00:00,4000.0,retrait,,local,False,aucune
fe5862e4,CLI-00608,2026-03-13 00:00:00,442800.0,transfert_sortant,CLI-00268,local,False,aucune
190a2b22,CLI-00474,2026-03-13 00:00:00,24600.0,remboursement_credit,,local,False,aucune
4dbd920a,CLI-00727,2026-03-13 00:00:00,28000.0,retrait,,local,False,aucune
54de64c0,CLI-00108,2026-03-13 00:00:00,29800.0,depot,,regional_uemoa,False,aucune
21201820,CLI-00763,2026-03-13 00:00:00,107100.0,transfert_sortant,CLI-00064,local,False,aucune
f0639219,CLI-00321,2026-03-13 00:00:00,300000.0,retrait,,regional_uemoa,False,aucune
d817bf51,CLI-00777,2026-03-13 00:00:00,11100.0,remboursement_credit,,local,False,aucune
f73da1df,CLI-00585,2026-03-13 00:00:00,58700.0,depot,,local,False,aucune
f14e71fb,CLI-00681,2026-03-13 00:00:00,121200.0,transfert_entrant,CLI-00603,local,False,aucune
d647c318,CLI-00710,2026-03-13 00:00:00,37600.0,remboursement_credit,,local,False,aucune
bb33dcdf,CLI-00670,2026-03-13 00:00:00,69500.0,decaissement_credit,,local,False,aucune
89bd1efc,CLI-00115,2026-03-13 00:00:00,10000.0,depot,,local,False,aucune
35ee5fdf,CLI-00636,2026-03-13 00:00:00,11100.0,retrait,,local,False,aucune
b59527d6,CLI-00359,2026-03-13 00:00:00,232200.0,transfert_sortant,CLI-00336,regional_uemoa,False,aucune
8d48028e,CLI-00615,2026-03-13 00:00:00,24100.0,remboursement_credit,,local,False,aucune
eee20f97,CLI-00010,2026-03-13 00:00:00,21200.0,retrait,,local,False,aucune
d36b2c6c,CLI-00536,2026-03-13 00:00:00,49700.0,depot,,regional_uemoa,False,aucune
3ee10e78,CLI-00284,2026-03-13 00:00:00,25400.0,transfert_entrant,CLI-00552,local,False,aucune
9de0b8d4,CLI-00294,2026-03-13 00:00:00,58400.0,decaissement_credit,,regional_uemoa,False,aucune
6bf8b93f,CLI-00000,2026-03-13 00:00:00,72500.0,decaissement_credit,,local,False,aucune
81182e46,CLI-00132,2026-03-13 00:00:00,40700.0,depot,,regional_uemoa,False,aucune
d88e8706,CLI-00656,2026-03-13 00:00:00,11600.0,depot,,local,False,aucune
b9191327,CLI-00142,2026-03-13 00:00:00,873000.0,depot,,local,False,aucune
aa9f11cc,CLI-00158,2026-03-13 00:00:00,17700.0,retrait,,local,False,aucune
7b465c05,CLI-00283,2026-03-14 00:00:00,6929200.0,remboursement_credit,,local,False,aucune
f5a00fa2,CLI-00762,2026-03-14 00:00:00,15500.0,retrait,,transfrontalier_sensible,False,aucune
d095247e,CLI-00352,2026-03-14 00:00:00,21200.0,remboursement_credit,,local,False,aucune
10bfa00c,CLI-00112,2026-03-14 00:00:00,231000.0,transfert_sortant,CLI-00002,regional_uemoa,False,aucune
9ebb84d2,CLI-00061,2026-03-14 00:00:00,57100.0,transfert_entrant,CLI-00230,local,False,aucune
b1159c8a,CLI-00775,2026-03-14 00:00:00,72100.0,retrait,,local,False,aucune
85f09921,CLI-00777,2026-03-14 00:00:00,29600.0,depot,,local,False,aucune
ff82920c,CLI-00130,2026-03-14 00:00:00,41100.0,depot,,local,False,aucune
213195aa,CLI-00143,2026-03-14 00:00:00,26000.0,transfert_entrant,CLI-00332,local,False,aucune
50e09d19,CLI-00404,2026-03-14 00:00:00,244800.0,remboursement_credit,,local,False,aucune
6d4d5890,CLI-00116,2026-03-14 00:00:00,36000.0,transfert_entrant,CLI-00062,local,False,aucune
b43f8022,CLI-00592,2026-03-14 00:00:00,21700.0,remboursement_credit,,local,False,aucune
e87b306b,CLI-00239,2026-03-14 00:00:00,143900.0,remboursement_credit,,local,False,aucune
900af1ed,CLI-00234,2026-03-14 00:00:00,212500.0,remboursement_credit,,local,False,aucune
7023d2d3,CLI-00680,2026-03-14 00:00:00,19800.0,depot,,local,False,aucune
6c6397d3,CLI-00009,2026-03-14 00:00:00,17300.0,transfert_entrant,CLI-00132,regional_uemoa,False,aucune
f93a245e,CLI-00545,2026-03-14 00:00:00,75100.0,retrait,,local,False,aucune
e16850aa,CLI-00643,2026-03-14 00:00:00,38300.0,depot,,transfrontalier_sensible,False,aucune
9f7d0baf,CLI-00570,2026-03-14 00:00:00,25200.0,remboursement_credit,,local,False,aucune
83d91eaf,CLI-00188,2026-03-14 00:00:00,184700.0,transfert_entrant,CLI-00147,transfrontalier_sensible,False,aucune
4e0df906,CLI-00687,2026-03-14 00:00:00,22100.0,depot,,local,False,aucune
1da7b358,CLI-00242,2026-03-14 00:00:00,139200.0,decaissement_credit,,local,False,aucune
482864e9,CLI-00023,2026-03-14 00:00:00,21600.0,depot,,local,False,aucune
f6199a59,CLI-00330,2026-03-14 00:00:00,64400.0,transfert_sortant,CLI-00756,regional_uemoa,False,aucune
a46fcaef,CLI-00639,2026-03-14 00:00:00,33900.0,depot,,local,False,aucune
e1f45716,CLI-00105,2026-03-14 00:00:00,8400.0,retrait,,local,False,aucune
e1f29cb8,CLI-00377,2026-03-14 00:00:00,48100.0,retrait,,regional_uemoa,False,aucune
e0910673,CLI-00784,2026-03-14 00:00:00,21500.0,transfert_entrant,CLI-00205,local,False,aucune
a4705758,CLI-00774,2026-03-14 00:00:00,89000.0,transfert_entrant,CLI-00672,local,False,aucune
ae4dc7a6,CLI-00748,2026-03-14 00:00:00,13300.0,retrait,,local,False,aucune
1fa9ebbd,CLI-00293,2026-03-14 00:00:00,434700.0,depot,,local,False,aucune
87090007,CLI-00098,2026-03-14 00:00:00,231700.0,remboursement_credit,,regional_uemoa,False,aucune
5a48a8a5,CLI-00668,2026-03-14 00:00:00,15500.0,remboursement_credit,,local,False,aucune
0bf36e71,CLI-00363,2026-03-14 00:00:00,69100.0,decaissement_credit,,regional_uemoa,False,aucune
fba508f3,CLI-00177,2026-03-14 00:00:00,8900.0,depot,,local,False,aucune
5e60c944,CLI-00029,2026-03-14 00:00:00,8100.0,retrait,,regional_uemoa,False,aucune
b97a8aef,CLI-00090,2026-03-14 00:00:00,36400.0,remboursement_credit,,local,False,aucune
dbbc7a46,CLI-00677,2026-03-14 00:00:00,49500.0,retrait,,local,False,aucune
e2098f24,CLI-00717,2026-03-14 00:00:00,194300.0,remboursement_credit,,local,False,aucune
4949e1f1,CLI-00643,2026-03-14 00:00:00,4657400.0,remboursement_credit,,local,False,aucune
78e845ac,CLI-00522,2026-03-14 00:00:00,11800.0,depot,,local,False,aucune
a800d296,CLI-00074,2026-03-14 00:00:00,68600.0,transfert_entrant,CLI-00037,local,False,aucune
c1e0991c,CLI-00540,2026-03-14 00:00:00,41500.0,depot,,local,False,aucune
4fc210ff,CLI-00096,2026-03-14 00:00:00,18000.0,depot,,local,False,aucune
3691bde2,CLI-00364,2026-03-14 00:00:00,38500.0,retrait,,local,False,aucune
e20c540f,CLI-00652,2026-03-14 00:00:00,3400.0,transfert_sortant,CLI-00794,local,False,aucune
fdf18077,CLI-00566,2026-03-14 00:00:00,202100.0,depot,,local,False,aucune
aa56127b,CLI-00306,2026-03-14 00:00:00,20400.0,retrait,,local,False,aucune
0df76387,CLI-00721,2026-03-14 00:00:00,77600.0,depot,,transfrontalier_sensible,False,aucune
c186c57b,CLI-00721,2026-03-14 00:00:00,140100.0,transfert_sortant,CLI-00392,local,False,aucune
cfe4ce9f,CLI-00549,2026-03-14 00:00:00,48200.0,depot,,local,False,aucune
6a9efcec,CLI-00523,2026-03-14 00:00:00,20400.0,transfert_sortant,CLI-00216,local,False,aucune
99aaa725,CLI-00205,2026-03-14 00:00:00,39400.0,retrait,,local,False,aucune
b71fc382,CLI-00637,2026-03-14 00:00:00,189000.0,retrait,,local,False,aucune
5dc9a80a,CLI-00041,2026-03-15 00:00:00,14900.0,retrait,,local,False,aucune
105f3a9e,CLI-00407,2026-03-15 00:00:00,5300.0,depot,,local,False,aucune
d4613a64,CLI-00285,2026-03-15 00:00:00,40100.0,remboursement_credit,,local,False,aucune
59edafee,CLI-00448,2026-03-15 00:00:00,24300.0,remboursement_credit,,local,False,aucune
ab3e47c0,CLI-00272,2026-03-15 00:00:00,48600.0,transfert_sortant,CLI-00598,regional_uemoa,False,aucune
87a3e9f0,CLI-00413,2026-03-15 00:00:00,116700.0,retrait,,local,False,aucune
95fe6907,CLI-00686,2026-03-15 00:00:00,29700.0,depot,,local,False,aucune
d0c42a7a,CLI-00032,2026-03-15 00:00:00,15500.0,retrait,,local,False,aucune
934eeebd,CLI-00489,2026-03-15 00:00:00,40200.0,retrait,,local,False,aucune
7fc2dc83,CLI-00433,2026-03-15 00:00:00,115400.0,decaissement_credit,,local,False,aucune
f4de41cf,CLI-00044,2026-03-15 00:00:00,3100.0,retrait,,regional_uemoa,False,aucune
c28c1bfa,CLI-00496,2026-03-15 00:00:00,53300.0,retrait,,local,False,aucune
a2629cc4,CLI-00010,2026-03-15 00:00:00,66800.0,depot,,regional_uemoa,False,aucune
05d5a4dd,CLI-00746,2026-03-15 00:00:00,103100.0,remboursement_credit,,local,False,aucune
3bf51335,CLI-00705,2026-03-15 00:00:00,88400.0,retrait,,local,False,aucune
93ea5fe3,CLI-00497,2026-03-15 00:00:00,278500.0,retrait,,local,False,aucune
03e77b10,CLI-00422,2026-03-15 00:00:00,24600.0,depot,,local,False,aucune
d19a6b68,CLI-00446,2026-03-15 00:00:00,75600.0,depot,,regional_uemoa,False,aucune
27c20556,CLI-00602,2026-03-15 00:00:00,51400.0,transfert_sortant,CLI-00031,local,False,aucune
50c685c5,CLI-00777,2026-03-15 00:00:00,5200.0,retrait,,local,False,aucune
9ce3f685,CLI-00446,2026-03-15 00:00:00,8300.0,retrait,,local,False,aucune
69e23b49,CLI-00120,2026-03-15 00:00:00,56500.0,decaissement_credit,,local,False,aucune
e27dff87,CLI-00362,2026-03-15 00:00:00,116300.0,depot,,local,False,aucune
cf614f17,CLI-00746,2026-03-15 00:00:00,824000.0,transfert_sortant,CLI-00455,regional_uemoa,False,aucune
2cf30060,CLI-00178,2026-03-15 00:00:00,34500.0,retrait,,regional_uemoa,False,aucune
2998cee5,CLI-00459,2026-03-15 00:00:00,8600.0,depot,,local,False,aucune
8a6adb7f,CLI-00120,2026-03-15 00:00:00,41600.0,depot,,local,False,aucune
6eb84a76,CLI-00083,2026-03-15 00:00:00,88200.0,decaissement_credit,,local,False,aucune
7e3c5d5a,CLI-00432,2026-03-15 00:00:00,483300.0,retrait,,local,False,aucune
f457288b,CLI-00674,2026-03-15 00:00:00,29500.0,retrait,,regional_uemoa,False,aucune
54ab6f1d,CLI-00525,2026-03-15 00:00:00,106900.0,depot,,local,False,aucune
e8f24bc8,CLI-00586,2026-03-15 00:00:00,78800.0,depot,,local,False,aucune
7c6076f7,CLI-00141,2026-03-15 00:00:00,112400.0,retrait,,local,False,aucune
a0a13d87,CLI-00414,2026-03-15 00:00:00,37800.0,depot,,local,False,aucune
dde4c606,CLI-00471,2026-03-15 00:00:00,541500.0,retrait,,local,False,aucune
500ada75,CLI-00485,2026-03-15 00:00:00,170300.0,depot,,local,False,aucune
feec9a69,CLI-00799,2026-03-15 00:00:00,17100.0,depot,,local,False,aucune
76d62ad4,CLI-00258,2026-03-15 00:00:00,196400.0,decaissement_credit,,local,False,aucune
acb18524,CLI-00572,2026-03-15 00:00:00,5500.0,retrait,,local,False,aucune
677ad98b,CLI-00368,2026-03-15 00:00:00,65600.0,depot,,local,False,aucune
c9a237a3,CLI-00037,2026-03-15 00:00:00,61600.0,retrait,,regional_uemoa,False,aucune
7e1585ad,CLI-00416,2026-03-15 00:00:00,17000.0,transfert_sortant,CLI-00752,local,False,aucune
37ffaed5,CLI-00359,2026-03-15 00:00:00,27900.0,retrait,,local,False,aucune
041d7d7e,CLI-00049,2026-03-15 00:00:00,9000.0,retrait,,local,False,aucune
b6284f7a,CLI-00632,2026-03-15 00:00:00,105000.0,depot,,local,False,aucune
df6d874a,CLI-00083,2026-03-15 00:00:00,148000.0,transfert_sortant,CLI-00566,local,False,aucune
ac9f49a5,CLI-00652,2026-03-15 00:00:00,131100.0,depot,,local,False,aucune
56f63cac,CLI-00332,2026-03-15 00:00:00,268600.0,transfert_sortant,CLI-00013,local,False,aucune
d3af14fb,CLI-00008,2026-03-15 00:00:00,25000.0,depot,,local,False,aucune
cd6045b8,CLI-00456,2026-03-15 00:00:00,16100.0,transfert_entrant,CLI-00491,local,False,aucune
37e57d0c,CLI-00631,2026-03-15 00:00:00,116400.0,retrait,,local,False,aucune
342fe413,CLI-00314,2026-03-15 00:00:00,9900.0,transfert_entrant,CLI-00054,regional_uemoa,False,aucune
dcb111a4,CLI-00267,2026-03-15 00:00:00,113800.0,transfert_entrant,CLI-00018,local,False,aucune
4d15de9d,CLI-00574,2026-03-15 00:00:00,11200.0,retrait,,local,False,aucune
aff7a37e,CLI-00668,2026-03-15 00:00:00,83200.0,transfert_sortant,CLI-00572,regional_uemoa,False,aucune
9deb0a94,CLI-00553,2026-03-16 00:00:00,48400.0,transfert_entrant,CLI-00767,regional_uemoa,False,aucune
75487352,CLI-00542,2026-03-16 00:00:00,43300.0,retrait,,local,False,aucune
fc222879,CLI-00496,2026-03-16 00:00:00,38000.0,retrait,,local,False,aucune
8ebe8795,CLI-00036,2026-03-16 00:00:00,6800.0,remboursement_credit,,local,False,aucune
8977c80c,CLI-00499,2026-03-16 00:00:00,14100.0,retrait,,local,False,aucune
e07c1410,CLI-00013,2026-03-16 00:00:00,39900.0,retrait,,regional_uemoa,False,aucune
c70b03ee,CLI-00163,2026-03-16 00:00:00,16200.0,retrait,,local,False,aucune
569a1482,CLI-00640,2026-03-16 00:00:00,74900.0,transfert_entrant,CLI-00582,local,False,aucune
a61f46db,CLI-00251,2026-03-16 00:00:00,12100.0,retrait,,local,False,aucune
0a0f1e5e,CLI-00160,2026-03-16 00:00:00,10900.0,transfert_sortant,CLI-00499,local,False,aucune
0dd36a23,CLI-00000,2026-03-16 00:00:00,25100.0,transfert_entrant,CLI-00753,local,False,aucune
d61e8510,CLI-00317,2026-03-16 00:00:00,22000.0,transfert_sortant,CLI-00286,local,False,aucune
31ce2715,CLI-00220,2026-03-16 00:00:00,119100.0,depot,,local,False,aucune
214ff00c,CLI-00664,2026-03-16 00:00:00,17200.0,depot,,local,False,aucune
de515d32,CLI-00668,2026-03-16 00:00:00,263300.0,retrait,,local,False,aucune
0f932469,CLI-00463,2026-03-16 00:00:00,127900.0,retrait,,transfrontalier_sensible,False,aucune
e718736b,CLI-00608,2026-03-16 00:00:00,52900.0,transfert_sortant,CLI-00436,local,False,aucune
37bc2884,CLI-00063,2026-03-16 00:00:00,61700.0,remboursement_credit,,local,False,aucune
78556dd9,CLI-00608,2026-03-16 00:00:00,67700.0,depot,,local,False,aucune
334cd7dc,CLI-00049,2026-03-16 00:00:00,35200.0,retrait,,local,False,aucune
e9c537c0,CLI-00475,2026-03-16 00:00:00,91300.0,retrait,,local,False,aucune
c30c41d3,CLI-00060,2026-03-16 00:00:00,33900.0,decaissement_credit,,local,False,aucune
2275091a,CLI-00351,2026-03-16 00:00:00,95800.0,transfert_sortant,CLI-00554,local,False,aucune
d73299d5,CLI-00569,2026-03-16 00:00:00,32500.0,decaissement_credit,,transfrontalier_sensible,False,aucune
29f6aaf4,CLI-00333,2026-03-16 00:00:00,15900.0,remboursement_credit,,regional_uemoa,False,aucune
2a791cc6,CLI-00012,2026-03-16 00:00:00,6400.0,depot,,local,False,aucune
68e65005,CLI-00704,2026-03-16 00:00:00,16500.0,depot,,local,False,aucune
6103773a,CLI-00468,2026-03-16 00:00:00,26300.0,depot,,local,False,aucune
74e74bc9,CLI-00598,2026-03-16 00:00:00,153100.0,retrait,,local,False,aucune
8a65e8a8,CLI-00777,2026-03-16 00:00:00,145500.0,remboursement_credit,,local,False,aucune
8086601b,CLI-00598,2026-03-16 00:00:00,34600.0,transfert_sortant,CLI-00329,local,False,aucune
479e8716,CLI-00507,2026-03-16 00:00:00,13900.0,remboursement_credit,,local,False,aucune
d56a0f94,CLI-00087,2026-03-16 00:00:00,36500.0,depot,,local,False,aucune
63b70230,CLI-00152,2026-03-16 00:00:00,6800.0,transfert_sortant,CLI-00262,regional_uemoa,False,aucune
5d77be00,CLI-00625,2026-03-16 00:00:00,160900.0,transfert_sortant,CLI-00379,local,False,aucune
11045da7,CLI-00094,2026-03-16 00:00:00,1387200.0,remboursement_credit,,local,False,aucune
ab4cbc0e,CLI-00152,2026-03-16 00:00:00,233200.0,depot,,regional_uemoa,False,aucune
0b9db26b,CLI-00634,2026-03-16 00:00:00,8207100.0,transfert_entrant,CLI-00242,local,False,aucune
8ef14807,CLI-00333,2026-03-16 00:00:00,119200.0,decaissement_credit,,local,False,aucune
14326def,CLI-00495,2026-03-16 00:00:00,44800.0,depot,,local,False,aucune
bc0e24b4,CLI-00104,2026-03-16 00:00:00,55700.0,transfert_sortant,CLI-00429,local,False,aucune
c93a7ac4,CLI-00586,2026-03-16 00:00:00,5600.0,transfert_entrant,CLI-00571,regional_uemoa,False,aucune
38a68ca6,CLI-00737,2026-03-16 00:00:00,15100.0,depot,,local,False,aucune
70ebae10,CLI-00386,2026-03-16 00:00:00,32600.0,remboursement_credit,,regional_uemoa,False,aucune
696fbc9c,CLI-00369,2026-03-16 00:00:00,84600.0,depot,,local,False,aucune
299a7d38,CLI-00471,2026-03-16 00:00:00,39700.0,depot,,local,False,aucune
5854b568,CLI-00210,2026-03-16 00:00:00,8900.0,depot,,local,False,aucune
683eb09d,CLI-00271,2026-03-16 00:00:00,21300.0,remboursement_credit,,local,False,aucune
8b9633a6,CLI-00012,2026-03-17 00:00:00,29900.0,retrait,,local,False,aucune
b8cc9ec0,CLI-00400,2026-03-17 00:00:00,76600.0,depot,,regional_uemoa,False,aucune
2371dc02,CLI-00798,2026-03-17 00:00:00,16300.0,retrait,,local,False,aucune
73eeca33,CLI-00091,2026-03-17 00:00:00,80800.0,depot,,local,False,aucune
191a0f06,CLI-00678,2026-03-17 00:00:00,11300.0,retrait,,local,False,aucune
6da72a24,CLI-00388,2026-03-17 00:00:00,49800.0,transfert_sortant,CLI-00302,local,False,aucune
b945f528,CLI-00731,2026-03-17 00:00:00,126700.0,remboursement_credit,,local,False,aucune
2c56cf0b,CLI-00750,2026-03-17 00:00:00,142900.0,transfert_sortant,CLI-00718,local,False,aucune
22df858a,CLI-00142,2026-03-17 00:00:00,74700.0,depot,,local,False,aucune
00cbb540,CLI-00334,2026-03-17 00:00:00,46700.0,depot,,local,False,aucune
8e6d2158,CLI-00452,2026-03-17 00:00:00,63300.0,depot,,local,False,aucune
e8da8811,CLI-00377,2026-03-17 00:00:00,81800.0,retrait,,transfrontalier_sensible,False,aucune
9d2ee0a8,CLI-00507,2026-03-17 00:00:00,13500.0,transfert_entrant,CLI-00133,local,False,aucune
0860cf94,CLI-00749,2026-03-17 00:00:00,46400.0,decaissement_credit,,local,False,aucune
3595f662,CLI-00730,2026-03-17 00:00:00,65700.0,retrait,,local,False,aucune
d7a39152,CLI-00401,2026-03-17 00:00:00,213600.0,transfert_sortant,CLI-00365,regional_uemoa,False,aucune
faea270b,CLI-00556,2026-03-17 00:00:00,283800.0,depot,,local,False,aucune
9e745487,CLI-00069,2026-03-17 00:00:00,9400.0,remboursement_credit,,local,False,aucune
e996aa32,CLI-00072,2026-03-17 00:00:00,82800.0,transfert_entrant,CLI-00081,regional_uemoa,False,aucune
1e5dbd03,CLI-00007,2026-03-17 00:00:00,79400.0,retrait,,local,False,aucune
f94790b0,CLI-00516,2026-03-17 00:00:00,108900.0,remboursement_credit,,local,False,aucune
077952ca,CLI-00075,2026-03-17 00:00:00,36900.0,transfert_sortant,CLI-00094,local,False,aucune
9b311a04,CLI-00799,2026-03-17 00:00:00,119300.0,retrait,,local,False,aucune
e2152599,CLI-00534,2026-03-17 00:00:00,15100.0,transfert_entrant,CLI-00269,local,False,aucune
878c67f9,CLI-00487,2026-03-17 00:00:00,67300.0,retrait,,local,False,aucune
7a5419b3,CLI-00114,2026-03-17 00:00:00,40600.0,retrait,,local,False,aucune
861d5455,CLI-00406,2026-03-17 00:00:00,48900.0,depot,,local,False,aucune
31841f4c,CLI-00707,2026-03-17 00:00:00,14700.0,transfert_entrant,CLI-00426,local,False,aucune
64c1f9cc,CLI-00271,2026-03-17 00:00:00,14400.0,depot,,transfrontalier_sensible,False,aucune
37ef6169,CLI-00746,2026-03-17 00:00:00,15000.0,depot,,transfrontalier_sensible,False,aucune
c6a3d6aa,CLI-00690,2026-03-17 00:00:00,76100.0,depot,,local,False,aucune
dc6ccd4a,CLI-00536,2026-03-17 00:00:00,28300.0,retrait,,local,False,aucune
aa90af53,CLI-00736,2026-03-17 00:00:00,286800.0,retrait,,local,False,aucune
88031e7d,CLI-00569,2026-03-17 00:00:00,8300.0,retrait,,local,False,aucune
f160bd5d,CLI-00422,2026-03-17 00:00:00,34300.0,depot,,local,False,aucune
60c5a880,CLI-00604,2026-03-17 00:00:00,16300.0,transfert_entrant,CLI-00003,local,False,aucune
e8269acd,CLI-00364,2026-03-17 00:00:00,28500.0,remboursement_credit,,local,False,aucune
d7d9b02b,CLI-00170,2026-03-17 00:00:00,47800.0,retrait,,local,False,aucune
0a749f2b,CLI-00714,2026-03-17 00:00:00,29300.0,retrait,,regional_uemoa,False,aucune
f51f035a,CLI-00380,2026-03-17 00:00:00,95700.0,retrait,,local,False,aucune
90c47869,CLI-00172,2026-03-17 00:00:00,56400.0,transfert_entrant,CLI-00551,regional_uemoa,False,aucune
249a51c6,CLI-00116,2026-03-17 00:00:00,52000.0,depot,,local,False,aucune
61b9dd93,CLI-00537,2026-03-17 00:00:00,49700.0,depot,,local,False,aucune
c181b6c8,CLI-00112,2026-03-17 00:00:00,50300.0,retrait,,local,False,aucune
d59be227,CLI-00407,2026-03-17 00:00:00,46400.0,transfert_entrant,CLI-00177,local,False,aucune
d2881d30,CLI-00418,2026-03-17 00:00:00,20300.0,depot,,local,False,aucune
1d22acda,CLI-00575,2026-03-17 00:00:00,44300.0,depot,,local,False,aucune
217d1ed5,CLI-00547,2026-03-17 00:00:00,7795700.0,transfert_sortant,CLI-00786,local,False,aucune
4243d5e4,CLI-00499,2026-03-17 00:00:00,12200.0,retrait,,local,False,aucune
aefa059c,CLI-00541,2026-03-17 00:00:00,10300.0,retrait,,local,False,aucune
4b700169,CLI-00245,2026-03-17 00:00:00,64800.0,decaissement_credit,,local,False,aucune
90f1e82d,CLI-00012,2026-03-17 00:00:00,90900.0,retrait,,local,False,aucune
771eb465,CLI-00645,2026-03-17 00:00:00,27100.0,retrait,,local,False,aucune
49c8e9f1,CLI-00353,2026-03-17 00:00:00,79000.0,depot,,regional_uemoa,False,aucune
132999a5,CLI-00176,2026-03-17 00:00:00,67300.0,retrait,,local,False,aucune
a6e030a5,CLI-00002,2026-03-17 00:00:00,6200.0,transfert_entrant,CLI-00675,regional_uemoa,False,aucune
d22d6ed1,CLI-00569,2026-03-18 00:00:00,69600.0,transfert_sortant,CLI-00485,local,False,aucune
2bb9b159,CLI-00195,2026-03-18 00:00:00,49400.0,depot,,local,False,aucune
8aefbef8,CLI-00723,2026-03-18 00:00:00,16700.0,remboursement_credit,,local,False,aucune
c57e93ee,CLI-00256,2026-03-18 00:00:00,144400.0,retrait,,local,False,aucune
96876e0b,CLI-00291,2026-03-18 00:00:00,167200.0,depot,,local,False,aucune
fe6c5256,CLI-00190,2026-03-18 00:00:00,47600.0,depot,,local,False,aucune
e6cc3fb6,CLI-00619,2026-03-18 00:00:00,41700.0,depot,,local,False,aucune
85fe634e,CLI-00422,2026-03-18 00:00:00,7947800.0,depot,,local,False,aucune
05a059aa,CLI-00666,2026-03-18 00:00:00,124200.0,retrait,,regional_uemoa,False,aucune
132c7180,CLI-00795,2026-03-18 00:00:00,93600.0,transfert_entrant,CLI-00094,local,False,aucune
ae3211e6,CLI-00722,2026-03-18 00:00:00,13400.0,depot,,local,False,aucune
bc4c1a35,CLI-00416,2026-03-18 00:00:00,20500.0,depot,,regional_uemoa,False,aucune
153096fc,CLI-00030,2026-03-18 00:00:00,37500.0,remboursement_credit,,regional_uemoa,False,aucune
267c84fd,CLI-00420,2026-03-18 00:00:00,25000.0,transfert_entrant,CLI-00493,local,False,aucune
a23fe5d4,CLI-00344,2026-03-18 00:00:00,20400.0,remboursement_credit,,regional_uemoa,False,aucune
7e67f416,CLI-00404,2026-03-18 00:00:00,85700.0,transfert_sortant,CLI-00482,local,False,aucune
ededa41c,CLI-00764,2026-03-18 00:00:00,30500.0,decaissement_credit,,local,False,aucune
3ee6d410,CLI-00295,2026-03-18 00:00:00,58800.0,retrait,,local,False,aucune
1d0f370a,CLI-00551,2026-03-18 00:00:00,240000.0,depot,,local,False,aucune
e41bdf56,CLI-00673,2026-03-18 00:00:00,43200.0,retrait,,regional_uemoa,False,aucune
1e81f8e3,CLI-00318,2026-03-18 00:00:00,39500.0,depot,,local,False,aucune
bc630463,CLI-00392,2026-03-18 00:00:00,46700.0,decaissement_credit,,regional_uemoa,False,aucune
e3b98fb8,CLI-00259,2026-03-18 00:00:00,31600.0,transfert_sortant,CLI-00184,regional_uemoa,False,aucune
db5c3b44,CLI-00168,2026-03-18 00:00:00,211600.0,retrait,,local,False,aucune
0a7daaf0,CLI-00351,2026-03-18 00:00:00,14500.0,transfert_entrant,CLI-00455,local,False,aucune
2d088b48,CLI-00058,2026-03-18 00:00:00,146400.0,depot,,regional_uemoa,False,aucune
ff05a779,CLI-00681,2026-03-18 00:00:00,51200.0,remboursement_credit,,local,False,aucune
c5500c84,CLI-00773,2026-03-18 00:00:00,9300.0,retrait,,local,False,aucune
0346216e,CLI-00124,2026-03-18 00:00:00,5800.0,transfert_entrant,CLI-00529,local,False,aucune
ad96a75d,CLI-00412,2026-03-18 00:00:00,12400.0,depot,,local,False,aucune
f4731f6f,CLI-00749,2026-03-18 00:00:00,30500.0,depot,,local,False,aucune
fa79987a,CLI-00292,2026-03-18 00:00:00,60700.0,retrait,,local,False,aucune
73d531eb,CLI-00749,2026-03-18 00:00:00,65000.0,depot,,local,False,aucune
8fc363af,CLI-00061,2026-03-18 00:00:00,37200.0,retrait,,local,False,aucune
07b74b22,CLI-00444,2026-03-18 00:00:00,220700.0,depot,,local,False,aucune
cec79e0c,CLI-00425,2026-03-18 00:00:00,84100.0,transfert_sortant,CLI-00472,local,False,aucune
ec299a02,CLI-00324,2026-03-18 00:00:00,87300.0,retrait,,local,False,aucune
2bb7475f,CLI-00039,2026-03-18 00:00:00,154100.0,transfert_entrant,CLI-00761,local,False,aucune
2f6573da,CLI-00638,2026-03-18 00:00:00,46900.0,transfert_sortant,CLI-00557,local,False,aucune
3bfe8fc7,CLI-00667,2026-03-18 00:00:00,30200.0,retrait,,regional_uemoa,False,aucune
aac3ba60,CLI-00729,2026-03-18 00:00:00,93400.0,retrait,,local,False,aucune
627d2c40,CLI-00794,2026-03-18 00:00:00,158500.0,transfert_sortant,CLI-00745,local,False,aucune
128be63e,CLI-00045,2026-03-18 00:00:00,43000.0,remboursement_credit,,local,False,aucune
8191e3b6,CLI-00490,2026-03-18 00:00:00,34600.0,depot,,local,False,aucune
e9328a4e,CLI-00529,2026-03-18 00:00:00,124100.0,depot,,local,False,aucune
f452275d,CLI-00335,2026-03-18 00:00:00,5700.0,remboursement_credit,,local,False,aucune
fa76f1d5,CLI-00793,2026-03-18 00:00:00,61600.0,depot,,local,False,aucune
bf0bc475,CLI-00729,2026-03-19 00:00:00,9400.0,decaissement_credit,,local,False,aucune
aa4280b9,CLI-00226,2026-03-19 00:00:00,16000.0,depot,,local,False,aucune
1bfe1557,CLI-00580,2026-03-19 00:00:00,24900.0,transfert_sortant,CLI-00100,regional_uemoa,False,aucune
f1dac263,CLI-00752,2026-03-19 00:00:00,14100.0,depot,,local,False,aucune
e72fd514,CLI-00349,2026-03-19 00:00:00,21800.0,depot,,local,False,aucune
58d88bc1,CLI-00055,2026-03-19 00:00:00,41200.0,retrait,,local,False,aucune
fc9461fb,CLI-00547,2026-03-19 00:00:00,45100.0,retrait,,local,False,aucune
9290312b,CLI-00315,2026-03-19 00:00:00,103000.0,depot,,local,False,aucune
56cf6b83,CLI-00010,2026-03-19 00:00:00,31900.0,transfert_sortant,CLI-00564,local,False,aucune
d5541a72,CLI-00099,2026-03-19 00:00:00,12100.0,decaissement_credit,,local,False,aucune
a5d10fa8,CLI-00347,2026-03-19 00:00:00,28400.0,transfert_sortant,CLI-00666,regional_uemoa,False,aucune
067e780a,CLI-00051,2026-03-19 00:00:00,21400.0,depot,,local,False,aucune
a6cd2635,CLI-00327,2026-03-19 00:00:00,19600.0,depot,,regional_uemoa,False,aucune
841f2d15,CLI-00753,2026-03-19 00:00:00,157400.0,retrait,,local,False,aucune
ec8c7750,CLI-00051,2026-03-19 00:00:00,106200.0,decaissement_credit,,local,False,aucune
576aa11d,CLI-00353,2026-03-19 00:00:00,17200.0,retrait,,regional_uemoa,False,aucune
ae42b975,CLI-00275,2026-03-19 00:00:00,74800.0,transfert_entrant,CLI-00278,local,False,aucune
6c614df1,CLI-00353,2026-03-19 00:00:00,74600.0,retrait,,regional_uemoa,False,aucune
3598f21f,CLI-00029,2026-03-19 00:00:00,84000.0,depot,,local,False,aucune
a36e5a22,CLI-00583,2026-03-19 00:00:00,40000.0,depot,,local,False,aucune
20c19202,CLI-00292,2026-03-19 00:00:00,298300.0,transfert_sortant,CLI-00652,local,False,aucune
c898b4d3,CLI-00572,2026-03-19 00:00:00,182600.0,transfert_sortant,CLI-00233,local,False,aucune
5366cf76,CLI-00569,2026-03-19 00:00:00,64700.0,decaissement_credit,,regional_uemoa,False,aucune
b38ae3fb,CLI-00333,2026-03-19 00:00:00,34500.0,transfert_sortant,CLI-00730,local,False,aucune
0e5289af,CLI-00666,2026-03-19 00:00:00,134800.0,retrait,,local,False,aucune
c55bcf16,CLI-00404,2026-03-19 00:00:00,15500.0,depot,,local,False,aucune
6b493371,CLI-00385,2026-03-19 00:00:00,115800.0,depot,,local,False,aucune
fb1a3908,CLI-00153,2026-03-19 00:00:00,196500.0,depot,,local,False,aucune
28eab66e,CLI-00204,2026-03-19 00:00:00,14300.0,remboursement_credit,,transfrontalier_sensible,False,aucune
becd1028,CLI-00103,2026-03-19 00:00:00,63700.0,retrait,,regional_uemoa,False,aucune
8f1c5dfb,CLI-00671,2026-03-19 00:00:00,18600.0,retrait,,local,False,aucune
69901946,CLI-00635,2026-03-19 00:00:00,42000.0,transfert_sortant,CLI-00404,local,False,aucune
a5f98496,CLI-00082,2026-03-19 00:00:00,41900.0,retrait,,local,False,aucune
88074732,CLI-00776,2026-03-19 00:00:00,32200.0,retrait,,local,False,aucune
7e43f121,CLI-00668,2026-03-19 00:00:00,142000.0,transfert_sortant,CLI-00556,local,False,aucune
df0df796,CLI-00338,2026-03-19 00:00:00,14600.0,depot,,local,False,aucune
0230dfb9,CLI-00469,2026-03-19 00:00:00,124100.0,depot,,local,False,aucune
79f0c02e,CLI-00034,2026-03-19 00:00:00,8100.0,decaissement_credit,,local,False,aucune
723afdf6,CLI-00692,2026-03-19 00:00:00,50600.0,remboursement_credit,,local,False,aucune
a5845ba9,CLI-00012,2026-03-19 00:00:00,208100.0,retrait,,local,False,aucune
6ead9b1a,CLI-00528,2026-03-19 00:00:00,82600.0,transfert_sortant,CLI-00219,local,False,aucune
a13d73ea,CLI-00379,2026-03-19 00:00:00,110800.0,depot,,local,False,aucune
75f334dd,CLI-00094,2026-03-19 00:00:00,8700.0,retrait,,regional_uemoa,False,aucune
d4a3a63e,CLI-00519,2026-03-20 00:00:00,39800.0,depot,,local,False,aucune
897d7a07,CLI-00414,2026-03-20 00:00:00,44400.0,remboursement_credit,,local,False,aucune
26a8f13f,CLI-00372,2026-03-20 00:00:00,208800.0,transfert_entrant,CLI-00707,local,False,aucune
b72d8005,CLI-00405,2026-03-20 00:00:00,18300.0,retrait,,local,False,aucune
2549e151,CLI-00793,2026-03-20 00:00:00,65800.0,decaissement_credit,,local,False,aucune
06083d38,CLI-00501,2026-03-20 00:00:00,244900.0,transfert_sortant,CLI-00545,local,False,aucune
2aca896d,CLI-00333,2026-03-20 00:00:00,85300.0,transfert_sortant,CLI-00444,local,False,aucune
aea34107,CLI-00370,2026-03-20 00:00:00,13700.0,depot,,local,False,aucune
d093bfe6,CLI-00255,2026-03-20 00:00:00,14500.0,remboursement_credit,,local,False,aucune
fef5f5fb,CLI-00277,2026-03-20 00:00:00,58100.0,depot,,local,False,aucune
ddc5f301,CLI-00410,2026-03-20 00:00:00,98200.0,remboursement_credit,,local,False,aucune
779f11c7,CLI-00456,2026-03-20 00:00:00,7700.0,depot,,local,False,aucune
8ec41341,CLI-00620,2026-03-20 00:00:00,59600.0,retrait,,local,False,aucune
e0ec27e7,CLI-00481,2026-03-20 00:00:00,31200.0,remboursement_credit,,local,False,aucune
4bb4a037,CLI-00280,2026-03-20 00:00:00,69600.0,retrait,,local,False,aucune
17bd82ac,CLI-00516,2026-03-20 00:00:00,44800.0,depot,,local,False,aucune
1852b563,CLI-00414,2026-03-20 00:00:00,6900.0,depot,,local,False,aucune
0a90d2c4,CLI-00767,2026-03-20 00:00:00,60000.0,depot,,local,False,aucune
45af7755,CLI-00068,2026-03-20 00:00:00,176300.0,depot,,local,False,aucune
c2b70de8,CLI-00009,2026-03-20 00:00:00,121800.0,transfert_sortant,CLI-00092,local,False,aucune
40411ce8,CLI-00693,2026-03-20 00:00:00,90800.0,depot,,regional_uemoa,False,aucune
28f6fc87,CLI-00016,2026-03-20 00:00:00,19000.0,transfert_entrant,CLI-00311,local,False,aucune
f7014cf5,CLI-00061,2026-03-20 00:00:00,88000.0,retrait,,local,False,aucune
8692de18,CLI-00361,2026-03-20 00:00:00,66700.0,decaissement_credit,,regional_uemoa,False,aucune
b8b75bdb,CLI-00732,2026-03-20 00:00:00,27300.0,retrait,,local,False,aucune
769abab0,CLI-00713,2026-03-20 00:00:00,81900.0,retrait,,local,False,aucune
17842f90,CLI-00750,2026-03-20 00:00:00,56300.0,remboursement_credit,,local,False,aucune
1ebca77e,CLI-00249,2026-03-20 00:00:00,45200.0,retrait,,local,False,aucune
a9509270,CLI-00041,2026-03-20 00:00:00,10300.0,transfert_sortant,CLI-00123,local,False,aucune
994af2e0,CLI-00491,2026-03-20 00:00:00,6900.0,transfert_entrant,CLI-00263,local,False,aucune
0ef05df0,CLI-00650,2026-03-20 00:00:00,46800.0,remboursement_credit,,regional_uemoa,False,aucune
d838ccf5,CLI-00238,2026-03-20 00:00:00,10200.0,transfert_sortant,CLI-00586,local,False,aucune
55dabba6,CLI-00577,2026-03-20 00:00:00,393900.0,transfert_entrant,CLI-00513,transfrontalier_sensible,False,aucune
52a2484e,CLI-00315,2026-03-20 00:00:00,80600.0,retrait,,local,False,aucune
f256a433,CLI-00709,2026-03-20 00:00:00,40400.0,depot,,local,False,aucune
473aa72f,CLI-00163,2026-03-20 00:00:00,16000.0,remboursement_credit,,local,False,aucune
01390585,CLI-00522,2026-03-20 00:00:00,45100.0,retrait,,local,False,aucune
2d82acb5,CLI-00539,2026-03-20 00:00:00,66500.0,retrait,,local,False,aucune
f0310a8f,CLI-00085,2026-03-20 00:00:00,23400.0,transfert_sortant,CLI-00134,local,False,aucune
29929618,CLI-00540,2026-03-20 00:00:00,40800.0,retrait,,local,False,aucune
8a0cbd31,CLI-00082,2026-03-20 00:00:00,19100.0,retrait,,local,False,aucune
2657f333,CLI-00535,2026-03-20 00:00:00,5000.0,depot,,local,False,aucune
6b37dbbc,CLI-00546,2026-03-20 00:00:00,63800.0,retrait,,local,False,aucune
4a9edb1c,CLI-00778,2026-03-20 00:00:00,28800.0,retrait,,local,False,aucune
1b4dccdb,CLI-00094,2026-03-21 00:00:00,4100.0,depot,,regional_uemoa,False,aucune
aa068020,CLI-00113,2026-03-21 00:00:00,36000.0,retrait,,local,False,aucune
21cfd13c,CLI-00232,2026-03-21 00:00:00,68400.0,remboursement_credit,,local,False,aucune
dc8d2576,CLI-00698,2026-03-21 00:00:00,21400.0,retrait,,regional_uemoa,False,aucune
b1e3e874,CLI-00777,2026-03-21 00:00:00,43700.0,depot,,local,False,aucune
613b1f72,CLI-00568,2026-03-21 00:00:00,61100.0,depot,,local,False,aucune
0957f896,CLI-00625,2026-03-21 00:00:00,32000.0,decaissement_credit,,local,False,aucune
c046b470,CLI-00205,2026-03-21 00:00:00,144800.0,transfert_entrant,CLI-00447,local,False,aucune
ee7fbfd9,CLI-00738,2026-03-21 00:00:00,205000.0,retrait,,local,False,aucune
ee22b1bf,CLI-00060,2026-03-21 00:00:00,20300.0,retrait,,local,False,aucune
62a32014,CLI-00152,2026-03-21 00:00:00,26700.0,decaissement_credit,,local,False,aucune
c57085fe,CLI-00606,2026-03-21 00:00:00,37600.0,depot,,local,False,aucune
a8181e96,CLI-00470,2026-03-21 00:00:00,24200.0,retrait,,local,False,aucune
52dd686d,CLI-00790,2026-03-21 00:00:00,9800.0,retrait,,local,False,aucune
603a3aaa,CLI-00113,2026-03-21 00:00:00,53000.0,depot,,local,False,aucune
74b293a7,CLI-00171,2026-03-21 00:00:00,36500.0,remboursement_credit,,local,False,aucune
00c0032e,CLI-00306,2026-03-21 00:00:00,51700.0,depot,,local,False,aucune
311a75e2,CLI-00337,2026-03-21 00:00:00,24400.0,retrait,,local,False,aucune
80415583,CLI-00038,2026-03-21 00:00:00,211700.0,depot,,regional_uemoa,False,aucune
c4e3908e,CLI-00730,2026-03-21 00:00:00,21600.0,retrait,,local,False,aucune
614a961d,CLI-00751,2026-03-21 00:00:00,418600.0,depot,,local,False,aucune
ba613360,CLI-00096,2026-03-21 00:00:00,13300.0,depot,,local,False,aucune
475d1c69,CLI-00599,2026-03-21 00:00:00,119000.0,transfert_entrant,CLI-00156,local,False,aucune
c23e7167,CLI-00211,2026-03-21 00:00:00,23700.0,transfert_sortant,CLI-00209,regional_uemoa,False,aucune
ce58f3ee,CLI-00078,2026-03-21 00:00:00,45300.0,transfert_sortant,CLI-00500,regional_uemoa,False,aucune
5fafc75f,CLI-00128,2026-03-21 00:00:00,70900.0,depot,,local,False,aucune
908b2318,CLI-00040,2026-03-21 00:00:00,88300.0,depot,,local,False,aucune
51f783ec,CLI-00460,2026-03-21 00:00:00,42900.0,transfert_sortant,CLI-00688,local,False,aucune
1c692554,CLI-00503,2026-03-21 00:00:00,129000.0,transfert_entrant,CLI-00401,regional_uemoa,False,aucune
49acae9b,CLI-00794,2026-03-21 00:00:00,14600.0,remboursement_credit,,local,False,aucune
f1430723,CLI-00564,2026-03-21 00:00:00,37500.0,transfert_sortant,CLI-00435,regional_uemoa,False,aucune
e4785461,CLI-00643,2026-03-21 00:00:00,206500.0,decaissement_credit,,local,False,aucune
aa4539e4,CLI-00667,2026-03-21 00:00:00,32200.0,depot,,local,False,aucune
bff78174,CLI-00408,2026-03-21 00:00:00,31000.0,depot,,local,False,aucune
1ab150df,CLI-00411,2026-03-21 00:00:00,110700.0,depot,,local,False,aucune
6413903c,CLI-00222,2026-03-21 00:00:00,313400.0,depot,,local,False,aucune
a3413ab0,CLI-00566,2026-03-21 00:00:00,106700.0,transfert_entrant,CLI-00772,local,False,aucune
59ebd846,CLI-00687,2026-03-21 00:00:00,74300.0,decaissement_credit,,local,False,aucune
3eb51253,CLI-00310,2026-03-21 00:00:00,206400.0,depot,,regional_uemoa,False,aucune
464dce47,CLI-00092,2026-03-21 00:00:00,198900.0,retrait,,regional_uemoa,False,aucune
6c2874ad,CLI-00699,2026-03-21 00:00:00,26200.0,depot,,local,False,aucune
9fe30d1e,CLI-00140,2026-03-21 00:00:00,30100.0,retrait,,local,False,aucune
a42ba363,CLI-00053,2026-03-21 00:00:00,9300.0,decaissement_credit,,local,False,aucune
551fe5fc,CLI-00049,2026-03-21 00:00:00,4900.0,depot,,local,False,aucune
1d83585e,CLI-00002,2026-03-21 00:00:00,14200.0,depot,,local,False,aucune
b8747502,CLI-00347,2026-03-21 00:00:00,124400.0,remboursement_credit,,local,False,aucune
8e8544a8,CLI-00553,2026-03-21 00:00:00,168900.0,transfert_entrant,CLI-00576,local,False,aucune
8df476c4,CLI-00075,2026-03-21 00:00:00,6400.0,transfert_sortant,CLI-00741,local,False,aucune
c1131c18,CLI-00193,2026-03-21 00:00:00,26800.0,depot,,local,False,aucune
f691da02,CLI-00251,2026-03-21 00:00:00,9800.0,remboursement_credit,,local,False,aucune
a9d6a18c,CLI-00353,2026-03-21 00:00:00,192500.0,retrait,,local,False,aucune
41657788,CLI-00763,2026-03-21 00:00:00,21100.0,transfert_sortant,CLI-00190,local,False,aucune
23bbe221,CLI-00252,2026-03-21 00:00:00,31400.0,retrait,,local,False,aucune
28ec7a20,CLI-00252,2026-03-21 00:00:00,97100.0,retrait,,regional_uemoa,False,aucune
8cb6f4e2,CLI-00477,2026-03-21 00:00:00,20700.0,remboursement_credit,,local,False,aucune
5c92e2df,CLI-00553,2026-03-21 00:00:00,17800.0,retrait,,regional_uemoa,False,aucune
bdc07585,CLI-00652,2026-03-21 00:00:00,7082200.0,transfert_entrant,CLI-00115,regional_uemoa,False,aucune
b0590f69,CLI-00248,2026-03-21 00:00:00,5700.0,depot,,transfrontalier_sensible,False,aucune
33504227,CLI-00468,2026-03-21 00:00:00,52600.0,retrait,,transfrontalier_sensible,False,aucune
5e31e057,CLI-00649,2026-03-21 00:00:00,21100.0,retrait,,local,False,aucune
77e2499a,CLI-00728,2026-03-21 00:00:00,56600.0,remboursement_credit,,transfrontalier_sensible,False,aucune
c7357a54,CLI-00394,2026-03-22 00:00:00,17900.0,transfert_entrant,CLI-00025,local,False,aucune
fe2fff97,CLI-00739,2026-03-22 00:00:00,13500.0,decaissement_credit,,local,False,aucune
b8fe1db6,CLI-00484,2026-03-22 00:00:00,139600.0,transfert_sortant,CLI-00277,local,False,aucune
4a9ef1b0,CLI-00074,2026-03-22 00:00:00,34600.0,transfert_entrant,CLI-00127,local,False,aucune
0dd73eb4,CLI-00202,2026-03-22 00:00:00,11400.0,retrait,,local,False,aucune
f0329312,CLI-00122,2026-03-22 00:00:00,399500.0,transfert_entrant,CLI-00564,local,False,aucune
df41dec1,CLI-00688,2026-03-22 00:00:00,127800.0,retrait,,local,False,aucune
989f800f,CLI-00063,2026-03-22 00:00:00,24600.0,remboursement_credit,,local,False,aucune
103ebf78,CLI-00762,2026-03-22 00:00:00,68500.0,retrait,,local,False,aucune
d23c9036,CLI-00399,2026-03-22 00:00:00,45300.0,depot,,local,False,aucune
4e37c59d,CLI-00673,2026-03-22 00:00:00,97300.0,retrait,,local,False,aucune
7d9ca7ea,CLI-00687,2026-03-22 00:00:00,30000.0,depot,,regional_uemoa,False,aucune
00ea3451,CLI-00704,2026-03-22 00:00:00,115300.0,decaissement_credit,,local,False,aucune
b2abf52c,CLI-00564,2026-03-22 00:00:00,77100.0,remboursement_credit,,regional_uemoa,False,aucune
a520f386,CLI-00380,2026-03-22 00:00:00,18100.0,retrait,,local,False,aucune
697e8c14,CLI-00058,2026-03-22 00:00:00,46100.0,remboursement_credit,,local,False,aucune
362c4c34,CLI-00095,2026-03-22 00:00:00,36400.0,retrait,,local,False,aucune
877e9f8e,CLI-00002,2026-03-22 00:00:00,110800.0,transfert_entrant,CLI-00403,local,False,aucune
fce16891,CLI-00362,2026-03-22 00:00:00,8700.0,retrait,,local,False,aucune
40d0edbc,CLI-00153,2026-03-22 00:00:00,96800.0,retrait,,local,False,aucune
9bf2133e,CLI-00600,2026-03-22 00:00:00,8200.0,depot,,local,False,aucune
48fda7f7,CLI-00504,2026-03-22 00:00:00,12200.0,transfert_sortant,CLI-00043,local,False,aucune
6c0e63ca,CLI-00214,2026-03-22 00:00:00,5191700.0,retrait,,local,False,aucune
2610182d,CLI-00575,2026-03-22 00:00:00,108600.0,remboursement_credit,,local,False,aucune
2f288839,CLI-00280,2026-03-22 00:00:00,49000.0,retrait,,local,False,aucune
9c6a86d9,CLI-00677,2026-03-22 00:00:00,50400.0,decaissement_credit,,local,False,aucune
ed0198c0,CLI-00104,2026-03-22 00:00:00,95100.0,remboursement_credit,,local,False,aucune
487616ae,CLI-00510,2026-03-22 00:00:00,21600.0,retrait,,local,False,aucune
129ebc4c,CLI-00336,2026-03-22 00:00:00,6800.0,remboursement_credit,,local,False,aucune
af5e0aaa,CLI-00089,2026-03-22 00:00:00,71500.0,remboursement_credit,,local,False,aucune
797aa518,CLI-00237,2026-03-22 00:00:00,12900.0,decaissement_credit,,local,False,aucune
6e2a3807,CLI-00404,2026-03-22 00:00:00,217200.0,remboursement_credit,,local,False,aucune
1717c9a2,CLI-00165,2026-03-22 00:00:00,76700.0,depot,,local,False,aucune
1fa1b0fd,CLI-00057,2026-03-22 00:00:00,228800.0,transfert_sortant,CLI-00024,local,False,aucune
347b3f5f,CLI-00195,2026-03-22 00:00:00,93200.0,depot,,local,False,aucune
05fdefbf,CLI-00109,2026-03-22 00:00:00,38400.0,transfert_sortant,CLI-00130,local,False,aucune
f58ac5ff,CLI-00232,2026-03-22 00:00:00,14200.0,depot,,local,False,aucune
25fd3d96,CLI-00458,2026-03-22 00:00:00,12500.0,depot,,local,False,aucune
f99ef270,CLI-00272,2026-03-22 00:00:00,46000.0,retrait,,local,False,aucune
f4b3fd0e,CLI-00083,2026-03-22 00:00:00,239600.0,transfert_sortant,CLI-00076,local,False,aucune
53520049,CLI-00608,2026-03-22 00:00:00,23300.0,transfert_sortant,CLI-00773,local,False,aucune
5011b687,CLI-00493,2026-03-22 00:00:00,9200.0,transfert_sortant,CLI-00191,regional_uemoa,False,aucune
e479feee,CLI-00471,2026-03-22 00:00:00,50400.0,remboursement_credit,,local,False,aucune
0e022e64,CLI-00371,2026-03-22 00:00:00,11200.0,transfert_sortant,CLI-00788,local,False,aucune
890d2d49,CLI-00620,2026-03-22 00:00:00,50600.0,depot,,local,False,aucune
b0a54d88,CLI-00590,2026-03-22 00:00:00,93100.0,depot,,regional_uemoa,False,aucune
be50a4c8,CLI-00392,2026-03-22 00:00:00,35000.0,remboursement_credit,,local,False,aucune
031839ee,CLI-00209,2026-03-22 00:00:00,28500.0,retrait,,local,False,aucune
e0f60a9f,CLI-00295,2026-03-22 00:00:00,90500.0,depot,,regional_uemoa,False,aucune
b8fd6bf0,CLI-00415,2026-03-22 00:00:00,277600.0,decaissement_credit,,local,False,aucune
e3b35e39,CLI-00515,2026-03-22 00:00:00,100000.0,depot,,local,False,aucune
419251e8,CLI-00267,2026-03-22 00:00:00,24400.0,retrait,,local,False,aucune
16deaad7,CLI-00740,2026-03-22 00:00:00,357900.0,transfert_sortant,CLI-00202,regional_uemoa,False,aucune
f8edfb7c,CLI-00333,2026-03-23 00:00:00,8900.0,retrait,,local,False,aucune
b559846b,CLI-00242,2026-03-23 00:00:00,45100.0,decaissement_credit,,local,False,aucune
5b9330bd,CLI-00579,2026-03-23 00:00:00,11100.0,retrait,,local,False,aucune
b35859c0,CLI-00299,2026-03-23 00:00:00,8500.0,retrait,,regional_uemoa,False,aucune
f11145ae,CLI-00676,2026-03-23 00:00:00,52500.0,retrait,,local,False,aucune
8b32a356,CLI-00562,2026-03-23 00:00:00,29600.0,transfert_sortant,CLI-00786,local,False,aucune
4265f1b8,CLI-00029,2026-03-23 00:00:00,10900.0,retrait,,local,False,aucune
4a9cf2d3,CLI-00034,2026-03-23 00:00:00,69600.0,retrait,,regional_uemoa,False,aucune
9edc6653,CLI-00528,2026-03-23 00:00:00,51500.0,depot,,local,False,aucune
b27b0851,CLI-00758,2026-03-23 00:00:00,139300.0,retrait,,local,False,aucune
8f97238a,CLI-00237,2026-03-23 00:00:00,23900.0,transfert_sortant,CLI-00017,local,False,aucune
4b4c3627,CLI-00240,2026-03-23 00:00:00,14800.0,retrait,,local,False,aucune
dd625d52,CLI-00054,2026-03-23 00:00:00,22600.0,transfert_entrant,CLI-00453,local,False,aucune
d100bbb4,CLI-00340,2026-03-23 00:00:00,71200.0,depot,,local,False,aucune
7f9acd63,CLI-00483,2026-03-23 00:00:00,2500.0,retrait,,local,False,aucune
92384359,CLI-00248,2026-03-23 00:00:00,4100.0,depot,,local,False,aucune
f34791cd,CLI-00708,2026-03-23 00:00:00,16900.0,depot,,regional_uemoa,False,aucune
733b183e,CLI-00535,2026-03-23 00:00:00,42400.0,remboursement_credit,,local,False,aucune
90ca5136,CLI-00712,2026-03-23 00:00:00,20400.0,transfert_sortant,CLI-00006,regional_uemoa,False,aucune
ff0ef483,CLI-00403,2026-03-23 00:00:00,4974700.0,transfert_entrant,CLI-00451,local,False,aucune
52e3de90,CLI-00100,2026-03-23 00:00:00,8802800.0,retrait,,local,False,aucune
aa71a483,CLI-00042,2026-03-23 00:00:00,15500.0,decaissement_credit,,local,False,aucune
49e6d3ce,CLI-00425,2026-03-23 00:00:00,46900.0,decaissement_credit,,local,False,aucune
648dd916,CLI-00702,2026-03-23 00:00:00,60000.0,depot,,local,False,aucune
121d84ec,CLI-00615,2026-03-23 00:00:00,21900.0,remboursement_credit,,local,False,aucune
1dac27ef,CLI-00162,2026-03-23 00:00:00,127600.0,remboursement_credit,,local,False,aucune
a3c590dd,CLI-00110,2026-03-23 00:00:00,16500.0,retrait,,local,False,aucune
75860976,CLI-00065,2026-03-23 00:00:00,27700.0,depot,,regional_uemoa,False,aucune
451834f5,CLI-00324,2026-03-23 00:00:00,81900.0,retrait,,local,False,aucune
eb9eda77,CLI-00715,2026-03-23 00:00:00,29500.0,retrait,,local,False,aucune
c85ad93c,CLI-00122,2026-03-23 00:00:00,31500.0,decaissement_credit,,local,False,aucune
31740e5c,CLI-00724,2026-03-23 00:00:00,65000.0,depot,,local,False,aucune
3f0490b6,CLI-00180,2026-03-23 00:00:00,36800.0,transfert_sortant,CLI-00577,regional_uemoa,False,aucune
d94a51e0,CLI-00583,2026-03-23 00:00:00,138500.0,remboursement_credit,,local,False,aucune
55168876,CLI-00287,2026-03-23 00:00:00,71400.0,retrait,,local,False,aucune
1cd515b4,CLI-00432,2026-03-23 00:00:00,5000.0,depot,,local,False,aucune
ac70ce4d,CLI-00186,2026-03-23 00:00:00,34200.0,depot,,local,False,aucune
e3d42a18,CLI-00523,2026-03-23 00:00:00,9000.0,retrait,,local,False,aucune
5f5a34d6,CLI-00526,2026-03-23 00:00:00,273400.0,retrait,,local,False,aucune
98e218e1,CLI-00290,2026-03-23 00:00:00,249200.0,transfert_sortant,CLI-00151,local,False,aucune
1aed33e4,CLI-00202,2026-03-23 00:00:00,25500.0,retrait,,local,False,aucune
db8a8e8b,CLI-00783,2026-03-23 00:00:00,28800.0,transfert_entrant,CLI-00069,local,False,aucune
3c77b72d,CLI-00621,2026-03-23 00:00:00,8200.0,transfert_sortant,CLI-00305,regional_uemoa,False,aucune
440d082a,CLI-00782,2026-03-23 00:00:00,13900.0,depot,,regional_uemoa,False,aucune
37e4a4ba,CLI-00137,2026-03-23 00:00:00,40500.0,transfert_sortant,CLI-00416,local,False,aucune
3249c63c,CLI-00553,2026-03-23 00:00:00,258400.0,decaissement_credit,,local,False,aucune
3a577b7f,CLI-00329,2026-03-23 00:00:00,36300.0,transfert_entrant,CLI-00111,local,False,aucune
8354dcc5,CLI-00752,2026-03-23 00:00:00,10800.0,retrait,,transfrontalier_sensible,False,aucune
651cdcbe,CLI-00462,2026-03-24 00:00:00,19200.0,remboursement_credit,,local,False,aucune
67cdcf94,CLI-00080,2026-03-24 00:00:00,22200.0,transfert_entrant,CLI-00076,transfrontalier_sensible,False,aucune
149b3d0f,CLI-00555,2026-03-24 00:00:00,11800.0,retrait,,local,False,aucune
4a31c426,CLI-00426,2026-03-24 00:00:00,16800.0,transfert_entrant,CLI-00530,local,False,aucune
8c451ec3,CLI-00080,2026-03-24 00:00:00,661900.0,depot,,regional_uemoa,False,aucune
29df2021,CLI-00317,2026-03-24 00:00:00,34500.0,remboursement_credit,,local,False,aucune
3b0393a4,CLI-00445,2026-03-24 00:00:00,176800.0,depot,,local,False,aucune
3fb510cd,CLI-00005,2026-03-24 00:00:00,49800.0,transfert_entrant,CLI-00064,local,False,aucune
974b276c,CLI-00102,2026-03-24 00:00:00,19100.0,retrait,,local,False,aucune
1f70511f,CLI-00199,2026-03-24 00:00:00,104900.0,depot,,local,False,aucune
3a5af95a,CLI-00008,2026-03-24 00:00:00,5800.0,transfert_sortant,CLI-00587,local,False,aucune
2411a459,CLI-00709,2026-03-24 00:00:00,142300.0,decaissement_credit,,local,False,aucune
90cbd4d0,CLI-00147,2026-03-24 00:00:00,140600.0,depot,,local,False,aucune
bda97478,CLI-00769,2026-03-24 00:00:00,65200.0,retrait,,local,False,aucune
a16b52b3,CLI-00388,2026-03-24 00:00:00,106100.0,depot,,local,False,aucune
58694606,CLI-00324,2026-03-24 00:00:00,205100.0,decaissement_credit,,local,False,aucune
5fcfe7a6,CLI-00769,2026-03-24 00:00:00,41400.0,depot,,local,False,aucune
7d786711,CLI-00258,2026-03-24 00:00:00,49200.0,retrait,,local,False,aucune
52c38042,CLI-00575,2026-03-24 00:00:00,9800.0,retrait,,regional_uemoa,False,aucune
3899089b,CLI-00735,2026-03-24 00:00:00,37600.0,depot,,local,False,aucune
44412adf,CLI-00311,2026-03-24 00:00:00,94100.0,retrait,,local,False,aucune
f6cdec26,CLI-00585,2026-03-24 00:00:00,45200.0,remboursement_credit,,local,False,aucune
0ed91c53,CLI-00088,2026-03-24 00:00:00,27700.0,retrait,,local,False,aucune
b5a2bae6,CLI-00585,2026-03-24 00:00:00,25600.0,depot,,local,False,aucune
62e48b5d,CLI-00307,2026-03-24 00:00:00,24000.0,remboursement_credit,,local,False,aucune
647bd3ef,CLI-00487,2026-03-24 00:00:00,161700.0,retrait,,local,False,aucune
92b5c7a1,CLI-00670,2026-03-24 00:00:00,75600.0,transfert_sortant,CLI-00112,regional_uemoa,False,aucune
e7457510,CLI-00658,2026-03-24 00:00:00,110700.0,remboursement_credit,,local,False,aucune
0fd36d03,CLI-00114,2026-03-24 00:00:00,104700.0,decaissement_credit,,local,False,aucune
4e6e77d1,CLI-00631,2026-03-24 00:00:00,6000.0,depot,,local,False,aucune
81506ce6,CLI-00227,2026-03-24 00:00:00,30400.0,depot,,regional_uemoa,False,aucune
6bc7bb84,CLI-00320,2026-03-24 00:00:00,52500.0,depot,,local,False,aucune
43576044,CLI-00698,2026-03-24 00:00:00,161200.0,depot,,transfrontalier_sensible,False,aucune
fc219fb2,CLI-00009,2026-03-24 00:00:00,109100.0,retrait,,local,False,aucune
d646a386,CLI-00077,2026-03-24 00:00:00,32700.0,retrait,,local,False,aucune
4ea3fdce,CLI-00436,2026-03-24 00:00:00,9400.0,retrait,,regional_uemoa,False,aucune
cc698916,CLI-00227,2026-03-24 00:00:00,66600.0,transfert_entrant,CLI-00424,local,False,aucune
5131ad09,CLI-00775,2026-03-24 00:00:00,100500.0,depot,,regional_uemoa,False,aucune
f12ec6a9,CLI-00175,2026-03-24 00:00:00,4219100.0,remboursement_credit,,local,False,aucune
6dfae030,CLI-00491,2026-03-24 00:00:00,71600.0,transfert_sortant,CLI-00740,local,False,aucune
fab55b6e,CLI-00150,2026-03-24 00:00:00,114300.0,retrait,,local,False,aucune
e65a6fe3,CLI-00191,2026-03-24 00:00:00,27000.0,transfert_entrant,CLI-00509,local,False,aucune
9fbbe288,CLI-00112,2026-03-24 00:00:00,62900.0,transfert_sortant,CLI-00584,local,False,aucune
09dafa25,CLI-00651,2026-03-24 00:00:00,299400.0,retrait,,local,False,aucune
397b0fee,CLI-00243,2026-03-24 00:00:00,39300.0,retrait,,local,False,aucune
9782f27a,CLI-00761,2026-03-24 00:00:00,25100.0,depot,,regional_uemoa,False,aucune
465e224c,CLI-00675,2026-03-24 00:00:00,101100.0,retrait,,local,False,aucune
4660ed97,CLI-00604,2026-03-24 00:00:00,205400.0,depot,,regional_uemoa,False,aucune
155f48e8,CLI-00552,2026-03-24 00:00:00,91900.0,retrait,,local,False,aucune
b88c2ffa,CLI-00285,2026-03-24 00:00:00,42600.0,depot,,local,False,aucune
5e329e06,CLI-00508,2026-03-24 00:00:00,82700.0,transfert_sortant,CLI-00219,local,False,aucune
a710fe69,CLI-00669,2026-03-24 00:00:00,44200.0,depot,,local,False,aucune
3666b779,CLI-00106,2026-03-24 00:00:00,7600.0,retrait,,local,False,aucune
191b67e5,CLI-00480,2026-03-24 00:00:00,139600.0,retrait,,regional_uemoa,False,aucune
55a6c5d2,CLI-00038,2026-03-24 00:00:00,119500.0,decaissement_credit,,local,False,aucune
85369d47,CLI-00151,2026-03-25 00:00:00,34200.0,depot,,local,False,aucune
6c47d9ed,CLI-00539,2026-03-25 00:00:00,30100.0,retrait,,local,False,aucune
c754d910,CLI-00127,2026-03-25 00:00:00,25800.0,transfert_sortant,CLI-00209,local,False,aucune
57c1ba15,CLI-00237,2026-03-25 00:00:00,9124400.0,transfert_sortant,CLI-00059,local,False,aucune
3d1ed21b,CLI-00233,2026-03-25 00:00:00,57800.0,depot,,local,False,aucune
dd9fab58,CLI-00120,2026-03-25 00:00:00,7400.0,transfert_sortant,CLI-00788,local,False,aucune
da7d707d,CLI-00662,2026-03-25 00:00:00,186500.0,retrait,,local,False,aucune
9d55d66c,CLI-00465,2026-03-25 00:00:00,10500.0,depot,,local,False,aucune
613f97b5,CLI-00673,2026-03-25 00:00:00,232000.0,retrait,,local,False,aucune
557f9082,CLI-00541,2026-03-25 00:00:00,17500.0,depot,,local,False,aucune
ba35c08d,CLI-00624,2026-03-25 00:00:00,83400.0,depot,,local,False,aucune
c5da940b,CLI-00305,2026-03-25 00:00:00,50700.0,transfert_sortant,CLI-00094,local,False,aucune
8f105621,CLI-00492,2026-03-25 00:00:00,112200.0,retrait,,local,False,aucune
7355d12a,CLI-00333,2026-03-25 00:00:00,43500.0,depot,,local,False,aucune
af92ac3a,CLI-00260,2026-03-25 00:00:00,83300.0,decaissement_credit,,local,False,aucune
8c679900,CLI-00320,2026-03-25 00:00:00,334800.0,remboursement_credit,,local,False,aucune
469e1354,CLI-00772,2026-03-25 00:00:00,61900.0,transfert_entrant,CLI-00140,regional_uemoa,False,aucune
858eb614,CLI-00353,2026-03-25 00:00:00,25000.0,remboursement_credit,,local,False,aucune
a52db255,CLI-00036,2026-03-25 00:00:00,9081600.0,retrait,,local,False,aucune
02a75ecc,CLI-00726,2026-03-25 00:00:00,41100.0,retrait,,transfrontalier_sensible,False,aucune
386d5816,CLI-00375,2026-03-25 00:00:00,16300.0,depot,,local,False,aucune
12236f88,CLI-00187,2026-03-25 00:00:00,44100.0,depot,,local,False,aucune
043e052c,CLI-00164,2026-03-25 00:00:00,171200.0,depot,,local,False,aucune
9de81259,CLI-00769,2026-03-25 00:00:00,34800.0,retrait,,regional_uemoa,False,aucune
c6ad5e32,CLI-00292,2026-03-25 00:00:00,274600.0,retrait,,transfrontalier_sensible,False,aucune
109d3ff1,CLI-00132,2026-03-25 00:00:00,23600.0,retrait,,local,False,aucune
6e025033,CLI-00493,2026-03-25 00:00:00,31500.0,retrait,,local,False,aucune
e630a972,CLI-00255,2026-03-25 00:00:00,34200.0,transfert_entrant,CLI-00496,local,False,aucune
0e45c8c0,CLI-00616,2026-03-25 00:00:00,323600.0,depot,,local,False,aucune
dd78ce42,CLI-00087,2026-03-25 00:00:00,85400.0,depot,,regional_uemoa,False,aucune
1251de3d,CLI-00161,2026-03-25 00:00:00,34400.0,retrait,,local,False,aucune
896ce0a1,CLI-00214,2026-03-25 00:00:00,201800.0,decaissement_credit,,regional_uemoa,False,aucune
eb3587c6,CLI-00470,2026-03-25 00:00:00,39800.0,transfert_sortant,CLI-00543,local,False,aucune
f0b65cb4,CLI-00336,2026-03-25 00:00:00,51800.0,retrait,,local,False,aucune
62f5eb33,CLI-00030,2026-03-25 00:00:00,59000.0,retrait,,local,False,aucune
3016df97,CLI-00711,2026-03-25 00:00:00,55100.0,depot,,local,False,aucune
5369fe66,CLI-00425,2026-03-25 00:00:00,10100.0,retrait,,local,False,aucune
65c23991,CLI-00582,2026-03-25 00:00:00,7497300.0,remboursement_credit,,local,False,aucune
5809802d,CLI-00387,2026-03-25 00:00:00,132000.0,remboursement_credit,,local,False,aucune
8a6337c9,CLI-00750,2026-03-25 00:00:00,142400.0,retrait,,local,False,aucune
84c980c9,CLI-00786,2026-03-25 00:00:00,64800.0,depot,,local,False,aucune
31227a78,CLI-00170,2026-03-25 00:00:00,31900.0,transfert_sortant,CLI-00134,local,False,aucune
103b28c3,CLI-00056,2026-03-25 00:00:00,81300.0,transfert_entrant,CLI-00197,local,False,aucune
4a4f735a,CLI-00504,2026-03-25 00:00:00,24500.0,remboursement_credit,,local,False,aucune
979107c1,CLI-00281,2026-03-25 00:00:00,344500.0,transfert_sortant,CLI-00737,local,False,aucune
45679bf6,CLI-00308,2026-03-25 00:00:00,103000.0,depot,,transfrontalier_sensible,False,aucune
243fcb1e,CLI-00060,2026-03-25 00:00:00,89400.0,depot,,local,False,aucune
e352525b,CLI-00356,2026-03-25 00:00:00,9100.0,retrait,,local,False,aucune
5650f790,CLI-00603,2026-03-25 00:00:00,31100.0,retrait,,local,False,aucune
59fe4805,CLI-00784,2026-03-25 00:00:00,20400.0,retrait,,local,False,aucune
8cf0f258,CLI-00003,2026-03-25 00:00:00,188300.0,depot,,transfrontalier_sensible,False,aucune
0c0fcea4,CLI-00554,2026-03-25 00:00:00,32800.0,retrait,,local,False,aucune
449eecfd,CLI-00024,2026-03-25 00:00:00,354800.0,remboursement_credit,,local,False,aucune
013cb29b,CLI-00307,2026-03-25 00:00:00,118800.0,transfert_sortant,CLI-00112,regional_uemoa,False,aucune
85c87488,CLI-00057,2026-03-25 00:00:00,11500.0,depot,,local,False,aucune
d3d09f31,CLI-00172,2026-03-25 00:00:00,17800.0,retrait,,transfrontalier_sensible,False,aucune
e011ec96,CLI-00682,2026-03-25 00:00:00,96900.0,remboursement_credit,,local,False,aucune
ac2b866e,CLI-00715,2026-03-25 00:00:00,39200.0,retrait,,local,False,aucune
9ced56fb,CLI-00570,2026-03-26 00:00:00,132000.0,depot,,local,False,aucune
d479057e,CLI-00014,2026-03-26 00:00:00,51200.0,retrait,,local,False,aucune
f546ee48,CLI-00514,2026-03-26 00:00:00,120000.0,decaissement_credit,,local,False,aucune
544c9f14,CLI-00703,2026-03-26 00:00:00,194500.0,retrait,,regional_uemoa,False,aucune
bd5fc97f,CLI-00598,2026-03-26 00:00:00,127100.0,depot,,local,False,aucune
5606ffb0,CLI-00335,2026-03-26 00:00:00,34000.0,retrait,,local,False,aucune
126d5ac7,CLI-00471,2026-03-26 00:00:00,97900.0,transfert_sortant,CLI-00253,local,False,aucune
e3578d73,CLI-00729,2026-03-26 00:00:00,33800.0,depot,,local,False,aucune
0c1dece3,CLI-00561,2026-03-26 00:00:00,657700.0,transfert_entrant,CLI-00484,regional_uemoa,False,aucune
80fa5529,CLI-00456,2026-03-26 00:00:00,71700.0,transfert_sortant,CLI-00413,local,False,aucune
ab657442,CLI-00551,2026-03-26 00:00:00,38400.0,depot,,local,False,aucune
d57e9867,CLI-00434,2026-03-26 00:00:00,319800.0,depot,,regional_uemoa,False,aucune
187c552a,CLI-00010,2026-03-26 00:00:00,212300.0,remboursement_credit,,local,False,aucune
37898239,CLI-00434,2026-03-26 00:00:00,246600.0,retrait,,local,False,aucune
86522ab3,CLI-00611,2026-03-26 00:00:00,138300.0,decaissement_credit,,regional_uemoa,False,aucune
ebbb3df6,CLI-00419,2026-03-26 00:00:00,214900.0,retrait,,local,False,aucune
9269127c,CLI-00423,2026-03-26 00:00:00,309400.0,retrait,,local,False,aucune
0234eb45,CLI-00064,2026-03-26 00:00:00,15100.0,retrait,,local,False,aucune
24cbeea8,CLI-00641,2026-03-26 00:00:00,21300.0,depot,,regional_uemoa,False,aucune
19dc535b,CLI-00018,2026-03-26 00:00:00,142500.0,depot,,local,False,aucune
d77006de,CLI-00291,2026-03-26 00:00:00,32700.0,remboursement_credit,,local,False,aucune
04d47e8d,CLI-00211,2026-03-26 00:00:00,40000.0,remboursement_credit,,local,False,aucune
35b14d08,CLI-00418,2026-03-26 00:00:00,16300.0,remboursement_credit,,local,False,aucune
6d62a147,CLI-00010,2026-03-26 00:00:00,65400.0,remboursement_credit,,local,False,aucune
1c6021dc,CLI-00503,2026-03-26 00:00:00,4800.0,retrait,,local,False,aucune
4c879160,CLI-00696,2026-03-26 00:00:00,37300.0,retrait,,local,False,aucune
ad4b29eb,CLI-00085,2026-03-26 00:00:00,34700.0,retrait,,local,False,aucune
1c8a64de,CLI-00256,2026-03-26 00:00:00,22200.0,depot,,local,False,aucune
4afe59c0,CLI-00639,2026-03-26 00:00:00,210700.0,transfert_sortant,CLI-00732,local,False,aucune
914e9837,CLI-00776,2026-03-26 00:00:00,45200.0,depot,,local,False,aucune
b4051248,CLI-00584,2026-03-26 00:00:00,15200.0,decaissement_credit,,local,False,aucune
7c34547c,CLI-00512,2026-03-26 00:00:00,32900.0,remboursement_credit,,local,False,aucune
8c9acb83,CLI-00270,2026-03-26 00:00:00,25900.0,remboursement_credit,,local,False,aucune
cc463507,CLI-00312,2026-03-26 00:00:00,13800.0,depot,,local,False,aucune
937282b8,CLI-00152,2026-03-26 00:00:00,48900.0,transfert_sortant,CLI-00707,local,False,aucune
7a7b67c3,CLI-00172,2026-03-26 00:00:00,28100.0,decaissement_credit,,regional_uemoa,False,aucune
ce7b85be,CLI-00450,2026-03-26 00:00:00,71800.0,depot,,local,False,aucune
8f6c7f30,CLI-00375,2026-03-26 00:00:00,22200.0,transfert_sortant,CLI-00550,transfrontalier_sensible,False,aucune
3dc3699f,CLI-00609,2026-03-26 00:00:00,33100.0,depot,,regional_uemoa,False,aucune
f3cfe615,CLI-00307,2026-03-26 00:00:00,206000.0,remboursement_credit,,local,False,aucune
1583bc34,CLI-00650,2026-03-26 00:00:00,17800.0,retrait,,local,False,aucune
630e21b3,CLI-00247,2026-03-26 00:00:00,79200.0,remboursement_credit,,local,False,aucune
3e5e0377,CLI-00023,2026-03-26 00:00:00,106400.0,transfert_sortant,CLI-00107,local,False,aucune
8353bf2d,CLI-00140,2026-03-26 00:00:00,11000.0,depot,,local,False,aucune
de0b254b,CLI-00265,2026-03-26 00:00:00,86200.0,retrait,,regional_uemoa,False,aucune
d1d55db3,CLI-00535,2026-03-26 00:00:00,159700.0,depot,,local,False,aucune
da9abefa,CLI-00161,2026-03-26 00:00:00,199200.0,retrait,,local,False,aucune
17e101f8,CLI-00015,2026-03-26 00:00:00,337200.0,depot,,local,False,aucune
22cbbb84,CLI-00239,2026-03-26 00:00:00,117600.0,retrait,,local,False,aucune
7c758d89,CLI-00300,2026-03-26 00:00:00,7087000.0,remboursement_credit,,local,False,aucune
450c7579,CLI-00383,2026-03-26 00:00:00,59700.0,decaissement_credit,,local,False,aucune
12f47f18,CLI-00039,2026-03-26 00:00:00,46900.0,retrait,,local,False,aucune
8c647148,CLI-00693,2026-03-27 00:00:00,184700.0,depot,,local,False,aucune
7ab32224,CLI-00016,2026-03-27 00:00:00,14700.0,retrait,,local,False,aucune
856952c8,CLI-00236,2026-03-27 00:00:00,51100.0,decaissement_credit,,local,False,aucune
1f170496,CLI-00566,2026-03-27 00:00:00,47300.0,depot,,local,False,aucune
45a6b2db,CLI-00576,2026-03-27 00:00:00,42600.0,retrait,,local,False,aucune
c1f547fc,CLI-00367,2026-03-27 00:00:00,127200.0,transfert_entrant,CLI-00570,regional_uemoa,False,aucune
3c93af9b,CLI-00533,2026-03-27 00:00:00,9100.0,retrait,,local,False,aucune
05977a6b,CLI-00674,2026-03-27 00:00:00,93100.0,depot,,local,False,aucune
e20580f6,CLI-00240,2026-03-27 00:00:00,97200.0,remboursement_credit,,local,False,aucune
955f10f4,CLI-00016,2026-03-27 00:00:00,23700.0,depot,,local,False,aucune
9048739e,CLI-00775,2026-03-27 00:00:00,5800.0,transfert_sortant,CLI-00028,local,False,aucune
51ca625a,CLI-00556,2026-03-27 00:00:00,15000.0,retrait,,local,False,aucune
fded790c,CLI-00166,2026-03-27 00:00:00,13700.0,depot,,local,False,aucune
6c6d54f3,CLI-00672,2026-03-27 00:00:00,72100.0,retrait,,local,False,aucune
8553f15f,CLI-00515,2026-03-27 00:00:00,9900.0,remboursement_credit,,local,False,aucune
126cbd91,CLI-00546,2026-03-27 00:00:00,119400.0,retrait,,local,False,aucune
3d3d4a8b,CLI-00550,2026-03-27 00:00:00,191300.0,transfert_entrant,CLI-00661,local,False,aucune
60d5a3fb,CLI-00184,2026-03-27 00:00:00,71900.0,depot,,regional_uemoa,False,aucune
fbd03fb0,CLI-00778,2026-03-27 00:00:00,7500.0,depot,,local,False,aucune
c9c44fd9,CLI-00266,2026-03-27 00:00:00,23400.0,decaissement_credit,,local,False,aucune
3b8a20fb,CLI-00077,2026-03-27 00:00:00,17200.0,retrait,,local,False,aucune
16e4ffac,CLI-00088,2026-03-27 00:00:00,150700.0,depot,,regional_uemoa,False,aucune
e07db293,CLI-00061,2026-03-27 00:00:00,25000.0,transfert_entrant,CLI-00361,local,False,aucune
bd1810b4,CLI-00117,2026-03-27 00:00:00,25300.0,transfert_sortant,CLI-00498,local,False,aucune
82900df4,CLI-00288,2026-03-27 00:00:00,653900.0,depot,,local,False,aucune
67f0cf4e,CLI-00310,2026-03-27 00:00:00,151600.0,transfert_sortant,CLI-00170,local,False,aucune
600fcf8a,CLI-00138,2026-03-27 00:00:00,6000.0,transfert_entrant,CLI-00662,local,False,aucune
a2b6ad21,CLI-00484,2026-03-27 00:00:00,8300.0,retrait,,local,False,aucune
9e325409,CLI-00361,2026-03-27 00:00:00,5200.0,transfert_entrant,CLI-00228,local,False,aucune
23d61549,CLI-00774,2026-03-27 00:00:00,12500.0,retrait,,local,False,aucune
1887eb6c,CLI-00610,2026-03-27 00:00:00,5600.0,depot,,regional_uemoa,False,aucune
562e215e,CLI-00217,2026-03-27 00:00:00,34400.0,depot,,local,False,aucune
8c303625,CLI-00501,2026-03-27 00:00:00,48700.0,transfert_sortant,CLI-00574,local,False,aucune
1c92eb7e,CLI-00006,2026-03-27 00:00:00,19800.0,depot,,local,False,aucune
defa8850,CLI-00037,2026-03-27 00:00:00,144700.0,remboursement_credit,,local,False,aucune
22394bbe,CLI-00147,2026-03-27 00:00:00,10500.0,depot,,local,False,aucune
a318fc0e,CLI-00648,2026-03-27 00:00:00,16100.0,decaissement_credit,,local,False,aucune
05413e8a,CLI-00717,2026-03-27 00:00:00,130500.0,transfert_entrant,CLI-00625,local,False,aucune
8cf9a41c,CLI-00554,2026-03-27 00:00:00,30300.0,decaissement_credit,,local,False,aucune
3d67813c,CLI-00698,2026-03-27 00:00:00,16900.0,transfert_sortant,CLI-00757,local,False,aucune
550a12dc,CLI-00005,2026-03-27 00:00:00,132200.0,transfert_entrant,CLI-00772,local,False,aucune
38835a90,CLI-00279,2026-03-27 00:00:00,31300.0,depot,,local,False,aucune
4af52325,CLI-00399,2026-03-27 00:00:00,85700.0,transfert_entrant,CLI-00424,transfrontalier_sensible,False,aucune
fe1bde19,CLI-00063,2026-03-27 00:00:00,5100.0,depot,,transfrontalier_sensible,False,aucune
019765e3,CLI-00251,2026-03-27 00:00:00,78400.0,retrait,,local,False,aucune
1c6d4a3c,CLI-00427,2026-03-27 00:00:00,16600.0,retrait,,local,False,aucune
aae2d70f,CLI-00512,2026-03-27 00:00:00,40200.0,depot,,local,False,aucune
27e452fb,CLI-00730,2026-03-27 00:00:00,18200.0,retrait,,local,False,aucune
65a1c6ed,CLI-00541,2026-03-27 00:00:00,10500.0,transfert_sortant,CLI-00004,local,False,aucune
37f8474c,CLI-00115,2026-03-28 00:00:00,68900.0,decaissement_credit,,local,False,aucune
0aaf0067,CLI-00516,2026-03-28 00:00:00,645700.0,remboursement_credit,,local,False,aucune
686eba48,CLI-00430,2026-03-28 00:00:00,194400.0,depot,,local,False,aucune
3ad81f94,CLI-00428,2026-03-28 00:00:00,95300.0,retrait,,local,False,aucune
d9b5f870,CLI-00395,2026-03-28 00:00:00,1112600.0,transfert_entrant,CLI-00711,local,False,aucune
2d2c229e,CLI-00044,2026-03-28 00:00:00,16800.0,depot,,local,False,aucune
5e2c4255,CLI-00691,2026-03-28 00:00:00,22000.0,transfert_entrant,CLI-00464,local,False,aucune
a64baf1b,CLI-00288,2026-03-28 00:00:00,107800.0,remboursement_credit,,local,False,aucune
470f708e,CLI-00257,2026-03-28 00:00:00,231000.0,decaissement_credit,,local,False,aucune
772e4edc,CLI-00146,2026-03-28 00:00:00,22400.0,depot,,local,False,aucune
9a9ddf85,CLI-00167,2026-03-28 00:00:00,32300.0,decaissement_credit,,local,False,aucune
d2533824,CLI-00250,2026-03-28 00:00:00,135200.0,decaissement_credit,,local,False,aucune
cfa10fed,CLI-00627,2026-03-28 00:00:00,54300.0,retrait,,local,False,aucune
faa987c8,CLI-00551,2026-03-28 00:00:00,32000.0,depot,,local,False,aucune
d33a2660,CLI-00755,2026-03-28 00:00:00,29900.0,depot,,local,False,aucune
74de6e43,CLI-00173,2026-03-28 00:00:00,18300.0,transfert_sortant,CLI-00010,local,False,aucune
191b2682,CLI-00524,2026-03-28 00:00:00,91500.0,remboursement_credit,,local,False,aucune
6e4cad2b,CLI-00287,2026-03-28 00:00:00,18100.0,remboursement_credit,,local,False,aucune
69fb6e97,CLI-00371,2026-03-28 00:00:00,246700.0,transfert_sortant,CLI-00630,local,False,aucune
d343136e,CLI-00759,2026-03-28 00:00:00,69100.0,transfert_sortant,CLI-00493,local,False,aucune
a7a4137c,CLI-00430,2026-03-28 00:00:00,14400.0,depot,,regional_uemoa,False,aucune
5efc470d,CLI-00670,2026-03-28 00:00:00,142400.0,transfert_entrant,CLI-00306,regional_uemoa,False,aucune
0a092cd3,CLI-00353,2026-03-28 00:00:00,42900.0,depot,,local,False,aucune
f268c23d,CLI-00542,2026-03-28 00:00:00,61100.0,transfert_entrant,CLI-00618,local,False,aucune
daa4acfe,CLI-00105,2026-03-28 00:00:00,91900.0,transfert_sortant,CLI-00641,local,False,aucune
d3c3b39a,CLI-00467,2026-03-28 00:00:00,22100.0,transfert_sortant,CLI-00227,regional_uemoa,False,aucune
fa1a30de,CLI-00530,2026-03-28 00:00:00,53600.0,transfert_entrant,CLI-00572,local,False,aucune
fcc4c9b5,CLI-00238,2026-03-28 00:00:00,48700.0,depot,,local,False,aucune
1eec7ed8,CLI-00741,2026-03-28 00:00:00,96500.0,decaissement_credit,,regional_uemoa,False,aucune
f96823e9,CLI-00083,2026-03-28 00:00:00,47500.0,depot,,local,False,aucune
a2fe39e1,CLI-00630,2026-03-28 00:00:00,34400.0,depot,,local,False,aucune
0d6f655b,CLI-00248,2026-03-28 00:00:00,49200.0,remboursement_credit,,local,False,aucune
31cb36b4,CLI-00548,2026-03-28 00:00:00,69900.0,depot,,local,False,aucune
c1d84cca,CLI-00086,2026-03-28 00:00:00,55900.0,depot,,transfrontalier_sensible,False,aucune
135aacc3,CLI-00543,2026-03-28 00:00:00,77400.0,retrait,,local,False,aucune
0d5b84fd,CLI-00682,2026-03-28 00:00:00,163100.0,remboursement_credit,,local,False,aucune
06f9c102,CLI-00149,2026-03-28 00:00:00,94100.0,transfert_entrant,CLI-00081,local,False,aucune
488db97e,CLI-00020,2026-03-28 00:00:00,30900.0,retrait,,local,False,aucune
c05e695c,CLI-00042,2026-03-28 00:00:00,62500.0,remboursement_credit,,local,False,aucune
934de844,CLI-00093,2026-03-28 00:00:00,7800.0,retrait,,local,False,aucune
900ac1e1,CLI-00655,2026-03-28 00:00:00,632800.0,depot,,regional_uemoa,False,aucune
2096ce8b,CLI-00124,2026-03-28 00:00:00,14100.0,transfert_sortant,CLI-00391,local,False,aucune
6b8426c9,CLI-00464,2026-03-28 00:00:00,50600.0,remboursement_credit,,local,False,aucune
36d756f8,CLI-00409,2026-03-28 00:00:00,12300.0,remboursement_credit,,local,False,aucune
cdeed427,CLI-00620,2026-03-28 00:00:00,38000.0,retrait,,local,False,aucune
7170a729,CLI-00343,2026-03-28 00:00:00,20500.0,decaissement_credit,,regional_uemoa,False,aucune
7feb2c1c,CLI-00261,2026-03-28 00:00:00,75200.0,depot,,local,False,aucune
24770fdb,CLI-00264,2026-03-28 00:00:00,47300.0,retrait,,local,False,aucune
fa76a074,CLI-00295,2026-03-28 00:00:00,127500.0,remboursement_credit,,local,False,aucune
e4de276e,CLI-00670,2026-03-28 00:00:00,37000.0,depot,,local,False,aucune
974b69a3,CLI-00682,2026-03-28 00:00:00,49300.0,depot,,local,False,aucune
c704c7ad,CLI-00462,2026-03-28 00:00:00,47600.0,depot,,local,False,aucune
e2e6cba5,CLI-00284,2026-03-28 00:00:00,15700.0,depot,,regional_uemoa,False,aucune
c24171e7,CLI-00032,2026-03-28 00:00:00,49500.0,transfert_sortant,CLI-00111,local,False,aucune
2f81ee58,CLI-00739,2026-03-28 00:00:00,63700.0,depot,,local,False,aucune
eef77a13,CLI-00602,2026-03-28 00:00:00,397300.0,decaissement_credit,,local,False,aucune
fe4620dc,CLI-00443,2026-03-28 00:00:00,27500.0,retrait,,regional_uemoa,False,aucune
690b46a5,CLI-00325,2026-03-28 00:00:00,66200.0,transfert_sortant,CLI-00680,transfrontalier_sensible,False,aucune
af191269,CLI-00223,2026-03-28 00:00:00,139600.0,transfert_entrant,CLI-00139,local,False,aucune
ea89f504,CLI-00228,2026-03-28 00:00:00,19000.0,retrait,,local,False,aucune
8adb46a1,CLI-00129,2026-03-28 00:00:00,70200.0,retrait,,local,False,aucune
81c80f98,CLI-00133,2026-03-28 00:00:00,58700.0,depot,,local,False,aucune
860328dd,CLI-00143,2026-03-29 00:00:00,9600.0,retrait,,local,False,aucune
e4a1a168,CLI-00534,2026-03-29 00:00:00,45700.0,transfert_entrant,CLI-00620,local,False,aucune
d1382200,CLI-00101,2026-03-29 00:00:00,21500.0,remboursement_credit,,local,False,aucune
f14ac4c7,CLI-00443,2026-03-29 00:00:00,99900.0,retrait,,transfrontalier_sensible,False,aucune
fc59b2e3,CLI-00759,2026-03-29 00:00:00,450600.0,remboursement_credit,,local,False,aucune
b1043340,CLI-00478,2026-03-29 00:00:00,21600.0,retrait,,local,False,aucune
b632afde,CLI-00585,2026-03-29 00:00:00,26700.0,depot,,local,False,aucune
fbd5c5e2,CLI-00280,2026-03-29 00:00:00,96200.0,remboursement_credit,,local,False,aucune
27a8cffe,CLI-00692,2026-03-29 00:00:00,17400.0,depot,,local,False,aucune
f84e3a54,CLI-00468,2026-03-29 00:00:00,214900.0,depot,,transfrontalier_sensible,False,aucune
b5f5647b,CLI-00009,2026-03-29 00:00:00,41700.0,remboursement_credit,,local,False,aucune
7dd65a2d,CLI-00131,2026-03-29 00:00:00,287200.0,depot,,local,False,aucune
8e7c850f,CLI-00634,2026-03-29 00:00:00,22300.0,transfert_entrant,CLI-00020,local,False,aucune
041b1a99,CLI-00550,2026-03-29 00:00:00,21100.0,retrait,,local,False,aucune
499427c4,CLI-00147,2026-03-29 00:00:00,18800.0,decaissement_credit,,regional_uemoa,False,aucune
6a149101,CLI-00371,2026-03-29 00:00:00,14900.0,decaissement_credit,,local,False,aucune
5c362a90,CLI-00575,2026-03-29 00:00:00,20600.0,depot,,local,False,aucune
a008abf9,CLI-00081,2026-03-29 00:00:00,127900.0,retrait,,local,False,aucune
10b2998c,CLI-00213,2026-03-29 00:00:00,79700.0,retrait,,local,False,aucune
cc440dc4,CLI-00428,2026-03-29 00:00:00,203200.0,remboursement_credit,,local,False,aucune
bb16155c,CLI-00548,2026-03-29 00:00:00,65400.0,depot,,local,False,aucune
57973c66,CLI-00518,2026-03-29 00:00:00,24100.0,remboursement_credit,,local,False,aucune
6fc598b0,CLI-00565,2026-03-29 00:00:00,14800.0,decaissement_credit,,regional_uemoa,False,aucune
9c008f30,CLI-00259,2026-03-29 00:00:00,16300.0,retrait,,local,False,aucune
b77f8f26,CLI-00695,2026-03-29 00:00:00,49300.0,retrait,,local,False,aucune
ea71e0f8,CLI-00625,2026-03-29 00:00:00,64800.0,transfert_entrant,CLI-00737,transfrontalier_sensible,False,aucune
72ba149d,CLI-00184,2026-03-29 00:00:00,29700.0,depot,,local,False,aucune
03667472,CLI-00733,2026-03-29 00:00:00,41900.0,transfert_sortant,CLI-00741,local,False,aucune
d95a42f5,CLI-00019,2026-03-29 00:00:00,83000.0,retrait,,local,False,aucune
ff5f3ec9,CLI-00585,2026-03-29 00:00:00,31900.0,depot,,regional_uemoa,False,aucune
c00056e0,CLI-00190,2026-03-29 00:00:00,21900.0,retrait,,local,False,aucune
c63e0c69,CLI-00337,2026-03-29 00:00:00,34700.0,remboursement_credit,,regional_uemoa,False,aucune
3ea80635,CLI-00603,2026-03-29 00:00:00,61100.0,decaissement_credit,,transfrontalier_sensible,False,aucune
58e0d8fc,CLI-00318,2026-03-29 00:00:00,53600.0,depot,,local,False,aucune
b030139b,CLI-00568,2026-03-29 00:00:00,42500.0,depot,,local,False,aucune
6f2529a9,CLI-00232,2026-03-29 00:00:00,19700.0,decaissement_credit,,local,False,aucune
3be7d0c0,CLI-00653,2026-03-29 00:00:00,16100.0,depot,,regional_uemoa,False,aucune
181ef5ce,CLI-00160,2026-03-29 00:00:00,32300.0,decaissement_credit,,local,False,aucune
424ddacf,CLI-00791,2026-03-29 00:00:00,37100.0,depot,,regional_uemoa,False,aucune
68d717a3,CLI-00798,2026-03-29 00:00:00,7000.0,retrait,,regional_uemoa,False,aucune
79e86260,CLI-00729,2026-03-29 00:00:00,39500.0,retrait,,local,False,aucune
9232b54b,CLI-00143,2026-03-29 00:00:00,203600.0,remboursement_credit,,local,False,aucune
92cbb5ce,CLI-00291,2026-03-29 00:00:00,47000.0,depot,,local,False,aucune
908fde10,CLI-00209,2026-03-29 00:00:00,14400.0,retrait,,local,False,aucune
32f19dca,CLI-00537,2026-03-29 00:00:00,27500.0,remboursement_credit,,local,False,aucune
a285339d,CLI-00756,2026-03-30 00:00:00,17300.0,decaissement_credit,,local,False,aucune
1d985ebd,CLI-00318,2026-03-30 00:00:00,64700.0,decaissement_credit,,local,False,aucune
482539e8,CLI-00240,2026-03-30 00:00:00,74500.0,retrait,,local,False,aucune
49f6fec7,CLI-00772,2026-03-30 00:00:00,70600.0,depot,,local,False,aucune
741e61e7,CLI-00257,2026-03-30 00:00:00,16800.0,retrait,,local,False,aucune
b8fe704e,CLI-00661,2026-03-30 00:00:00,4200.0,retrait,,local,False,aucune
07225aeb,CLI-00294,2026-03-30 00:00:00,15900.0,transfert_sortant,CLI-00122,local,False,aucune
3cf7198d,CLI-00111,2026-03-30 00:00:00,7500.0,transfert_sortant,CLI-00535,local,False,aucune
76dfde1e,CLI-00252,2026-03-30 00:00:00,55800.0,retrait,,local,False,aucune
152e1485,CLI-00399,2026-03-30 00:00:00,87700.0,depot,,local,False,aucune
fa426f0b,CLI-00159,2026-03-30 00:00:00,19200.0,transfert_entrant,CLI-00343,local,False,aucune
6f9d6526,CLI-00594,2026-03-30 00:00:00,6419800.0,depot,,local,False,aucune
0f3526c0,CLI-00753,2026-03-30 00:00:00,198500.0,decaissement_credit,,local,False,aucune
1f921cc5,CLI-00252,2026-03-30 00:00:00,70800.0,remboursement_credit,,local,False,aucune
6e147859,CLI-00328,2026-03-30 00:00:00,42200.0,transfert_entrant,CLI-00667,local,False,aucune
a2587bff,CLI-00343,2026-03-30 00:00:00,15500.0,retrait,,regional_uemoa,False,aucune
a88baf8e,CLI-00771,2026-03-30 00:00:00,269100.0,transfert_sortant,CLI-00043,local,False,aucune
3d0e4aac,CLI-00634,2026-03-30 00:00:00,40900.0,depot,,local,False,aucune
efde9bc5,CLI-00731,2026-03-30 00:00:00,77100.0,depot,,local,False,aucune
f0b2562b,CLI-00181,2026-03-30 00:00:00,20700.0,retrait,,local,False,aucune
e4c76754,CLI-00012,2026-03-30 00:00:00,11200.0,decaissement_credit,,local,False,aucune
7398d1cb,CLI-00071,2026-03-30 00:00:00,450300.0,transfert_entrant,CLI-00061,local,False,aucune
bbc4be87,CLI-00602,2026-03-30 00:00:00,67700.0,depot,,local,False,aucune
3d746b1d,CLI-00145,2026-03-30 00:00:00,386300.0,retrait,,local,False,aucune
0e18e5f6,CLI-00098,2026-03-30 00:00:00,15800.0,remboursement_credit,,local,False,aucune
ebc329f8,CLI-00461,2026-03-30 00:00:00,13700.0,retrait,,local,False,aucune
4cfbf531,CLI-00561,2026-03-30 00:00:00,7625400.0,retrait,,local,False,aucune
205f9f21,CLI-00677,2026-03-30 00:00:00,109800.0,depot,,regional_uemoa,False,aucune
f5040335,CLI-00283,2026-03-30 00:00:00,59500.0,depot,,local,False,aucune
23aea0d8,CLI-00018,2026-03-30 00:00:00,56000.0,remboursement_credit,,local,False,aucune
b1aabef2,CLI-00099,2026-03-30 00:00:00,745100.0,remboursement_credit,,local,False,aucune
db28f4d5,CLI-00063,2026-03-30 00:00:00,5800.0,depot,,local,False,aucune
6080fa70,CLI-00321,2026-03-30 00:00:00,31900.0,retrait,,regional_uemoa,False,aucune
9b2075fc,CLI-00768,2026-03-30 00:00:00,25500.0,retrait,,local,False,aucune
5fa9177d,CLI-00123,2026-03-30 00:00:00,79800.0,transfert_entrant,CLI-00666,local,False,aucune
ad9deef7,CLI-00409,2026-03-30 00:00:00,199400.0,transfert_entrant,CLI-00284,regional_uemoa,False,aucune
74e40794,CLI-00410,2026-03-30 00:00:00,232300.0,retrait,,local,False,aucune
de12ca85,CLI-00096,2026-03-30 00:00:00,204100.0,transfert_sortant,CLI-00329,local,False,aucune
e6c0b3e0,CLI-00715,2026-03-30 00:00:00,7900.0,depot,,regional_uemoa,False,aucune
37c87809,CLI-00019,2026-03-30 00:00:00,21900.0,depot,,local,False,aucune
c8603f38,CLI-00551,2026-03-30 00:00:00,59700.0,depot,,local,False,aucune
ffa34627,CLI-00132,2026-03-30 00:00:00,101300.0,retrait,,local,False,aucune
00f9a188,CLI-00617,2026-03-30 00:00:00,18700.0,retrait,,local,False,aucune
d13155be,CLI-00666,2026-03-30 00:00:00,20200.0,retrait,,regional_uemoa,False,aucune
87e759a9,CLI-00448,2026-03-30 00:00:00,30600.0,depot,,local,False,aucune
54193e89,CLI-00591,2026-03-30 00:00:00,18600.0,depot,,local,False,aucune
83e25321,CLI-00211,2026-03-30 00:00:00,9500.0,decaissement_credit,,local,False,aucune
5ae71222,CLI-00785,2026-03-30 00:00:00,104600.0,retrait,,local,False,aucune
47327ddd,CLI-00614,2026-03-30 00:00:00,194200.0,transfert_sortant,CLI-00262,local,False,aucune
d8421c54,CLI-00373,2026-03-30 00:00:00,339500.0,depot,,local,False,aucune
1a73e1a9,CLI-00126,2026-03-30 00:00:00,21200.0,depot,,local,False,aucune
9112f1ec,CLI-00549,2026-03-30 00:00:00,24700.0,retrait,,local,False,aucune
37d0d11b,CLI-00411,2026-03-30 00:00:00,27900.0,depot,,local,False,aucune
55191d04,CLI-00211,2026-03-30 00:00:00,45800.0,transfert_sortant,CLI-00574,local,False,aucune
ec9d6934,CLI-00430,2026-03-31 00:00:00,110100.0,retrait,,local,False,aucune
e366fa42,CLI-00533,2026-03-31 00:00:00,49500.0,depot,,regional_uemoa,False,aucune
da06e21b,CLI-00532,2026-03-31 00:00:00,64100.0,depot,,regional_uemoa,False,aucune
7f5436f6,CLI-00205,2026-03-31 00:00:00,10400.0,retrait,,regional_uemoa,False,aucune
ac07ba74,CLI-00735,2026-03-31 00:00:00,551400.0,decaissement_credit,,local,False,aucune
ed436207,CLI-00716,2026-03-31 00:00:00,5000.0,depot,,local,False,aucune
2d79c807,CLI-00107,2026-03-31 00:00:00,70500.0,depot,,local,False,aucune
99eba8f1,CLI-00453,2026-03-31 00:00:00,71700.0,depot,,local,False,aucune
f4a24d98,CLI-00334,2026-03-31 00:00:00,224100.0,transfert_sortant,CLI-00735,local,False,aucune
a400a259,CLI-00352,2026-03-31 00:00:00,32100.0,remboursement_credit,,regional_uemoa,False,aucune
6a1daabf,CLI-00501,2026-03-31 00:00:00,63000.0,retrait,,local,False,aucune
29b85fd7,CLI-00579,2026-03-31 00:00:00,148100.0,retrait,,transfrontalier_sensible,False,aucune
307a5e17,CLI-00564,2026-03-31 00:00:00,2700.0,depot,,local,False,aucune
c7622cd3,CLI-00460,2026-03-31 00:00:00,12900.0,transfert_entrant,CLI-00744,local,False,aucune
6b9aa370,CLI-00250,2026-03-31 00:00:00,89800.0,retrait,,local,False,aucune
a460316b,CLI-00426,2026-03-31 00:00:00,100500.0,remboursement_credit,,regional_uemoa,False,aucune
8c2ae848,CLI-00283,2026-03-31 00:00:00,31600.0,depot,,local,False,aucune
5ed5d03a,CLI-00098,2026-03-31 00:00:00,80200.0,depot,,regional_uemoa,False,aucune
0a975929,CLI-00523,2026-03-31 00:00:00,3400.0,transfert_sortant,CLI-00734,local,False,aucune
efe339d3,CLI-00792,2026-03-31 00:00:00,20400.0,transfert_entrant,CLI-00422,regional_uemoa,False,aucune
bc54a481,CLI-00149,2026-03-31 00:00:00,14600.0,retrait,,local,False,aucune
10ad4f06,CLI-00133,2026-03-31 00:00:00,99700.0,depot,,local,False,aucune
82ec3ec4,CLI-00518,2026-03-31 00:00:00,10600.0,retrait,,transfrontalier_sensible,False,aucune
ff8e3018,CLI-00322,2026-03-31 00:00:00,53000.0,depot,,local,False,aucune
3b31a410,CLI-00512,2026-03-31 00:00:00,18500.0,retrait,,local,False,aucune
5e70c958,CLI-00589,2026-03-31 00:00:00,52200.0,retrait,,local,False,aucune
f0be8e3c,CLI-00238,2026-03-31 00:00:00,87700.0,retrait,,local,False,aucune
0a2b474e,CLI-00516,2026-03-31 00:00:00,55800.0,depot,,regional_uemoa,False,aucune
3bcd707b,CLI-00560,2026-03-31 00:00:00,24800.0,retrait,,local,False,aucune
5f4d5a53,CLI-00738,2026-03-31 00:00:00,18000.0,depot,,local,False,aucune
b4acd10c,CLI-00742,2026-03-31 00:00:00,11100.0,depot,,local,False,aucune
61421462,CLI-00582,2026-03-31 00:00:00,35700.0,depot,,local,False,aucune
939b79fa,CLI-00669,2026-03-31 00:00:00,19500.0,remboursement_credit,,local,False,aucune
502a8056,CLI-00309,2026-03-31 00:00:00,8200.0,depot,,local,False,aucune
dae30c8c,CLI-00308,2026-03-31 00:00:00,58000.0,remboursement_credit,,local,False,aucune
432bb9d8,CLI-00102,2026-03-31 00:00:00,4000.0,retrait,,local,False,aucune
51d13e25,CLI-00701,2026-03-31 00:00:00,51000.0,transfert_entrant,CLI-00520,regional_uemoa,False,aucune
1cd1c8b7,CLI-00046,2026-03-31 00:00:00,108400.0,depot,,transfrontalier_sensible,False,aucune
a708a220,CLI-00265,2026-03-31 00:00:00,6200.0,decaissement_credit,,local,False,aucune
486a5d2f,CLI-00238,2026-03-31 00:00:00,30500.0,decaissement_credit,,local,False,aucune
c213be25,CLI-00174,2026-03-31 00:00:00,6300.0,retrait,,local,False,aucune
b616f821,CLI-00515,2026-03-31 00:00:00,11500.0,retrait,,local,False,aucune
e84bf633,CLI-00404,2026-03-31 00:00:00,57900.0,retrait,,regional_uemoa,False,aucune
5284bb3d,CLI-00380,2026-03-31 00:00:00,36600.0,depot,,local,False,aucune
0718c9df,CLI-00381,2026-03-31 00:00:00,27800.0,transfert_entrant,CLI-00639,transfrontalier_sensible,False,aucune
e3393b4c,CLI-00609,2026-03-31 00:00:00,60700.0,depot,,local,False,aucune
117d2c5b,CLI-00687,2026-03-31 00:00:00,10500.0,retrait,,regional_uemoa,False,aucune
786df749,CLI-00169,2026-04-01 00:00:00,581200.0,transfert_sortant,CLI-00086,regional_uemoa,False,aucune
329c8885,CLI-00473,2026-04-01 00:00:00,11500.0,remboursement_credit,,local,False,aucune
a052481b,CLI-00046,2026-04-01 00:00:00,22700.0,depot,,local,False,aucune
7887cd4c,CLI-00281,2026-04-01 00:00:00,37600.0,transfert_sortant,CLI-00644,local,False,aucune
19d63f5b,CLI-00511,2026-04-01 00:00:00,76000.0,depot,,local,False,aucune
98e682fd,CLI-00413,2026-04-01 00:00:00,60900.0,remboursement_credit,,local,False,aucune
3896c642,CLI-00350,2026-04-01 00:00:00,73400.0,depot,,local,False,aucune
609f11a2,CLI-00357,2026-04-01 00:00:00,117700.0,transfert_entrant,CLI-00537,local,False,aucune
d25be3fd,CLI-00432,2026-04-01 00:00:00,35000.0,depot,,local,False,aucune
2de4a150,CLI-00233,2026-04-01 00:00:00,24800.0,retrait,,local,False,aucune
a07094dd,CLI-00552,2026-04-01 00:00:00,8200.0,transfert_entrant,CLI-00150,local,False,aucune
788c0402,CLI-00023,2026-04-01 00:00:00,44600.0,remboursement_credit,,local,False,aucune
2018a820,CLI-00450,2026-04-01 00:00:00,28200.0,transfert_sortant,CLI-00092,local,False,aucune
52884891,CLI-00218,2026-04-01 00:00:00,39500.0,depot,,local,False,aucune
86b7a0f4,CLI-00019,2026-04-01 00:00:00,106300.0,transfert_entrant,CLI-00382,transfrontalier_sensible,False,aucune
2ba10f15,CLI-00789,2026-04-01 00:00:00,28200.0,retrait,,local,False,aucune
f6f4b85d,CLI-00396,2026-04-01 00:00:00,138700.0,remboursement_credit,,local,False,aucune
5955fc54,CLI-00644,2026-04-01 00:00:00,109600.0,transfert_entrant,CLI-00484,local,False,aucune
7db7a117,CLI-00575,2026-04-01 00:00:00,6700.0,depot,,local,False,aucune
4737bb03,CLI-00588,2026-04-01 00:00:00,158100.0,transfert_sortant,CLI-00421,local,False,aucune
69352798,CLI-00302,2026-04-01 00:00:00,135200.0,depot,,local,False,aucune
91011e6f,CLI-00066,2026-04-01 00:00:00,23700.0,decaissement_credit,,local,False,aucune
bd3cac6b,CLI-00706,2026-04-01 00:00:00,81400.0,remboursement_credit,,regional_uemoa,False,aucune
f38f6351,CLI-00350,2026-04-01 00:00:00,502000.0,transfert_sortant,CLI-00393,regional_uemoa,False,aucune
f20566e8,CLI-00079,2026-04-01 00:00:00,34500.0,retrait,,transfrontalier_sensible,False,aucune
0f40534c,CLI-00009,2026-04-01 00:00:00,5500.0,transfert_sortant,CLI-00760,local,False,aucune
6514fb92,CLI-00407,2026-04-01 00:00:00,34300.0,depot,,local,False,aucune
fd13a596,CLI-00153,2026-04-01 00:00:00,79800.0,retrait,,local,False,aucune
9fa47cd6,CLI-00371,2026-04-01 00:00:00,101700.0,depot,,regional_uemoa,False,aucune
a45f6715,CLI-00680,2026-04-01 00:00:00,4600.0,decaissement_credit,,local,False,aucune
0e40802c,CLI-00173,2026-04-01 00:00:00,41000.0,depot,,local,False,aucune
651df6d3,CLI-00443,2026-04-01 00:00:00,284700.0,depot,,regional_uemoa,False,aucune
72560cfc,CLI-00062,2026-04-01 00:00:00,21000.0,transfert_entrant,CLI-00289,regional_uemoa,False,aucune
0ed4bd9e,CLI-00198,2026-04-01 00:00:00,15600.0,retrait,,transfrontalier_sensible,False,aucune
b59c0831,CLI-00615,2026-04-01 00:00:00,5300.0,remboursement_credit,,regional_uemoa,False,aucune
6778731c,CLI-00043,2026-04-01 00:00:00,176600.0,remboursement_credit,,local,False,aucune
949367ab,CLI-00412,2026-04-01 00:00:00,26600.0,transfert_sortant,CLI-00702,local,False,aucune
0b57a928,CLI-00487,2026-04-01 00:00:00,138300.0,transfert_sortant,CLI-00523,local,False,aucune
69476a24,CLI-00196,2026-04-01 00:00:00,80600.0,retrait,,transfrontalier_sensible,False,aucune
c4305c5a,CLI-00717,2026-04-01 00:00:00,6200.0,retrait,,local,False,aucune
14e424c8,CLI-00118,2026-04-01 00:00:00,427900.0,depot,,local,False,aucune
801122cd,CLI-00638,2026-04-01 00:00:00,41400.0,depot,,local,False,aucune
b2fe23b4,CLI-00310,2026-04-01 00:00:00,158300.0,retrait,,local,False,aucune
5ae374c0,CLI-00228,2026-04-01 00:00:00,17600.0,depot,,local,False,aucune
4d90869b,CLI-00015,2026-04-01 00:00:00,21700.0,depot,,local,False,aucune
f5defea3,CLI-00225,2026-04-01 00:00:00,47700.0,retrait,,local,False,aucune
53e19d8a,CLI-00398,2026-04-01 00:00:00,23400.0,transfert_sortant,CLI-00071,local,False,aucune
9161e8d5,CLI-00747,2026-04-01 00:00:00,29200.0,depot,,local,False,aucune
f4a6f724,CLI-00137,2026-04-01 00:00:00,6500.0,depot,,regional_uemoa,False,aucune
3bd991c6,CLI-00102,2026-04-01 00:00:00,274500.0,depot,,local,False,aucune
8af42e6e,CLI-00026,2026-04-01 00:00:00,45600.0,decaissement_credit,,local,False,aucune
ca1ea9ec,CLI-00357,2026-04-01 00:00:00,31300.0,transfert_sortant,CLI-00597,local,False,aucune
ba4f0f8c,CLI-00478,2026-04-01 00:00:00,37900.0,depot,,local,False,aucune
f32e5fc0,CLI-00375,2026-04-01 00:00:00,97500.0,transfert_entrant,CLI-00627,local,False,aucune
b6adae38,CLI-00239,2026-04-01 00:00:00,107400.0,transfert_entrant,CLI-00783,local,False,aucune
cb6ab43a,CLI-00413,2026-04-01 00:00:00,8800.0,depot,,local,False,aucune
b24b0428,CLI-00165,2026-04-01 00:00:00,50700.0,retrait,,local,False,aucune
07e1f5e0,CLI-00431,2026-04-01 00:00:00,210800.0,depot,,local,False,aucune
87b53233,CLI-00262,2026-04-01 00:00:00,15300.0,depot,,regional_uemoa,False,aucune
8a02a13e,CLI-00007,2026-04-01 00:00:00,154200.0,retrait,,local,False,aucune
c60fc3db,CLI-00144,2026-04-02 00:00:00,9500.0,retrait,,local,False,aucune
072a16a8,CLI-00253,2026-04-02 00:00:00,113600.0,transfert_sortant,CLI-00563,regional_uemoa,False,aucune
c31c0830,CLI-00145,2026-04-02 00:00:00,70700.0,depot,,local,False,aucune
1a0ef25a,CLI-00671,2026-04-02 00:00:00,79400.0,retrait,,local,False,aucune
ede79a22,CLI-00130,2026-04-02 00:00:00,11900.0,retrait,,local,False,aucune
f98c0b62,CLI-00204,2026-04-02 00:00:00,20600.0,remboursement_credit,,regional_uemoa,False,aucune
b308e1b4,CLI-00070,2026-04-02 00:00:00,77900.0,depot,,regional_uemoa,False,aucune
aa28e368,CLI-00193,2026-04-02 00:00:00,95200.0,retrait,,local,False,aucune
de0aefbb,CLI-00360,2026-04-02 00:00:00,35800.0,depot,,local,False,aucune
e74978a2,CLI-00212,2026-04-02 00:00:00,2900.0,retrait,,local,False,aucune
4e26b4d6,CLI-00091,2026-04-02 00:00:00,27700.0,depot,,local,False,aucune
3601cd7d,CLI-00186,2026-04-02 00:00:00,41400.0,depot,,regional_uemoa,False,aucune
dd018fa1,CLI-00281,2026-04-02 00:00:00,2155800.0,depot,,local,True,layering
7df386b2,CLI-00105,2026-04-02 00:00:00,11900.0,retrait,,local,False,aucune
82f927d0,CLI-00251,2026-04-02 00:00:00,57200.0,retrait,,local,False,aucune
742f0a20,CLI-00758,2026-04-02 00:00:00,25600.0,decaissement_credit,,local,False,aucune
45371fac,CLI-00191,2026-04-02 00:00:00,81200.0,transfert_sortant,CLI-00563,local,False,aucune
1935885c,CLI-00761,2026-04-02 00:00:00,23200.0,remboursement_credit,,regional_uemoa,False,aucune
800b9f83,CLI-00076,2026-04-02 00:00:00,780200.0,retrait,,local,False,aucune
fff21ad2,CLI-00350,2026-04-02 00:00:00,678000.0,decaissement_credit,,local,False,aucune
54e4b2d0,CLI-00424,2026-04-02 00:00:00,29700.0,retrait,,regional_uemoa,False,aucune
7b66d8bc,CLI-00714,2026-04-02 00:00:00,90300.0,depot,,local,False,aucune
461d5c98,CLI-00225,2026-04-02 00:00:00,6356900.0,retrait,,local,False,aucune
dd59d331,CLI-00225,2026-04-02 00:00:00,58000.0,depot,,local,False,aucune
b835b312,CLI-00225,2026-04-02 00:00:00,9100.0,depot,,local,False,aucune
a36b5742,CLI-00043,2026-04-02 00:00:00,19700.0,depot,,local,False,aucune
a7ef6505,CLI-00241,2026-04-02 00:00:00,246700.0,remboursement_credit,,local,False,aucune
e6dcdd1c,CLI-00655,2026-04-02 00:00:00,28400.0,depot,,regional_uemoa,False,aucune
5de407bf,CLI-00543,2026-04-02 00:00:00,179900.0,remboursement_credit,,local,False,aucune
3ffee3aa,CLI-00394,2026-04-02 00:00:00,5656300.0,retrait,,local,False,aucune
370329a9,CLI-00780,2026-04-02 00:00:00,72400.0,remboursement_credit,,local,False,aucune
b27f3f68,CLI-00487,2026-04-02 00:00:00,41300.0,retrait,,regional_uemoa,False,aucune
aa98ce0e,CLI-00173,2026-04-02 00:00:00,30600.0,remboursement_credit,,regional_uemoa,False,aucune
43fe0923,CLI-00173,2026-04-02 00:00:00,6600.0,depot,,local,False,aucune
600ce069,CLI-00267,2026-04-02 00:00:00,118200.0,depot,,local,False,aucune
bf0b4ae2,CLI-00407,2026-04-02 00:00:00,24500.0,depot,,local,False,aucune
90808cd5,CLI-00235,2026-04-02 00:00:00,20500.0,depot,,transfrontalier_sensible,False,aucune
2d2fadd1,CLI-00720,2026-04-02 00:00:00,13100.0,transfert_sortant,CLI-00613,transfrontalier_sensible,False,aucune
a10c692b,CLI-00307,2026-04-02 00:00:00,16300.0,depot,,transfrontalier_sensible,False,aucune
3d054e4c,CLI-00230,2026-04-02 00:00:00,49700.0,depot,,regional_uemoa,False,aucune
37f1a13a,CLI-00581,2026-04-02 00:00:00,649400.0,retrait,,transfrontalier_sensible,False,aucune
26f851cb,CLI-00017,2026-04-02 00:00:00,29800.0,transfert_sortant,CLI-00609,local,False,aucune
ef5ca115,CLI-00278,2026-04-02 00:00:00,56500.0,transfert_entrant,CLI-00646,local,False,aucune
5ca5289a,CLI-00793,2026-04-02 00:00:00,27600.0,retrait,,local,False,aucune
9e1ee0f0,CLI-00127,2026-04-02 00:00:00,38000.0,transfert_sortant,CLI-00387,local,False,aucune
6a138fea,CLI-00127,2026-04-02 00:00:00,13200.0,depot,,local,False,aucune
530047ff,CLI-00581,2026-04-02 00:00:00,122700.0,retrait,,local,False,aucune
92a0e33a,CLI-00519,2026-04-02 00:00:00,840800.0,transfert_entrant,CLI-00587,local,False,aucune
afc78a3e,CLI-00109,2026-04-02 00:00:00,325300.0,remboursement_credit,,local,False,aucune
4294df75,CLI-00697,2026-04-02 00:00:00,70900.0,depot,,local,False,aucune
a2afc42a,CLI-00542,2026-04-02 00:00:00,24200.0,depot,,local,False,aucune
e285700a,CLI-00483,2026-04-02 00:00:00,60400.0,retrait,,local,False,aucune
f093a71b,CLI-00296,2026-04-02 00:00:00,112700.0,retrait,,local,False,aucune
5807c5c3,CLI-00219,2026-04-02 00:00:00,518300.0,retrait,,local,False,aucune
caf88837,CLI-00690,2026-04-02 00:00:00,223100.0,depot,,local,False,aucune
3c9b6044,CLI-00369,2026-04-02 00:00:00,19100.0,depot,,local,False,aucune
47eed37b,CLI-00419,2026-04-02 00:00:00,8700.0,retrait,,local,False,aucune
eca9e940,CLI-00281,2026-04-02 11:00:00,408700.0,transfert_sortant,CLI-00638,local,True,layering
f037a976,CLI-00281,2026-04-02 14:00:00,399500.0,transfert_sortant,CLI-00519,local,True,layering
5de54c9a,CLI-00620,2026-04-03 00:00:00,326300.0,retrait,,local,False,aucune
affbfc6e,CLI-00029,2026-04-03 00:00:00,47400.0,remboursement_credit,,local,False,aucune
3b31431b,CLI-00443,2026-04-03 00:00:00,50400.0,retrait,,transfrontalier_sensible,False,aucune
eb3a27cb,CLI-00319,2026-04-03 00:00:00,92700.0,remboursement_credit,,regional_uemoa,False,aucune
8e28a40c,CLI-00284,2026-04-03 00:00:00,16300.0,depot,,local,False,aucune
cc354708,CLI-00279,2026-04-03 00:00:00,37500.0,transfert_sortant,CLI-00069,local,False,aucune
49c77f12,CLI-00341,2026-04-03 00:00:00,21800.0,decaissement_credit,,local,False,aucune
e515e6ae,CLI-00356,2026-04-03 00:00:00,11900.0,decaissement_credit,,local,False,aucune
c37f35ad,CLI-00636,2026-04-03 00:00:00,21500.0,retrait,,local,False,aucune
26b73551,CLI-00463,2026-04-03 00:00:00,15400.0,depot,,local,False,aucune
6691d91f,CLI-00689,2026-04-03 00:00:00,11900.0,depot,,local,False,aucune
8df90813,CLI-00014,2026-04-03 00:00:00,85200.0,decaissement_credit,,local,False,aucune
d3cc12f8,CLI-00448,2026-04-03 00:00:00,27000.0,retrait,,transfrontalier_sensible,False,aucune
c5539e09,CLI-00264,2026-04-03 00:00:00,44600.0,retrait,,regional_uemoa,False,aucune
16fd5fab,CLI-00354,2026-04-03 00:00:00,40600.0,retrait,,local,False,aucune
3bc2b5c1,CLI-00011,2026-04-03 00:00:00,9300.0,remboursement_credit,,local,False,aucune
e1a6fa23,CLI-00299,2026-04-03 00:00:00,48300.0,decaissement_credit,,local,False,aucune
9874a0b1,CLI-00640,2026-04-03 00:00:00,194500.0,depot,,regional_uemoa,False,aucune
d98f2233,CLI-00428,2026-04-03 00:00:00,70400.0,transfert_sortant,CLI-00032,local,False,aucune
30639f93,CLI-00656,2026-04-03 00:00:00,104400.0,remboursement_credit,,local,False,aucune
19932f7b,CLI-00619,2026-04-03 00:00:00,7320100.0,retrait,,local,False,aucune
815d51a0,CLI-00351,2026-04-03 00:00:00,31900.0,depot,,local,False,aucune
fc6a6335,CLI-00347,2026-04-03 00:00:00,2200.0,transfert_entrant,CLI-00029,local,False,aucune
9b54ad71,CLI-00105,2026-04-03 00:00:00,73300.0,retrait,,local,False,aucune
c12c7262,CLI-00211,2026-04-03 00:00:00,16800.0,retrait,,local,False,aucune
e9d49613,CLI-00196,2026-04-03 00:00:00,122300.0,depot,,local,False,aucune
da848812,CLI-00681,2026-04-03 00:00:00,41800.0,remboursement_credit,,transfrontalier_sensible,False,aucune
de88fe28,CLI-00180,2026-04-03 00:00:00,19300.0,depot,,local,False,aucune
c3fe559a,CLI-00128,2026-04-03 00:00:00,74800.0,depot,,local,False,aucune
13851dbc,CLI-00543,2026-04-03 00:00:00,77200.0,decaissement_credit,,local,False,aucune
151b810a,CLI-00145,2026-04-03 00:00:00,83000.0,transfert_sortant,CLI-00238,local,False,aucune
ad65a974,CLI-00516,2026-04-03 00:00:00,112400.0,depot,,local,False,aucune
717490ea,CLI-00743,2026-04-03 00:00:00,3400.0,transfert_entrant,CLI-00774,local,False,aucune
64e74777,CLI-00062,2026-04-03 00:00:00,78800.0,depot,,regional_uemoa,False,aucune
07c46a8c,CLI-00153,2026-04-03 00:00:00,141500.0,depot,,local,False,aucune
8ff09752,CLI-00191,2026-04-03 00:00:00,10800.0,transfert_entrant,CLI-00441,local,False,aucune
f4f15ff2,CLI-00090,2026-04-03 00:00:00,45900.0,depot,,regional_uemoa,False,aucune
976814f9,CLI-00060,2026-04-03 00:00:00,37000.0,depot,,local,False,aucune
dad3ad95,CLI-00209,2026-04-03 00:00:00,207300.0,depot,,local,False,aucune
c8992b0e,CLI-00229,2026-04-03 00:00:00,86500.0,remboursement_credit,,local,False,aucune
5c458758,CLI-00125,2026-04-03 00:00:00,84500.0,depot,,local,False,aucune
bbb1fd30,CLI-00548,2026-04-03 00:00:00,142200.0,depot,,local,False,aucune
ad348a3b,CLI-00055,2026-04-03 00:00:00,461200.0,decaissement_credit,,local,False,aucune
5222ea58,CLI-00371,2026-04-03 00:00:00,13500.0,transfert_sortant,CLI-00796,transfrontalier_sensible,False,aucune
a3002699,CLI-00529,2026-04-03 00:00:00,206100.0,remboursement_credit,,transfrontalier_sensible,False,aucune
6a73caf8,CLI-00388,2026-04-03 00:00:00,63800.0,retrait,,local,False,aucune
84834f33,CLI-00389,2026-04-03 00:00:00,47600.0,depot,,local,False,aucune
3e4c9a4d,CLI-00075,2026-04-03 00:00:00,16800.0,decaissement_credit,,local,False,aucune
9b6b6028,CLI-00377,2026-04-03 00:00:00,371400.0,decaissement_credit,,local,False,aucune
a262b420,CLI-00237,2026-04-03 00:00:00,5400.0,decaissement_credit,,local,False,aucune
99fa28dd,CLI-00605,2026-04-03 00:00:00,283800.0,transfert_entrant,CLI-00756,local,False,aucune
06ff5b01,CLI-00164,2026-04-03 00:00:00,16400.0,depot,,local,False,aucune
55cb9056,CLI-00391,2026-04-03 00:00:00,54700.0,retrait,,local,False,aucune
18d461fb,CLI-00253,2026-04-03 00:00:00,117300.0,transfert_sortant,CLI-00748,local,False,aucune
12a6df6e,CLI-00572,2026-04-03 00:00:00,22600.0,decaissement_credit,,local,False,aucune
de9616d5,CLI-00163,2026-04-03 00:00:00,4445300.0,retrait,,local,False,aucune
db5d952b,CLI-00141,2026-04-03 00:00:00,42100.0,retrait,,local,False,aucune
fbad55ee,CLI-00552,2026-04-03 00:00:00,41100.0,transfert_sortant,CLI-00125,local,False,aucune
93955a26,CLI-00254,2026-04-03 00:00:00,53000.0,retrait,,local,False,aucune
260b893e,CLI-00203,2026-04-03 00:00:00,51000.0,retrait,,local,False,aucune
dc130d32,CLI-00103,2026-04-03 00:00:00,10500.0,transfert_sortant,CLI-00151,regional_uemoa,False,aucune
c4865d72,CLI-00083,2026-04-03 00:00:00,48300.0,retrait,,local,False,aucune
8b2d5acd,CLI-00281,2026-04-03 07:00:00,432700.0,transfert_sortant,CLI-00494,local,True,layering
7c3108c0,CLI-00281,2026-04-03 18:00:00,453500.0,transfert_sortant,CLI-00108,local,True,layering
31bf000f,CLI-00281,2026-04-03 18:00:00,382500.0,transfert_sortant,CLI-00582,local,True,layering
9ab3621b,CLI-00739,2026-04-04 00:00:00,109300.0,remboursement_credit,,local,False,aucune
74b052b6,CLI-00269,2026-04-04 00:00:00,2900.0,remboursement_credit,,local,False,aucune
10f549d0,CLI-00266,2026-04-04 00:00:00,119400.0,transfert_sortant,CLI-00226,local,False,aucune
44b2752a,CLI-00070,2026-04-04 00:00:00,12700.0,depot,,local,False,aucune
20dfc7f4,CLI-00060,2026-04-04 00:00:00,44700.0,remboursement_credit,,local,False,aucune
e0e573e9,CLI-00656,2026-04-04 00:00:00,35600.0,depot,,regional_uemoa,False,aucune
fb7ba71e,CLI-00181,2026-04-04 00:00:00,54300.0,retrait,,local,False,aucune
90962d4e,CLI-00149,2026-04-04 00:00:00,3500.0,retrait,,local,False,aucune
e9e09508,CLI-00007,2026-04-04 00:00:00,71400.0,retrait,,local,False,aucune
feb2d206,CLI-00322,2026-04-04 00:00:00,453300.0,transfert_entrant,CLI-00066,local,False,aucune
07eb98bb,CLI-00692,2026-04-04 00:00:00,18200.0,decaissement_credit,,transfrontalier_sensible,False,aucune
5dbcb15f,CLI-00287,2026-04-04 00:00:00,2600.0,transfert_entrant,CLI-00463,local,False,aucune
28ca0e39,CLI-00180,2026-04-04 00:00:00,102100.0,depot,,local,False,aucune
39f21ad2,CLI-00388,2026-04-04 00:00:00,18400.0,depot,,local,False,aucune
d711f5ca,CLI-00183,2026-04-04 00:00:00,13200.0,depot,,local,False,aucune
6f7114eb,CLI-00283,2026-04-04 00:00:00,27200.0,decaissement_credit,,local,False,aucune
6e1a84cd,CLI-00779,2026-04-04 00:00:00,41400.0,depot,,regional_uemoa,False,aucune
bf72ad36,CLI-00057,2026-04-04 00:00:00,124600.0,remboursement_credit,,local,False,aucune
55b8c632,CLI-00356,2026-04-04 00:00:00,61100.0,retrait,,regional_uemoa,False,aucune
5d4fefaa,CLI-00238,2026-04-04 00:00:00,80200.0,remboursement_credit,,transfrontalier_sensible,False,aucune
6687fe8e,CLI-00387,2026-04-04 00:00:00,50100.0,depot,,local,False,aucune
60c3f3a3,CLI-00267,2026-04-04 00:00:00,20200.0,remboursement_credit,,local,False,aucune
aefbb908,CLI-00456,2026-04-04 00:00:00,53100.0,decaissement_credit,,local,False,aucune
7d4a953f,CLI-00605,2026-04-04 00:00:00,70900.0,decaissement_credit,,local,False,aucune
53cb8bdb,CLI-00057,2026-04-04 00:00:00,77800.0,depot,,local,False,aucune
ffbb20a6,CLI-00379,2026-04-04 00:00:00,51300.0,retrait,,local,False,aucune
416858e3,CLI-00057,2026-04-04 00:00:00,68900.0,transfert_entrant,CLI-00101,local,False,aucune
3bc41b14,CLI-00369,2026-04-04 00:00:00,36000.0,depot,,local,False,aucune
025f2249,CLI-00558,2026-04-04 00:00:00,110300.0,retrait,,local,False,aucune
b6afc4df,CLI-00687,2026-04-04 00:00:00,107800.0,retrait,,local,False,aucune
95b737fd,CLI-00278,2026-04-04 00:00:00,48300.0,transfert_entrant,CLI-00093,local,False,aucune
353e415e,CLI-00731,2026-04-04 00:00:00,110700.0,depot,,local,False,aucune
6b302da9,CLI-00625,2026-04-04 00:00:00,77300.0,depot,,local,False,aucune
7078dce8,CLI-00707,2026-04-04 00:00:00,34400.0,depot,,local,False,aucune
a34bdd44,CLI-00314,2026-04-04 00:00:00,13200.0,retrait,,regional_uemoa,False,aucune
f6e4b6da,CLI-00010,2026-04-04 00:00:00,39900.0,transfert_sortant,CLI-00629,local,False,aucune
92f1684a,CLI-00530,2026-04-04 00:00:00,43200.0,transfert_sortant,CLI-00131,local,False,aucune
51b0f761,CLI-00362,2026-04-04 00:00:00,14800.0,remboursement_credit,,regional_uemoa,False,aucune
9f58a268,CLI-00076,2026-04-04 00:00:00,49000.0,depot,,local,False,aucune
93e82d55,CLI-00223,2026-04-04 00:00:00,634100.0,transfert_sortant,CLI-00146,local,False,aucune
0ff64b38,CLI-00223,2026-04-04 00:00:00,41100.0,transfert_entrant,CLI-00636,local,False,aucune
b69d4d54,CLI-00346,2026-04-04 00:00:00,52300.0,depot,,local,False,aucune
a42da8b9,CLI-00652,2026-04-04 00:00:00,35700.0,depot,,local,False,aucune
00a961e5,CLI-00049,2026-04-04 00:00:00,22500.0,transfert_sortant,CLI-00416,local,False,aucune
d816e5a0,CLI-00523,2026-04-04 00:00:00,125600.0,remboursement_credit,,local,False,aucune
4588defd,CLI-00693,2026-04-04 00:00:00,33400.0,depot,,local,False,aucune
88228b4e,CLI-00534,2026-04-04 00:00:00,13500.0,transfert_sortant,CLI-00259,local,False,aucune
b3289311,CLI-00213,2026-04-04 00:00:00,2800.0,decaissement_credit,,transfrontalier_sensible,False,aucune
faf41914,CLI-00656,2026-04-04 00:00:00,51500.0,retrait,,regional_uemoa,False,aucune
893ab920,CLI-00099,2026-04-04 00:00:00,69300.0,retrait,,local,False,aucune
2d9730b1,CLI-00629,2026-04-04 00:00:00,23600.0,depot,,local,False,aucune
210df247,CLI-00107,2026-04-04 00:00:00,10900.0,depot,,local,False,aucune
b2771961,CLI-00280,2026-04-04 00:00:00,43400.0,transfert_entrant,CLI-00625,local,False,aucune
309abcdb,CLI-00230,2026-04-04 00:00:00,94800.0,transfert_entrant,CLI-00755,local,False,aucune
c278c5d9,CLI-00030,2026-04-04 00:00:00,809000.0,decaissement_credit,,local,False,aucune
2c0a5584,CLI-00777,2026-04-04 00:00:00,345700.0,remboursement_credit,,local,False,aucune
b072e703,CLI-00201,2026-04-04 00:00:00,159100.0,transfert_sortant,CLI-00015,local,False,aucune
f88006a6,CLI-00068,2026-04-04 00:00:00,93300.0,depot,,local,False,aucune
2b65a8e4,CLI-00118,2026-04-04 00:00:00,25400.0,depot,,regional_uemoa,False,aucune
86f1b2fa,CLI-00040,2026-04-04 00:00:00,30000.0,retrait,,transfrontalier_sensible,False,aucune
b95c2287,CLI-00411,2026-04-05 00:00:00,109000.0,depot,,local,False,aucune
0229e541,CLI-00354,2026-04-05 00:00:00,66000.0,depot,,local,False,aucune
69cd9e12,CLI-00238,2026-04-05 00:00:00,115500.0,depot,,local,False,aucune
47db5bfb,CLI-00084,2026-04-05 00:00:00,161000.0,decaissement_credit,,transfrontalier_sensible,False,aucune
9ef09129,CLI-00393,2026-04-05 00:00:00,150500.0,depot,,local,False,aucune
5ed0f6ae,CLI-00432,2026-04-05 00:00:00,58200.0,remboursement_credit,,local,False,aucune
54eefcd6,CLI-00218,2026-04-05 00:00:00,31400.0,retrait,,local,False,aucune
7110b310,CLI-00588,2026-04-05 00:00:00,236300.0,remboursement_credit,,local,False,aucune
cb848823,CLI-00767,2026-04-05 00:00:00,506400.0,decaissement_credit,,local,False,aucune
42f6c0ea,CLI-00776,2026-04-05 00:00:00,24600.0,retrait,,local,False,aucune
a9e07e5b,CLI-00497,2026-04-05 00:00:00,210500.0,retrait,,local,False,aucune
44487aec,CLI-00012,2026-04-05 00:00:00,51100.0,transfert_entrant,CLI-00639,local,False,aucune
0dc07a1f,CLI-00790,2026-04-05 00:00:00,42500.0,retrait,,local,False,aucune
43bcada7,CLI-00532,2026-04-05 00:00:00,309700.0,remboursement_credit,,local,False,aucune
739633b0,CLI-00151,2026-04-05 00:00:00,41500.0,retrait,,local,False,aucune
6358c7bc,CLI-00061,2026-04-05 00:00:00,52100.0,remboursement_credit,,local,False,aucune
14216ca0,CLI-00151,2026-04-05 00:00:00,178100.0,retrait,,regional_uemoa,False,aucune
15b4ead1,CLI-00709,2026-04-05 00:00:00,77400.0,transfert_sortant,CLI-00015,local,False,aucune
9f5c9e31,CLI-00381,2026-04-05 00:00:00,47300.0,depot,,local,False,aucune
389848f8,CLI-00602,2026-04-05 00:00:00,173300.0,retrait,,local,False,aucune
f8fde9c9,CLI-00659,2026-04-05 00:00:00,147500.0,transfert_sortant,CLI-00642,local,False,aucune
ee0a6582,CLI-00796,2026-04-05 00:00:00,29900.0,retrait,,local,False,aucune
de7a0a82,CLI-00763,2026-04-05 00:00:00,36000.0,retrait,,local,False,aucune
7ae1cf86,CLI-00086,2026-04-05 00:00:00,18500.0,retrait,,local,False,aucune
c22bd551,CLI-00689,2026-04-05 00:00:00,52300.0,transfert_entrant,CLI-00438,local,False,aucune
4d7c2cab,CLI-00778,2026-04-05 00:00:00,73500.0,transfert_entrant,CLI-00676,regional_uemoa,False,aucune
3fa4382b,CLI-00706,2026-04-05 00:00:00,26000.0,depot,,regional_uemoa,False,aucune
26af45e0,CLI-00508,2026-04-05 00:00:00,197900.0,depot,,local,False,aucune
72ad22e8,CLI-00486,2026-04-05 00:00:00,6400.0,retrait,,local,False,aucune
79910600,CLI-00751,2026-04-05 00:00:00,8900.0,decaissement_credit,,local,False,aucune
1fda427a,CLI-00071,2026-04-05 00:00:00,70600.0,transfert_entrant,CLI-00525,local,False,aucune
90f0e5d3,CLI-00713,2026-04-05 00:00:00,100700.0,transfert_sortant,CLI-00237,local,False,aucune
2ec8cb48,CLI-00134,2026-04-05 00:00:00,66000.0,transfert_entrant,CLI-00520,local,False,aucune
1aae8bc9,CLI-00771,2026-04-05 00:00:00,14400.0,depot,,local,False,aucune
986b5314,CLI-00769,2026-04-05 00:00:00,52600.0,transfert_sortant,CLI-00094,local,False,aucune
9fb05f87,CLI-00035,2026-04-05 00:00:00,299400.0,remboursement_credit,,local,False,aucune
34c9a631,CLI-00388,2026-04-05 00:00:00,130700.0,transfert_sortant,CLI-00016,regional_uemoa,False,aucune
c2d1d0ae,CLI-00668,2026-04-05 00:00:00,29000.0,remboursement_credit,,transfrontalier_sensible,False,aucune
50ab3062,CLI-00485,2026-04-05 00:00:00,8600.0,retrait,,local,False,aucune
e396a7ab,CLI-00693,2026-04-05 00:00:00,52400.0,transfert_sortant,CLI-00492,local,False,aucune
38c34651,CLI-00186,2026-04-05 00:00:00,525800.0,transfert_entrant,CLI-00119,local,False,aucune
22147beb,CLI-00008,2026-04-05 00:00:00,61300.0,transfert_sortant,CLI-00276,local,False,aucune
c3e5b791,CLI-00295,2026-04-05 00:00:00,4200.0,retrait,,local,False,aucune
b97f3f23,CLI-00393,2026-04-05 00:00:00,17700.0,depot,,local,False,aucune
1547b41b,CLI-00620,2026-04-05 00:00:00,175500.0,transfert_sortant,CLI-00530,local,False,aucune
10770c28,CLI-00421,2026-04-05 00:00:00,7700.0,retrait,,local,False,aucune
2f8e5eae,CLI-00263,2026-04-05 00:00:00,54400.0,retrait,,local,False,aucune
9dc46003,CLI-00772,2026-04-05 00:00:00,4000.0,retrait,,local,False,aucune
b5765e1b,CLI-00556,2026-04-05 00:00:00,88200.0,transfert_entrant,CLI-00683,local,False,aucune
761144b6,CLI-00769,2026-04-05 00:00:00,343500.0,remboursement_credit,,regional_uemoa,False,aucune
2bcde7f8,CLI-00241,2026-04-05 00:00:00,2800.0,remboursement_credit,,transfrontalier_sensible,False,aucune
f4576ae5,CLI-00117,2026-04-05 00:00:00,110400.0,retrait,,local,False,aucune
446506c6,CLI-00679,2026-04-05 00:00:00,89700.0,depot,,local,False,aucune
29e52f2a,CLI-00581,2026-04-05 00:00:00,80600.0,depot,,local,False,aucune
424d80b4,CLI-00261,2026-04-05 00:00:00,70000.0,depot,,local,False,aucune
58f740c0,CLI-00758,2026-04-05 00:00:00,54400.0,transfert_entrant,CLI-00310,regional_uemoa,False,aucune
9e4b4429,CLI-00704,2026-04-05 00:00:00,13400.0,retrait,,local,False,aucune
cdf1eec4,CLI-00095,2026-04-05 00:00:00,242300.0,retrait,,regional_uemoa,False,aucune
b4fed2d1,CLI-00257,2026-04-05 00:00:00,69500.0,depot,,regional_uemoa,False,aucune
191cf2a3,CLI-00133,2026-04-05 00:00:00,26100.0,depot,,local,False,aucune
15a4419a,CLI-00159,2026-04-06 00:00:00,63000.0,retrait,,regional_uemoa,False,aucune
252457c3,CLI-00602,2026-04-06 00:00:00,50200.0,transfert_sortant,CLI-00036,local,False,aucune
8b722c54,CLI-00479,2026-04-06 00:00:00,8900.0,transfert_sortant,CLI-00670,local,False,aucune
b859a81e,CLI-00081,2026-04-06 00:00:00,59200.0,decaissement_credit,,transfrontalier_sensible,False,aucune
663ce158,CLI-00067,2026-04-06 00:00:00,54700.0,remboursement_credit,,local,False,aucune
31d31fa7,CLI-00467,2026-04-06 00:00:00,140400.0,depot,,regional_uemoa,False,aucune
74a157df,CLI-00315,2026-04-06 00:00:00,83300.0,transfert_entrant,CLI-00015,transfrontalier_sensible,False,aucune
7b882c11,CLI-00445,2026-04-06 00:00:00,27900.0,transfert_entrant,CLI-00385,local,False,aucune
632d02bd,CLI-00161,2026-04-06 00:00:00,81800.0,retrait,,local,False,aucune
928209a1,CLI-00343,2026-04-06 00:00:00,29200.0,retrait,,local,False,aucune
2a052927,CLI-00178,2026-04-06 00:00:00,4725300.0,remboursement_credit,,local,False,aucune
2ab89f0f,CLI-00595,2026-04-06 00:00:00,92800.0,retrait,,local,False,aucune
958b87ec,CLI-00602,2026-04-06 00:00:00,121900.0,depot,,local,False,aucune
319cb255,CLI-00749,2026-04-06 00:00:00,83600.0,transfert_sortant,CLI-00599,regional_uemoa,False,aucune
641e8b1d,CLI-00535,2026-04-06 00:00:00,712200.0,decaissement_credit,,local,False,aucune
4d6cb653,CLI-00673,2026-04-06 00:00:00,218500.0,depot,,local,False,aucune
6339d138,CLI-00743,2026-04-06 00:00:00,54700.0,retrait,,regional_uemoa,False,aucune
9d952a1a,CLI-00663,2026-04-06 00:00:00,80300.0,transfert_sortant,CLI-00552,regional_uemoa,False,aucune
1fb333b1,CLI-00049,2026-04-06 00:00:00,259500.0,depot,,local,False,aucune
bb9c99b6,CLI-00273,2026-04-06 00:00:00,415100.0,remboursement_credit,,local,False,aucune
fee95789,CLI-00151,2026-04-06 00:00:00,46100.0,retrait,,local,False,aucune
54fffa12,CLI-00634,2026-04-06 00:00:00,66900.0,retrait,,regional_uemoa,False,aucune
e251e48c,CLI-00039,2026-04-06 00:00:00,17400.0,transfert_entrant,CLI-00198,local,False,aucune
9c57584a,CLI-00565,2026-04-06 00:00:00,25500.0,retrait,,regional_uemoa,False,aucune
6da999e4,CLI-00760,2026-04-06 00:00:00,42100.0,retrait,,local,False,aucune
3c1b0b7d,CLI-00625,2026-04-06 00:00:00,138500.0,remboursement_credit,,local,False,aucune
a8725cde,CLI-00725,2026-04-06 00:00:00,9655900.0,depot,,local,False,aucune
d36ccd68,CLI-00337,2026-04-06 00:00:00,39100.0,retrait,,local,False,aucune
a40f5a50,CLI-00450,2026-04-06 00:00:00,36300.0,retrait,,local,False,aucune
f6cb9d67,CLI-00412,2026-04-06 00:00:00,21400.0,depot,,local,False,aucune
3359a137,CLI-00615,2026-04-06 00:00:00,17400.0,transfert_sortant,CLI-00228,local,False,aucune
12e49f02,CLI-00009,2026-04-06 00:00:00,90100.0,remboursement_credit,,local,False,aucune
4cb98b99,CLI-00296,2026-04-06 00:00:00,45400.0,retrait,,regional_uemoa,False,aucune
afc5637e,CLI-00070,2026-04-06 00:00:00,16800.0,depot,,local,False,aucune
8fb566ff,CLI-00057,2026-04-06 00:00:00,116900.0,transfert_entrant,CLI-00501,local,False,aucune
6dca5f56,CLI-00453,2026-04-06 00:00:00,12800.0,retrait,,local,False,aucune
a1088fe1,CLI-00501,2026-04-06 00:00:00,8200.0,transfert_entrant,CLI-00030,regional_uemoa,False,aucune
aa8d7095,CLI-00572,2026-04-06 00:00:00,78700.0,transfert_sortant,CLI-00789,local,False,aucune
0f76ea17,CLI-00427,2026-04-06 00:00:00,79000.0,retrait,,local,False,aucune
e9854d96,CLI-00105,2026-04-06 00:00:00,18300.0,transfert_sortant,CLI-00750,local,False,aucune
0ac22614,CLI-00417,2026-04-06 00:00:00,47200.0,retrait,,transfrontalier_sensible,False,aucune
a3f3563d,CLI-00373,2026-04-06 00:00:00,313000.0,depot,,local,False,aucune
d2a6d89f,CLI-00558,2026-04-06 00:00:00,8500.0,retrait,,local,False,aucune
05c9cb78,CLI-00140,2026-04-06 00:00:00,24200.0,depot,,local,False,aucune
675c057c,CLI-00554,2026-04-06 00:00:00,17300.0,retrait,,local,False,aucune
3747b36d,CLI-00137,2026-04-06 00:00:00,31000.0,transfert_sortant,CLI-00624,regional_uemoa,False,aucune
70d013e6,CLI-00556,2026-04-06 00:00:00,26200.0,retrait,,local,False,aucune
68e1a6db,CLI-00135,2026-04-06 00:00:00,31800.0,retrait,,local,False,aucune
2e5b938b,CLI-00217,2026-04-06 00:00:00,11800.0,depot,,local,False,aucune
6b655900,CLI-00417,2026-04-06 00:00:00,97400.0,retrait,,local,False,aucune
883dcbbb,CLI-00598,2026-04-06 00:00:00,224000.0,depot,,transfrontalier_sensible,False,aucune
2b6f10df,CLI-00244,2026-04-06 00:00:00,37200.0,depot,,local,False,aucune
cbb9bb22,CLI-00298,2026-04-06 00:00:00,27100.0,decaissement_credit,,local,False,aucune
84078dc5,CLI-00268,2026-04-06 00:00:00,4400.0,depot,,local,False,aucune
e8f5fc58,CLI-00284,2026-04-06 00:00:00,40400.0,depot,,local,False,aucune
b03fdace,CLI-00683,2026-04-06 00:00:00,91500.0,depot,,local,False,aucune
e3320ae0,CLI-00166,2026-04-06 00:00:00,28700.0,retrait,,local,False,aucune
8d35d86c,CLI-00180,2026-04-06 00:00:00,16200.0,decaissement_credit,,local,False,aucune
d6c4345d,CLI-00724,2026-04-06 00:00:00,23300.0,retrait,,local,False,aucune
7e40a5fc,CLI-00261,2026-04-06 00:00:00,71600.0,depot,,local,False,aucune
0f5f86e6,CLI-00127,2026-04-06 00:00:00,14500.0,remboursement_credit,,local,False,aucune
c426d912,CLI-00507,2026-04-06 00:00:00,108500.0,retrait,,local,False,aucune
a4da5a32,CLI-00069,2026-04-06 00:00:00,116400.0,transfert_sortant,CLI-00550,local,False,aucune
9c029dbc,CLI-00648,2026-04-06 00:00:00,145000.0,remboursement_credit,,local,False,aucune
3d5e228f,CLI-00085,2026-04-06 00:00:00,52300.0,transfert_sortant,CLI-00234,local,False,aucune
806dfe93,CLI-00390,2026-04-07 00:00:00,51900.0,decaissement_credit,,local,False,aucune
4f83441e,CLI-00157,2026-04-07 00:00:00,42000.0,transfert_sortant,CLI-00140,local,False,aucune
5d706280,CLI-00502,2026-04-07 00:00:00,23300.0,depot,,local,False,aucune
64b8be91,CLI-00155,2026-04-07 00:00:00,269200.0,transfert_entrant,CLI-00297,local,False,aucune
993b77dc,CLI-00541,2026-04-07 00:00:00,19700.0,transfert_entrant,CLI-00707,local,False,aucune
eebc35a7,CLI-00625,2026-04-07 00:00:00,16800.0,retrait,,local,False,aucune
a6227fb6,CLI-00107,2026-04-07 00:00:00,70700.0,retrait,,local,False,aucune
9ea03529,CLI-00293,2026-04-07 00:00:00,38200.0,retrait,,local,False,aucune
588104af,CLI-00251,2026-04-07 00:00:00,46100.0,remboursement_credit,,local,False,aucune
7b1dd53c,CLI-00704,2026-04-07 00:00:00,86600.0,decaissement_credit,,transfrontalier_sensible,False,aucune
b3595b07,CLI-00799,2026-04-07 00:00:00,42000.0,transfert_sortant,CLI-00291,local,False,aucune
d328a13a,CLI-00109,2026-04-07 00:00:00,76600.0,transfert_entrant,CLI-00664,local,False,aucune
cc20e8f4,CLI-00642,2026-04-07 00:00:00,237700.0,transfert_sortant,CLI-00542,regional_uemoa,False,aucune
89e2c2e3,CLI-00461,2026-04-07 00:00:00,24200.0,depot,,local,False,aucune
d41baa89,CLI-00252,2026-04-07 00:00:00,27500.0,remboursement_credit,,local,False,aucune
5b930d24,CLI-00222,2026-04-07 00:00:00,58900.0,retrait,,transfrontalier_sensible,False,aucune
bb8788de,CLI-00570,2026-04-07 00:00:00,27500.0,remboursement_credit,,transfrontalier_sensible,False,aucune
0795e3f2,CLI-00014,2026-04-07 00:00:00,24100.0,decaissement_credit,,local,False,aucune
590ab5da,CLI-00181,2026-04-07 00:00:00,302200.0,depot,,regional_uemoa,False,aucune
3f628e24,CLI-00764,2026-04-07 00:00:00,40100.0,decaissement_credit,,regional_uemoa,False,aucune
96d41be0,CLI-00598,2026-04-07 00:00:00,35600.0,depot,,local,False,aucune
dacdfa97,CLI-00448,2026-04-07 00:00:00,24000.0,retrait,,transfrontalier_sensible,False,aucune
6a9a6913,CLI-00614,2026-04-07 00:00:00,206500.0,remboursement_credit,,local,False,aucune
976b61fc,CLI-00147,2026-04-07 00:00:00,181700.0,transfert_sortant,CLI-00672,local,False,aucune
f11be3e3,CLI-00245,2026-04-07 00:00:00,9400.0,retrait,,local,False,aucune
10e09a77,CLI-00549,2026-04-07 00:00:00,363200.0,depot,,local,False,aucune
d83afe76,CLI-00470,2026-04-07 00:00:00,64500.0,remboursement_credit,,local,False,aucune
de99c403,CLI-00470,2026-04-07 00:00:00,146200.0,remboursement_credit,,local,False,aucune
f5e1d602,CLI-00077,2026-04-07 00:00:00,70900.0,retrait,,regional_uemoa,False,aucune
536e2972,CLI-00448,2026-04-07 00:00:00,11500.0,remboursement_credit,,local,False,aucune
24ac2239,CLI-00670,2026-04-07 00:00:00,381600.0,transfert_sortant,CLI-00230,local,False,aucune
da9250c1,CLI-00058,2026-04-07 00:00:00,217900.0,depot,,local,False,aucune
10b26cdc,CLI-00633,2026-04-07 00:00:00,164200.0,decaissement_credit,,local,False,aucune
d8e33a50,CLI-00034,2026-04-07 00:00:00,229300.0,transfert_sortant,CLI-00637,local,False,aucune
967a6c15,CLI-00242,2026-04-07 00:00:00,20100.0,depot,,local,False,aucune
bf8c59a0,CLI-00030,2026-04-07 00:00:00,17500.0,depot,,local,False,aucune
6f88f777,CLI-00240,2026-04-07 00:00:00,30900.0,transfert_sortant,CLI-00428,local,False,aucune
25ea010c,CLI-00012,2026-04-07 00:00:00,54600.0,depot,,local,False,aucune
1bd638c6,CLI-00022,2026-04-07 00:00:00,156900.0,transfert_sortant,CLI-00351,transfrontalier_sensible,False,aucune
ca9ae242,CLI-00270,2026-04-07 00:00:00,300100.0,remboursement_credit,,regional_uemoa,False,aucune
00539e9a,CLI-00770,2026-04-07 00:00:00,35400.0,retrait,,local,False,aucune
631fd81e,CLI-00717,2026-04-07 00:00:00,27900.0,retrait,,regional_uemoa,False,aucune
2b7bd77a,CLI-00318,2026-04-07 00:00:00,274800.0,transfert_sortant,CLI-00623,local,False,aucune
698838cf,CLI-00171,2026-04-07 00:00:00,75800.0,retrait,,local,False,aucune
b94ac815,CLI-00610,2026-04-07 00:00:00,39000.0,remboursement_credit,,regional_uemoa,False,aucune
bb300d76,CLI-00043,2026-04-07 00:00:00,32700.0,retrait,,local,False,aucune
2b98e58a,CLI-00154,2026-04-07 00:00:00,516300.0,depot,,local,False,aucune
c27e7e42,CLI-00386,2026-04-07 00:00:00,14700.0,transfert_sortant,CLI-00722,local,False,aucune
6501ed66,CLI-00641,2026-04-07 00:00:00,5400.0,depot,,local,False,aucune
7f3a4159,CLI-00780,2026-04-07 00:00:00,12000.0,depot,,regional_uemoa,False,aucune
d036672c,CLI-00578,2026-04-07 00:00:00,74500.0,decaissement_credit,,local,False,aucune
08ae447d,CLI-00666,2026-04-07 00:00:00,54100.0,depot,,local,False,aucune
8309e2c0,CLI-00444,2026-04-07 00:00:00,142500.0,transfert_entrant,CLI-00478,local,False,aucune
178b9e95,CLI-00319,2026-04-07 00:00:00,57900.0,decaissement_credit,,local,False,aucune
a620ec98,CLI-00308,2026-04-08 00:00:00,48600.0,retrait,,local,False,aucune
64a1ed86,CLI-00794,2026-04-08 00:00:00,70000.0,remboursement_credit,,local,False,aucune
ae3f1bfd,CLI-00750,2026-04-08 00:00:00,95500.0,depot,,local,False,aucune
5092fa8b,CLI-00178,2026-04-08 00:00:00,6000.0,retrait,,local,False,aucune
1ee5d1fd,CLI-00380,2026-04-08 00:00:00,31600.0,retrait,,local,False,aucune
b1e284fa,CLI-00301,2026-04-08 00:00:00,457000.0,depot,,local,False,aucune
58cfb2d2,CLI-00281,2026-04-08 00:00:00,120900.0,retrait,,local,False,aucune
46788245,CLI-00191,2026-04-08 00:00:00,8100.0,depot,,local,False,aucune
b7de8584,CLI-00079,2026-04-08 00:00:00,181100.0,transfert_sortant,CLI-00644,local,False,aucune
a0f0aa10,CLI-00071,2026-04-08 00:00:00,22200.0,depot,,local,False,aucune
c5a6a652,CLI-00175,2026-04-08 00:00:00,50700.0,depot,,local,False,aucune
1bb19450,CLI-00455,2026-04-08 00:00:00,86400.0,retrait,,local,False,aucune
44b2fb2e,CLI-00618,2026-04-08 00:00:00,19900.0,retrait,,regional_uemoa,False,aucune
aafe58d9,CLI-00168,2026-04-08 00:00:00,10200.0,transfert_entrant,CLI-00716,local,False,aucune
0695ccc5,CLI-00674,2026-04-08 00:00:00,3300.0,transfert_entrant,CLI-00219,local,False,aucune
a5107f85,CLI-00212,2026-04-08 00:00:00,10500.0,transfert_sortant,CLI-00525,local,False,aucune
22becfda,CLI-00494,2026-04-08 00:00:00,4400.0,transfert_sortant,CLI-00106,local,False,aucune
74030437,CLI-00583,2026-04-08 00:00:00,39900.0,decaissement_credit,,local,False,aucune
372fc040,CLI-00666,2026-04-08 00:00:00,355800.0,depot,,local,False,aucune
77cfeab5,CLI-00384,2026-04-08 00:00:00,31100.0,depot,,local,False,aucune
149f4be7,CLI-00342,2026-04-08 00:00:00,180700.0,transfert_entrant,CLI-00761,local,False,aucune
5caeffab,CLI-00740,2026-04-08 00:00:00,123700.0,depot,,local,False,aucune
75582444,CLI-00465,2026-04-08 00:00:00,79900.0,retrait,,regional_uemoa,False,aucune
8e63c529,CLI-00385,2026-04-08 00:00:00,17200.0,depot,,local,False,aucune
bed26aa9,CLI-00251,2026-04-08 00:00:00,329600.0,retrait,,local,False,aucune
e457624f,CLI-00473,2026-04-08 00:00:00,8300.0,decaissement_credit,,local,False,aucune
ef7c68c1,CLI-00350,2026-04-08 00:00:00,81500.0,depot,,local,False,aucune
348945d2,CLI-00156,2026-04-08 00:00:00,24800.0,decaissement_credit,,regional_uemoa,False,aucune
788eb6cd,CLI-00433,2026-04-08 00:00:00,14800.0,retrait,,local,False,aucune
1c4b2e0f,CLI-00688,2026-04-08 00:00:00,54100.0,depot,,local,False,aucune
13f1fe15,CLI-00015,2026-04-08 00:00:00,6400.0,depot,,regional_uemoa,False,aucune
93c52fe6,CLI-00766,2026-04-08 00:00:00,5060800.0,transfert_sortant,CLI-00738,regional_uemoa,False,aucune
c465f6a8,CLI-00323,2026-04-08 00:00:00,31500.0,remboursement_credit,,regional_uemoa,False,aucune
7dd920a8,CLI-00233,2026-04-08 00:00:00,34600.0,retrait,,local,False,aucune
95952b00,CLI-00649,2026-04-08 00:00:00,5900.0,retrait,,regional_uemoa,False,aucune
dbfd7f31,CLI-00467,2026-04-08 00:00:00,70000.0,depot,,local,False,aucune
3f1ef228,CLI-00435,2026-04-08 00:00:00,24200.0,depot,,regional_uemoa,False,aucune
ce7e016f,CLI-00577,2026-04-08 00:00:00,45700.0,retrait,,local,False,aucune
c4f55162,CLI-00608,2026-04-08 00:00:00,61400.0,retrait,,local,False,aucune
53ccc4a5,CLI-00278,2026-04-08 00:00:00,72500.0,transfert_sortant,CLI-00479,local,False,aucune
6b4d7783,CLI-00696,2026-04-08 00:00:00,55500.0,decaissement_credit,,local,False,aucune
7b21668f,CLI-00126,2026-04-08 00:00:00,17800.0,transfert_entrant,CLI-00780,local,False,aucune
4f812ae0,CLI-00350,2026-04-08 00:00:00,42300.0,retrait,,local,False,aucune
0a8fb621,CLI-00485,2026-04-08 00:00:00,28300.0,retrait,,regional_uemoa,False,aucune
86578c6e,CLI-00616,2026-04-08 00:00:00,10400.0,retrait,,local,False,aucune
d5f10b34,CLI-00557,2026-04-08 00:00:00,42700.0,transfert_sortant,CLI-00401,regional_uemoa,False,aucune
79db9a25,CLI-00276,2026-04-08 00:00:00,66400.0,transfert_sortant,CLI-00516,local,False,aucune
14e59589,CLI-00471,2026-04-08 00:00:00,78800.0,depot,,local,False,aucune
833d8b60,CLI-00611,2026-04-08 00:00:00,181800.0,transfert_sortant,CLI-00235,local,False,aucune
bc6f0ed8,CLI-00041,2026-04-08 00:00:00,8700.0,retrait,,local,False,aucune
a5042961,CLI-00633,2026-04-08 00:00:00,768200.0,depot,,local,False,aucune
202330bc,CLI-00129,2026-04-08 00:00:00,2000.0,depot,,local,False,aucune
3393e58d,CLI-00665,2026-04-08 00:00:00,204600.0,transfert_sortant,CLI-00451,local,False,aucune
3de2ad69,CLI-00473,2026-04-08 00:00:00,86900.0,depot,,regional_uemoa,False,aucune
e359463b,CLI-00456,2026-04-09 00:00:00,62700.0,remboursement_credit,,local,False,aucune
ac128f42,CLI-00394,2026-04-09 00:00:00,61400.0,depot,,regional_uemoa,False,aucune
de7fda42,CLI-00663,2026-04-09 00:00:00,53300.0,depot,,local,False,aucune
7840534f,CLI-00336,2026-04-09 00:00:00,90800.0,remboursement_credit,,local,False,aucune
063f6caf,CLI-00528,2026-04-09 00:00:00,49800.0,retrait,,local,False,aucune
e34650c2,CLI-00386,2026-04-09 00:00:00,39100.0,decaissement_credit,,regional_uemoa,False,aucune
4abcf2c0,CLI-00646,2026-04-09 00:00:00,125200.0,transfert_sortant,CLI-00622,local,False,aucune
1665b467,CLI-00357,2026-04-09 00:00:00,100300.0,remboursement_credit,,local,False,aucune
78d96162,CLI-00470,2026-04-09 00:00:00,131900.0,depot,,regional_uemoa,False,aucune
5857a8b2,CLI-00124,2026-04-09 00:00:00,118000.0,transfert_sortant,CLI-00452,local,False,aucune
10a09061,CLI-00703,2026-04-09 00:00:00,7800.0,decaissement_credit,,regional_uemoa,False,aucune
bbb95bae,CLI-00301,2026-04-09 00:00:00,76500.0,depot,,local,False,aucune
192123fc,CLI-00059,2026-04-09 00:00:00,44400.0,depot,,local,False,aucune
4b2c80d2,CLI-00300,2026-04-09 00:00:00,68000.0,depot,,local,False,aucune
6d685a98,CLI-00023,2026-04-09 00:00:00,33100.0,depot,,transfrontalier_sensible,False,aucune
b91a3484,CLI-00209,2026-04-09 00:00:00,608500.0,decaissement_credit,,local,False,aucune
cf83c875,CLI-00737,2026-04-09 00:00:00,32700.0,retrait,,regional_uemoa,False,aucune
51910403,CLI-00431,2026-04-09 00:00:00,337400.0,depot,,local,False,aucune
7cf19487,CLI-00446,2026-04-09 00:00:00,224500.0,transfert_entrant,CLI-00329,local,False,aucune
42e83154,CLI-00434,2026-04-09 00:00:00,5800.0,retrait,,local,False,aucune
c0dcc7f0,CLI-00100,2026-04-09 00:00:00,9800.0,depot,,transfrontalier_sensible,False,aucune
a311352f,CLI-00384,2026-04-09 00:00:00,27000.0,transfert_entrant,CLI-00287,transfrontalier_sensible,False,aucune
87225c9b,CLI-00587,2026-04-09 00:00:00,65300.0,retrait,,regional_uemoa,False,aucune
b9cafdf1,CLI-00498,2026-04-09 00:00:00,28600.0,retrait,,local,False,aucune
26d12b69,CLI-00761,2026-04-09 00:00:00,59800.0,transfert_entrant,CLI-00099,local,False,aucune
fae5bbdc,CLI-00677,2026-04-09 00:00:00,55300.0,depot,,local,False,aucune
62ff82d7,CLI-00215,2026-04-09 00:00:00,19400.0,transfert_entrant,CLI-00149,local,False,aucune
c7c8e4c0,CLI-00537,2026-04-09 00:00:00,33500.0,decaissement_credit,,local,False,aucune
5e490e1c,CLI-00115,2026-04-09 00:00:00,2000.0,transfert_entrant,CLI-00641,regional_uemoa,False,aucune
eff91c06,CLI-00478,2026-04-09 00:00:00,42600.0,transfert_entrant,CLI-00319,local,False,aucune
f8bab8e4,CLI-00310,2026-04-09 00:00:00,98600.0,depot,,regional_uemoa,False,aucune
b49bd863,CLI-00165,2026-04-09 00:00:00,185000.0,retrait,,local,False,aucune
7135bf79,CLI-00396,2026-04-09 00:00:00,35800.0,depot,,local,False,aucune
c208d104,CLI-00649,2026-04-09 00:00:00,5462900.0,retrait,,local,False,aucune
43aed351,CLI-00727,2026-04-09 00:00:00,349300.0,retrait,,local,False,aucune
5e43eef3,CLI-00736,2026-04-09 00:00:00,136200.0,transfert_sortant,CLI-00369,local,False,aucune
6a59ae72,CLI-00348,2026-04-09 00:00:00,40700.0,retrait,,local,False,aucune
744c399e,CLI-00593,2026-04-09 00:00:00,86000.0,retrait,,local,False,aucune
41600f70,CLI-00739,2026-04-09 00:00:00,39000.0,retrait,,local,False,aucune
e96efa65,CLI-00152,2026-04-09 00:00:00,10400.0,retrait,,local,False,aucune
acd401fe,CLI-00179,2026-04-09 00:00:00,52100.0,retrait,,local,False,aucune
16036a33,CLI-00304,2026-04-09 00:00:00,214300.0,depot,,local,False,aucune
61be97c4,CLI-00467,2026-04-09 00:00:00,39200.0,depot,,local,False,aucune
f33754e4,CLI-00686,2026-04-09 00:00:00,37300.0,depot,,transfrontalier_sensible,False,aucune
50ef626a,CLI-00389,2026-04-09 00:00:00,22600.0,retrait,,local,False,aucune
cf50cc05,CLI-00517,2026-04-09 00:00:00,100100.0,transfert_entrant,CLI-00527,local,False,aucune
21c2b4a0,CLI-00364,2026-04-09 00:00:00,8004400.0,retrait,,local,False,aucune
c210c45e,CLI-00374,2026-04-09 00:00:00,70700.0,retrait,,local,False,aucune
6cfd5d0c,CLI-00036,2026-04-09 00:00:00,37000.0,transfert_entrant,CLI-00408,local,False,aucune
149d87a4,CLI-00565,2026-04-10 00:00:00,72200.0,remboursement_credit,,local,False,aucune
f70ebe45,CLI-00201,2026-04-10 00:00:00,51800.0,depot,,local,False,aucune
7b07bcb0,CLI-00576,2026-04-10 00:00:00,96300.0,transfert_sortant,CLI-00780,local,False,aucune
0a6ac377,CLI-00718,2026-04-10 00:00:00,713900.0,depot,,local,False,aucune
fb3876f6,CLI-00739,2026-04-10 00:00:00,20300.0,depot,,local,False,aucune
04e3311f,CLI-00340,2026-04-10 00:00:00,17100.0,depot,,local,False,aucune
f99384e9,CLI-00400,2026-04-10 00:00:00,27000.0,depot,,regional_uemoa,False,aucune
7deac651,CLI-00659,2026-04-10 00:00:00,377100.0,depot,,local,False,aucune
90662420,CLI-00688,2026-04-10 00:00:00,17300.0,transfert_sortant,CLI-00717,local,False,aucune
b32b25f7,CLI-00109,2026-04-10 00:00:00,26800.0,retrait,,transfrontalier_sensible,False,aucune
6cbe8404,CLI-00456,2026-04-10 00:00:00,19900.0,retrait,,local,False,aucune
df7c5583,CLI-00201,2026-04-10 00:00:00,17700.0,depot,,local,False,aucune
636762d3,CLI-00006,2026-04-10 00:00:00,19000.0,retrait,,local,False,aucune
a8688b36,CLI-00569,2026-04-10 00:00:00,76700.0,transfert_entrant,CLI-00687,local,False,aucune
48e83ffe,CLI-00754,2026-04-10 00:00:00,161600.0,depot,,local,False,aucune
0e97fe21,CLI-00667,2026-04-10 00:00:00,49400.0,transfert_entrant,CLI-00024,local,False,aucune
4573a53c,CLI-00358,2026-04-10 00:00:00,6800.0,retrait,,local,False,aucune
b6f2dced,CLI-00650,2026-04-10 00:00:00,53400.0,transfert_entrant,CLI-00701,local,False,aucune
0b437a3a,CLI-00441,2026-04-10 00:00:00,369900.0,remboursement_credit,,local,False,aucune
e11d0073,CLI-00208,2026-04-10 00:00:00,77500.0,remboursement_credit,,regional_uemoa,False,aucune
fce93ac4,CLI-00657,2026-04-10 00:00:00,150800.0,retrait,,regional_uemoa,False,aucune
c1cfe5fb,CLI-00692,2026-04-10 00:00:00,43600.0,transfert_entrant,CLI-00748,local,False,aucune
4fcb8e63,CLI-00694,2026-04-10 00:00:00,21500.0,decaissement_credit,,local,False,aucune
ef87e1e7,CLI-00149,2026-04-10 00:00:00,34100.0,retrait,,local,False,aucune
740ccc75,CLI-00271,2026-04-10 00:00:00,47300.0,decaissement_credit,,local,False,aucune
0af6b671,CLI-00413,2026-04-10 00:00:00,89900.0,retrait,,local,False,aucune
8207b28c,CLI-00333,2026-04-10 00:00:00,36200.0,decaissement_credit,,local,False,aucune
d81dc7b7,CLI-00398,2026-04-10 00:00:00,97300.0,transfert_entrant,CLI-00033,regional_uemoa,False,aucune
a94dcd1d,CLI-00303,2026-04-10 00:00:00,15000.0,transfert_sortant,CLI-00799,regional_uemoa,False,aucune
e53aeff3,CLI-00180,2026-04-10 00:00:00,45600.0,remboursement_credit,,local,False,aucune
0432e226,CLI-00303,2026-04-10 00:00:00,93100.0,retrait,,local,False,aucune
8200ed22,CLI-00323,2026-04-10 00:00:00,74800.0,retrait,,local,False,aucune
0d69e85d,CLI-00765,2026-04-10 00:00:00,277000.0,transfert_entrant,CLI-00373,local,False,aucune
773bdd64,CLI-00547,2026-04-10 00:00:00,12300.0,retrait,,local,False,aucune
50191dfa,CLI-00079,2026-04-10 00:00:00,30400.0,depot,,local,False,aucune
fef294b6,CLI-00465,2026-04-10 00:00:00,123600.0,retrait,,local,False,aucune
3e8c9bc7,CLI-00267,2026-04-10 00:00:00,10800.0,depot,,local,False,aucune
1f7c299c,CLI-00509,2026-04-10 00:00:00,219400.0,decaissement_credit,,local,False,aucune
fe5888a5,CLI-00440,2026-04-10 00:00:00,26500.0,transfert_entrant,CLI-00178,local,False,aucune
e7118d7a,CLI-00695,2026-04-10 00:00:00,32500.0,retrait,,local,False,aucune
2ff4b326,CLI-00733,2026-04-10 00:00:00,4300.0,retrait,,local,False,aucune
8637a771,CLI-00508,2026-04-10 00:00:00,9000.0,retrait,,local,False,aucune
93e98331,CLI-00162,2026-04-10 00:00:00,49300.0,remboursement_credit,,local,False,aucune
a8f40fb9,CLI-00415,2026-04-10 00:00:00,10400.0,depot,,transfrontalier_sensible,False,aucune
cc71d8b4,CLI-00310,2026-04-10 00:00:00,117500.0,retrait,,local,False,aucune
b1f7aec9,CLI-00638,2026-04-10 00:00:00,17900.0,retrait,,local,False,aucune
40ee6913,CLI-00581,2026-04-10 00:00:00,57400.0,transfert_entrant,CLI-00148,regional_uemoa,False,aucune
b399c05a,CLI-00113,2026-04-11 00:00:00,16800.0,decaissement_credit,,local,False,aucune
6e9481d6,CLI-00707,2026-04-11 00:00:00,8400.0,retrait,,local,False,aucune
f73567c2,CLI-00539,2026-04-11 00:00:00,224000.0,decaissement_credit,,local,False,aucune
3c150b82,CLI-00312,2026-04-11 00:00:00,72200.0,retrait,,regional_uemoa,False,aucune
59caaa5c,CLI-00521,2026-04-11 00:00:00,32500.0,remboursement_credit,,local,False,aucune
8f207aea,CLI-00309,2026-04-11 00:00:00,5800.0,retrait,,local,False,aucune
dc0047db,CLI-00395,2026-04-11 00:00:00,101400.0,depot,,local,False,aucune
d7eb70f1,CLI-00383,2026-04-11 00:00:00,43400.0,decaissement_credit,,local,False,aucune
b860bc6f,CLI-00652,2026-04-11 00:00:00,22100.0,transfert_entrant,CLI-00686,local,False,aucune
7461b7db,CLI-00443,2026-04-11 00:00:00,71500.0,remboursement_credit,,local,False,aucune
e1296f68,CLI-00026,2026-04-11 00:00:00,90600.0,transfert_entrant,CLI-00205,local,False,aucune
43360c38,CLI-00411,2026-04-11 00:00:00,8900.0,retrait,,local,False,aucune
a0ddf816,CLI-00349,2026-04-11 00:00:00,12000.0,remboursement_credit,,regional_uemoa,False,aucune
a5760c04,CLI-00081,2026-04-11 00:00:00,23600.0,transfert_sortant,CLI-00221,local,False,aucune
6d05386a,CLI-00561,2026-04-11 00:00:00,18600.0,retrait,,local,False,aucune
146ea374,CLI-00722,2026-04-11 00:00:00,73700.0,decaissement_credit,,transfrontalier_sensible,False,aucune
8d5b0fed,CLI-00297,2026-04-11 00:00:00,117900.0,remboursement_credit,,local,False,aucune
45309b4b,CLI-00564,2026-04-11 00:00:00,67500.0,remboursement_credit,,local,False,aucune
c29836e8,CLI-00138,2026-04-11 00:00:00,20700.0,retrait,,local,False,aucune
3c812808,CLI-00446,2026-04-11 00:00:00,137300.0,depot,,local,False,aucune
7c79a0a0,CLI-00142,2026-04-11 00:00:00,16000.0,depot,,local,False,aucune
f6bff577,CLI-00757,2026-04-11 00:00:00,18100.0,retrait,,local,False,aucune
7223646b,CLI-00325,2026-04-11 00:00:00,94500.0,retrait,,local,False,aucune
fe429238,CLI-00623,2026-04-11 00:00:00,70900.0,transfert_sortant,CLI-00598,local,False,aucune
e9fbcd26,CLI-00548,2026-04-11 00:00:00,81700.0,transfert_sortant,CLI-00445,local,False,aucune
f36a47e4,CLI-00089,2026-04-11 00:00:00,34100.0,retrait,,local,False,aucune
980ce32e,CLI-00352,2026-04-11 00:00:00,47400.0,transfert_sortant,CLI-00199,local,False,aucune
0d3f05af,CLI-00635,2026-04-11 00:00:00,125700.0,retrait,,local,False,aucune
87a05922,CLI-00025,2026-04-11 00:00:00,224700.0,retrait,,local,False,aucune
2435b58f,CLI-00546,2026-04-11 00:00:00,29500.0,retrait,,local,False,aucune
b6231bfd,CLI-00609,2026-04-11 00:00:00,86600.0,retrait,,regional_uemoa,False,aucune
af685a04,CLI-00182,2026-04-11 00:00:00,11300.0,depot,,local,False,aucune
e7a77396,CLI-00703,2026-04-11 00:00:00,20000.0,depot,,local,False,aucune
c4525ea2,CLI-00260,2026-04-11 00:00:00,68000.0,retrait,,local,False,aucune
34d8e21c,CLI-00252,2026-04-11 00:00:00,517900.0,retrait,,regional_uemoa,False,aucune
e511e7ac,CLI-00253,2026-04-11 00:00:00,14300.0,depot,,local,False,aucune
0624126f,CLI-00253,2026-04-11 00:00:00,247000.0,remboursement_credit,,regional_uemoa,False,aucune
3556a3b1,CLI-00746,2026-04-11 00:00:00,34500.0,decaissement_credit,,local,False,aucune
faef31aa,CLI-00233,2026-04-11 00:00:00,43300.0,depot,,local,False,aucune
532b84b4,CLI-00061,2026-04-11 00:00:00,8300.0,transfert_entrant,CLI-00214,local,False,aucune
fd741f14,CLI-00492,2026-04-11 00:00:00,6000.0,retrait,,transfrontalier_sensible,False,aucune
4af9ffe0,CLI-00250,2026-04-11 00:00:00,48400.0,retrait,,local,False,aucune
1171dc22,CLI-00520,2026-04-11 00:00:00,137200.0,decaissement_credit,,local,False,aucune
939a97ae,CLI-00072,2026-04-11 00:00:00,22700.0,remboursement_credit,,local,False,aucune
5ff8bbe3,CLI-00498,2026-04-11 00:00:00,51000.0,transfert_entrant,CLI-00480,local,False,aucune
2c496855,CLI-00785,2026-04-11 00:00:00,29200.0,retrait,,local,False,aucune
df5bc5e5,CLI-00209,2026-04-11 00:00:00,78900.0,retrait,,local,False,aucune
b18c30e1,CLI-00713,2026-04-11 00:00:00,122400.0,depot,,local,False,aucune
74e6b69e,CLI-00784,2026-04-11 00:00:00,125300.0,retrait,,local,False,aucune
7363a644,CLI-00792,2026-04-11 00:00:00,39100.0,transfert_entrant,CLI-00789,local,False,aucune
2fe919b6,CLI-00496,2026-04-11 00:00:00,13700.0,retrait,,local,False,aucune
4216666e,CLI-00654,2026-04-11 00:00:00,37100.0,depot,,transfrontalier_sensible,False,aucune
27614021,CLI-00245,2026-04-11 00:00:00,44700.0,retrait,,local,False,aucune
b515b479,CLI-00250,2026-04-11 00:00:00,21100.0,transfert_sortant,CLI-00520,local,False,aucune
a567a46a,CLI-00361,2026-04-11 00:00:00,237600.0,retrait,,local,False,aucune
09003e16,CLI-00507,2026-04-11 00:00:00,55200.0,depot,,local,False,aucune
af2f31c9,CLI-00058,2026-04-11 00:00:00,27700.0,transfert_sortant,CLI-00260,local,False,aucune
225f83e6,CLI-00264,2026-04-11 00:00:00,38100.0,depot,,local,False,aucune
67f75183,CLI-00749,2026-04-12 00:00:00,50500.0,transfert_sortant,CLI-00578,local,False,aucune
80f8a264,CLI-00049,2026-04-12 00:00:00,31600.0,retrait,,local,False,aucune
a3d9f2e6,CLI-00445,2026-04-12 00:00:00,25800.0,transfert_sortant,CLI-00470,local,False,aucune
acfb3717,CLI-00714,2026-04-12 00:00:00,55000.0,decaissement_credit,,local,False,aucune
e27eeffd,CLI-00763,2026-04-12 00:00:00,111200.0,transfert_entrant,CLI-00156,local,False,aucune
1291332e,CLI-00623,2026-04-12 00:00:00,13400.0,depot,,local,False,aucune
122793aa,CLI-00224,2026-04-12 00:00:00,79400.0,retrait,,local,False,aucune
70128cbe,CLI-00673,2026-04-12 00:00:00,603400.0,transfert_sortant,CLI-00014,local,False,aucune
8b7e50bf,CLI-00694,2026-04-12 00:00:00,10600.0,remboursement_credit,,local,False,aucune
3159f710,CLI-00643,2026-04-12 00:00:00,36500.0,depot,,local,False,aucune
1dac7402,CLI-00296,2026-04-12 00:00:00,40400.0,transfert_entrant,CLI-00793,local,False,aucune
beefb4e4,CLI-00305,2026-04-12 00:00:00,2400.0,retrait,,local,False,aucune
c464d7ab,CLI-00500,2026-04-12 00:00:00,36100.0,depot,,local,False,aucune
ec55dc2a,CLI-00374,2026-04-12 00:00:00,38700.0,depot,,local,False,aucune
28884437,CLI-00577,2026-04-12 00:00:00,48000.0,retrait,,local,False,aucune
9d93c91a,CLI-00761,2026-04-12 00:00:00,27300.0,retrait,,regional_uemoa,False,aucune
785c599e,CLI-00067,2026-04-12 00:00:00,74700.0,depot,,local,False,aucune
577b5d97,CLI-00175,2026-04-12 00:00:00,21800.0,decaissement_credit,,local,False,aucune
da03328e,CLI-00422,2026-04-12 00:00:00,39100.0,retrait,,local,False,aucune
30c4f208,CLI-00167,2026-04-12 00:00:00,50500.0,decaissement_credit,,local,False,aucune
0903b3b5,CLI-00618,2026-04-12 00:00:00,239900.0,transfert_entrant,CLI-00610,local,False,aucune
a45ae9bb,CLI-00373,2026-04-12 00:00:00,66100.0,transfert_entrant,CLI-00426,local,False,aucune
8c87644c,CLI-00049,2026-04-12 00:00:00,34800.0,retrait,,regional_uemoa,False,aucune
aecd3ffb,CLI-00590,2026-04-12 00:00:00,12000.0,transfert_sortant,CLI-00595,local,False,aucune
82897f94,CLI-00773,2026-04-12 00:00:00,24000.0,transfert_entrant,CLI-00524,local,False,aucune
6f59d7f4,CLI-00740,2026-04-12 00:00:00,119100.0,retrait,,regional_uemoa,False,aucune
d28dbc79,CLI-00475,2026-04-12 00:00:00,81500.0,transfert_entrant,CLI-00118,local,False,aucune
0fb1a053,CLI-00727,2026-04-12 00:00:00,259200.0,remboursement_credit,,local,False,aucune
efe3fd7c,CLI-00085,2026-04-12 00:00:00,9400.0,transfert_sortant,CLI-00459,local,False,aucune
3d23c628,CLI-00204,2026-04-12 00:00:00,26000.0,retrait,,local,False,aucune
fadc6b53,CLI-00448,2026-04-12 00:00:00,19100.0,transfert_sortant,CLI-00753,local,False,aucune
140c1477,CLI-00177,2026-04-12 00:00:00,11800.0,depot,,regional_uemoa,False,aucune
d731bac3,CLI-00212,2026-04-12 00:00:00,6600.0,remboursement_credit,,local,False,aucune
8ad8a9b8,CLI-00441,2026-04-12 00:00:00,20200.0,transfert_sortant,CLI-00358,local,False,aucune
6a32ac72,CLI-00263,2026-04-12 00:00:00,29900.0,depot,,local,False,aucune
a8f07e9c,CLI-00696,2026-04-12 00:00:00,57700.0,depot,,regional_uemoa,False,aucune
8ba0e8b7,CLI-00469,2026-04-12 00:00:00,29300.0,transfert_entrant,CLI-00336,local,False,aucune
1161efe6,CLI-00267,2026-04-12 00:00:00,192500.0,retrait,,local,False,aucune
93ed2566,CLI-00681,2026-04-12 00:00:00,13100.0,retrait,,local,False,aucune
af80b84f,CLI-00473,2026-04-12 00:00:00,30000.0,transfert_entrant,CLI-00593,local,False,aucune
ecab0906,CLI-00745,2026-04-12 00:00:00,47000.0,depot,,local,False,aucune
1653e39f,CLI-00585,2026-04-12 00:00:00,34800.0,retrait,,local,False,aucune
8123f151,CLI-00091,2026-04-12 00:00:00,20300.0,depot,,local,False,aucune
6ccc4e51,CLI-00703,2026-04-12 00:00:00,255700.0,retrait,,local,False,aucune
4bf8f166,CLI-00197,2026-04-12 00:00:00,73400.0,retrait,,local,False,aucune
07cdbee1,CLI-00488,2026-04-12 00:00:00,7600.0,transfert_sortant,CLI-00346,local,False,aucune
c11808be,CLI-00470,2026-04-12 00:00:00,73000.0,depot,,local,False,aucune
94f62fba,CLI-00189,2026-04-12 00:00:00,6000.0,depot,,local,False,aucune
a067d1a8,CLI-00776,2026-04-12 00:00:00,29500.0,depot,,local,False,aucune
018d4b6e,CLI-00614,2026-04-12 00:00:00,65600.0,depot,,regional_uemoa,False,aucune
edc23e39,CLI-00524,2026-04-12 00:00:00,47700.0,transfert_entrant,CLI-00466,local,False,aucune
c8312021,CLI-00147,2026-04-12 00:00:00,128900.0,depot,,local,False,aucune
70893718,CLI-00098,2026-04-12 00:00:00,82300.0,retrait,,transfrontalier_sensible,False,aucune
bd24a41e,CLI-00566,2026-04-12 00:00:00,26700.0,retrait,,local,False,aucune
f3d9db66,CLI-00558,2026-04-12 00:00:00,49900.0,depot,,local,False,aucune
6b6bfc18,CLI-00387,2026-04-12 00:00:00,29600.0,decaissement_credit,,local,False,aucune
59b4df20,CLI-00482,2026-04-12 00:00:00,155600.0,retrait,,local,False,aucune
b552a7a3,CLI-00607,2026-04-12 00:00:00,67700.0,depot,,regional_uemoa,False,aucune
ce09fad2,CLI-00412,2026-04-12 00:00:00,22900.0,transfert_sortant,CLI-00283,local,False,aucune
951cbebf,CLI-00241,2026-04-12 00:00:00,25100.0,retrait,,local,False,aucune
abc697d4,CLI-00133,2026-04-12 00:00:00,304300.0,transfert_sortant,CLI-00009,transfrontalier_sensible,False,aucune
b584ba61,CLI-00337,2026-04-12 00:00:00,20800.0,depot,,regional_uemoa,False,aucune
7f62133e,CLI-00605,2026-04-13 00:00:00,33000.0,decaissement_credit,,local,False,aucune
78156d91,CLI-00766,2026-04-13 00:00:00,7800.0,depot,,regional_uemoa,False,aucune
4e8b9686,CLI-00009,2026-04-13 00:00:00,149400.0,decaissement_credit,,local,False,aucune
26329b27,CLI-00458,2026-04-13 00:00:00,604300.0,depot,,transfrontalier_sensible,False,aucune
64464f74,CLI-00265,2026-04-13 00:00:00,93600.0,depot,,local,False,aucune
803377bd,CLI-00210,2026-04-13 00:00:00,9100.0,retrait,,local,False,aucune
0612a698,CLI-00068,2026-04-13 00:00:00,51400.0,retrait,,local,False,aucune
8e0cbe7e,CLI-00068,2026-04-13 00:00:00,35800.0,retrait,,local,False,aucune
2404b13a,CLI-00238,2026-04-13 00:00:00,22300.0,retrait,,local,False,aucune
4a91659a,CLI-00578,2026-04-13 00:00:00,145000.0,retrait,,local,False,aucune
781362fb,CLI-00354,2026-04-13 00:00:00,5200.0,depot,,regional_uemoa,False,aucune
56b720e1,CLI-00002,2026-04-13 00:00:00,47900.0,depot,,local,False,aucune
60428cc5,CLI-00247,2026-04-13 00:00:00,158100.0,depot,,local,False,aucune
a2e1cf18,CLI-00397,2026-04-13 00:00:00,32700.0,transfert_entrant,CLI-00590,local,False,aucune
cf78f4ce,CLI-00154,2026-04-13 00:00:00,47300.0,depot,,local,False,aucune
048cf17a,CLI-00317,2026-04-13 00:00:00,7500.0,retrait,,local,False,aucune
8d12d4e6,CLI-00225,2026-04-13 00:00:00,23200.0,depot,,regional_uemoa,False,aucune
9bac3101,CLI-00424,2026-04-13 00:00:00,47600.0,decaissement_credit,,local,False,aucune
095c8cfc,CLI-00273,2026-04-13 00:00:00,550900.0,retrait,,local,False,aucune
8e916ac9,CLI-00423,2026-04-13 00:00:00,347800.0,transfert_entrant,CLI-00648,local,False,aucune
5671a018,CLI-00158,2026-04-13 00:00:00,27000.0,retrait,,local,False,aucune
ef35bc29,CLI-00736,2026-04-13 00:00:00,90000.0,remboursement_credit,,local,False,aucune
3faa9104,CLI-00494,2026-04-13 00:00:00,125000.0,depot,,local,False,aucune
13f17305,CLI-00160,2026-04-13 00:00:00,80300.0,retrait,,local,False,aucune
75c4bfff,CLI-00765,2026-04-13 00:00:00,80700.0,retrait,,local,False,aucune
cbd61d15,CLI-00409,2026-04-13 00:00:00,55000.0,decaissement_credit,,local,False,aucune
e1c49f4d,CLI-00392,2026-04-13 00:00:00,146500.0,retrait,,local,False,aucune
6dd141fe,CLI-00099,2026-04-13 00:00:00,9200.0,retrait,,local,False,aucune
035bd73d,CLI-00235,2026-04-13 00:00:00,48500.0,transfert_entrant,CLI-00068,regional_uemoa,False,aucune
9b01e626,CLI-00149,2026-04-13 00:00:00,37900.0,transfert_sortant,CLI-00742,local,False,aucune
446dd7d4,CLI-00016,2026-04-13 00:00:00,215100.0,transfert_sortant,CLI-00485,local,False,aucune
47433927,CLI-00644,2026-04-13 00:00:00,19600.0,decaissement_credit,,local,False,aucune
7143e667,CLI-00060,2026-04-13 00:00:00,23500.0,decaissement_credit,,local,False,aucune
685a0187,CLI-00655,2026-04-13 00:00:00,79500.0,retrait,,local,False,aucune
84bfb62c,CLI-00012,2026-04-13 00:00:00,112800.0,transfert_sortant,CLI-00638,regional_uemoa,False,aucune
eb5194c5,CLI-00714,2026-04-13 00:00:00,394000.0,depot,,transfrontalier_sensible,False,aucune
90b95f66,CLI-00311,2026-04-13 00:00:00,22600.0,remboursement_credit,,local,False,aucune
088c31c2,CLI-00215,2026-04-13 00:00:00,45500.0,decaissement_credit,,local,False,aucune
998f3330,CLI-00423,2026-04-13 00:00:00,115300.0,retrait,,local,False,aucune
c2cf815a,CLI-00251,2026-04-13 00:00:00,248000.0,retrait,,local,False,aucune
3c77d449,CLI-00461,2026-04-13 00:00:00,168000.0,retrait,,regional_uemoa,False,aucune
580635e9,CLI-00457,2026-04-13 00:00:00,16200.0,depot,,local,False,aucune
fae871ef,CLI-00391,2026-04-13 00:00:00,2200.0,depot,,local,False,aucune
6080f057,CLI-00574,2026-04-13 00:00:00,484200.0,remboursement_credit,,regional_uemoa,False,aucune
80fb94de,CLI-00731,2026-04-13 00:00:00,71700.0,depot,,local,False,aucune
800a44d3,CLI-00051,2026-04-13 00:00:00,26100.0,depot,,local,False,aucune
5d5df823,CLI-00477,2026-04-13 00:00:00,229100.0,transfert_sortant,CLI-00387,transfrontalier_sensible,False,aucune
e4b97969,CLI-00013,2026-04-13 00:00:00,75100.0,depot,,local,False,aucune
375d16c2,CLI-00378,2026-04-13 00:00:00,10400.0,depot,,regional_uemoa,False,aucune
a36b00d1,CLI-00295,2026-04-13 00:00:00,49700.0,depot,,local,False,aucune
f79d1c58,CLI-00609,2026-04-13 00:00:00,15600.0,transfert_entrant,CLI-00335,local,False,aucune
5d8166e2,CLI-00573,2026-04-13 00:00:00,43900.0,retrait,,transfrontalier_sensible,False,aucune
3cc69abb,CLI-00187,2026-04-13 00:00:00,268700.0,retrait,,local,False,aucune
691c291b,CLI-00107,2026-04-13 00:00:00,77800.0,transfert_entrant,CLI-00437,local,False,aucune
03dc8a9e,CLI-00518,2026-04-13 00:00:00,7500.0,retrait,,local,False,aucune
549c560b,CLI-00070,2026-04-13 00:00:00,63100.0,depot,,local,False,aucune
a611aa31,CLI-00575,2026-04-13 00:00:00,16700.0,transfert_entrant,CLI-00254,local,False,aucune
15b53e7c,CLI-00358,2026-04-13 00:00:00,15800.0,depot,,local,False,aucune
20aa52d0,CLI-00514,2026-04-13 00:00:00,150600.0,transfert_entrant,CLI-00710,local,False,aucune
8fe3996d,CLI-00092,2026-04-14 00:00:00,42500.0,remboursement_credit,,local,False,aucune
cd117746,CLI-00450,2026-04-14 00:00:00,72200.0,depot,,local,False,aucune
5249d3f2,CLI-00250,2026-04-14 00:00:00,546700.0,transfert_sortant,CLI-00289,local,False,aucune
33dff209,CLI-00694,2026-04-14 00:00:00,25600.0,transfert_sortant,CLI-00745,local,False,aucune
41367188,CLI-00170,2026-04-14 00:00:00,40700.0,transfert_sortant,CLI-00042,local,False,aucune
dd258362,CLI-00730,2026-04-14 00:00:00,82300.0,retrait,,local,False,aucune
c038e45c,CLI-00213,2026-04-14 00:00:00,75600.0,depot,,local,False,aucune
3f7591d6,CLI-00774,2026-04-14 00:00:00,45400.0,depot,,local,False,aucune
4e51a694,CLI-00635,2026-04-14 00:00:00,51200.0,transfert_sortant,CLI-00326,local,False,aucune
8eb55538,CLI-00218,2026-04-14 00:00:00,9206900.0,depot,,local,False,aucune
84a8e0ec,CLI-00190,2026-04-14 00:00:00,23700.0,transfert_sortant,CLI-00662,local,False,aucune
9d648bc4,CLI-00393,2026-04-14 00:00:00,78600.0,remboursement_credit,,local,False,aucune
b7f8c83b,CLI-00250,2026-04-14 00:00:00,192100.0,retrait,,local,False,aucune
6e3d5cd6,CLI-00586,2026-04-14 00:00:00,26400.0,transfert_sortant,CLI-00416,local,False,aucune
872b4e2e,CLI-00510,2026-04-14 00:00:00,127700.0,depot,,local,False,aucune
72a19077,CLI-00142,2026-04-14 00:00:00,12000.0,retrait,,local,False,aucune
9645d0df,CLI-00279,2026-04-14 00:00:00,8300.0,decaissement_credit,,local,False,aucune
875aeeb8,CLI-00216,2026-04-14 00:00:00,13900.0,transfert_sortant,CLI-00435,local,False,aucune
014cc50b,CLI-00269,2026-04-14 00:00:00,36600.0,retrait,,local,False,aucune
342aeca2,CLI-00141,2026-04-14 00:00:00,16600.0,depot,,local,False,aucune
7f8bd3b3,CLI-00236,2026-04-14 00:00:00,34500.0,retrait,,local,False,aucune
ff8922d0,CLI-00509,2026-04-14 00:00:00,175400.0,remboursement_credit,,transfrontalier_sensible,False,aucune
964361fa,CLI-00605,2026-04-14 00:00:00,9500.0,decaissement_credit,,local,False,aucune
b280bd2e,CLI-00103,2026-04-14 00:00:00,26200.0,remboursement_credit,,local,False,aucune
efb50fee,CLI-00671,2026-04-14 00:00:00,75200.0,depot,,transfrontalier_sensible,False,aucune
62434d2e,CLI-00754,2026-04-14 00:00:00,25500.0,decaissement_credit,,local,False,aucune
aa572319,CLI-00457,2026-04-14 00:00:00,26100.0,depot,,local,False,aucune
4b917180,CLI-00654,2026-04-14 00:00:00,547100.0,retrait,,local,False,aucune
2a254eb7,CLI-00441,2026-04-14 00:00:00,15200.0,transfert_sortant,CLI-00363,regional_uemoa,False,aucune
559ebe79,CLI-00119,2026-04-14 00:00:00,8200.0,transfert_sortant,CLI-00480,regional_uemoa,False,aucune
4eafa37a,CLI-00599,2026-04-14 00:00:00,111200.0,decaissement_credit,,local,False,aucune
d4b0a245,CLI-00654,2026-04-14 00:00:00,90200.0,depot,,regional_uemoa,False,aucune
b4ead643,CLI-00547,2026-04-14 00:00:00,18200.0,remboursement_credit,,local,False,aucune
10793a65,CLI-00125,2026-04-14 00:00:00,37500.0,decaissement_credit,,local,False,aucune
f3934ace,CLI-00720,2026-04-14 00:00:00,30200.0,retrait,,local,False,aucune
a68b9cd3,CLI-00575,2026-04-14 00:00:00,182900.0,retrait,,local,False,aucune
1cc6cc44,CLI-00104,2026-04-14 00:00:00,270600.0,transfert_sortant,CLI-00066,transfrontalier_sensible,False,aucune
e49756ea,CLI-00791,2026-04-14 00:00:00,20800.0,depot,,local,False,aucune
fc4f6328,CLI-00603,2026-04-14 00:00:00,18100.0,retrait,,local,False,aucune
dcc9f7ce,CLI-00624,2026-04-14 00:00:00,36800.0,remboursement_credit,,local,False,aucune
140c7e09,CLI-00453,2026-04-14 00:00:00,36400.0,retrait,,local,False,aucune
d56ad3d1,CLI-00082,2026-04-14 00:00:00,96800.0,depot,,local,False,aucune
e3eae39c,CLI-00179,2026-04-14 00:00:00,20200.0,transfert_sortant,CLI-00573,local,False,aucune
f66628a9,CLI-00389,2026-04-14 00:00:00,32900.0,retrait,,local,False,aucune
6916a611,CLI-00612,2026-04-14 00:00:00,161900.0,transfert_entrant,CLI-00730,regional_uemoa,False,aucune
15e45e8c,CLI-00436,2026-04-14 00:00:00,18500.0,transfert_entrant,CLI-00428,local,False,aucune
4454928a,CLI-00633,2026-04-14 00:00:00,113100.0,depot,,local,False,aucune
74f2f1b7,CLI-00180,2026-04-14 00:00:00,55200.0,depot,,transfrontalier_sensible,False,aucune
4ada3cc3,CLI-00406,2026-04-14 00:00:00,13400.0,retrait,,local,False,aucune
4a0a5e71,CLI-00525,2026-04-14 00:00:00,272200.0,depot,,regional_uemoa,False,aucune
f1b164c0,CLI-00059,2026-04-14 00:00:00,185400.0,decaissement_credit,,local,False,aucune
3b75a78b,CLI-00731,2026-04-14 00:00:00,8881300.0,depot,,regional_uemoa,False,aucune
e4ab7a0e,CLI-00202,2026-04-14 00:00:00,249900.0,transfert_sortant,CLI-00000,local,False,aucune
3e7596ae,CLI-00372,2026-04-14 00:00:00,186300.0,transfert_sortant,CLI-00419,local,False,aucune
384f4724,CLI-00753,2026-04-14 00:00:00,43700.0,depot,,local,False,aucune
611e98fa,CLI-00767,2026-04-14 00:00:00,162300.0,remboursement_credit,,local,False,aucune
bf9febeb,CLI-00598,2026-04-14 00:00:00,28700.0,depot,,local,False,aucune
5d9e5cd6,CLI-00287,2026-04-14 00:00:00,69500.0,remboursement_credit,,local,False,aucune
d02e1383,CLI-00001,2026-04-14 00:00:00,68300.0,decaissement_credit,,local,False,aucune
74ef8a08,CLI-00462,2026-04-14 00:00:00,4700.0,transfert_sortant,CLI-00085,local,False,aucune
be5f66da,CLI-00571,2026-04-14 00:00:00,149800.0,decaissement_credit,,local,False,aucune
06a79aa3,CLI-00282,2026-04-14 00:00:00,39600.0,retrait,,local,False,aucune
1efb2736,CLI-00120,2026-04-14 00:00:00,55700.0,retrait,,local,False,aucune
2a2374f6,CLI-00736,2026-04-14 00:00:00,79200.0,retrait,,local,False,aucune
a38d8a7e,CLI-00654,2026-04-14 00:00:00,46800.0,retrait,,local,False,aucune
a4486263,CLI-00186,2026-04-14 00:00:00,48800.0,retrait,,local,False,aucune
411ee54b,CLI-00571,2026-04-15 00:00:00,185500.0,transfert_sortant,CLI-00094,local,False,aucune
09f08276,CLI-00159,2026-04-15 00:00:00,149600.0,depot,,regional_uemoa,False,aucune
84221cb7,CLI-00268,2026-04-15 00:00:00,12100.0,retrait,,regional_uemoa,False,aucune
a6db4431,CLI-00762,2026-04-15 00:00:00,36000.0,transfert_sortant,CLI-00713,local,False,aucune
a1e96a0f,CLI-00419,2026-04-15 00:00:00,116200.0,transfert_entrant,CLI-00696,local,False,aucune
166c00e5,CLI-00731,2026-04-15 00:00:00,39100.0,retrait,,local,False,aucune
bc3ab127,CLI-00349,2026-04-15 00:00:00,74100.0,remboursement_credit,,regional_uemoa,False,aucune
3b3ee31c,CLI-00312,2026-04-15 00:00:00,35000.0,transfert_sortant,CLI-00503,local,False,aucune
fe27cf4b,CLI-00325,2026-04-15 00:00:00,98400.0,transfert_sortant,CLI-00452,local,False,aucune
9c1a307b,CLI-00798,2026-04-15 00:00:00,183900.0,transfert_entrant,CLI-00590,local,False,aucune
854ec8c9,CLI-00511,2026-04-15 00:00:00,13000.0,decaissement_credit,,local,False,aucune
a072096a,CLI-00550,2026-04-15 00:00:00,63100.0,remboursement_credit,,local,False,aucune
696c1d55,CLI-00578,2026-04-15 00:00:00,144100.0,depot,,local,False,aucune
343428b0,CLI-00708,2026-04-15 00:00:00,45000.0,retrait,,regional_uemoa,False,aucune
f659acfa,CLI-00421,2026-04-15 00:00:00,10800.0,depot,,local,False,aucune
11e5c71c,CLI-00711,2026-04-15 00:00:00,58600.0,decaissement_credit,,local,False,aucune
4df1aa48,CLI-00497,2026-04-15 00:00:00,57700.0,depot,,transfrontalier_sensible,False,aucune
2b7fa87c,CLI-00566,2026-04-15 00:00:00,281100.0,depot,,local,False,aucune
0f266a9c,CLI-00446,2026-04-15 00:00:00,58300.0,retrait,,local,False,aucune
afc0f436,CLI-00287,2026-04-15 00:00:00,42800.0,remboursement_credit,,local,False,aucune
470d18f7,CLI-00739,2026-04-15 00:00:00,4200.0,depot,,local,False,aucune
33fc611c,CLI-00261,2026-04-15 00:00:00,79200.0,transfert_entrant,CLI-00071,local,False,aucune
44a3ac2d,CLI-00031,2026-04-15 00:00:00,10300.0,retrait,,local,False,aucune
ed078b0d,CLI-00588,2026-04-15 00:00:00,50700.0,decaissement_credit,,local,False,aucune
9dc33579,CLI-00156,2026-04-15 00:00:00,215500.0,remboursement_credit,,local,False,aucune
a039e24f,CLI-00503,2026-04-15 00:00:00,20600.0,retrait,,local,False,aucune
8c4239a6,CLI-00138,2026-04-15 00:00:00,78400.0,depot,,local,False,aucune
d96bbd96,CLI-00446,2026-04-15 00:00:00,17300.0,retrait,,local,False,aucune
8249dac7,CLI-00221,2026-04-15 00:00:00,23000.0,decaissement_credit,,local,False,aucune
c2c5dd9f,CLI-00052,2026-04-15 00:00:00,33300.0,depot,,local,False,aucune
feacc415,CLI-00439,2026-04-15 00:00:00,11700.0,remboursement_credit,,local,False,aucune
99357bd3,CLI-00717,2026-04-15 00:00:00,31700.0,retrait,,local,False,aucune
6c543447,CLI-00743,2026-04-15 00:00:00,7400.0,decaissement_credit,,regional_uemoa,False,aucune
f03c3885,CLI-00084,2026-04-15 00:00:00,528500.0,remboursement_credit,,local,False,aucune
7b4d07bb,CLI-00213,2026-04-15 00:00:00,94900.0,transfert_entrant,CLI-00734,transfrontalier_sensible,False,aucune
41dde3f9,CLI-00487,2026-04-15 00:00:00,617100.0,transfert_entrant,CLI-00626,local,False,aucune
83513e05,CLI-00324,2026-04-16 00:00:00,154900.0,depot,,local,False,aucune
c4353288,CLI-00187,2026-04-16 00:00:00,26400.0,retrait,,local,False,aucune
253239aa,CLI-00615,2026-04-16 00:00:00,79800.0,depot,,local,False,aucune
36f88c34,CLI-00089,2026-04-16 00:00:00,349100.0,transfert_sortant,CLI-00123,local,False,aucune
9f910821,CLI-00466,2026-04-16 00:00:00,25600.0,retrait,,regional_uemoa,False,aucune
e464e044,CLI-00426,2026-04-16 00:00:00,17500.0,depot,,regional_uemoa,False,aucune
e7e4032f,CLI-00254,2026-04-16 00:00:00,15900.0,remboursement_credit,,local,False,aucune
239cdcfd,CLI-00699,2026-04-16 00:00:00,12400.0,transfert_entrant,CLI-00256,local,False,aucune
5937c4ec,CLI-00024,2026-04-16 00:00:00,29800.0,remboursement_credit,,local,False,aucune
eed3dac2,CLI-00736,2026-04-16 00:00:00,123000.0,retrait,,regional_uemoa,False,aucune
a2974cf3,CLI-00798,2026-04-16 00:00:00,6200.0,depot,,local,False,aucune
f502205e,CLI-00609,2026-04-16 00:00:00,75300.0,depot,,local,False,aucune
1160a216,CLI-00698,2026-04-16 00:00:00,13700.0,depot,,local,False,aucune
ea4cc0fc,CLI-00497,2026-04-16 00:00:00,16300.0,depot,,regional_uemoa,False,aucune
f5c6ce48,CLI-00412,2026-04-16 00:00:00,100300.0,depot,,regional_uemoa,False,aucune
17434e5b,CLI-00565,2026-04-16 00:00:00,177300.0,transfert_entrant,CLI-00426,local,False,aucune
c26a0758,CLI-00114,2026-04-16 00:00:00,6000.0,remboursement_credit,,local,False,aucune
5c9fc39d,CLI-00297,2026-04-16 00:00:00,22000.0,depot,,local,False,aucune
af2d7eb6,CLI-00380,2026-04-16 00:00:00,44400.0,transfert_entrant,CLI-00275,local,False,aucune
75edfb72,CLI-00676,2026-04-16 00:00:00,35900.0,retrait,,local,False,aucune
3997ace6,CLI-00733,2026-04-16 00:00:00,12700.0,depot,,regional_uemoa,False,aucune
f5803228,CLI-00741,2026-04-16 00:00:00,36300.0,depot,,local,False,aucune
c4918b66,CLI-00240,2026-04-16 00:00:00,25500.0,decaissement_credit,,local,False,aucune
c7209a9a,CLI-00046,2026-04-16 00:00:00,62100.0,transfert_entrant,CLI-00583,local,False,aucune
039b894d,CLI-00582,2026-04-16 00:00:00,25500.0,decaissement_credit,,local,False,aucune
fd193511,CLI-00177,2026-04-16 00:00:00,189100.0,retrait,,transfrontalier_sensible,False,aucune
9b4d707b,CLI-00660,2026-04-16 00:00:00,13200.0,remboursement_credit,,local,False,aucune
bc160322,CLI-00429,2026-04-16 00:00:00,21600.0,transfert_sortant,CLI-00440,local,False,aucune
963b9f16,CLI-00207,2026-04-16 00:00:00,120000.0,remboursement_credit,,local,False,aucune
1cda2e7e,CLI-00508,2026-04-16 00:00:00,59600.0,depot,,local,False,aucune
5a51de40,CLI-00693,2026-04-16 00:00:00,84700.0,transfert_entrant,CLI-00034,local,False,aucune
34cadfa1,CLI-00781,2026-04-16 00:00:00,14400.0,decaissement_credit,,local,False,aucune
1faeb7a8,CLI-00021,2026-04-16 00:00:00,101700.0,decaissement_credit,,local,False,aucune
3a7bafca,CLI-00406,2026-04-16 00:00:00,23600.0,retrait,,local,False,aucune
7b943498,CLI-00612,2026-04-16 00:00:00,27400.0,depot,,local,False,aucune
6e456493,CLI-00415,2026-04-16 00:00:00,27000.0,retrait,,regional_uemoa,False,aucune
292bc20e,CLI-00750,2026-04-16 00:00:00,62900.0,remboursement_credit,,local,False,aucune
54495dfb,CLI-00676,2026-04-16 00:00:00,23700.0,retrait,,local,False,aucune
3ce3dd96,CLI-00242,2026-04-16 00:00:00,138500.0,decaissement_credit,,local,False,aucune
0b16c300,CLI-00754,2026-04-16 00:00:00,192000.0,retrait,,local,False,aucune
b27f3883,CLI-00132,2026-04-16 00:00:00,24500.0,transfert_entrant,CLI-00497,local,False,aucune
91796dd8,CLI-00599,2026-04-16 00:00:00,39900.0,transfert_entrant,CLI-00420,local,False,aucune
5411c41f,CLI-00767,2026-04-16 00:00:00,38000.0,retrait,,local,False,aucune
02f88621,CLI-00466,2026-04-16 00:00:00,16500.0,retrait,,local,False,aucune
119d244a,CLI-00239,2026-04-16 00:00:00,20900.0,decaissement_credit,,local,False,aucune
e27d0c45,CLI-00050,2026-04-16 00:00:00,64200.0,depot,,transfrontalier_sensible,False,aucune
a96ce4bb,CLI-00118,2026-04-16 00:00:00,12300.0,transfert_sortant,CLI-00264,local,False,aucune
3bd39b3d,CLI-00488,2026-04-16 00:00:00,11600.0,transfert_entrant,CLI-00684,transfrontalier_sensible,False,aucune
b2af7c3d,CLI-00293,2026-04-16 00:00:00,49500.0,transfert_entrant,CLI-00179,local,False,aucune
8f7aa295,CLI-00373,2026-04-16 00:00:00,93500.0,depot,,local,False,aucune
b55ece97,CLI-00205,2026-04-16 00:00:00,138500.0,depot,,regional_uemoa,False,aucune
a0d75fc3,CLI-00310,2026-04-16 00:00:00,60000.0,retrait,,local,False,aucune
0ff4a9da,CLI-00167,2026-04-16 00:00:00,40700.0,depot,,local,False,aucune
7936c494,CLI-00570,2026-04-16 00:00:00,4200.0,depot,,local,False,aucune
a0913397,CLI-00183,2026-04-16 00:00:00,4297000.0,depot,,local,False,aucune
69d8714f,CLI-00488,2026-04-16 00:00:00,131200.0,retrait,,local,False,aucune
c291b4b3,CLI-00601,2026-04-16 00:00:00,8500.0,retrait,,local,False,aucune
fe4dfd00,CLI-00012,2026-04-16 00:00:00,21000.0,depot,,local,False,aucune
86276a01,CLI-00039,2026-04-16 00:00:00,20300.0,transfert_entrant,CLI-00125,local,False,aucune
dfe5dca3,CLI-00640,2026-04-16 00:00:00,22700.0,retrait,,regional_uemoa,False,aucune
dcb710f3,CLI-00784,2026-04-16 00:00:00,55000.0,retrait,,local,False,aucune
dce99f52,CLI-00312,2026-04-16 00:00:00,103100.0,depot,,regional_uemoa,False,aucune
671a325b,CLI-00751,2026-04-16 00:00:00,180100.0,retrait,,local,False,aucune
378099eb,CLI-00473,2026-04-16 00:00:00,16700.0,depot,,local,False,aucune
68b9cd88,CLI-00219,2026-04-16 00:00:00,7400.0,depot,,local,False,aucune
2a6184bb,CLI-00351,2026-04-16 00:00:00,24900.0,transfert_sortant,CLI-00785,local,False,aucune
bc7bae60,CLI-00232,2026-04-17 00:00:00,27600.0,decaissement_credit,,local,False,aucune
1e553cfc,CLI-00768,2026-04-17 00:00:00,66700.0,retrait,,local,False,aucune
e376c936,CLI-00662,2026-04-17 00:00:00,54900.0,retrait,,local,False,aucune
5ec25186,CLI-00192,2026-04-17 00:00:00,18300.0,depot,,local,False,aucune
f7283553,CLI-00321,2026-04-17 00:00:00,21200.0,remboursement_credit,,local,False,aucune
e8dbcda6,CLI-00687,2026-04-17 00:00:00,86200.0,remboursement_credit,,local,False,aucune
5016df8e,CLI-00189,2026-04-17 00:00:00,92800.0,retrait,,local,False,aucune
a2e32a35,CLI-00490,2026-04-17 00:00:00,111400.0,remboursement_credit,,local,False,aucune
35fe6dee,CLI-00668,2026-04-17 00:00:00,316600.0,retrait,,local,False,aucune
bf1a9d3d,CLI-00483,2026-04-17 00:00:00,28800.0,transfert_sortant,CLI-00747,local,False,aucune
b865c71b,CLI-00426,2026-04-17 00:00:00,35600.0,remboursement_credit,,local,False,aucune
4f42db01,CLI-00128,2026-04-17 00:00:00,12800.0,retrait,,local,False,aucune
c3f2645d,CLI-00431,2026-04-17 00:00:00,98200.0,transfert_sortant,CLI-00219,local,False,aucune
feefef4b,CLI-00473,2026-04-17 00:00:00,11700.0,retrait,,local,False,aucune
c439bf90,CLI-00391,2026-04-17 00:00:00,88200.0,remboursement_credit,,local,False,aucune
06154335,CLI-00685,2026-04-17 00:00:00,23300.0,transfert_sortant,CLI-00380,local,False,aucune
180a8b01,CLI-00109,2026-04-17 00:00:00,64800.0,depot,,local,False,aucune
b6fc8ac5,CLI-00177,2026-04-17 00:00:00,62600.0,depot,,local,False,aucune
dff3308a,CLI-00339,2026-04-17 00:00:00,63200.0,retrait,,local,False,aucune
9226c96d,CLI-00015,2026-04-17 00:00:00,274100.0,depot,,local,False,aucune
8097859f,CLI-00570,2026-04-17 00:00:00,38400.0,retrait,,local,False,aucune
93c43cf9,CLI-00373,2026-04-17 00:00:00,279500.0,retrait,,local,False,aucune
7dbcbb6a,CLI-00477,2026-04-17 00:00:00,48200.0,retrait,,local,False,aucune
13ba5c5b,CLI-00475,2026-04-17 00:00:00,165300.0,decaissement_credit,,local,False,aucune
c96b1f33,CLI-00342,2026-04-17 00:00:00,34100.0,depot,,local,False,aucune
16c7623d,CLI-00035,2026-04-17 00:00:00,162300.0,remboursement_credit,,local,False,aucune
157544eb,CLI-00783,2026-04-17 00:00:00,15700.0,retrait,,local,False,aucune
f6320e6b,CLI-00304,2026-04-17 00:00:00,605200.0,retrait,,regional_uemoa,False,aucune
cb188e58,CLI-00115,2026-04-17 00:00:00,43900.0,depot,,local,False,aucune
2c8d48c1,CLI-00273,2026-04-17 00:00:00,7400.0,transfert_sortant,CLI-00096,local,False,aucune
6d98fb2e,CLI-00382,2026-04-17 00:00:00,5000.0,retrait,,local,False,aucune
a0eb1e19,CLI-00052,2026-04-17 00:00:00,18200.0,decaissement_credit,,regional_uemoa,False,aucune
37762d8c,CLI-00633,2026-04-17 00:00:00,41200.0,retrait,,local,False,aucune
af9fe6a4,CLI-00301,2026-04-17 00:00:00,42300.0,depot,,local,False,aucune
50e57901,CLI-00230,2026-04-17 00:00:00,6409300.0,transfert_sortant,CLI-00112,local,False,aucune
91ac09b8,CLI-00741,2026-04-17 00:00:00,26000.0,retrait,,local,False,aucune
abd9b6d1,CLI-00010,2026-04-18 00:00:00,41500.0,depot,,local,False,aucune
34816dff,CLI-00591,2026-04-18 00:00:00,46900.0,remboursement_credit,,local,False,aucune
d4121ae2,CLI-00339,2026-04-18 00:00:00,65600.0,depot,,local,False,aucune
9a205acb,CLI-00170,2026-04-18 00:00:00,62100.0,depot,,local,False,aucune
61471872,CLI-00769,2026-04-18 00:00:00,75500.0,decaissement_credit,,local,False,aucune
b363ae89,CLI-00617,2026-04-18 00:00:00,16400.0,depot,,regional_uemoa,False,aucune
088c4882,CLI-00594,2026-04-18 00:00:00,56800.0,decaissement_credit,,local,False,aucune
9eb39595,CLI-00267,2026-04-18 00:00:00,33100.0,decaissement_credit,,local,False,aucune
6a458d3d,CLI-00055,2026-04-18 00:00:00,57900.0,transfert_sortant,CLI-00580,transfrontalier_sensible,False,aucune
5f6792d2,CLI-00476,2026-04-18 00:00:00,87000.0,depot,,local,False,aucune
65f6a3b0,CLI-00143,2026-04-18 00:00:00,33500.0,transfert_entrant,CLI-00277,local,False,aucune
373d9a8c,CLI-00453,2026-04-18 00:00:00,61000.0,depot,,local,False,aucune
6843235f,CLI-00003,2026-04-18 00:00:00,21000.0,depot,,local,False,aucune
30d67257,CLI-00054,2026-04-18 00:00:00,7100.0,retrait,,local,False,aucune
c10b6d17,CLI-00299,2026-04-18 00:00:00,16600.0,depot,,regional_uemoa,False,aucune
3c511f0c,CLI-00180,2026-04-18 00:00:00,9700.0,depot,,local,False,aucune
32ce056f,CLI-00558,2026-04-18 00:00:00,387300.0,remboursement_credit,,local,False,aucune
d1ed2167,CLI-00132,2026-04-18 00:00:00,35400.0,remboursement_credit,,local,False,aucune
5ade7175,CLI-00105,2026-04-18 00:00:00,236900.0,remboursement_credit,,local,False,aucune
f2bec8e0,CLI-00624,2026-04-18 00:00:00,26300.0,remboursement_credit,,transfrontalier_sensible,False,aucune
9c5f9da4,CLI-00789,2026-04-18 00:00:00,29400.0,retrait,,local,False,aucune
a5ca8126,CLI-00377,2026-04-18 00:00:00,35500.0,transfert_entrant,CLI-00217,local,False,aucune
4e7d01b4,CLI-00560,2026-04-18 00:00:00,8100.0,depot,,local,False,aucune
0f991f27,CLI-00094,2026-04-18 00:00:00,53600.0,depot,,local,False,aucune
7e1afc4e,CLI-00265,2026-04-18 00:00:00,7132200.0,retrait,,regional_uemoa,False,aucune
9854153a,CLI-00244,2026-04-18 00:00:00,12400.0,transfert_entrant,CLI-00374,local,False,aucune
9f1dbffc,CLI-00609,2026-04-18 00:00:00,20800.0,depot,,local,False,aucune
255950e3,CLI-00562,2026-04-18 00:00:00,6600.0,retrait,,local,False,aucune
7b894e63,CLI-00799,2026-04-18 00:00:00,41300.0,depot,,local,False,aucune
ac5c09d4,CLI-00254,2026-04-18 00:00:00,41600.0,transfert_entrant,CLI-00551,transfrontalier_sensible,False,aucune
031235df,CLI-00082,2026-04-18 00:00:00,6700.0,depot,,regional_uemoa,False,aucune
9d77b610,CLI-00257,2026-04-18 00:00:00,77600.0,depot,,local,False,aucune
93aba21f,CLI-00194,2026-04-18 00:00:00,16100.0,retrait,,local,False,aucune
39d7b046,CLI-00727,2026-04-18 00:00:00,25500.0,depot,,local,False,aucune
3d5831ae,CLI-00749,2026-04-18 00:00:00,44100.0,remboursement_credit,,regional_uemoa,False,aucune
ed2b685c,CLI-00605,2026-04-18 00:00:00,64300.0,depot,,local,False,aucune
5e312777,CLI-00335,2026-04-18 00:00:00,6000.0,retrait,,regional_uemoa,False,aucune
e9c1e710,CLI-00052,2026-04-18 00:00:00,108700.0,transfert_sortant,CLI-00003,local,False,aucune
86e40217,CLI-00260,2026-04-18 00:00:00,117100.0,depot,,regional_uemoa,False,aucune
4043159e,CLI-00317,2026-04-18 00:00:00,24100.0,retrait,,regional_uemoa,False,aucune
0c1faf4e,CLI-00564,2026-04-18 00:00:00,592600.0,transfert_entrant,CLI-00332,local,False,aucune
7a6b3b27,CLI-00161,2026-04-18 00:00:00,6300.0,retrait,,local,False,aucune
be37b5e0,CLI-00260,2026-04-18 00:00:00,4900.0,depot,,local,False,aucune
fadeb2a1,CLI-00686,2026-04-18 00:00:00,53600.0,depot,,regional_uemoa,False,aucune
624eae0f,CLI-00344,2026-04-18 00:00:00,22900.0,depot,,local,False,aucune
6e3ab83e,CLI-00440,2026-04-18 00:00:00,3700.0,retrait,,local,False,aucune
208ea1ec,CLI-00438,2026-04-18 00:00:00,359500.0,decaissement_credit,,local,False,aucune
bf02407f,CLI-00218,2026-04-18 00:00:00,10000.0,depot,,regional_uemoa,False,aucune
22b0bee2,CLI-00712,2026-04-18 00:00:00,11300.0,retrait,,transfrontalier_sensible,False,aucune
fa13ab11,CLI-00090,2026-04-18 00:00:00,48300.0,depot,,local,False,aucune
2f8fe8f3,CLI-00756,2026-04-18 00:00:00,44700.0,retrait,,local,False,aucune
c40d871f,CLI-00367,2026-04-19 00:00:00,25000.0,retrait,,local,False,aucune
8dae614e,CLI-00532,2026-04-19 00:00:00,134700.0,remboursement_credit,,local,False,aucune
08ba7455,CLI-00555,2026-04-19 00:00:00,43100.0,depot,,local,False,aucune
ee2da172,CLI-00061,2026-04-19 00:00:00,14900.0,remboursement_credit,,local,False,aucune
97eab778,CLI-00581,2026-04-19 00:00:00,5500.0,retrait,,local,False,aucune
018e1808,CLI-00434,2026-04-19 00:00:00,154600.0,depot,,regional_uemoa,False,aucune
556ccc82,CLI-00209,2026-04-19 00:00:00,5200.0,transfert_sortant,CLI-00149,local,False,aucune
dc1e29b9,CLI-00730,2026-04-19 00:00:00,8300.0,depot,,local,False,aucune
66cf0119,CLI-00235,2026-04-19 00:00:00,3900.0,depot,,local,False,aucune
b1da4eff,CLI-00666,2026-04-19 00:00:00,19200.0,transfert_sortant,CLI-00445,transfrontalier_sensible,False,aucune
a15e715f,CLI-00288,2026-04-19 00:00:00,23100.0,remboursement_credit,,local,False,aucune
d609bfe0,CLI-00379,2026-04-19 00:00:00,362700.0,retrait,,local,False,aucune
b37ad0b6,CLI-00108,2026-04-19 00:00:00,46800.0,remboursement_credit,,local,False,aucune
411b429f,CLI-00420,2026-04-19 00:00:00,34400.0,depot,,local,False,aucune
38a099d1,CLI-00242,2026-04-19 00:00:00,26400.0,retrait,,local,False,aucune
114fea16,CLI-00348,2026-04-19 00:00:00,53900.0,transfert_entrant,CLI-00576,local,False,aucune
4617e67a,CLI-00573,2026-04-19 00:00:00,45100.0,depot,,local,False,aucune
7d1b09cb,CLI-00645,2026-04-19 00:00:00,14300.0,retrait,,local,False,aucune
ae25251b,CLI-00123,2026-04-19 00:00:00,49800.0,depot,,regional_uemoa,False,aucune
3b0f17db,CLI-00260,2026-04-19 00:00:00,53400.0,depot,,local,False,aucune
c8af602a,CLI-00670,2026-04-19 00:00:00,2300.0,remboursement_credit,,local,False,aucune
3b2758b1,CLI-00742,2026-04-19 00:00:00,68000.0,depot,,local,False,aucune
2b0a5a59,CLI-00283,2026-04-19 00:00:00,29400.0,transfert_entrant,CLI-00045,regional_uemoa,False,aucune
f578e371,CLI-00315,2026-04-19 00:00:00,140800.0,depot,,regional_uemoa,False,aucune
30a3dd3e,CLI-00710,2026-04-19 00:00:00,14100.0,retrait,,regional_uemoa,False,aucune
c83b6020,CLI-00252,2026-04-19 00:00:00,8109100.0,depot,,local,False,aucune
8d32fcf3,CLI-00297,2026-04-19 00:00:00,486400.0,depot,,local,False,aucune
e5b224cd,CLI-00661,2026-04-19 00:00:00,47500.0,retrait,,local,False,aucune
ba77e85f,CLI-00758,2026-04-19 00:00:00,24300.0,depot,,local,False,aucune
5816fa89,CLI-00357,2026-04-19 00:00:00,89100.0,remboursement_credit,,local,False,aucune
ad2fa709,CLI-00691,2026-04-19 00:00:00,403100.0,depot,,local,False,aucune
f04d1482,CLI-00219,2026-04-19 00:00:00,74200.0,depot,,local,False,aucune
667e2310,CLI-00576,2026-04-19 00:00:00,24500.0,transfert_entrant,CLI-00187,local,False,aucune
30630064,CLI-00036,2026-04-19 00:00:00,54900.0,depot,,local,False,aucune
560f87e9,CLI-00397,2026-04-19 00:00:00,41700.0,transfert_entrant,CLI-00257,local,False,aucune
5a40dd44,CLI-00203,2026-04-19 00:00:00,251900.0,retrait,,regional_uemoa,False,aucune
72919039,CLI-00577,2026-04-19 00:00:00,421500.0,depot,,local,False,aucune
5284131f,CLI-00794,2026-04-19 00:00:00,261300.0,depot,,local,False,aucune
391efb94,CLI-00064,2026-04-19 00:00:00,55800.0,depot,,local,False,aucune
78832a82,CLI-00166,2026-04-19 00:00:00,55400.0,remboursement_credit,,local,False,aucune
db0f761e,CLI-00695,2026-04-19 00:00:00,13600.0,remboursement_credit,,local,False,aucune
3866fb12,CLI-00212,2026-04-19 00:00:00,25800.0,retrait,,local,False,aucune
7f72aec5,CLI-00779,2026-04-19 00:00:00,15900.0,remboursement_credit,,regional_uemoa,False,aucune
d6d6c562,CLI-00487,2026-04-19 00:00:00,62700.0,transfert_entrant,CLI-00355,local,False,aucune
091ed78c,CLI-00549,2026-04-19 00:00:00,61200.0,transfert_sortant,CLI-00254,local,False,aucune
78abbb8f,CLI-00663,2026-04-19 00:00:00,47900.0,depot,,local,False,aucune
bcd22776,CLI-00749,2026-04-19 00:00:00,68500.0,remboursement_credit,,local,False,aucune
cec2eb06,CLI-00383,2026-04-19 00:00:00,81200.0,remboursement_credit,,local,False,aucune
38a370ff,CLI-00102,2026-04-20 00:00:00,216200.0,decaissement_credit,,regional_uemoa,False,aucune
aed5c457,CLI-00338,2026-04-20 00:00:00,39600.0,retrait,,local,False,aucune
f8255dfb,CLI-00255,2026-04-20 00:00:00,49800.0,retrait,,local,False,aucune
e38ad8fd,CLI-00708,2026-04-20 00:00:00,60300.0,decaissement_credit,,local,False,aucune
4578273f,CLI-00118,2026-04-20 00:00:00,82400.0,retrait,,local,False,aucune
ecfd8e9d,CLI-00120,2026-04-20 00:00:00,66800.0,retrait,,local,False,aucune
8b389548,CLI-00392,2026-04-20 00:00:00,42600.0,decaissement_credit,,local,False,aucune
4c997d66,CLI-00100,2026-04-20 00:00:00,117700.0,remboursement_credit,,local,False,aucune
7ab6aad8,CLI-00254,2026-04-20 00:00:00,86500.0,retrait,,local,False,aucune
429f4084,CLI-00125,2026-04-20 00:00:00,42000.0,retrait,,local,False,aucune
98918fb9,CLI-00249,2026-04-20 00:00:00,17000.0,retrait,,regional_uemoa,False,aucune
534f5748,CLI-00636,2026-04-20 00:00:00,141000.0,decaissement_credit,,local,False,aucune
c5761452,CLI-00244,2026-04-20 00:00:00,58900.0,transfert_entrant,CLI-00348,local,False,aucune
b68cc72e,CLI-00567,2026-04-20 00:00:00,73900.0,remboursement_credit,,regional_uemoa,False,aucune
4ea37f15,CLI-00100,2026-04-20 00:00:00,10500.0,decaissement_credit,,local,False,aucune
dec2e888,CLI-00672,2026-04-20 00:00:00,96500.0,transfert_entrant,CLI-00346,local,False,aucune
3e866734,CLI-00627,2026-04-20 00:00:00,25800.0,remboursement_credit,,local,False,aucune
8a4c861d,CLI-00507,2026-04-20 00:00:00,41700.0,remboursement_credit,,local,False,aucune
b45e08c3,CLI-00619,2026-04-20 00:00:00,36100.0,retrait,,regional_uemoa,False,aucune
1c6a68df,CLI-00439,2026-04-20 00:00:00,10100.0,depot,,local,False,aucune
619c039f,CLI-00328,2026-04-20 00:00:00,40700.0,retrait,,local,False,aucune
fe4bd241,CLI-00458,2026-04-20 00:00:00,55000.0,retrait,,local,False,aucune
8e7c36be,CLI-00528,2026-04-20 00:00:00,284400.0,transfert_entrant,CLI-00253,regional_uemoa,False,aucune
4e83dfb7,CLI-00384,2026-04-20 00:00:00,39300.0,transfert_entrant,CLI-00497,local,False,aucune
889b771c,CLI-00035,2026-04-20 00:00:00,59500.0,depot,,local,False,aucune
2e4b9c9e,CLI-00584,2026-04-20 00:00:00,18500.0,retrait,,regional_uemoa,False,aucune
149389ad,CLI-00542,2026-04-20 00:00:00,90200.0,depot,,transfrontalier_sensible,False,aucune
e7bab1c9,CLI-00584,2026-04-20 00:00:00,165400.0,decaissement_credit,,local,False,aucune
cbeef5eb,CLI-00155,2026-04-20 00:00:00,311800.0,depot,,local,False,aucune
8650beda,CLI-00156,2026-04-20 00:00:00,60700.0,depot,,regional_uemoa,False,aucune
4e8dd1c1,CLI-00457,2026-04-20 00:00:00,975800.0,retrait,,local,False,aucune
904ba288,CLI-00729,2026-04-20 00:00:00,113100.0,decaissement_credit,,regional_uemoa,False,aucune
72607677,CLI-00731,2026-04-20 00:00:00,6800.0,transfert_entrant,CLI-00055,local,False,aucune
c0ffa4b7,CLI-00756,2026-04-20 00:00:00,24500.0,retrait,,local,False,aucune
c7df4804,CLI-00289,2026-04-20 00:00:00,128700.0,retrait,,local,False,aucune
da862a55,CLI-00320,2026-04-20 00:00:00,12900.0,transfert_entrant,CLI-00138,local,False,aucune
951480a2,CLI-00493,2026-04-20 00:00:00,34900.0,transfert_entrant,CLI-00054,local,False,aucune
a4c3916d,CLI-00292,2026-04-20 00:00:00,75700.0,retrait,,regional_uemoa,False,aucune
9432b259,CLI-00728,2026-04-20 00:00:00,40700.0,retrait,,local,False,aucune
2ce7ec6d,CLI-00079,2026-04-20 00:00:00,151600.0,transfert_sortant,CLI-00578,local,False,aucune
d7dda127,CLI-00181,2026-04-20 00:00:00,87800.0,transfert_sortant,CLI-00739,local,False,aucune
edface7b,CLI-00132,2026-04-20 00:00:00,4700.0,retrait,,local,False,aucune
6a3f6c70,CLI-00065,2026-04-20 00:00:00,93100.0,transfert_sortant,CLI-00572,local,False,aucune
555fe5f2,CLI-00132,2026-04-20 00:00:00,60600.0,remboursement_credit,,local,False,aucune
9ffe2dc2,CLI-00547,2026-04-20 00:00:00,1097400.0,retrait,,regional_uemoa,False,aucune
6db04168,CLI-00765,2026-04-20 00:00:00,12300.0,transfert_sortant,CLI-00628,regional_uemoa,False,aucune
49e1967e,CLI-00061,2026-04-20 00:00:00,17100.0,retrait,,local,False,aucune
2bce2cfd,CLI-00695,2026-04-20 00:00:00,6400.0,transfert_sortant,CLI-00218,local,False,aucune
cf7c362e,CLI-00364,2026-04-20 00:00:00,55800.0,retrait,,regional_uemoa,False,aucune
698e14fc,CLI-00180,2026-04-20 00:00:00,15700.0,depot,,local,False,aucune
0ce3fb06,CLI-00146,2026-04-20 00:00:00,21500.0,depot,,local,False,aucune
0013db2d,CLI-00607,2026-04-21 00:00:00,49200.0,depot,,regional_uemoa,False,aucune
814c8b77,CLI-00665,2026-04-21 00:00:00,44000.0,transfert_entrant,CLI-00390,regional_uemoa,False,aucune
1d7d2a8a,CLI-00508,2026-04-21 00:00:00,26800.0,transfert_entrant,CLI-00717,local,False,aucune
67c1b10f,CLI-00102,2026-04-21 00:00:00,259300.0,retrait,,local,False,aucune
6c2bea6d,CLI-00730,2026-04-21 00:00:00,319500.0,depot,,regional_uemoa,False,aucune
f54a7287,CLI-00415,2026-04-21 00:00:00,88500.0,transfert_entrant,CLI-00390,local,False,aucune
8ccf9ca3,CLI-00443,2026-04-21 00:00:00,28700.0,transfert_sortant,CLI-00445,local,False,aucune
70755976,CLI-00066,2026-04-21 00:00:00,136500.0,transfert_sortant,CLI-00431,local,False,aucune
e27fcfb7,CLI-00165,2026-04-21 00:00:00,5314900.0,transfert_sortant,CLI-00301,local,False,aucune
c44375d4,CLI-00601,2026-04-21 00:00:00,32400.0,retrait,,local,False,aucune
d5aca3e0,CLI-00178,2026-04-21 00:00:00,17600.0,depot,,local,False,aucune
f19b00a4,CLI-00727,2026-04-21 00:00:00,60500.0,depot,,local,False,aucune
769c910e,CLI-00661,2026-04-21 00:00:00,67900.0,retrait,,local,False,aucune
c222f5bb,CLI-00362,2026-04-21 00:00:00,22900.0,depot,,local,False,aucune
3d0b3375,CLI-00210,2026-04-21 00:00:00,62700.0,remboursement_credit,,regional_uemoa,False,aucune
75e62482,CLI-00314,2026-04-21 00:00:00,209000.0,remboursement_credit,,local,False,aucune
0c0e1c8b,CLI-00720,2026-04-21 00:00:00,62300.0,remboursement_credit,,local,False,aucune
230d9595,CLI-00498,2026-04-21 00:00:00,19500.0,remboursement_credit,,local,False,aucune
5edaeff4,CLI-00383,2026-04-21 00:00:00,65600.0,depot,,local,False,aucune
4d5f2f03,CLI-00771,2026-04-21 00:00:00,33300.0,remboursement_credit,,local,False,aucune
39d5f49a,CLI-00223,2026-04-21 00:00:00,65600.0,retrait,,local,False,aucune
5ad8f94a,CLI-00789,2026-04-21 00:00:00,8400.0,retrait,,regional_uemoa,False,aucune
12b1e23f,CLI-00401,2026-04-21 00:00:00,373900.0,depot,,local,False,aucune
1cbdd8af,CLI-00475,2026-04-21 00:00:00,23800.0,depot,,local,False,aucune
0ceb86ac,CLI-00517,2026-04-21 00:00:00,3600.0,remboursement_credit,,regional_uemoa,False,aucune
8bf2b936,CLI-00632,2026-04-21 00:00:00,101800.0,retrait,,local,False,aucune
5d1b0885,CLI-00595,2026-04-21 00:00:00,5700.0,transfert_entrant,CLI-00705,transfrontalier_sensible,False,aucune
9ea2b97f,CLI-00096,2026-04-21 00:00:00,28700.0,retrait,,local,False,aucune
db4788f1,CLI-00242,2026-04-21 00:00:00,13600.0,depot,,regional_uemoa,False,aucune
1bf3e9da,CLI-00768,2026-04-21 00:00:00,68500.0,decaissement_credit,,local,False,aucune
def3c800,CLI-00593,2026-04-21 00:00:00,6600.0,retrait,,local,False,aucune
8fbee238,CLI-00137,2026-04-21 00:00:00,5796300.0,depot,,local,False,aucune
06099256,CLI-00108,2026-04-21 00:00:00,45400.0,remboursement_credit,,local,False,aucune
a6eb630f,CLI-00657,2026-04-21 00:00:00,92400.0,transfert_entrant,CLI-00189,local,False,aucune
5e1a30ef,CLI-00239,2026-04-21 00:00:00,7500.0,depot,,local,False,aucune
41f945ce,CLI-00607,2026-04-21 00:00:00,8500.0,depot,,local,False,aucune
deac510e,CLI-00572,2026-04-21 00:00:00,5900.0,retrait,,local,False,aucune
b271aa70,CLI-00552,2026-04-21 00:00:00,15800.0,retrait,,local,False,aucune
90811d12,CLI-00596,2026-04-21 00:00:00,95900.0,remboursement_credit,,local,False,aucune
48ec1847,CLI-00678,2026-04-21 00:00:00,6700.0,transfert_sortant,CLI-00559,local,False,aucune
e5b13746,CLI-00549,2026-04-21 00:00:00,11700.0,decaissement_credit,,local,False,aucune
5cabef15,CLI-00397,2026-04-21 00:00:00,10300.0,remboursement_credit,,regional_uemoa,False,aucune
03b46c37,CLI-00235,2026-04-21 00:00:00,169700.0,transfert_entrant,CLI-00774,local,False,aucune
f662c637,CLI-00024,2026-04-21 00:00:00,48400.0,transfert_sortant,CLI-00470,local,False,aucune
82756532,CLI-00774,2026-04-21 00:00:00,27000.0,transfert_entrant,CLI-00021,regional_uemoa,False,aucune
c0fec963,CLI-00326,2026-04-21 00:00:00,52300.0,depot,,local,False,aucune
afb4b767,CLI-00184,2026-04-21 00:00:00,48900.0,depot,,local,False,aucune
bc0d1dfd,CLI-00147,2026-04-21 00:00:00,301300.0,remboursement_credit,,local,False,aucune
1736941f,CLI-00564,2026-04-21 00:00:00,3500.0,depot,,regional_uemoa,False,aucune
ba803641,CLI-00185,2026-04-21 00:00:00,13600.0,depot,,regional_uemoa,False,aucune
caf1269e,CLI-00296,2026-04-21 00:00:00,193500.0,decaissement_credit,,local,False,aucune
bd1c12b1,CLI-00737,2026-04-21 00:00:00,311600.0,depot,,local,False,aucune
45a064fd,CLI-00020,2026-04-21 00:00:00,161800.0,transfert_sortant,CLI-00112,local,False,aucune
62efa8d8,CLI-00796,2026-04-21 00:00:00,19700.0,retrait,,local,False,aucune
c548dded,CLI-00638,2026-04-22 00:00:00,16900.0,depot,,local,False,aucune
0e54ce9c,CLI-00704,2026-04-22 00:00:00,1700.0,remboursement_credit,,local,False,aucune
a4ea52d3,CLI-00789,2026-04-22 00:00:00,27400.0,retrait,,local,False,aucune
5b5e0586,CLI-00170,2026-04-22 00:00:00,224900.0,retrait,,local,False,aucune
4a1244b7,CLI-00619,2026-04-22 00:00:00,38400.0,depot,,local,False,aucune
7113aa0c,CLI-00759,2026-04-22 00:00:00,146000.0,depot,,local,False,aucune
33772741,CLI-00010,2026-04-22 00:00:00,15100.0,retrait,,local,False,aucune
453287d4,CLI-00710,2026-04-22 00:00:00,34800.0,depot,,regional_uemoa,False,aucune
a9f654db,CLI-00523,2026-04-22 00:00:00,10100.0,depot,,regional_uemoa,False,aucune
f72fee68,CLI-00479,2026-04-22 00:00:00,21100.0,depot,,regional_uemoa,False,aucune
56b17441,CLI-00458,2026-04-22 00:00:00,75500.0,retrait,,local,False,aucune
5de94936,CLI-00185,2026-04-22 00:00:00,54800.0,transfert_entrant,CLI-00632,local,False,aucune
d094817e,CLI-00527,2026-04-22 00:00:00,83500.0,depot,,local,False,aucune
e94f8e39,CLI-00730,2026-04-22 00:00:00,419500.0,remboursement_credit,,local,False,aucune
f16d1468,CLI-00070,2026-04-22 00:00:00,137700.0,depot,,local,False,aucune
01d672f8,CLI-00453,2026-04-22 00:00:00,69900.0,remboursement_credit,,local,False,aucune
05613a39,CLI-00797,2026-04-22 00:00:00,20000.0,transfert_entrant,CLI-00522,local,False,aucune
c879bfee,CLI-00163,2026-04-22 00:00:00,54500.0,remboursement_credit,,local,False,aucune
da9ab23b,CLI-00610,2026-04-22 00:00:00,244900.0,depot,,local,False,aucune
980180c5,CLI-00372,2026-04-22 00:00:00,34800.0,retrait,,local,False,aucune
abf1739c,CLI-00470,2026-04-22 00:00:00,146700.0,transfert_sortant,CLI-00052,transfrontalier_sensible,False,aucune
f1722b32,CLI-00226,2026-04-22 00:00:00,34900.0,decaissement_credit,,local,False,aucune
518dc3e0,CLI-00737,2026-04-22 00:00:00,76900.0,depot,,regional_uemoa,False,aucune
8d6a1853,CLI-00151,2026-04-22 00:00:00,65600.0,depot,,local,False,aucune
afc87679,CLI-00121,2026-04-22 00:00:00,27500.0,decaissement_credit,,local,False,aucune
b4685bb1,CLI-00352,2026-04-22 00:00:00,51900.0,depot,,local,False,aucune
5bfb244c,CLI-00224,2026-04-22 00:00:00,19400.0,retrait,,regional_uemoa,False,aucune
83c871a8,CLI-00712,2026-04-22 00:00:00,37400.0,retrait,,local,False,aucune
d7e65c97,CLI-00275,2026-04-22 00:00:00,66600.0,retrait,,transfrontalier_sensible,False,aucune
c2c0326e,CLI-00063,2026-04-22 00:00:00,22100.0,transfert_sortant,CLI-00588,local,False,aucune
e23bb0e7,CLI-00086,2026-04-22 00:00:00,53200.0,retrait,,local,False,aucune
62cad1b6,CLI-00099,2026-04-22 00:00:00,38300.0,remboursement_credit,,local,False,aucune
46b8ea37,CLI-00265,2026-04-22 00:00:00,3000.0,retrait,,local,False,aucune
8ae2bf6e,CLI-00795,2026-04-22 00:00:00,36100.0,decaissement_credit,,local,False,aucune
1c910024,CLI-00024,2026-04-22 00:00:00,282800.0,remboursement_credit,,local,False,aucune
f1a4cfa8,CLI-00650,2026-04-22 00:00:00,28400.0,transfert_entrant,CLI-00103,transfrontalier_sensible,False,aucune
ab5a64f4,CLI-00001,2026-04-22 00:00:00,134700.0,depot,,local,False,aucune
733f1ecb,CLI-00061,2026-04-22 00:00:00,71900.0,transfert_entrant,CLI-00144,local,False,aucune
bb900dcb,CLI-00776,2026-04-22 00:00:00,31300.0,retrait,,regional_uemoa,False,aucune
0b88e354,CLI-00030,2026-04-22 00:00:00,20200.0,transfert_sortant,CLI-00748,local,False,aucune
7d93c733,CLI-00670,2026-04-22 00:00:00,110300.0,remboursement_credit,,local,False,aucune
37a6b0c2,CLI-00026,2026-04-22 00:00:00,49700.0,remboursement_credit,,local,False,aucune
5cea6785,CLI-00585,2026-04-23 00:00:00,8300.0,transfert_sortant,CLI-00547,local,False,aucune
14f203e9,CLI-00745,2026-04-23 00:00:00,31300.0,remboursement_credit,,regional_uemoa,False,aucune
b0c6244a,CLI-00202,2026-04-23 00:00:00,82000.0,retrait,,transfrontalier_sensible,False,aucune
1f124560,CLI-00719,2026-04-23 00:00:00,18000.0,depot,,local,False,aucune
8dd29b1b,CLI-00527,2026-04-23 00:00:00,81200.0,retrait,,regional_uemoa,False,aucune
33628a16,CLI-00060,2026-04-23 00:00:00,50200.0,remboursement_credit,,local,False,aucune
25df64b8,CLI-00387,2026-04-23 00:00:00,95800.0,retrait,,local,False,aucune
ea8b4f2b,CLI-00503,2026-04-23 00:00:00,37100.0,retrait,,local,False,aucune
de2bd56c,CLI-00050,2026-04-23 00:00:00,25400.0,transfert_sortant,CLI-00219,local,False,aucune
3af712ab,CLI-00240,2026-04-23 00:00:00,106700.0,retrait,,transfrontalier_sensible,False,aucune
09b52f59,CLI-00328,2026-04-23 00:00:00,82200.0,retrait,,local,False,aucune
e49413fb,CLI-00478,2026-04-23 00:00:00,85100.0,retrait,,regional_uemoa,False,aucune
8a2b6c17,CLI-00136,2026-04-23 00:00:00,51800.0,transfert_entrant,CLI-00001,local,False,aucune
26f7fbe8,CLI-00328,2026-04-23 00:00:00,218100.0,depot,,local,False,aucune
838a80f3,CLI-00197,2026-04-23 00:00:00,106900.0,remboursement_credit,,local,False,aucune
9b02a086,CLI-00094,2026-04-23 00:00:00,11200.0,retrait,,local,False,aucune
ec156ba3,CLI-00659,2026-04-23 00:00:00,16100.0,retrait,,local,False,aucune
0f49aeec,CLI-00678,2026-04-23 00:00:00,113700.0,remboursement_credit,,regional_uemoa,False,aucune
fa48f5dc,CLI-00263,2026-04-23 00:00:00,30700.0,retrait,,local,False,aucune
bb77834c,CLI-00378,2026-04-23 00:00:00,16500.0,retrait,,local,False,aucune
687cfeda,CLI-00035,2026-04-23 00:00:00,505400.0,retrait,,local,False,aucune
04ea522c,CLI-00286,2026-04-23 00:00:00,6300.0,transfert_entrant,CLI-00504,local,False,aucune
e832ac59,CLI-00528,2026-04-23 00:00:00,33000.0,transfert_sortant,CLI-00525,transfrontalier_sensible,False,aucune
8d219942,CLI-00309,2026-04-23 00:00:00,13300.0,retrait,,local,False,aucune
35facde1,CLI-00735,2026-04-23 00:00:00,35000.0,transfert_entrant,CLI-00211,regional_uemoa,False,aucune
0beef2b6,CLI-00501,2026-04-23 00:00:00,56500.0,transfert_sortant,CLI-00653,regional_uemoa,False,aucune
c2d7ee50,CLI-00458,2026-04-23 00:00:00,7100.0,transfert_sortant,CLI-00235,regional_uemoa,False,aucune
d100b05b,CLI-00117,2026-04-23 00:00:00,217200.0,depot,,local,False,aucune
e00b6430,CLI-00277,2026-04-23 00:00:00,5200.0,depot,,local,False,aucune
2f263cb5,CLI-00178,2026-04-23 00:00:00,127900.0,retrait,,transfrontalier_sensible,False,aucune
f80717e4,CLI-00341,2026-04-23 00:00:00,1114700.0,depot,,transfrontalier_sensible,False,aucune
7fa02703,CLI-00276,2026-04-23 00:00:00,13500.0,depot,,local,False,aucune
200c66f9,CLI-00499,2026-04-23 00:00:00,32000.0,retrait,,local,False,aucune
c9636834,CLI-00799,2026-04-23 00:00:00,116700.0,transfert_sortant,CLI-00588,local,False,aucune
5562d741,CLI-00548,2026-04-23 00:00:00,25000.0,retrait,,local,False,aucune
c0e83bfc,CLI-00180,2026-04-23 00:00:00,114500.0,retrait,,local,False,aucune
52a09cfb,CLI-00421,2026-04-23 00:00:00,129400.0,retrait,,local,False,aucune
c0ec1b9e,CLI-00374,2026-04-23 00:00:00,103200.0,remboursement_credit,,local,False,aucune
53ee7294,CLI-00374,2026-04-23 00:00:00,3979500.0,retrait,,local,False,aucune
e6e7b2e6,CLI-00374,2026-04-23 00:00:00,73100.0,transfert_sortant,CLI-00322,local,False,aucune
2c0b5b7b,CLI-00391,2026-04-23 00:00:00,38700.0,decaissement_credit,,local,False,aucune
463b96bc,CLI-00448,2026-04-23 00:00:00,47500.0,transfert_sortant,CLI-00485,local,False,aucune
4ba5878e,CLI-00405,2026-04-23 00:00:00,19000.0,depot,,local,False,aucune
8e344a5b,CLI-00182,2026-04-23 00:00:00,113600.0,transfert_sortant,CLI-00102,local,False,aucune
03aa6a03,CLI-00051,2026-04-23 00:00:00,20900.0,retrait,,local,False,aucune
97fa791f,CLI-00122,2026-04-23 00:00:00,146900.0,remboursement_credit,,regional_uemoa,False,aucune
bf8f7d4b,CLI-00182,2026-04-23 00:00:00,62300.0,transfert_entrant,CLI-00653,local,False,aucune
4986c858,CLI-00610,2026-04-23 00:00:00,74200.0,remboursement_credit,,local,False,aucune
7ef78753,CLI-00529,2026-04-23 00:00:00,102400.0,transfert_entrant,CLI-00203,regional_uemoa,False,aucune
456c80f5,CLI-00154,2026-04-23 00:00:00,30300.0,depot,,local,False,aucune
af5e7d86,CLI-00192,2026-04-23 00:00:00,39800.0,retrait,,local,False,aucune
f95a43bf,CLI-00703,2026-04-24 00:00:00,89900.0,retrait,,regional_uemoa,False,aucune
faeae953,CLI-00412,2026-04-24 00:00:00,79400.0,transfert_sortant,CLI-00180,regional_uemoa,False,aucune
109ff1e4,CLI-00712,2026-04-24 00:00:00,382000.0,decaissement_credit,,local,False,aucune
40c30070,CLI-00393,2026-04-24 00:00:00,26300.0,depot,,local,False,aucune
35af02ed,CLI-00357,2026-04-24 00:00:00,133800.0,retrait,,regional_uemoa,False,aucune
65f704cb,CLI-00370,2026-04-24 00:00:00,41300.0,decaissement_credit,,local,False,aucune
2fb97e99,CLI-00382,2026-04-24 00:00:00,98800.0,retrait,,local,False,aucune
cf34577b,CLI-00520,2026-04-24 00:00:00,91000.0,depot,,local,False,aucune
613a4a36,CLI-00233,2026-04-24 00:00:00,23800.0,retrait,,local,False,aucune
e5f1d586,CLI-00629,2026-04-24 00:00:00,91700.0,transfert_entrant,CLI-00019,local,False,aucune
7d07a67b,CLI-00276,2026-04-24 00:00:00,51000.0,decaissement_credit,,local,False,aucune
616f036b,CLI-00042,2026-04-24 00:00:00,81400.0,transfert_entrant,CLI-00506,local,False,aucune
6ca2b826,CLI-00205,2026-04-24 00:00:00,88000.0,decaissement_credit,,local,False,aucune
4e5021e9,CLI-00296,2026-04-24 00:00:00,12200.0,remboursement_credit,,local,False,aucune
b6d80a37,CLI-00633,2026-04-24 00:00:00,88100.0,depot,,local,False,aucune
6a121cff,CLI-00331,2026-04-24 00:00:00,122100.0,depot,,local,False,aucune
6f3986de,CLI-00782,2026-04-24 00:00:00,119500.0,retrait,,local,False,aucune
a8d631c3,CLI-00174,2026-04-24 00:00:00,62200.0,transfert_sortant,CLI-00616,local,False,aucune
a6f50efe,CLI-00049,2026-04-24 00:00:00,480800.0,retrait,,local,False,aucune
e7776516,CLI-00154,2026-04-24 00:00:00,48800.0,depot,,regional_uemoa,False,aucune
055160a9,CLI-00182,2026-04-24 00:00:00,106100.0,depot,,local,False,aucune
b4babd40,CLI-00722,2026-04-24 00:00:00,40700.0,transfert_sortant,CLI-00073,local,False,aucune
a7c3a04c,CLI-00685,2026-04-24 00:00:00,27700.0,retrait,,regional_uemoa,False,aucune
aba5c54c,CLI-00676,2026-04-24 00:00:00,30200.0,retrait,,regional_uemoa,False,aucune
b277f7d2,CLI-00065,2026-04-24 00:00:00,190200.0,depot,,local,False,aucune
ac31006e,CLI-00160,2026-04-24 00:00:00,314900.0,transfert_entrant,CLI-00065,regional_uemoa,False,aucune
29aa5f84,CLI-00466,2026-04-24 00:00:00,139300.0,retrait,,local,False,aucune
1f825877,CLI-00154,2026-04-24 00:00:00,25300.0,retrait,,local,False,aucune
047a1128,CLI-00743,2026-04-24 00:00:00,440100.0,depot,,local,False,aucune
ec34f2fd,CLI-00289,2026-04-24 00:00:00,94100.0,decaissement_credit,,local,False,aucune
bc219bdf,CLI-00551,2026-04-24 00:00:00,5700.0,retrait,,local,False,aucune
0771cad0,CLI-00108,2026-04-24 00:00:00,14900.0,decaissement_credit,,local,False,aucune
833d68f8,CLI-00446,2026-04-24 00:00:00,275200.0,retrait,,local,False,aucune
66a26ad1,CLI-00782,2026-04-24 00:00:00,41100.0,remboursement_credit,,local,False,aucune
7ceae2a0,CLI-00734,2026-04-24 00:00:00,70100.0,retrait,,local,False,aucune
df0c693c,CLI-00113,2026-04-24 00:00:00,3800.0,remboursement_credit,,local,False,aucune
2a21cba9,CLI-00102,2026-04-24 00:00:00,92900.0,retrait,,local,False,aucune
94d07598,CLI-00033,2026-04-24 00:00:00,93600.0,depot,,regional_uemoa,False,aucune
4895d0f2,CLI-00738,2026-04-24 00:00:00,221600.0,depot,,regional_uemoa,False,aucune
d169ac8b,CLI-00145,2026-04-24 00:00:00,113100.0,retrait,,regional_uemoa,False,aucune
0959f7af,CLI-00743,2026-04-24 00:00:00,257300.0,transfert_entrant,CLI-00453,local,False,aucune
2d3ca361,CLI-00518,2026-04-24 00:00:00,87800.0,decaissement_credit,,local,False,aucune
4ba1b385,CLI-00450,2026-04-24 00:00:00,39900.0,transfert_sortant,CLI-00051,regional_uemoa,False,aucune
f94b7409,CLI-00795,2026-04-24 00:00:00,10200.0,depot,,local,False,aucune
9ab7487e,CLI-00554,2026-04-24 00:00:00,13300.0,retrait,,local,False,aucune
1ec8abb9,CLI-00458,2026-04-24 00:00:00,52300.0,retrait,,local,False,aucune
fddd7791,CLI-00597,2026-04-24 00:00:00,72600.0,retrait,,regional_uemoa,False,aucune
bfdb5470,CLI-00470,2026-04-24 00:00:00,101900.0,retrait,,transfrontalier_sensible,False,aucune
b863fbdc,CLI-00092,2026-04-24 00:00:00,983900.0,decaissement_credit,,local,False,aucune
401a13dc,CLI-00339,2026-04-24 00:00:00,20300.0,retrait,,local,False,aucune
fbbe0a37,CLI-00682,2026-04-24 00:00:00,41600.0,remboursement_credit,,local,False,aucune
8b631b25,CLI-00348,2026-04-25 00:00:00,236300.0,remboursement_credit,,local,False,aucune
f355c2c5,CLI-00509,2026-04-25 00:00:00,31900.0,retrait,,local,False,aucune
4600c5f4,CLI-00206,2026-04-25 00:00:00,80800.0,retrait,,local,False,aucune
0554af58,CLI-00625,2026-04-25 00:00:00,18900.0,transfert_entrant,CLI-00322,local,False,aucune
4e54a622,CLI-00207,2026-04-25 00:00:00,99000.0,retrait,,regional_uemoa,False,aucune
cb01841c,CLI-00217,2026-04-25 00:00:00,52300.0,retrait,,local,False,aucune
1d72a56d,CLI-00638,2026-04-25 00:00:00,49200.0,decaissement_credit,,local,False,aucune
e81f84fd,CLI-00295,2026-04-25 00:00:00,7700.0,transfert_entrant,CLI-00129,local,False,aucune
3464cd3f,CLI-00231,2026-04-25 00:00:00,41600.0,depot,,local,False,aucune
7ea30659,CLI-00491,2026-04-25 00:00:00,34900.0,depot,,local,False,aucune
8be5e6b5,CLI-00234,2026-04-25 00:00:00,20100.0,transfert_entrant,CLI-00511,local,False,aucune
1766e799,CLI-00642,2026-04-25 00:00:00,119100.0,retrait,,transfrontalier_sensible,False,aucune
2717fc20,CLI-00240,2026-04-25 00:00:00,112100.0,retrait,,local,False,aucune
03e4d0cf,CLI-00031,2026-04-25 00:00:00,32200.0,retrait,,local,False,aucune
194613eb,CLI-00367,2026-04-25 00:00:00,95000.0,retrait,,local,False,aucune
52bbc576,CLI-00246,2026-04-25 00:00:00,8000.0,depot,,regional_uemoa,False,aucune
54123069,CLI-00483,2026-04-25 00:00:00,187500.0,depot,,regional_uemoa,False,aucune
73a47ed6,CLI-00207,2026-04-25 00:00:00,14800.0,depot,,local,False,aucune
033efc09,CLI-00457,2026-04-25 00:00:00,112600.0,decaissement_credit,,local,False,aucune
7e8c7c7e,CLI-00528,2026-04-25 00:00:00,4100.0,retrait,,local,False,aucune
58b079a0,CLI-00628,2026-04-25 00:00:00,68600.0,remboursement_credit,,local,False,aucune
99f58835,CLI-00571,2026-04-25 00:00:00,98400.0,transfert_entrant,CLI-00560,regional_uemoa,False,aucune
68c4eb9a,CLI-00636,2026-04-25 00:00:00,149400.0,transfert_sortant,CLI-00174,local,False,aucune
b41fc074,CLI-00115,2026-04-25 00:00:00,49200.0,retrait,,regional_uemoa,False,aucune
a99cdcd2,CLI-00455,2026-04-25 00:00:00,18200.0,decaissement_credit,,local,False,aucune
8bd4c4cf,CLI-00563,2026-04-25 00:00:00,19300.0,decaissement_credit,,local,False,aucune
f4609258,CLI-00128,2026-04-25 00:00:00,120800.0,retrait,,local,False,aucune
655e3406,CLI-00096,2026-04-25 00:00:00,32200.0,depot,,local,False,aucune
c63f3587,CLI-00555,2026-04-25 00:00:00,27700.0,depot,,local,False,aucune
ded78c71,CLI-00139,2026-04-25 00:00:00,18500.0,retrait,,local,False,aucune
99b8183e,CLI-00654,2026-04-25 00:00:00,163400.0,depot,,local,False,aucune
d0de5c05,CLI-00585,2026-04-25 00:00:00,100600.0,depot,,local,False,aucune
cff67b39,CLI-00426,2026-04-25 00:00:00,47900.0,retrait,,local,False,aucune
d12acf5d,CLI-00088,2026-04-25 00:00:00,4447800.0,depot,,local,False,aucune
6f3727c0,CLI-00662,2026-04-25 00:00:00,71300.0,decaissement_credit,,local,False,aucune
af77a0bb,CLI-00752,2026-04-25 00:00:00,58600.0,depot,,local,False,aucune
3d331c78,CLI-00088,2026-04-25 00:00:00,10000.0,depot,,local,False,aucune
b6773455,CLI-00542,2026-04-25 00:00:00,175600.0,remboursement_credit,,local,False,aucune
1d09c2ac,CLI-00377,2026-04-25 00:00:00,151800.0,retrait,,local,False,aucune
53a4a78a,CLI-00594,2026-04-25 00:00:00,219100.0,remboursement_credit,,local,False,aucune
52cb27cd,CLI-00470,2026-04-25 00:00:00,34600.0,decaissement_credit,,local,False,aucune
f93c5e16,CLI-00640,2026-04-25 00:00:00,6840000.0,transfert_sortant,CLI-00091,local,False,aucune
ceca1a7c,CLI-00176,2026-04-25 00:00:00,7272000.0,transfert_sortant,CLI-00624,transfrontalier_sensible,False,aucune
c79ddb7b,CLI-00722,2026-04-25 00:00:00,17000.0,retrait,,local,False,aucune
72b41740,CLI-00050,2026-04-25 00:00:00,59700.0,depot,,regional_uemoa,False,aucune
47a7bacb,CLI-00381,2026-04-25 00:00:00,15800.0,retrait,,local,False,aucune
25b27afe,CLI-00382,2026-04-25 00:00:00,10800.0,depot,,local,False,aucune
4df40586,CLI-00466,2026-04-26 00:00:00,34900.0,depot,,local,False,aucune
653030f5,CLI-00269,2026-04-26 00:00:00,23000.0,remboursement_credit,,local,False,aucune
8d272e94,CLI-00471,2026-04-26 00:00:00,92100.0,transfert_entrant,CLI-00066,local,False,aucune
eb5dbe46,CLI-00273,2026-04-26 00:00:00,123900.0,retrait,,local,False,aucune
be8ba8b0,CLI-00275,2026-04-26 00:00:00,343200.0,depot,,local,False,aucune
cbd49b13,CLI-00476,2026-04-26 00:00:00,8500.0,transfert_sortant,CLI-00447,local,False,aucune
780691f1,CLI-00270,2026-04-26 00:00:00,38200.0,depot,,local,False,aucune
f1b9c1cb,CLI-00006,2026-04-26 00:00:00,27900.0,depot,,local,False,aucune
65605aed,CLI-00405,2026-04-26 00:00:00,38500.0,retrait,,local,False,aucune
184367b8,CLI-00571,2026-04-26 00:00:00,69700.0,depot,,local,False,aucune
753e0b72,CLI-00568,2026-04-26 00:00:00,17100.0,depot,,regional_uemoa,False,aucune
a6fedbbf,CLI-00553,2026-04-26 00:00:00,71800.0,retrait,,local,False,aucune
42d6b4d9,CLI-00393,2026-04-26 00:00:00,170100.0,retrait,,local,False,aucune
629396b7,CLI-00584,2026-04-26 00:00:00,16900.0,transfert_sortant,CLI-00319,local,False,aucune
6c58fec7,CLI-00546,2026-04-26 00:00:00,2500.0,retrait,,local,False,aucune
cd850137,CLI-00546,2026-04-26 00:00:00,8300.0,depot,,local,False,aucune
533058e1,CLI-00542,2026-04-26 00:00:00,41000.0,remboursement_credit,,local,False,aucune
5a500aa3,CLI-00706,2026-04-26 00:00:00,27100.0,decaissement_credit,,local,False,aucune
239b75eb,CLI-00660,2026-04-26 00:00:00,160700.0,remboursement_credit,,local,False,aucune
98c6c142,CLI-00170,2026-04-26 00:00:00,23900.0,depot,,local,False,aucune
44936512,CLI-00250,2026-04-26 00:00:00,27900.0,transfert_sortant,CLI-00573,local,False,aucune
ff8d1f4d,CLI-00172,2026-04-26 00:00:00,414000.0,remboursement_credit,,local,False,aucune
96039236,CLI-00526,2026-04-26 00:00:00,28700.0,transfert_sortant,CLI-00372,local,False,aucune
81eb5250,CLI-00189,2026-04-26 00:00:00,21900.0,transfert_sortant,CLI-00368,local,False,aucune
6bb8ffc5,CLI-00523,2026-04-26 00:00:00,46500.0,retrait,,local,False,aucune
9d5ff950,CLI-00518,2026-04-26 00:00:00,104900.0,depot,,local,False,aucune
40af8ef5,CLI-00375,2026-04-26 00:00:00,9700.0,transfert_entrant,CLI-00752,local,False,aucune
7c4e8103,CLI-00219,2026-04-26 00:00:00,16100.0,decaissement_credit,,regional_uemoa,False,aucune
eee09b36,CLI-00007,2026-04-26 00:00:00,30500.0,retrait,,regional_uemoa,False,aucune
ccef5f24,CLI-00227,2026-04-26 00:00:00,76800.0,transfert_entrant,CLI-00629,local,False,aucune
31566c88,CLI-00230,2026-04-26 00:00:00,61200.0,retrait,,regional_uemoa,False,aucune
24fe5018,CLI-00787,2026-04-26 00:00:00,16400.0,retrait,,local,False,aucune
b9fc1bbc,CLI-00055,2026-04-26 00:00:00,84300.0,retrait,,local,False,aucune
e9661e0a,CLI-00759,2026-04-26 00:00:00,31900.0,depot,,local,False,aucune
84ec29d2,CLI-00286,2026-04-26 00:00:00,464200.0,retrait,,local,False,aucune
7eace790,CLI-00608,2026-04-26 00:00:00,56800.0,transfert_sortant,CLI-00712,local,False,aucune
e684739a,CLI-00337,2026-04-26 00:00:00,4100.0,decaissement_credit,,local,False,aucune
2cda88db,CLI-00330,2026-04-26 00:00:00,15700.0,depot,,regional_uemoa,False,aucune
0f934af0,CLI-00331,2026-04-26 00:00:00,109200.0,depot,,local,False,aucune
de329afa,CLI-00446,2026-04-26 00:00:00,47000.0,depot,,local,False,aucune
4525edc4,CLI-00351,2026-04-26 00:00:00,26200.0,retrait,,local,False,aucune
9ab89c6e,CLI-00290,2026-04-26 00:00:00,84000.0,depot,,local,False,aucune
b7647232,CLI-00326,2026-04-26 00:00:00,50000.0,retrait,,regional_uemoa,False,aucune
9e64f350,CLI-00290,2026-04-26 00:00:00,14500.0,remboursement_credit,,local,False,aucune
06b43dca,CLI-00024,2026-04-26 00:00:00,32900.0,transfert_sortant,CLI-00056,local,False,aucune
fafce172,CLI-00798,2026-04-26 00:00:00,19100.0,transfert_entrant,CLI-00397,local,False,aucune
08052881,CLI-00696,2026-04-26 00:00:00,22800.0,depot,,local,False,aucune
f45cadd2,CLI-00722,2026-04-26 00:00:00,55300.0,depot,,local,False,aucune
457daa60,CLI-00030,2026-04-26 00:00:00,93800.0,retrait,,local,False,aucune
461f90cc,CLI-00029,2026-04-26 00:00:00,8900.0,transfert_entrant,CLI-00639,local,False,aucune
8eac4ac6,CLI-00794,2026-04-26 00:00:00,24500.0,depot,,local,False,aucune
623ede3e,CLI-00793,2026-04-26 00:00:00,55300.0,retrait,,local,False,aucune
dd0260ad,CLI-00432,2026-04-27 00:00:00,41700.0,retrait,,local,False,aucune
43ac1cb0,CLI-00538,2026-04-27 00:00:00,76400.0,depot,,local,False,aucune
740d3f88,CLI-00211,2026-04-27 00:00:00,67400.0,remboursement_credit,,local,False,aucune
6ece8fdf,CLI-00684,2026-04-27 00:00:00,35000.0,retrait,,regional_uemoa,False,aucune
91276003,CLI-00050,2026-04-27 00:00:00,55000.0,remboursement_credit,,regional_uemoa,False,aucune
e7139c15,CLI-00368,2026-04-27 00:00:00,98700.0,retrait,,local,False,aucune
37f6ba8f,CLI-00789,2026-04-27 00:00:00,33000.0,depot,,local,False,aucune
61ed1268,CLI-00217,2026-04-27 00:00:00,74700.0,depot,,regional_uemoa,False,aucune
9af5c7e7,CLI-00254,2026-04-27 00:00:00,181300.0,depot,,local,False,aucune
cf59864e,CLI-00403,2026-04-27 00:00:00,7551800.0,retrait,,local,False,aucune
50589b83,CLI-00763,2026-04-27 00:00:00,53200.0,depot,,regional_uemoa,False,aucune
f424e48d,CLI-00368,2026-04-27 00:00:00,79700.0,transfert_entrant,CLI-00765,regional_uemoa,False,aucune
31a13ad5,CLI-00033,2026-04-27 00:00:00,57400.0,depot,,local,False,aucune
dc32c72b,CLI-00172,2026-04-27 00:00:00,146700.0,retrait,,local,False,aucune
9c686f6d,CLI-00395,2026-04-27 00:00:00,9304800.0,decaissement_credit,,local,False,aucune
f3e9a872,CLI-00070,2026-04-27 00:00:00,108000.0,retrait,,local,False,aucune
bf036f7f,CLI-00493,2026-04-27 00:00:00,13600.0,remboursement_credit,,local,False,aucune
814b69b3,CLI-00248,2026-04-27 00:00:00,142800.0,remboursement_credit,,local,False,aucune
78dd0800,CLI-00027,2026-04-27 00:00:00,51000.0,remboursement_credit,,local,False,aucune
2709c9b5,CLI-00236,2026-04-27 00:00:00,37500.0,transfert_entrant,CLI-00112,local,False,aucune
915a2b76,CLI-00194,2026-04-27 00:00:00,76100.0,transfert_sortant,CLI-00208,local,False,aucune
494334c4,CLI-00605,2026-04-27 00:00:00,145200.0,depot,,regional_uemoa,False,aucune
d7228253,CLI-00058,2026-04-27 00:00:00,80300.0,retrait,,local,False,aucune
cde3f0f9,CLI-00239,2026-04-27 00:00:00,9200.0,transfert_entrant,CLI-00395,local,False,aucune
08b4ed21,CLI-00753,2026-04-27 00:00:00,19500.0,retrait,,local,False,aucune
ef898377,CLI-00512,2026-04-27 00:00:00,22200.0,decaissement_credit,,local,False,aucune
00e581c4,CLI-00520,2026-04-27 00:00:00,55800.0,retrait,,regional_uemoa,False,aucune
4c05a66b,CLI-00436,2026-04-27 00:00:00,8200.0,transfert_entrant,CLI-00257,local,False,aucune
9d6d27ec,CLI-00712,2026-04-27 00:00:00,33300.0,transfert_entrant,CLI-00746,local,False,aucune
42104c40,CLI-00709,2026-04-27 00:00:00,26800.0,retrait,,local,False,aucune
9ff17ea9,CLI-00008,2026-04-27 00:00:00,7300.0,transfert_entrant,CLI-00757,local,False,aucune
415a9641,CLI-00729,2026-04-27 00:00:00,27300.0,depot,,local,False,aucune
6d453fb9,CLI-00176,2026-04-27 00:00:00,61800.0,decaissement_credit,,local,False,aucune
34db38f9,CLI-00175,2026-04-27 00:00:00,33500.0,remboursement_credit,,regional_uemoa,False,aucune
8e80e455,CLI-00437,2026-04-27 00:00:00,171300.0,depot,,local,False,aucune
8743a990,CLI-00028,2026-04-27 00:00:00,65400.0,retrait,,regional_uemoa,False,aucune
8689a816,CLI-00761,2026-04-27 00:00:00,55300.0,retrait,,transfrontalier_sensible,False,aucune
66ace796,CLI-00289,2026-04-27 00:00:00,189300.0,transfert_sortant,CLI-00677,local,False,aucune
08fcdc68,CLI-00086,2026-04-27 00:00:00,165000.0,transfert_entrant,CLI-00492,local,False,aucune
803b15a5,CLI-00451,2026-04-27 00:00:00,89100.0,depot,,local,False,aucune
d3577dfb,CLI-00088,2026-04-27 00:00:00,9428000.0,retrait,,local,False,aucune
b000b40e,CLI-00283,2026-04-27 00:00:00,133500.0,retrait,,local,False,aucune
c33f8378,CLI-00691,2026-04-27 00:00:00,25200.0,remboursement_credit,,regional_uemoa,False,aucune
4a51662b,CLI-00393,2026-04-27 00:00:00,121400.0,transfert_sortant,CLI-00287,local,False,aucune
9cde2881,CLI-00268,2026-04-27 00:00:00,94300.0,remboursement_credit,,local,False,aucune
3268d90f,CLI-00463,2026-04-27 00:00:00,45200.0,retrait,,local,False,aucune
dd4c5f25,CLI-00564,2026-04-27 00:00:00,71200.0,remboursement_credit,,local,False,aucune
5c75be23,CLI-00549,2026-04-27 00:00:00,91000.0,depot,,local,False,aucune
ad5b5e40,CLI-00390,2026-04-27 00:00:00,236600.0,remboursement_credit,,local,False,aucune
6b0433af,CLI-00659,2026-04-28 00:00:00,12800.0,retrait,,local,False,aucune
768da43d,CLI-00520,2026-04-28 00:00:00,129100.0,decaissement_credit,,local,False,aucune
1f1a5467,CLI-00471,2026-04-28 00:00:00,56000.0,retrait,,regional_uemoa,False,aucune
443d21ac,CLI-00562,2026-04-28 00:00:00,13600.0,remboursement_credit,,local,False,aucune
fb26e3cc,CLI-00559,2026-04-28 00:00:00,8900.0,transfert_sortant,CLI-00070,regional_uemoa,False,aucune
b6dd7185,CLI-00595,2026-04-28 00:00:00,37900.0,retrait,,local,False,aucune
85584b4f,CLI-00265,2026-04-28 00:00:00,484700.0,remboursement_credit,,regional_uemoa,False,aucune
9211790c,CLI-00677,2026-04-28 00:00:00,57700.0,depot,,local,False,aucune
d718ee03,CLI-00648,2026-04-28 00:00:00,118300.0,retrait,,regional_uemoa,False,aucune
b1774ce9,CLI-00652,2026-04-28 00:00:00,10800.0,retrait,,transfrontalier_sensible,False,aucune
775a8aa6,CLI-00071,2026-04-28 00:00:00,82100.0,transfert_sortant,CLI-00052,local,False,aucune
1fb690a2,CLI-00597,2026-04-28 00:00:00,201500.0,depot,,local,False,aucune
0444263d,CLI-00066,2026-04-28 00:00:00,84500.0,depot,,local,False,aucune
36131acf,CLI-00748,2026-04-28 00:00:00,60600.0,retrait,,local,False,aucune
86de58a4,CLI-00417,2026-04-28 00:00:00,35700.0,remboursement_credit,,regional_uemoa,False,aucune
0cfda4da,CLI-00773,2026-04-28 00:00:00,36300.0,retrait,,local,False,aucune
cf921d77,CLI-00795,2026-04-28 00:00:00,46900.0,remboursement_credit,,transfrontalier_sensible,False,aucune
244b7a1d,CLI-00209,2026-04-28 00:00:00,40000.0,depot,,local,False,aucune
8b1f4d20,CLI-00490,2026-04-28 00:00:00,55600.0,retrait,,local,False,aucune
bd9f17ff,CLI-00011,2026-04-28 00:00:00,35300.0,depot,,regional_uemoa,False,aucune
32e04203,CLI-00728,2026-04-28 00:00:00,30500.0,retrait,,local,False,aucune
d80e9006,CLI-00229,2026-04-28 00:00:00,11800.0,retrait,,local,False,aucune
15559f54,CLI-00284,2026-04-28 00:00:00,82400.0,remboursement_credit,,local,False,aucune
28c2d861,CLI-00349,2026-04-28 00:00:00,23500.0,remboursement_credit,,local,False,aucune
fc619a2d,CLI-00116,2026-04-28 00:00:00,88800.0,remboursement_credit,,local,False,aucune
51a33bf5,CLI-00078,2026-04-28 00:00:00,43100.0,depot,,regional_uemoa,False,aucune
4fb41e26,CLI-00747,2026-04-28 00:00:00,28100.0,transfert_entrant,CLI-00313,local,False,aucune
532919a7,CLI-00140,2026-04-28 00:00:00,23500.0,depot,,local,False,aucune
5fa4fdff,CLI-00704,2026-04-28 00:00:00,407500.0,remboursement_credit,,local,False,aucune
2cd8a8c1,CLI-00721,2026-04-28 00:00:00,63500.0,decaissement_credit,,local,False,aucune
9f6a737a,CLI-00789,2026-04-28 00:00:00,93300.0,retrait,,local,False,aucune
e7f3353d,CLI-00166,2026-04-28 00:00:00,17700.0,retrait,,local,False,aucune
052179bc,CLI-00452,2026-04-28 00:00:00,13300.0,decaissement_credit,,local,False,aucune
cc025075,CLI-00084,2026-04-28 00:00:00,20100.0,depot,,transfrontalier_sensible,False,aucune
60882fae,CLI-00270,2026-04-28 00:00:00,47100.0,retrait,,local,False,aucune
4f688bb9,CLI-00382,2026-04-28 00:00:00,43000.0,depot,,local,False,aucune
b7fe46b4,CLI-00272,2026-04-28 00:00:00,221000.0,depot,,local,False,aucune
e036c002,CLI-00270,2026-04-28 00:00:00,57400.0,depot,,local,False,aucune
05d836cf,CLI-00716,2026-04-28 00:00:00,36100.0,remboursement_credit,,local,False,aucune
211af8cb,CLI-00335,2026-04-28 00:00:00,14100.0,depot,,local,False,aucune
abdfb695,CLI-00765,2026-04-28 00:00:00,36800.0,retrait,,local,False,aucune
a765d1e2,CLI-00250,2026-04-28 00:00:00,51200.0,transfert_sortant,CLI-00570,local,False,aucune
738fd901,CLI-00766,2026-04-28 00:00:00,19800.0,depot,,local,False,aucune
2dd48e44,CLI-00183,2026-04-28 00:00:00,52800.0,decaissement_credit,,local,False,aucune
8d637d6f,CLI-00655,2026-04-28 00:00:00,17400.0,depot,,local,False,aucune
e9873e97,CLI-00142,2026-04-28 00:00:00,37600.0,depot,,local,False,aucune
145cec12,CLI-00174,2026-04-28 00:00:00,48100.0,decaissement_credit,,transfrontalier_sensible,False,aucune
8989bff8,CLI-00406,2026-04-28 00:00:00,63100.0,retrait,,local,False,aucune
c2802602,CLI-00292,2026-04-28 00:00:00,8481800.0,retrait,,local,False,aucune
98182c9d,CLI-00179,2026-04-28 00:00:00,16300.0,decaissement_credit,,local,False,aucune
d47f237a,CLI-00387,2026-04-28 00:00:00,24400.0,remboursement_credit,,local,False,aucune
731fb5bf,CLI-00750,2026-04-29 00:00:00,52900.0,remboursement_credit,,local,False,aucune
c5e19edf,CLI-00395,2026-04-29 00:00:00,23200.0,transfert_sortant,CLI-00133,transfrontalier_sensible,False,aucune
7d06695d,CLI-00161,2026-04-29 00:00:00,111900.0,transfert_entrant,CLI-00633,local,False,aucune
b181de55,CLI-00505,2026-04-29 00:00:00,16400.0,depot,,local,False,aucune
1a9efb94,CLI-00163,2026-04-29 00:00:00,28000.0,depot,,local,False,aucune
fccf9614,CLI-00030,2026-04-29 00:00:00,19900.0,decaissement_credit,,transfrontalier_sensible,False,aucune
639994c8,CLI-00502,2026-04-29 00:00:00,25500.0,transfert_entrant,CLI-00337,local,False,aucune
00f0e9a0,CLI-00726,2026-04-29 00:00:00,27800.0,transfert_sortant,CLI-00268,local,False,aucune
a86ed570,CLI-00764,2026-04-29 00:00:00,14500.0,remboursement_credit,,local,False,aucune
2503624e,CLI-00327,2026-04-29 00:00:00,122700.0,transfert_sortant,CLI-00654,local,False,aucune
0fde3205,CLI-00022,2026-04-29 00:00:00,52400.0,retrait,,regional_uemoa,False,aucune
06c83056,CLI-00346,2026-04-29 00:00:00,96300.0,transfert_sortant,CLI-00038,local,False,aucune
3654d21e,CLI-00724,2026-04-29 00:00:00,9900.0,transfert_sortant,CLI-00226,regional_uemoa,False,aucune
b37f62a0,CLI-00570,2026-04-29 00:00:00,86900.0,retrait,,regional_uemoa,False,aucune
20bbcae3,CLI-00756,2026-04-29 00:00:00,31400.0,transfert_sortant,CLI-00374,local,False,aucune
12e6170e,CLI-00434,2026-04-29 00:00:00,13500.0,transfert_sortant,CLI-00685,local,False,aucune
a5458ec8,CLI-00720,2026-04-29 00:00:00,114800.0,retrait,,local,False,aucune
31944956,CLI-00753,2026-04-29 00:00:00,95900.0,retrait,,local,False,aucune
d594b4a3,CLI-00555,2026-04-29 00:00:00,15000.0,depot,,local,False,aucune
473bc094,CLI-00197,2026-04-29 00:00:00,9700.0,transfert_sortant,CLI-00564,local,False,aucune
e3edaa0c,CLI-00571,2026-04-29 00:00:00,50500.0,retrait,,local,False,aucune
3bab63e3,CLI-00022,2026-04-29 00:00:00,43300.0,remboursement_credit,,local,False,aucune
467ef4b1,CLI-00578,2026-04-29 00:00:00,254900.0,transfert_entrant,CLI-00712,local,False,aucune
7ca778a3,CLI-00198,2026-04-29 00:00:00,168200.0,retrait,,local,False,aucune
5b29c39a,CLI-00389,2026-04-29 00:00:00,75000.0,transfert_entrant,CLI-00453,regional_uemoa,False,aucune
187eb86c,CLI-00333,2026-04-29 00:00:00,204600.0,retrait,,regional_uemoa,False,aucune
bc1f639d,CLI-00079,2026-04-29 00:00:00,30100.0,depot,,local,False,aucune
fbb1a280,CLI-00681,2026-04-29 00:00:00,90400.0,remboursement_credit,,transfrontalier_sensible,False,aucune
a59a44ef,CLI-00796,2026-04-29 00:00:00,3569000.0,retrait,,local,False,aucune
c958734d,CLI-00524,2026-04-29 00:00:00,8046700.0,decaissement_credit,,local,False,aucune
44e3c470,CLI-00410,2026-04-29 00:00:00,18500.0,transfert_sortant,CLI-00443,local,False,aucune
18be76bd,CLI-00048,2026-04-29 00:00:00,26800.0,transfert_entrant,CLI-00504,local,False,aucune
6563cc77,CLI-00041,2026-04-29 00:00:00,13800.0,depot,,local,False,aucune
108e3f68,CLI-00606,2026-04-29 00:00:00,15600.0,retrait,,local,False,aucune
d2f9a77c,CLI-00489,2026-04-29 00:00:00,22500.0,depot,,local,False,aucune
3b9b9bdf,CLI-00241,2026-04-29 00:00:00,525400.0,depot,,local,False,aucune
a60d58e3,CLI-00485,2026-04-29 00:00:00,4400.0,retrait,,local,False,aucune
71a09370,CLI-00465,2026-04-29 00:00:00,44900.0,remboursement_credit,,local,False,aucune
3fbb33dc,CLI-00461,2026-04-29 00:00:00,6300.0,depot,,local,False,aucune
bc1656fa,CLI-00305,2026-04-29 00:00:00,13500.0,retrait,,local,False,aucune
976fa1a0,CLI-00793,2026-04-29 00:00:00,30700.0,transfert_sortant,CLI-00315,local,False,aucune
70ccf044,CLI-00474,2026-04-29 00:00:00,192200.0,retrait,,local,False,aucune
ee8d35eb,CLI-00031,2026-04-29 00:00:00,8900.0,retrait,,local,False,aucune
0b227739,CLI-00284,2026-04-29 00:00:00,100000.0,retrait,,local,False,aucune
c62acfe9,CLI-00444,2026-04-29 00:00:00,113400.0,decaissement_credit,,local,False,aucune
8189fbda,CLI-00606,2026-04-29 00:00:00,242200.0,retrait,,local,False,aucune
32d7d716,CLI-00623,2026-04-29 00:00:00,45600.0,retrait,,local,False,aucune
086f5d34,CLI-00052,2026-04-29 00:00:00,19300.0,depot,,local,False,aucune
798d5f00,CLI-00602,2026-04-29 00:00:00,144200.0,transfert_entrant,CLI-00079,transfrontalier_sensible,False,aucune
a58dd506,CLI-00658,2026-04-29 00:00:00,11400.0,retrait,,regional_uemoa,False,aucune
dbd0aef1,CLI-00287,2026-04-29 00:00:00,34200.0,decaissement_credit,,local,False,aucune
e4fd745d,CLI-00619,2026-04-29 00:00:00,132600.0,retrait,,local,False,aucune
5573d75b,CLI-00743,2026-04-30 00:00:00,16400.0,transfert_entrant,CLI-00196,local,False,aucune
985f812e,CLI-00761,2026-04-30 00:00:00,231800.0,depot,,local,False,aucune
fab61ef1,CLI-00169,2026-04-30 00:00:00,2700.0,decaissement_credit,,local,False,aucune
86c58b8c,CLI-00337,2026-04-30 00:00:00,17700.0,remboursement_credit,,local,False,aucune
62f70147,CLI-00169,2026-04-30 00:00:00,59200.0,decaissement_credit,,regional_uemoa,False,aucune
e0d3f9fe,CLI-00629,2026-04-30 00:00:00,209500.0,depot,,local,False,aucune
2a577973,CLI-00336,2026-04-30 00:00:00,497900.0,transfert_entrant,CLI-00355,local,False,aucune
bf0db79d,CLI-00035,2026-04-30 00:00:00,90500.0,remboursement_credit,,local,False,aucune
7fbc1a00,CLI-00405,2026-04-30 00:00:00,46100.0,depot,,local,False,aucune
bd39d2e5,CLI-00250,2026-04-30 00:00:00,30700.0,retrait,,regional_uemoa,False,aucune
8c3aac25,CLI-00761,2026-04-30 00:00:00,13900.0,depot,,local,False,aucune
3b1b144f,CLI-00088,2026-04-30 00:00:00,144800.0,retrait,,local,False,aucune
41fef858,CLI-00655,2026-04-30 00:00:00,23300.0,remboursement_credit,,local,False,aucune
40f34666,CLI-00620,2026-04-30 00:00:00,180400.0,retrait,,local,False,aucune
21f91f31,CLI-00658,2026-04-30 00:00:00,241900.0,transfert_sortant,CLI-00399,local,False,aucune
3fe86003,CLI-00429,2026-04-30 00:00:00,51500.0,depot,,local,False,aucune
085127bd,CLI-00160,2026-04-30 00:00:00,74200.0,depot,,local,False,aucune
d611cb60,CLI-00731,2026-04-30 00:00:00,25000.0,retrait,,local,False,aucune
0e06b38c,CLI-00609,2026-04-30 00:00:00,51900.0,transfert_sortant,CLI-00124,local,False,aucune
9594096c,CLI-00033,2026-04-30 00:00:00,15300.0,depot,,local,False,aucune
aee9e69f,CLI-00157,2026-04-30 00:00:00,38200.0,depot,,regional_uemoa,False,aucune
17d3dc75,CLI-00759,2026-04-30 00:00:00,113500.0,transfert_entrant,CLI-00761,local,False,aucune
dfa47e6c,CLI-00651,2026-04-30 00:00:00,30700.0,remboursement_credit,,regional_uemoa,False,aucune
7f75611f,CLI-00309,2026-04-30 00:00:00,2253000.0,depot,,local,True,layering
2c08efff,CLI-00406,2026-04-30 00:00:00,68600.0,transfert_entrant,CLI-00111,regional_uemoa,False,aucune
7288a476,CLI-00324,2026-04-30 00:00:00,5900.0,depot,,transfrontalier_sensible,False,aucune
900e93ff,CLI-00172,2026-04-30 00:00:00,31600.0,remboursement_credit,,local,False,aucune
e791e11c,CLI-00443,2026-04-30 00:00:00,26200.0,depot,,local,False,aucune
7003ae17,CLI-00620,2026-04-30 00:00:00,18900.0,transfert_sortant,CLI-00359,regional_uemoa,False,aucune
970c9aa3,CLI-00195,2026-04-30 00:00:00,20700.0,retrait,,local,False,aucune
14a9ed5f,CLI-00716,2026-04-30 00:00:00,35900.0,retrait,,local,False,aucune
9693f38c,CLI-00775,2026-04-30 00:00:00,182700.0,transfert_entrant,CLI-00401,local,False,aucune
7c07d92d,CLI-00570,2026-04-30 00:00:00,122400.0,transfert_entrant,CLI-00773,local,False,aucune
f3f16cc6,CLI-00734,2026-04-30 00:00:00,10500.0,retrait,,local,False,aucune
6dc1ce56,CLI-00439,2026-04-30 00:00:00,84000.0,retrait,,local,False,aucune
fc86713b,CLI-00354,2026-04-30 00:00:00,161100.0,decaissement_credit,,local,False,aucune
01882628,CLI-00493,2026-04-30 00:00:00,92700.0,transfert_sortant,CLI-00055,local,False,aucune
0713bbb1,CLI-00227,2026-04-30 00:00:00,36300.0,depot,,local,False,aucune
0ce99b21,CLI-00747,2026-04-30 00:00:00,17900.0,retrait,,local,False,aucune
75d436f4,CLI-00103,2026-04-30 00:00:00,5800.0,retrait,,local,False,aucune
bfa875b1,CLI-00064,2026-04-30 00:00:00,92900.0,depot,,local,False,aucune
ef020dbe,CLI-00213,2026-04-30 00:00:00,76900.0,retrait,,local,False,aucune
3aeeaed9,CLI-00110,2026-04-30 00:00:00,57000.0,depot,,local,False,aucune
7c675c9a,CLI-00104,2026-04-30 00:00:00,36200.0,decaissement_credit,,local,False,aucune
2d55db2e,CLI-00601,2026-04-30 00:00:00,27200.0,retrait,,local,False,aucune
e208ab33,CLI-00566,2026-04-30 00:00:00,15200.0,retrait,,local,False,aucune
f2f18711,CLI-00341,2026-04-30 00:00:00,55000.0,retrait,,local,False,aucune
851a0954,CLI-00165,2026-04-30 00:00:00,18100.0,transfert_sortant,CLI-00082,local,False,aucune
d79b2aa9,CLI-00415,2026-04-30 00:00:00,76600.0,depot,,local,False,aucune
fbc26542,CLI-00376,2026-04-30 00:00:00,5100.0,transfert_entrant,CLI-00002,local,False,aucune
b02752a4,CLI-00096,2026-04-30 00:00:00,102500.0,depot,,local,False,aucune
0ad2d712,CLI-00634,2026-04-30 00:00:00,30400.0,transfert_sortant,CLI-00012,local,False,aucune
c3a7c077,CLI-00197,2026-04-30 00:00:00,22800.0,transfert_entrant,CLI-00160,local,False,aucune
4e381f66,CLI-00605,2026-04-30 00:00:00,63000.0,retrait,,local,False,aucune
6c79e8f1,CLI-00309,2026-04-30 05:00:00,535100.0,transfert_sortant,CLI-00258,local,True,layering
c8dc9397,CLI-00736,2026-05-01 00:00:00,161200.0,transfert_entrant,CLI-00470,local,False,aucune
338cc485,CLI-00147,2026-05-01 00:00:00,33100.0,retrait,,local,False,aucune
e08fecc5,CLI-00146,2026-05-01 00:00:00,9200.0,retrait,,local,False,aucune
31b8e272,CLI-00563,2026-05-01 00:00:00,24900.0,retrait,,local,False,aucune
0b02f4ff,CLI-00791,2026-05-01 00:00:00,13500.0,depot,,local,False,aucune
4676d305,CLI-00793,2026-05-01 00:00:00,74000.0,depot,,regional_uemoa,False,aucune
cc4b5dc1,CLI-00736,2026-05-01 00:00:00,4500.0,remboursement_credit,,local,False,aucune
efd9fc02,CLI-00038,2026-05-01 00:00:00,13900.0,decaissement_credit,,local,False,aucune
f87c0db9,CLI-00461,2026-05-01 00:00:00,72400.0,depot,,local,False,aucune
4f26b8d8,CLI-00092,2026-05-01 00:00:00,82300.0,decaissement_credit,,local,False,aucune
014d81af,CLI-00347,2026-05-01 00:00:00,32600.0,remboursement_credit,,local,False,aucune
716f5e0b,CLI-00420,2026-05-01 00:00:00,253200.0,transfert_sortant,CLI-00603,local,False,aucune
0d04b6e7,CLI-00460,2026-05-01 00:00:00,88500.0,transfert_sortant,CLI-00161,local,False,aucune
504704d9,CLI-00474,2026-05-01 00:00:00,54900.0,transfert_entrant,CLI-00128,local,False,aucune
63a315d2,CLI-00715,2026-05-01 00:00:00,42500.0,remboursement_credit,,local,False,aucune
13f7f1f2,CLI-00118,2026-05-01 00:00:00,151400.0,transfert_sortant,CLI-00793,regional_uemoa,False,aucune
0c67f482,CLI-00338,2026-05-01 00:00:00,134100.0,remboursement_credit,,local,False,aucune
00bdfae2,CLI-00587,2026-05-01 00:00:00,18700.0,depot,,local,False,aucune
a77bd1f0,CLI-00123,2026-05-01 00:00:00,1300.0,retrait,,local,False,aucune
a7a4b320,CLI-00416,2026-05-01 00:00:00,143100.0,transfert_sortant,CLI-00080,local,False,aucune
09f73573,CLI-00157,2026-05-01 00:00:00,148700.0,depot,,local,False,aucune
0201d92d,CLI-00548,2026-05-01 00:00:00,23100.0,depot,,regional_uemoa,False,aucune
8555f3af,CLI-00763,2026-05-01 00:00:00,109000.0,transfert_sortant,CLI-00705,local,False,aucune
95b9767b,CLI-00233,2026-05-01 00:00:00,10700.0,retrait,,regional_uemoa,False,aucune
989295a9,CLI-00487,2026-05-01 00:00:00,12300.0,depot,,regional_uemoa,False,aucune
6874c9fa,CLI-00032,2026-05-01 00:00:00,34000.0,retrait,,local,False,aucune
db0998d5,CLI-00242,2026-05-01 00:00:00,229000.0,retrait,,transfrontalier_sensible,False,aucune
69fcdc18,CLI-00026,2026-05-01 00:00:00,190100.0,remboursement_credit,,local,False,aucune
1f1166bc,CLI-00787,2026-05-01 00:00:00,8800.0,depot,,local,False,aucune
20d3ff41,CLI-00482,2026-05-01 00:00:00,7400.0,depot,,local,False,aucune
01127d9a,CLI-00657,2026-05-01 00:00:00,257200.0,remboursement_credit,,local,False,aucune
5a0bea64,CLI-00173,2026-05-01 00:00:00,102800.0,transfert_sortant,CLI-00271,local,False,aucune
02bf4bb1,CLI-00031,2026-05-01 00:00:00,35300.0,decaissement_credit,,local,False,aucune
e66e434f,CLI-00172,2026-05-01 00:00:00,21200.0,remboursement_credit,,regional_uemoa,False,aucune
94d295a9,CLI-00180,2026-05-01 00:00:00,25200.0,remboursement_credit,,local,False,aucune
c45bbc7d,CLI-00318,2026-05-01 00:00:00,27900.0,depot,,regional_uemoa,False,aucune
4be5bfec,CLI-00400,2026-05-01 00:00:00,15900.0,depot,,local,False,aucune
67a2ee74,CLI-00287,2026-05-01 00:00:00,16400.0,retrait,,local,False,aucune
6031bd70,CLI-00660,2026-05-01 00:00:00,52900.0,transfert_sortant,CLI-00790,local,False,aucune
fb855388,CLI-00072,2026-05-01 00:00:00,31800.0,depot,,local,False,aucune
6eecf946,CLI-00515,2026-05-01 00:00:00,251200.0,depot,,local,False,aucune
5ff87f78,CLI-00514,2026-05-01 00:00:00,10100.0,transfert_sortant,CLI-00148,local,False,aucune
e16f4f6f,CLI-00445,2026-05-01 00:00:00,47900.0,depot,,local,False,aucune
6bda269f,CLI-00316,2026-05-01 00:00:00,208800.0,retrait,,regional_uemoa,False,aucune
5f681a03,CLI-00219,2026-05-01 00:00:00,23000.0,retrait,,local,False,aucune
5c831837,CLI-00489,2026-05-01 00:00:00,24100.0,depot,,transfrontalier_sensible,False,aucune
e1764adf,CLI-00302,2026-05-01 00:00:00,119200.0,depot,,local,False,aucune
b7b4e576,CLI-00309,2026-05-01 07:00:00,444000.0,transfert_sortant,CLI-00774,local,True,layering
4ca8ba29,CLI-00309,2026-05-01 12:00:00,551500.0,transfert_sortant,CLI-00542,local,True,layering
7b6ce1d2,CLI-00309,2026-05-01 22:00:00,654900.0,transfert_sortant,CLI-00164,local,True,layering
19f28161,CLI-00397,2026-05-02 00:00:00,39400.0,decaissement_credit,,local,False,aucune
a3f94265,CLI-00083,2026-05-02 00:00:00,90200.0,depot,,transfrontalier_sensible,False,aucune
aa098303,CLI-00359,2026-05-02 00:00:00,336800.0,retrait,,local,False,aucune
157a3325,CLI-00126,2026-05-02 00:00:00,34500.0,retrait,,local,False,aucune
9963fd6e,CLI-00279,2026-05-02 00:00:00,10200.0,retrait,,local,False,aucune
41e98beb,CLI-00348,2026-05-02 00:00:00,9200.0,transfert_sortant,CLI-00591,local,False,aucune
0cb7d4ed,CLI-00623,2026-05-02 00:00:00,134800.0,remboursement_credit,,local,False,aucune
3db83bf5,CLI-00742,2026-05-02 00:00:00,62900.0,depot,,local,False,aucune
2e78b28e,CLI-00580,2026-05-02 00:00:00,4900.0,depot,,local,False,aucune
05678b79,CLI-00557,2026-05-02 00:00:00,26600.0,depot,,local,False,aucune
644e1709,CLI-00163,2026-05-02 00:00:00,135200.0,retrait,,regional_uemoa,False,aucune
9490245b,CLI-00001,2026-05-02 00:00:00,370500.0,transfert_sortant,CLI-00160,local,False,aucune
aa8087a4,CLI-00178,2026-05-02 00:00:00,25500.0,retrait,,local,False,aucune
d2c1b51f,CLI-00234,2026-05-02 00:00:00,35700.0,retrait,,regional_uemoa,False,aucune
f379354e,CLI-00337,2026-05-02 00:00:00,30700.0,remboursement_credit,,local,False,aucune
ffc29785,CLI-00735,2026-05-02 00:00:00,38500.0,retrait,,local,False,aucune
73eb0876,CLI-00122,2026-05-02 00:00:00,6900.0,decaissement_credit,,local,False,aucune
ee7327d6,CLI-00704,2026-05-02 00:00:00,18000.0,transfert_entrant,CLI-00604,local,False,aucune
b978122f,CLI-00232,2026-05-02 00:00:00,59600.0,decaissement_credit,,local,False,aucune
d74bfbcf,CLI-00728,2026-05-02 00:00:00,131200.0,remboursement_credit,,local,False,aucune
fdbce09c,CLI-00665,2026-05-02 00:00:00,20000.0,remboursement_credit,,local,False,aucune
cf3cf3ad,CLI-00031,2026-05-02 00:00:00,62800.0,depot,,local,False,aucune
e7788a89,CLI-00038,2026-05-02 00:00:00,19000.0,depot,,local,False,aucune
86e06554,CLI-00063,2026-05-02 00:00:00,58100.0,depot,,local,False,aucune
ae00e353,CLI-00785,2026-05-02 00:00:00,151100.0,remboursement_credit,,local,False,aucune
456ab70b,CLI-00508,2026-05-02 00:00:00,27000.0,transfert_entrant,CLI-00242,local,False,aucune
e92805b9,CLI-00139,2026-05-02 00:00:00,13100.0,depot,,local,False,aucune
93899ede,CLI-00284,2026-05-02 00:00:00,53100.0,transfert_sortant,CLI-00038,local,False,aucune
4789ef6a,CLI-00729,2026-05-02 00:00:00,22700.0,depot,,local,False,aucune
132e909f,CLI-00707,2026-05-02 00:00:00,47200.0,transfert_sortant,CLI-00568,regional_uemoa,False,aucune
abf4e83d,CLI-00255,2026-05-02 00:00:00,3400.0,transfert_sortant,CLI-00046,regional_uemoa,False,aucune
e91cacfb,CLI-00288,2026-05-02 00:00:00,26600.0,retrait,,local,False,aucune
6cade743,CLI-00203,2026-05-02 00:00:00,56400.0,retrait,,transfrontalier_sensible,False,aucune
300f485c,CLI-00719,2026-05-02 00:00:00,52600.0,retrait,,local,False,aucune
a00f4503,CLI-00567,2026-05-02 00:00:00,58000.0,depot,,local,False,aucune
a1fca34c,CLI-00418,2026-05-02 00:00:00,53400.0,remboursement_credit,,regional_uemoa,False,aucune
a38fd839,CLI-00376,2026-05-02 00:00:00,22400.0,depot,,local,False,aucune
f739bcb7,CLI-00674,2026-05-02 00:00:00,23500.0,transfert_sortant,CLI-00017,local,False,aucune
0759e7dc,CLI-00009,2026-05-02 00:00:00,44900.0,retrait,,local,False,aucune
9d31b0bb,CLI-00292,2026-05-02 00:00:00,213100.0,depot,,local,False,aucune
66784b7e,CLI-00045,2026-05-02 00:00:00,187400.0,retrait,,local,False,aucune
d927b784,CLI-00687,2026-05-02 00:00:00,47000.0,transfert_sortant,CLI-00664,local,False,aucune
18ad89ca,CLI-00633,2026-05-02 00:00:00,86500.0,retrait,,local,False,aucune
bf97948b,CLI-00543,2026-05-02 00:00:00,87100.0,depot,,regional_uemoa,False,aucune
3846b4f6,CLI-00263,2026-05-02 00:00:00,17100.0,transfert_entrant,CLI-00355,local,False,aucune
87d6f1b6,CLI-00019,2026-05-02 00:00:00,171300.0,retrait,,local,False,aucune
76c508f2,CLI-00383,2026-05-02 00:00:00,6500.0,retrait,,local,False,aucune
3e802807,CLI-00689,2026-05-02 00:00:00,372800.0,depot,,local,False,aucune
675bc205,CLI-00531,2026-05-02 00:00:00,12800.0,depot,,local,False,aucune
82aa9eea,CLI-00437,2026-05-02 00:00:00,124800.0,depot,,regional_uemoa,False,aucune
a8c146ad,CLI-00394,2026-05-02 00:00:00,11100.0,depot,,local,False,aucune
1e36635f,CLI-00794,2026-05-02 00:00:00,71300.0,retrait,,local,False,aucune
2017dd2c,CLI-00384,2026-05-02 00:00:00,59700.0,decaissement_credit,,local,False,aucune
2de2b264,CLI-00269,2026-05-02 00:00:00,105500.0,transfert_entrant,CLI-00138,regional_uemoa,False,aucune
878c0a4d,CLI-00076,2026-05-02 00:00:00,108500.0,depot,,local,False,aucune
f364aefa,CLI-00318,2026-05-02 00:00:00,235800.0,retrait,,local,False,aucune
0ca3df25,CLI-00046,2026-05-02 00:00:00,107600.0,depot,,local,False,aucune
09469a0c,CLI-00541,2026-05-02 00:00:00,18200.0,decaissement_credit,,local,False,aucune
11efea73,CLI-00780,2026-05-02 00:00:00,5600.0,transfert_sortant,CLI-00519,local,False,aucune
04873bf4,CLI-00542,2026-05-02 00:00:00,62500.0,depot,,local,False,aucune
e504be57,CLI-00319,2026-05-02 00:00:00,67200.0,transfert_sortant,CLI-00527,regional_uemoa,False,aucune
7ef8b121,CLI-00528,2026-05-02 00:00:00,70900.0,remboursement_credit,,regional_uemoa,False,aucune
217c1027,CLI-00157,2026-05-02 00:00:00,11600.0,depot,,local,False,aucune
424d6394,CLI-00059,2026-05-02 00:00:00,34200.0,remboursement_credit,,local,False,aucune
9eb1e195,CLI-00501,2026-05-03 00:00:00,149200.0,retrait,,local,False,aucune
ed3a437a,CLI-00707,2026-05-03 00:00:00,298400.0,remboursement_credit,,local,False,aucune
cd85e3bc,CLI-00429,2026-05-03 00:00:00,38200.0,transfert_entrant,CLI-00415,local,False,aucune
144c747b,CLI-00493,2026-05-03 00:00:00,22000.0,transfert_entrant,CLI-00701,local,False,aucune
4c288eef,CLI-00449,2026-05-03 00:00:00,127100.0,depot,,local,False,aucune
b8c3a177,CLI-00597,2026-05-03 00:00:00,19900.0,decaissement_credit,,regional_uemoa,False,aucune
2405a5bc,CLI-00485,2026-05-03 00:00:00,86500.0,depot,,transfrontalier_sensible,False,aucune
a6242b1e,CLI-00618,2026-05-03 00:00:00,41800.0,retrait,,regional_uemoa,False,aucune
1c6973ee,CLI-00411,2026-05-03 00:00:00,152300.0,remboursement_credit,,local,False,aucune
33601448,CLI-00554,2026-05-03 00:00:00,10100.0,depot,,local,False,aucune
5157094a,CLI-00534,2026-05-03 00:00:00,57300.0,depot,,local,False,aucune
fcae6f3c,CLI-00477,2026-05-03 00:00:00,59800.0,transfert_entrant,CLI-00429,local,False,aucune
2034a9a3,CLI-00556,2026-05-03 00:00:00,553100.0,retrait,,local,False,aucune
6cd5eeb5,CLI-00697,2026-05-03 00:00:00,123300.0,transfert_sortant,CLI-00794,local,False,aucune
ead48f4d,CLI-00516,2026-05-03 00:00:00,23800.0,transfert_entrant,CLI-00793,regional_uemoa,False,aucune
ec4cf90a,CLI-00464,2026-05-03 00:00:00,14300.0,depot,,regional_uemoa,False,aucune
d2b9c385,CLI-00655,2026-05-03 00:00:00,33500.0,decaissement_credit,,transfrontalier_sensible,False,aucune
2e5c4f55,CLI-00607,2026-05-03 00:00:00,247400.0,retrait,,local,False,aucune
43a791a1,CLI-00460,2026-05-03 00:00:00,3400.0,transfert_entrant,CLI-00380,local,False,aucune
4ed356cd,CLI-00563,2026-05-03 00:00:00,22100.0,depot,,local,False,aucune
c0c33b02,CLI-00674,2026-05-03 00:00:00,6000.0,depot,,local,False,aucune
aaac7559,CLI-00526,2026-05-03 00:00:00,14900.0,retrait,,local,False,aucune
5f776c86,CLI-00588,2026-05-03 00:00:00,85700.0,transfert_sortant,CLI-00353,local,False,aucune
4b4936ea,CLI-00544,2026-05-03 00:00:00,51100.0,decaissement_credit,,local,False,aucune
a43128aa,CLI-00530,2026-05-03 00:00:00,65100.0,remboursement_credit,,transfrontalier_sensible,False,aucune
50be1ab1,CLI-00647,2026-05-03 00:00:00,29100.0,transfert_entrant,CLI-00472,local,False,aucune
0ae4685d,CLI-00108,2026-05-03 00:00:00,30900.0,retrait,,local,False,aucune
4208d9ce,CLI-00319,2026-05-03 00:00:00,134500.0,retrait,,transfrontalier_sensible,False,aucune
f9770d45,CLI-00756,2026-05-03 00:00:00,72900.0,transfert_entrant,CLI-00209,regional_uemoa,False,aucune
1b474147,CLI-00321,2026-05-03 00:00:00,285400.0,decaissement_credit,,regional_uemoa,False,aucune
a8a100d0,CLI-00322,2026-05-03 00:00:00,80400.0,depot,,local,False,aucune
a2afc11b,CLI-00265,2026-05-03 00:00:00,559200.0,retrait,,local,False,aucune
4a866466,CLI-00115,2026-05-03 00:00:00,26600.0,retrait,,local,False,aucune
6a00675d,CLI-00787,2026-05-03 00:00:00,99700.0,decaissement_credit,,local,False,aucune
2ff7d5ec,CLI-00273,2026-05-03 00:00:00,385300.0,remboursement_credit,,local,False,aucune
ee604245,CLI-00362,2026-05-03 00:00:00,50200.0,retrait,,local,False,aucune
36ca7b69,CLI-00050,2026-05-03 00:00:00,154800.0,retrait,,local,False,aucune
4f6a7079,CLI-00332,2026-05-03 00:00:00,158400.0,transfert_entrant,CLI-00134,local,False,aucune
2e86de49,CLI-00116,2026-05-03 00:00:00,149500.0,retrait,,regional_uemoa,False,aucune
7b83712e,CLI-00234,2026-05-03 00:00:00,357300.0,depot,,local,False,aucune
00d69f97,CLI-00384,2026-05-03 00:00:00,24100.0,depot,,regional_uemoa,False,aucune
0ff03bac,CLI-00129,2026-05-03 00:00:00,51900.0,decaissement_credit,,local,False,aucune
95417bcd,CLI-00735,2026-05-03 00:00:00,27800.0,transfert_sortant,CLI-00158,local,False,aucune
91b8a57f,CLI-00016,2026-05-03 00:00:00,91100.0,depot,,local,False,aucune
2970f342,CLI-00769,2026-05-03 00:00:00,55000.0,depot,,local,False,aucune
b2b26990,CLI-00728,2026-05-03 00:00:00,48500.0,retrait,,local,False,aucune
0846c42c,CLI-00090,2026-05-03 00:00:00,13000.0,retrait,,local,False,aucune
58f45ff5,CLI-00261,2026-05-03 00:00:00,210100.0,transfert_sortant,CLI-00799,regional_uemoa,False,aucune
80d664dd,CLI-00294,2026-05-03 00:00:00,327200.0,transfert_entrant,CLI-00692,local,False,aucune
e90fc5e8,CLI-00079,2026-05-03 00:00:00,48300.0,retrait,,local,False,aucune
6e8fe6ef,CLI-00164,2026-05-03 00:00:00,78700.0,transfert_entrant,CLI-00770,local,False,aucune
28cdd1fc,CLI-00307,2026-05-03 00:00:00,113000.0,transfert_sortant,CLI-00003,local,False,aucune
764f860c,CLI-00756,2026-05-03 00:00:00,16700.0,depot,,local,False,aucune
63f5bd78,CLI-00154,2026-05-03 00:00:00,9000.0,retrait,,local,False,aucune
dc48d4bb,CLI-00027,2026-05-03 00:00:00,70600.0,depot,,regional_uemoa,False,aucune
0b35b9c5,CLI-00497,2026-05-04 00:00:00,130600.0,depot,,local,False,aucune
31ecd969,CLI-00395,2026-05-04 00:00:00,7100.0,transfert_sortant,CLI-00001,local,False,aucune
c959c365,CLI-00796,2026-05-04 00:00:00,20000.0,transfert_entrant,CLI-00301,local,False,aucune
e69e1631,CLI-00639,2026-05-04 00:00:00,188600.0,retrait,,local,False,aucune
44cea823,CLI-00194,2026-05-04 00:00:00,108600.0,retrait,,local,False,aucune
6e7f8d2e,CLI-00759,2026-05-04 00:00:00,26900.0,depot,,local,False,aucune
51778111,CLI-00495,2026-05-04 00:00:00,31900.0,transfert_sortant,CLI-00771,local,False,aucune
1f4dcdf9,CLI-00561,2026-05-04 00:00:00,89300.0,remboursement_credit,,regional_uemoa,False,aucune
d7bc9c0e,CLI-00397,2026-05-04 00:00:00,53200.0,retrait,,local,False,aucune
7bd7d0f3,CLI-00793,2026-05-04 00:00:00,51100.0,decaissement_credit,,local,False,aucune
8bedd433,CLI-00040,2026-05-04 00:00:00,8500.0,depot,,regional_uemoa,False,aucune
4244c348,CLI-00749,2026-05-04 00:00:00,6600.0,depot,,local,False,aucune
3e72b13c,CLI-00690,2026-05-04 00:00:00,86300.0,retrait,,local,False,aucune
22f6898f,CLI-00322,2026-05-04 00:00:00,126000.0,depot,,local,False,aucune
fcc87aa4,CLI-00444,2026-05-04 00:00:00,43500.0,remboursement_credit,,local,False,aucune
74abda34,CLI-00397,2026-05-04 00:00:00,94300.0,retrait,,local,False,aucune
9e8cdd2b,CLI-00503,2026-05-04 00:00:00,339700.0,depot,,local,False,aucune
b37ff51b,CLI-00556,2026-05-04 00:00:00,34800.0,transfert_sortant,CLI-00353,local,False,aucune
f0ff1bb9,CLI-00162,2026-05-04 00:00:00,10300.0,transfert_sortant,CLI-00210,local,False,aucune
1dd0a82e,CLI-00207,2026-05-04 00:00:00,18500.0,retrait,,local,False,aucune
69f18f8c,CLI-00546,2026-05-04 00:00:00,49100.0,retrait,,local,False,aucune
789acafc,CLI-00175,2026-05-04 00:00:00,4500.0,remboursement_credit,,local,False,aucune
3c55074d,CLI-00305,2026-05-04 00:00:00,335700.0,retrait,,transfrontalier_sensible,False,aucune
d5ae9386,CLI-00495,2026-05-04 00:00:00,61800.0,decaissement_credit,,local,False,aucune
76b0358d,CLI-00112,2026-05-04 00:00:00,231200.0,depot,,local,False,aucune
e8eba281,CLI-00106,2026-05-04 00:00:00,97900.0,depot,,regional_uemoa,False,aucune
0d7bd3b8,CLI-00126,2026-05-04 00:00:00,90600.0,retrait,,local,False,aucune
76dfb172,CLI-00006,2026-05-04 00:00:00,51700.0,depot,,local,False,aucune
21bf1d26,CLI-00094,2026-05-04 00:00:00,58000.0,retrait,,local,False,aucune
ccfb3801,CLI-00388,2026-05-04 00:00:00,15900.0,depot,,local,False,aucune
94bfab99,CLI-00472,2026-05-04 00:00:00,34900.0,remboursement_credit,,local,False,aucune
69dcd8a2,CLI-00356,2026-05-04 00:00:00,94000.0,depot,,local,False,aucune
deebefe0,CLI-00776,2026-05-04 00:00:00,4300.0,transfert_entrant,CLI-00148,local,False,aucune
44814629,CLI-00248,2026-05-04 00:00:00,7800.0,depot,,local,False,aucune
7c3902e2,CLI-00008,2026-05-04 00:00:00,63200.0,transfert_entrant,CLI-00557,transfrontalier_sensible,False,aucune
cd3600e7,CLI-00600,2026-05-04 00:00:00,97500.0,depot,,regional_uemoa,False,aucune
462b82e5,CLI-00097,2026-05-04 00:00:00,19700.0,depot,,local,False,aucune
94bfe3e7,CLI-00070,2026-05-04 00:00:00,10900.0,transfert_sortant,CLI-00281,regional_uemoa,False,aucune
0a31f93c,CLI-00263,2026-05-04 00:00:00,707000.0,depot,,transfrontalier_sensible,False,aucune
2327929f,CLI-00066,2026-05-04 00:00:00,13300.0,depot,,local,False,aucune
3c4e8394,CLI-00354,2026-05-04 00:00:00,77700.0,transfert_entrant,CLI-00073,local,False,aucune
7d543921,CLI-00386,2026-05-04 00:00:00,17200.0,depot,,local,False,aucune
a5db7b26,CLI-00351,2026-05-04 00:00:00,25200.0,depot,,local,False,aucune
fdbfe977,CLI-00593,2026-05-04 00:00:00,55400.0,retrait,,local,False,aucune
d3a05ba9,CLI-00230,2026-05-04 00:00:00,69000.0,retrait,,local,False,aucune
a22087ac,CLI-00639,2026-05-04 00:00:00,24000.0,transfert_entrant,CLI-00611,local,False,aucune
6e8d83ef,CLI-00010,2026-05-04 00:00:00,181200.0,retrait,,local,False,aucune
4c1178cd,CLI-00474,2026-05-04 00:00:00,16500.0,transfert_sortant,CLI-00440,regional_uemoa,False,aucune
8ea8dbaa,CLI-00703,2026-05-05 00:00:00,8200.0,retrait,,regional_uemoa,False,aucune
c25814de,CLI-00623,2026-05-05 00:00:00,4257200.0,transfert_sortant,CLI-00637,local,False,aucune
ef7c7b36,CLI-00565,2026-05-05 00:00:00,170900.0,depot,,regional_uemoa,False,aucune
6e9e8700,CLI-00168,2026-05-05 00:00:00,23700.0,transfert_entrant,CLI-00166,local,False,aucune
801d1e2d,CLI-00777,2026-05-05 00:00:00,78600.0,decaissement_credit,,regional_uemoa,False,aucune
bb52c8f5,CLI-00180,2026-05-05 00:00:00,55200.0,retrait,,local,False,aucune
f9cb4808,CLI-00527,2026-05-05 00:00:00,63400.0,remboursement_credit,,local,False,aucune
09fb3427,CLI-00776,2026-05-05 00:00:00,12100.0,depot,,regional_uemoa,False,aucune
8dcd8791,CLI-00034,2026-05-05 00:00:00,196600.0,transfert_sortant,CLI-00293,local,False,aucune
4dde6be7,CLI-00601,2026-05-05 00:00:00,21200.0,retrait,,local,False,aucune
07e42c24,CLI-00720,2026-05-05 00:00:00,86000.0,retrait,,local,False,aucune
4a3a6414,CLI-00124,2026-05-05 00:00:00,602000.0,retrait,,regional_uemoa,False,aucune
160d7133,CLI-00120,2026-05-05 00:00:00,36900.0,depot,,local,False,aucune
4e90b380,CLI-00561,2026-05-05 00:00:00,477600.0,transfert_entrant,CLI-00056,local,False,aucune
7967792e,CLI-00697,2026-05-05 00:00:00,2400.0,retrait,,local,False,aucune
50b17eb2,CLI-00058,2026-05-05 00:00:00,18500.0,decaissement_credit,,local,False,aucune
dab42bed,CLI-00615,2026-05-05 00:00:00,32400.0,retrait,,local,False,aucune
dd7cc1d4,CLI-00130,2026-05-05 00:00:00,70200.0,depot,,regional_uemoa,False,aucune
c8715fb0,CLI-00559,2026-05-05 00:00:00,40000.0,depot,,local,False,aucune
49376402,CLI-00570,2026-05-05 00:00:00,63300.0,retrait,,local,False,aucune
6d1562ed,CLI-00724,2026-05-05 00:00:00,12500.0,transfert_sortant,CLI-00234,local,False,aucune
c2f01cb0,CLI-00111,2026-05-05 00:00:00,52800.0,decaissement_credit,,local,False,aucune
57170ea8,CLI-00368,2026-05-05 00:00:00,78700.0,retrait,,local,False,aucune
f58b380a,CLI-00335,2026-05-05 00:00:00,71800.0,depot,,local,False,aucune
884601f4,CLI-00336,2026-05-05 00:00:00,17200.0,depot,,local,False,aucune
d6989ee1,CLI-00663,2026-05-05 00:00:00,216100.0,retrait,,local,False,aucune
8c9ee2dc,CLI-00141,2026-05-05 00:00:00,35600.0,depot,,local,False,aucune
fea21b39,CLI-00339,2026-05-05 00:00:00,40100.0,transfert_sortant,CLI-00382,local,False,aucune
95dd34b0,CLI-00151,2026-05-05 00:00:00,82200.0,depot,,transfrontalier_sensible,False,aucune
385843f8,CLI-00292,2026-05-05 00:00:00,88900.0,decaissement_credit,,local,False,aucune
dde0a80f,CLI-00781,2026-05-05 00:00:00,22600.0,decaissement_credit,,local,False,aucune
195da3cf,CLI-00507,2026-05-05 00:00:00,49900.0,retrait,,local,False,aucune
fa3442ca,CLI-00644,2026-05-05 00:00:00,100900.0,transfert_entrant,CLI-00228,local,False,aucune
0f8f3ce4,CLI-00388,2026-05-05 00:00:00,900.0,depot,,local,False,aucune
387b9747,CLI-00246,2026-05-05 00:00:00,19800.0,retrait,,local,False,aucune
c33a268e,CLI-00019,2026-05-05 00:00:00,96100.0,depot,,local,False,aucune
c82a3a5a,CLI-00398,2026-05-05 00:00:00,58700.0,depot,,local,False,aucune
af811726,CLI-00388,2026-05-05 00:00:00,7500.0,transfert_entrant,CLI-00032,local,False,aucune
585fb795,CLI-00262,2026-05-05 00:00:00,136500.0,transfert_sortant,CLI-00743,local,False,aucune
f2924189,CLI-00456,2026-05-05 00:00:00,1378600.0,retrait,,local,False,aucune
cb9cad62,CLI-00681,2026-05-05 00:00:00,86400.0,transfert_sortant,CLI-00721,local,False,aucune
056fa0b2,CLI-00393,2026-05-05 00:00:00,16200.0,retrait,,regional_uemoa,False,aucune
2bfcfa40,CLI-00733,2026-05-05 00:00:00,12800.0,depot,,local,False,aucune
43a62550,CLI-00506,2026-05-05 00:00:00,24600.0,retrait,,local,False,aucune
3109e2b4,CLI-00238,2026-05-05 00:00:00,854800.0,transfert_sortant,CLI-00230,regional_uemoa,False,aucune
da3f0aef,CLI-00199,2026-05-05 00:00:00,6900.0,depot,,local,False,aucune
59f6b0d0,CLI-00688,2026-05-05 00:00:00,242400.0,remboursement_credit,,local,False,aucune
039336ef,CLI-00225,2026-05-05 00:00:00,258700.0,depot,,local,False,aucune
14f8f769,CLI-00492,2026-05-05 00:00:00,25500.0,remboursement_credit,,transfrontalier_sensible,False,aucune
10a7262d,CLI-00236,2026-05-05 00:00:00,80800.0,depot,,local,False,aucune
61d46eda,CLI-00270,2026-05-05 00:00:00,86900.0,retrait,,local,False,aucune
5948bd3c,CLI-00275,2026-05-05 00:00:00,23600.0,transfert_entrant,CLI-00577,local,False,aucune
96948a32,CLI-00268,2026-05-05 00:00:00,185500.0,decaissement_credit,,local,False,aucune
1fe6c66e,CLI-00217,2026-05-05 00:00:00,61500.0,depot,,local,False,aucune
9969c806,CLI-00708,2026-05-05 00:00:00,45400.0,depot,,local,False,aucune
529c50e9,CLI-00219,2026-05-05 00:00:00,37700.0,transfert_sortant,CLI-00522,regional_uemoa,False,aucune
af61c703,CLI-00368,2026-05-06 00:00:00,210000.0,retrait,,regional_uemoa,False,aucune
4a33582f,CLI-00019,2026-05-06 00:00:00,55200.0,depot,,local,False,aucune
436636ba,CLI-00433,2026-05-06 00:00:00,74800.0,transfert_entrant,CLI-00232,regional_uemoa,False,aucune
4adce990,CLI-00106,2026-05-06 00:00:00,12900.0,decaissement_credit,,local,False,aucune
39cfd6e4,CLI-00336,2026-05-06 00:00:00,78900.0,depot,,local,False,aucune
36a42872,CLI-00048,2026-05-06 00:00:00,3400.0,transfert_entrant,CLI-00229,local,False,aucune
1c15f284,CLI-00498,2026-05-06 00:00:00,162700.0,decaissement_credit,,local,False,aucune
39baea9c,CLI-00035,2026-05-06 00:00:00,27100.0,remboursement_credit,,local,False,aucune
8070ebeb,CLI-00377,2026-05-06 00:00:00,29100.0,transfert_sortant,CLI-00025,local,False,aucune
a8b23a53,CLI-00671,2026-05-06 00:00:00,16200.0,retrait,,local,False,aucune
e75dbd78,CLI-00109,2026-05-06 00:00:00,193900.0,depot,,regional_uemoa,False,aucune
62cef2f5,CLI-00393,2026-05-06 00:00:00,54300.0,depot,,regional_uemoa,False,aucune
8aeceef5,CLI-00642,2026-05-06 00:00:00,90500.0,depot,,local,False,aucune
41e26a68,CLI-00235,2026-05-06 00:00:00,16800.0,depot,,regional_uemoa,False,aucune
07214583,CLI-00557,2026-05-06 00:00:00,73300.0,transfert_entrant,CLI-00006,local,False,aucune
98773b2f,CLI-00133,2026-05-06 00:00:00,84800.0,transfert_sortant,CLI-00129,local,False,aucune
781771b3,CLI-00712,2026-05-06 00:00:00,6200.0,depot,,local,False,aucune
d32b3039,CLI-00323,2026-05-06 00:00:00,252300.0,depot,,local,False,aucune
fc4ff532,CLI-00539,2026-05-06 00:00:00,14200.0,transfert_entrant,CLI-00678,regional_uemoa,False,aucune
da0c1be9,CLI-00493,2026-05-06 00:00:00,10400.0,retrait,,local,False,aucune
f000e5e2,CLI-00448,2026-05-06 00:00:00,589000.0,retrait,,local,False,aucune
bb9ec5d0,CLI-00588,2026-05-06 00:00:00,47600.0,depot,,local,False,aucune
8ee24cde,CLI-00193,2026-05-06 00:00:00,80300.0,transfert_sortant,CLI-00034,local,False,aucune
98b33530,CLI-00517,2026-05-06 00:00:00,8100.0,transfert_sortant,CLI-00114,regional_uemoa,False,aucune
a19b15db,CLI-00532,2026-05-06 00:00:00,26900.0,retrait,,regional_uemoa,False,aucune
c48cfce0,CLI-00601,2026-05-06 00:00:00,8600.0,transfert_sortant,CLI-00200,transfrontalier_sensible,False,aucune
2fd84967,CLI-00741,2026-05-06 00:00:00,15300.0,retrait,,local,False,aucune
1ad6d20c,CLI-00699,2026-05-06 00:00:00,157200.0,retrait,,local,False,aucune
c1e45ef5,CLI-00192,2026-05-06 00:00:00,10000.0,depot,,local,False,aucune
265a31b3,CLI-00533,2026-05-06 00:00:00,10900.0,retrait,,transfrontalier_sensible,False,aucune
fe83f7d8,CLI-00477,2026-05-06 00:00:00,197100.0,retrait,,local,False,aucune
5e82d66e,CLI-00630,2026-05-06 00:00:00,135400.0,depot,,transfrontalier_sensible,False,aucune
7db0ffa5,CLI-00261,2026-05-06 00:00:00,64300.0,decaissement_credit,,regional_uemoa,False,aucune
ab605140,CLI-00029,2026-05-06 00:00:00,52100.0,depot,,local,False,aucune
303c1929,CLI-00645,2026-05-06 00:00:00,83200.0,retrait,,local,False,aucune
b22fa35a,CLI-00728,2026-05-06 00:00:00,328200.0,transfert_sortant,CLI-00358,local,False,aucune
d3d88301,CLI-00756,2026-05-06 00:00:00,64100.0,depot,,transfrontalier_sensible,False,aucune
99afad98,CLI-00310,2026-05-06 00:00:00,28800.0,retrait,,local,False,aucune
c9c2a5c8,CLI-00443,2026-05-06 00:00:00,2400.0,remboursement_credit,,regional_uemoa,False,aucune
f90d3aea,CLI-00644,2026-05-06 00:00:00,8100.0,depot,,regional_uemoa,False,aucune
e7a5100e,CLI-00694,2026-05-06 00:00:00,496800.0,retrait,,regional_uemoa,False,aucune
e33d0b05,CLI-00754,2026-05-06 00:00:00,135100.0,depot,,local,False,aucune
bc029cb0,CLI-00728,2026-05-06 00:00:00,37500.0,depot,,local,False,aucune
9f5c40a6,CLI-00306,2026-05-06 00:00:00,11200.0,depot,,regional_uemoa,False,aucune
ad893b25,CLI-00528,2026-05-06 00:00:00,25000.0,depot,,transfrontalier_sensible,False,aucune
84ad294f,CLI-00076,2026-05-07 00:00:00,42600.0,decaissement_credit,,regional_uemoa,False,aucune
66498021,CLI-00476,2026-05-07 00:00:00,25800.0,remboursement_credit,,transfrontalier_sensible,False,aucune
12dad9ab,CLI-00431,2026-05-07 00:00:00,17000.0,retrait,,local,False,aucune
26e1d863,CLI-00412,2026-05-07 00:00:00,50300.0,decaissement_credit,,local,False,aucune
a37ca121,CLI-00242,2026-05-07 00:00:00,15700.0,depot,,local,False,aucune
f4c433be,CLI-00085,2026-05-07 00:00:00,15300.0,depot,,local,False,aucune
f7b10733,CLI-00721,2026-05-07 00:00:00,6435100.0,depot,,local,False,aucune
353f2d39,CLI-00239,2026-05-07 00:00:00,139500.0,decaissement_credit,,local,False,aucune
fb415f5f,CLI-00251,2026-05-07 00:00:00,28100.0,retrait,,local,False,aucune
0767a69b,CLI-00688,2026-05-07 00:00:00,123100.0,remboursement_credit,,local,False,aucune
16c9f358,CLI-00409,2026-05-07 00:00:00,1524200.0,transfert_entrant,CLI-00387,local,False,aucune
e2c2b601,CLI-00392,2026-05-07 00:00:00,21200.0,transfert_entrant,CLI-00382,local,False,aucune
ad81fc27,CLI-00246,2026-05-07 00:00:00,264800.0,depot,,transfrontalier_sensible,False,aucune
bd60eeef,CLI-00487,2026-05-07 00:00:00,20800.0,retrait,,local,False,aucune
b2c11f18,CLI-00577,2026-05-07 00:00:00,256900.0,remboursement_credit,,local,False,aucune
f3541f25,CLI-00237,2026-05-07 00:00:00,54400.0,remboursement_credit,,regional_uemoa,False,aucune
e538975e,CLI-00387,2026-05-07 00:00:00,23900.0,decaissement_credit,,local,False,aucune
62272cf0,CLI-00521,2026-05-07 00:00:00,48100.0,depot,,local,False,aucune
d6147eeb,CLI-00751,2026-05-07 00:00:00,13400.0,depot,,transfrontalier_sensible,False,aucune
a87720d3,CLI-00728,2026-05-07 00:00:00,113800.0,retrait,,local,False,aucune
2687d370,CLI-00692,2026-05-07 00:00:00,24300.0,decaissement_credit,,local,False,aucune
8fe24057,CLI-00203,2026-05-07 00:00:00,46500.0,transfert_sortant,CLI-00332,local,False,aucune
c6cca7ac,CLI-00695,2026-05-07 00:00:00,19100.0,retrait,,local,False,aucune
78c60a56,CLI-00402,2026-05-07 00:00:00,66500.0,retrait,,local,False,aucune
a6eca642,CLI-00457,2026-05-07 00:00:00,48500.0,depot,,local,False,aucune
946d6faa,CLI-00659,2026-05-07 00:00:00,33100.0,depot,,local,False,aucune
a72aa032,CLI-00510,2026-05-07 00:00:00,327100.0,retrait,,local,False,aucune
20159399,CLI-00734,2026-05-07 00:00:00,156900.0,depot,,local,False,aucune
a7c2c7aa,CLI-00316,2026-05-07 00:00:00,14000.0,depot,,local,False,aucune
ed8b5401,CLI-00021,2026-05-07 00:00:00,22100.0,depot,,regional_uemoa,False,aucune
a258736a,CLI-00532,2026-05-07 00:00:00,13500.0,depot,,local,False,aucune
85fab1f6,CLI-00516,2026-05-07 00:00:00,174900.0,depot,,local,False,aucune
5c482b56,CLI-00555,2026-05-07 00:00:00,23700.0,retrait,,local,False,aucune
66fb29d3,CLI-00711,2026-05-07 00:00:00,26100.0,transfert_entrant,CLI-00501,local,False,aucune
e8fb0ca7,CLI-00795,2026-05-07 00:00:00,151600.0,retrait,,local,False,aucune
67bf3e3b,CLI-00435,2026-05-07 00:00:00,38900.0,depot,,local,False,aucune
ac3a216e,CLI-00450,2026-05-07 00:00:00,6200.0,transfert_sortant,CLI-00390,local,False,aucune
cca8a160,CLI-00710,2026-05-07 00:00:00,49200.0,decaissement_credit,,regional_uemoa,False,aucune
f28b8ff4,CLI-00749,2026-05-07 00:00:00,41700.0,transfert_entrant,CLI-00388,local,False,aucune
dd3d779a,CLI-00683,2026-05-07 00:00:00,83200.0,retrait,,local,False,aucune
345a42d6,CLI-00129,2026-05-07 00:00:00,19600.0,transfert_entrant,CLI-00023,transfrontalier_sensible,False,aucune
fdd52887,CLI-00290,2026-05-07 00:00:00,178400.0,retrait,,local,False,aucune
3945e623,CLI-00185,2026-05-07 00:00:00,74500.0,transfert_sortant,CLI-00317,local,False,aucune
5f0fd6c1,CLI-00617,2026-05-07 00:00:00,232400.0,transfert_entrant,CLI-00135,local,False,aucune
a10ef616,CLI-00194,2026-05-07 00:00:00,186500.0,depot,,transfrontalier_sensible,False,aucune
06d0665e,CLI-00520,2026-05-08 00:00:00,113600.0,remboursement_credit,,local,False,aucune
df83d074,CLI-00173,2026-05-08 00:00:00,44400.0,depot,,local,False,aucune
cd720371,CLI-00593,2026-05-08 00:00:00,27900.0,retrait,,local,False,aucune
6cd5d698,CLI-00780,2026-05-08 00:00:00,35100.0,retrait,,local,False,aucune
9b563238,CLI-00299,2026-05-08 00:00:00,211200.0,retrait,,local,False,aucune
01e398cc,CLI-00093,2026-05-08 00:00:00,107200.0,retrait,,local,False,aucune
761213ca,CLI-00303,2026-05-08 00:00:00,170900.0,transfert_entrant,CLI-00233,regional_uemoa,False,aucune
0187bfca,CLI-00694,2026-05-08 00:00:00,71100.0,remboursement_credit,,local,False,aucune
aaa80ed3,CLI-00183,2026-05-08 00:00:00,24600.0,transfert_entrant,CLI-00670,local,False,aucune
ada5e217,CLI-00741,2026-05-08 00:00:00,108000.0,transfert_entrant,CLI-00736,local,False,aucune
5d11d408,CLI-00089,2026-05-08 00:00:00,9000.0,retrait,,local,False,aucune
37277dab,CLI-00087,2026-05-08 00:00:00,18600.0,transfert_sortant,CLI-00741,regional_uemoa,False,aucune
442ebb32,CLI-00083,2026-05-08 00:00:00,22700.0,retrait,,regional_uemoa,False,aucune
cfc0333c,CLI-00093,2026-05-08 00:00:00,23900.0,transfert_sortant,CLI-00440,regional_uemoa,False,aucune
292ed408,CLI-00723,2026-05-08 00:00:00,416700.0,depot,,local,False,aucune
76d60ca6,CLI-00337,2026-05-08 00:00:00,145300.0,transfert_entrant,CLI-00271,local,False,aucune
7b651583,CLI-00309,2026-05-08 00:00:00,189500.0,remboursement_credit,,local,False,aucune
8804f605,CLI-00228,2026-05-08 00:00:00,6790000.0,depot,,regional_uemoa,False,aucune
204339f0,CLI-00565,2026-05-08 00:00:00,447100.0,depot,,local,False,aucune
7b5c0d33,CLI-00222,2026-05-08 00:00:00,68700.0,remboursement_credit,,local,False,aucune
34c658a9,CLI-00325,2026-05-08 00:00:00,132100.0,transfert_entrant,CLI-00728,local,False,aucune
eef8f975,CLI-00221,2026-05-08 00:00:00,62600.0,depot,,local,False,aucune
72426b0a,CLI-00119,2026-05-08 00:00:00,84300.0,retrait,,regional_uemoa,False,aucune
3b59bf99,CLI-00116,2026-05-08 00:00:00,19100.0,depot,,local,False,aucune
b8c0f63b,CLI-00749,2026-05-08 00:00:00,31100.0,transfert_entrant,CLI-00329,local,False,aucune
5672e89d,CLI-00115,2026-05-08 00:00:00,49700.0,remboursement_credit,,local,False,aucune
b1d2e2a2,CLI-00745,2026-05-08 00:00:00,32500.0,transfert_sortant,CLI-00767,local,False,aucune
954142fc,CLI-00683,2026-05-08 00:00:00,207700.0,depot,,regional_uemoa,False,aucune
834dac3f,CLI-00422,2026-05-08 00:00:00,35300.0,retrait,,local,False,aucune
bcf6f976,CLI-00142,2026-05-08 00:00:00,67100.0,depot,,local,False,aucune
4efcf8da,CLI-00144,2026-05-08 00:00:00,23300.0,depot,,regional_uemoa,False,aucune
30fabc7b,CLI-00571,2026-05-08 00:00:00,157800.0,depot,,local,False,aucune
9d07c217,CLI-00438,2026-05-08 00:00:00,14400.0,transfert_sortant,CLI-00745,regional_uemoa,False,aucune
32e42e14,CLI-00546,2026-05-08 00:00:00,18100.0,retrait,,local,False,aucune
56af4968,CLI-00314,2026-05-08 00:00:00,55200.0,depot,,local,False,aucune
95b626d1,CLI-00424,2026-05-08 00:00:00,19700.0,transfert_sortant,CLI-00235,local,False,aucune
478a572b,CLI-00471,2026-05-08 00:00:00,92900.0,transfert_sortant,CLI-00568,local,False,aucune
f26b69a8,CLI-00104,2026-05-08 00:00:00,74400.0,retrait,,local,False,aucune
d7bb9828,CLI-00230,2026-05-08 00:00:00,16600.0,depot,,local,False,aucune
a07403d6,CLI-00423,2026-05-08 00:00:00,10000.0,retrait,,local,False,aucune
3974a513,CLI-00165,2026-05-08 00:00:00,42000.0,decaissement_credit,,local,False,aucune
7d92ebe2,CLI-00266,2026-05-08 00:00:00,43500.0,depot,,local,False,aucune
18563bd4,CLI-00220,2026-05-08 00:00:00,138500.0,depot,,local,False,aucune
bbe11f5e,CLI-00391,2026-05-08 00:00:00,234800.0,depot,,local,False,aucune
b3682181,CLI-00064,2026-05-08 00:00:00,72300.0,retrait,,local,False,aucune
e761fa01,CLI-00716,2026-05-08 00:00:00,116500.0,retrait,,transfrontalier_sensible,False,aucune
1bb88b4d,CLI-00378,2026-05-08 00:00:00,9600.0,transfert_sortant,CLI-00653,local,False,aucune
77dc2075,CLI-00704,2026-05-08 00:00:00,15000.0,remboursement_credit,,local,False,aucune
815f87c6,CLI-00014,2026-05-08 00:00:00,11300.0,transfert_sortant,CLI-00539,local,False,aucune
d021e98a,CLI-00703,2026-05-08 00:00:00,47400.0,remboursement_credit,,local,False,aucune
a37fbc31,CLI-00054,2026-05-08 00:00:00,10700.0,remboursement_credit,,local,False,aucune
51e8a5f1,CLI-00052,2026-05-08 00:00:00,178400.0,transfert_sortant,CLI-00785,local,False,aucune
7c2e7f31,CLI-00372,2026-05-08 00:00:00,124800.0,transfert_entrant,CLI-00597,local,False,aucune
131a07c7,CLI-00644,2026-05-08 00:00:00,58000.0,remboursement_credit,,regional_uemoa,False,aucune
2ae0fedd,CLI-00353,2026-05-08 00:00:00,27500.0,retrait,,local,False,aucune
2ee2ac23,CLI-00039,2026-05-08 00:00:00,36800.0,retrait,,local,False,aucune
c7020d01,CLI-00707,2026-05-08 00:00:00,61600.0,transfert_sortant,CLI-00625,local,False,aucune
a9bf1ea3,CLI-00037,2026-05-08 00:00:00,403600.0,transfert_entrant,CLI-00107,regional_uemoa,False,aucune
c5936578,CLI-00689,2026-05-09 00:00:00,7000.0,depot,,local,False,aucune
eb95899a,CLI-00074,2026-05-09 00:00:00,50900.0,transfert_sortant,CLI-00589,local,False,aucune
86a1a0ad,CLI-00071,2026-05-09 00:00:00,405400.0,depot,,regional_uemoa,False,aucune
fb7cd093,CLI-00418,2026-05-09 00:00:00,7051500.0,depot,,local,False,aucune
8f652e38,CLI-00275,2026-05-09 00:00:00,4218300.0,decaissement_credit,,local,False,aucune
592394c3,CLI-00331,2026-05-09 00:00:00,112500.0,transfert_entrant,CLI-00668,local,False,aucune
62b009b4,CLI-00214,2026-05-09 00:00:00,50600.0,retrait,,local,False,aucune
e3376547,CLI-00662,2026-05-09 00:00:00,59800.0,remboursement_credit,,local,False,aucune
cdb254e4,CLI-00142,2026-05-09 00:00:00,146000.0,depot,,local,False,aucune
ff867935,CLI-00112,2026-05-09 00:00:00,8900.0,retrait,,local,False,aucune
75d6d54c,CLI-00375,2026-05-09 00:00:00,12000.0,decaissement_credit,,local,False,aucune
7aab6346,CLI-00342,2026-05-09 00:00:00,33400.0,transfert_sortant,CLI-00343,regional_uemoa,False,aucune
4d527e77,CLI-00208,2026-05-09 00:00:00,11200.0,depot,,local,False,aucune
e98c1a06,CLI-00572,2026-05-09 00:00:00,59500.0,remboursement_credit,,local,False,aucune
9a465068,CLI-00377,2026-05-09 00:00:00,6000.0,retrait,,local,False,aucune
b810f6a4,CLI-00192,2026-05-09 00:00:00,52800.0,transfert_sortant,CLI-00347,local,False,aucune
9c024f48,CLI-00290,2026-05-09 00:00:00,4700.0,depot,,local,False,aucune
fcbf0eb9,CLI-00203,2026-05-09 00:00:00,54400.0,depot,,local,False,aucune
11453b6f,CLI-00337,2026-05-09 00:00:00,83800.0,decaissement_credit,,local,False,aucune
11711b8a,CLI-00021,2026-05-09 00:00:00,117100.0,depot,,local,False,aucune
92e2b94f,CLI-00720,2026-05-09 00:00:00,63000.0,depot,,local,False,aucune
aaf6a806,CLI-00698,2026-05-09 00:00:00,28600.0,retrait,,local,False,aucune
a989042e,CLI-00065,2026-05-09 00:00:00,203300.0,retrait,,regional_uemoa,False,aucune
b2e73da8,CLI-00169,2026-05-09 00:00:00,13400.0,retrait,,local,False,aucune
59af7f76,CLI-00686,2026-05-09 00:00:00,663300.0,transfert_entrant,CLI-00581,regional_uemoa,False,aucune
b1424bc6,CLI-00598,2026-05-09 00:00:00,21400.0,transfert_entrant,CLI-00639,local,False,aucune
09729cf7,CLI-00544,2026-05-09 00:00:00,12200.0,retrait,,local,False,aucune
c7e17caf,CLI-00550,2026-05-09 00:00:00,72000.0,retrait,,local,False,aucune
0b830edd,CLI-00129,2026-05-09 00:00:00,339900.0,depot,,local,False,aucune
03c03eba,CLI-00142,2026-05-09 00:00:00,49100.0,retrait,,local,False,aucune
4703a7ef,CLI-00439,2026-05-09 00:00:00,1400.0,depot,,local,False,aucune
6a0be70d,CLI-00265,2026-05-09 00:00:00,42000.0,retrait,,local,False,aucune
efac678f,CLI-00349,2026-05-09 00:00:00,13400.0,transfert_sortant,CLI-00242,local,False,aucune
2ad8a1be,CLI-00011,2026-05-09 00:00:00,14100.0,depot,,local,False,aucune
7e40a515,CLI-00626,2026-05-10 00:00:00,72100.0,transfert_sortant,CLI-00645,local,False,aucune
a389b3f8,CLI-00327,2026-05-10 00:00:00,21300.0,depot,,regional_uemoa,False,aucune
eddcd0e0,CLI-00623,2026-05-10 00:00:00,73100.0,depot,,local,False,aucune
2216c155,CLI-00243,2026-05-10 00:00:00,60800.0,remboursement_credit,,local,False,aucune
0aa3ce4a,CLI-00243,2026-05-10 00:00:00,19300.0,transfert_entrant,CLI-00647,local,False,aucune
c2042918,CLI-00335,2026-05-10 00:00:00,22800.0,transfert_sortant,CLI-00331,regional_uemoa,False,aucune
1832f6cd,CLI-00764,2026-05-10 00:00:00,113100.0,retrait,,regional_uemoa,False,aucune
88a4d442,CLI-00755,2026-05-10 00:00:00,20400.0,retrait,,local,False,aucune
d2ace410,CLI-00205,2026-05-10 00:00:00,68500.0,retrait,,local,False,aucune
710cda04,CLI-00472,2026-05-10 00:00:00,24700.0,remboursement_credit,,local,False,aucune
b22b6d9b,CLI-00290,2026-05-10 00:00:00,38500.0,remboursement_credit,,local,False,aucune
bbe5d59e,CLI-00164,2026-05-10 00:00:00,118800.0,depot,,local,False,aucune
007527c2,CLI-00741,2026-05-10 00:00:00,45000.0,depot,,local,False,aucune
d6d849cf,CLI-00645,2026-05-10 00:00:00,53600.0,retrait,,local,False,aucune
64b8be67,CLI-00018,2026-05-10 00:00:00,115800.0,retrait,,local,False,aucune
4e3e83c2,CLI-00454,2026-05-10 00:00:00,30900.0,decaissement_credit,,transfrontalier_sensible,False,aucune
13bcb1d2,CLI-00148,2026-05-10 00:00:00,16900.0,depot,,transfrontalier_sensible,False,aucune
f6a1e8f9,CLI-00248,2026-05-10 00:00:00,29300.0,decaissement_credit,,local,False,aucune
97de4d9f,CLI-00200,2026-05-10 00:00:00,23300.0,transfert_entrant,CLI-00445,local,False,aucune
3bbf00e1,CLI-00577,2026-05-10 00:00:00,53400.0,retrait,,local,False,aucune
79361a31,CLI-00164,2026-05-10 00:00:00,442500.0,remboursement_credit,,local,False,aucune
cd056219,CLI-00369,2026-05-10 00:00:00,197000.0,depot,,local,False,aucune
1da45286,CLI-00101,2026-05-10 00:00:00,148000.0,decaissement_credit,,local,False,aucune
bcafdc8c,CLI-00663,2026-05-10 00:00:00,17400.0,remboursement_credit,,local,False,aucune
f1c68b31,CLI-00371,2026-05-10 00:00:00,51300.0,depot,,local,False,aucune
3bd64624,CLI-00597,2026-05-10 00:00:00,107200.0,depot,,regional_uemoa,False,aucune
db5810ba,CLI-00416,2026-05-10 00:00:00,201400.0,remboursement_credit,,local,False,aucune
eae814e9,CLI-00561,2026-05-10 00:00:00,31800.0,depot,,local,False,aucune
68d2d305,CLI-00610,2026-05-10 00:00:00,103000.0,transfert_sortant,CLI-00534,local,False,aucune
b8c2f89e,CLI-00089,2026-05-10 00:00:00,10600.0,retrait,,local,False,aucune
b90c95fa,CLI-00678,2026-05-10 00:00:00,13500.0,transfert_entrant,CLI-00615,transfrontalier_sensible,False,aucune
21b2dffa,CLI-00474,2026-05-10 00:00:00,43900.0,remboursement_credit,,regional_uemoa,False,aucune
465edcd9,CLI-00155,2026-05-10 00:00:00,353700.0,transfert_sortant,CLI-00122,regional_uemoa,False,aucune
9c0c33a9,CLI-00711,2026-05-10 00:00:00,21400.0,transfert_entrant,CLI-00330,local,False,aucune
d3b30bc8,CLI-00048,2026-05-10 00:00:00,73900.0,retrait,,regional_uemoa,False,aucune
1e55a1f9,CLI-00725,2026-05-10 00:00:00,42700.0,transfert_entrant,CLI-00138,local,False,aucune
19e934b5,CLI-00503,2026-05-10 00:00:00,199000.0,decaissement_credit,,local,False,aucune
ef0c3881,CLI-00155,2026-05-10 00:00:00,80400.0,depot,,local,False,aucune
71e903da,CLI-00429,2026-05-10 00:00:00,94300.0,depot,,local,False,aucune
38decbeb,CLI-00068,2026-05-10 00:00:00,24200.0,depot,,regional_uemoa,False,aucune
219ea673,CLI-00091,2026-05-10 00:00:00,47700.0,depot,,local,False,aucune
c5386960,CLI-00091,2026-05-10 00:00:00,30300.0,depot,,local,False,aucune
1ae4ce5e,CLI-00303,2026-05-10 00:00:00,15600.0,depot,,local,False,aucune
30503f19,CLI-00273,2026-05-10 00:00:00,71500.0,depot,,regional_uemoa,False,aucune
6077094f,CLI-00382,2026-05-10 00:00:00,42200.0,depot,,local,False,aucune
e7277e73,CLI-00289,2026-05-11 00:00:00,204600.0,retrait,,local,False,aucune
9d5a0e70,CLI-00533,2026-05-11 00:00:00,79700.0,depot,,local,False,aucune
fbdec239,CLI-00328,2026-05-11 00:00:00,31700.0,depot,,local,False,aucune
d745d0bf,CLI-00288,2026-05-11 00:00:00,35700.0,depot,,transfrontalier_sensible,False,aucune
77e25b83,CLI-00712,2026-05-11 00:00:00,15200.0,transfert_entrant,CLI-00007,local,False,aucune
407d8d89,CLI-00562,2026-05-11 00:00:00,163900.0,transfert_entrant,CLI-00020,local,False,aucune
924f4ad2,CLI-00177,2026-05-11 00:00:00,182400.0,remboursement_credit,,local,False,aucune
c31fedb1,CLI-00446,2026-05-11 00:00:00,31000.0,retrait,,local,False,aucune
ec9383bd,CLI-00786,2026-05-11 00:00:00,20100.0,transfert_entrant,CLI-00614,local,False,aucune
d67f213d,CLI-00169,2026-05-11 00:00:00,189700.0,remboursement_credit,,local,False,aucune
d814d2cb,CLI-00722,2026-05-11 00:00:00,30500.0,remboursement_credit,,local,False,aucune
ddf90f07,CLI-00129,2026-05-11 00:00:00,23900.0,transfert_sortant,CLI-00019,local,False,aucune
6702e63c,CLI-00527,2026-05-11 00:00:00,131300.0,depot,,local,False,aucune
00d3b668,CLI-00727,2026-05-11 00:00:00,39200.0,depot,,local,False,aucune
533f8d2c,CLI-00109,2026-05-11 00:00:00,117600.0,depot,,local,False,aucune
c12376c0,CLI-00450,2026-05-11 00:00:00,159100.0,depot,,regional_uemoa,False,aucune
5079432f,CLI-00405,2026-05-11 00:00:00,45400.0,depot,,regional_uemoa,False,aucune
43fc6641,CLI-00295,2026-05-11 00:00:00,42300.0,remboursement_credit,,local,False,aucune
c4a78660,CLI-00426,2026-05-11 00:00:00,16200.0,remboursement_credit,,local,False,aucune
dc342fa3,CLI-00112,2026-05-11 00:00:00,5100.0,retrait,,local,False,aucune
9a3f6f44,CLI-00630,2026-05-11 00:00:00,226000.0,transfert_entrant,CLI-00614,local,False,aucune
b17a88b1,CLI-00757,2026-05-11 00:00:00,61400.0,retrait,,local,False,aucune
689db115,CLI-00257,2026-05-11 00:00:00,157500.0,depot,,local,False,aucune
03574576,CLI-00496,2026-05-11 00:00:00,106900.0,depot,,local,False,aucune
7495ea51,CLI-00342,2026-05-11 00:00:00,7200.0,retrait,,local,False,aucune
34151248,CLI-00744,2026-05-11 00:00:00,182400.0,decaissement_credit,,local,False,aucune
3016be33,CLI-00014,2026-05-11 00:00:00,254600.0,remboursement_credit,,local,False,aucune
93008307,CLI-00744,2026-05-11 00:00:00,27500.0,transfert_sortant,CLI-00457,local,False,aucune
a3e07333,CLI-00778,2026-05-11 00:00:00,128400.0,transfert_entrant,CLI-00279,local,False,aucune
8b4bb441,CLI-00387,2026-05-11 00:00:00,59400.0,remboursement_credit,,local,False,aucune
ab5fc69e,CLI-00508,2026-05-11 00:00:00,45100.0,depot,,local,False,aucune
1db23617,CLI-00237,2026-05-11 00:00:00,35500.0,decaissement_credit,,local,False,aucune
a875b698,CLI-00237,2026-05-11 00:00:00,90100.0,transfert_sortant,CLI-00683,local,False,aucune
9adff036,CLI-00469,2026-05-11 00:00:00,249800.0,depot,,regional_uemoa,False,aucune
b8a04e7f,CLI-00277,2026-05-11 00:00:00,27800.0,retrait,,local,False,aucune
e03a2b5e,CLI-00519,2026-05-11 00:00:00,134600.0,depot,,local,False,aucune
85febb1c,CLI-00384,2026-05-11 00:00:00,74500.0,decaissement_credit,,regional_uemoa,False,aucune
9493462f,CLI-00276,2026-05-11 00:00:00,123300.0,depot,,local,False,aucune
5338a402,CLI-00504,2026-05-11 00:00:00,274100.0,retrait,,local,False,aucune
4d5036fd,CLI-00397,2026-05-11 00:00:00,92500.0,depot,,local,False,aucune
89a5537b,CLI-00586,2026-05-11 00:00:00,4600.0,retrait,,local,False,aucune
032e2294,CLI-00593,2026-05-11 00:00:00,84800.0,decaissement_credit,,local,False,aucune
d81d6646,CLI-00260,2026-05-11 00:00:00,14300.0,retrait,,transfrontalier_sensible,False,aucune
6f47e3e7,CLI-00477,2026-05-11 00:00:00,139700.0,retrait,,local,False,aucune
d07b644e,CLI-00413,2026-05-11 00:00:00,89000.0,retrait,,local,False,aucune
2165ff87,CLI-00594,2026-05-11 00:00:00,58400.0,remboursement_credit,,local,False,aucune
da2d93ab,CLI-00658,2026-05-11 00:00:00,36000.0,depot,,local,False,aucune
54d094ea,CLI-00474,2026-05-11 00:00:00,7900.0,retrait,,local,False,aucune
ca9a5f86,CLI-00378,2026-05-11 00:00:00,30700.0,retrait,,local,False,aucune
308f6b7f,CLI-00567,2026-05-12 00:00:00,23700.0,transfert_sortant,CLI-00317,local,False,aucune
cdd7ff26,CLI-00135,2026-05-12 00:00:00,12000.0,depot,,local,False,aucune
8de613e8,CLI-00039,2026-05-12 00:00:00,78100.0,decaissement_credit,,local,False,aucune
eb42dca6,CLI-00689,2026-05-12 00:00:00,7500.0,transfert_entrant,CLI-00777,local,False,aucune
e22ba070,CLI-00168,2026-05-12 00:00:00,146600.0,depot,,local,False,aucune
a73f9cb7,CLI-00353,2026-05-12 00:00:00,12400.0,remboursement_credit,,local,False,aucune
8b1cfe56,CLI-00793,2026-05-12 00:00:00,40600.0,transfert_sortant,CLI-00530,local,False,aucune
adc483f7,CLI-00131,2026-05-12 00:00:00,253100.0,depot,,local,False,aucune
e3d0406b,CLI-00118,2026-05-12 00:00:00,5000.0,depot,,local,False,aucune
98e02303,CLI-00010,2026-05-12 00:00:00,212500.0,retrait,,local,False,aucune
db92033e,CLI-00390,2026-05-12 00:00:00,24700.0,transfert_sortant,CLI-00322,regional_uemoa,False,aucune
c71cab59,CLI-00138,2026-05-12 00:00:00,177700.0,remboursement_credit,,local,False,aucune
09f29fbd,CLI-00237,2026-05-12 00:00:00,9700.0,transfert_entrant,CLI-00335,local,False,aucune
51887e52,CLI-00589,2026-05-12 00:00:00,38000.0,retrait,,regional_uemoa,False,aucune
01376d47,CLI-00043,2026-05-12 00:00:00,66800.0,transfert_sortant,CLI-00326,regional_uemoa,False,aucune
546dd33e,CLI-00644,2026-05-12 00:00:00,87500.0,remboursement_credit,,regional_uemoa,False,aucune
80c21abe,CLI-00437,2026-05-12 00:00:00,61900.0,retrait,,local,False,aucune
9a6f52cb,CLI-00497,2026-05-12 00:00:00,116600.0,depot,,local,False,aucune
9e9afcb7,CLI-00726,2026-05-12 00:00:00,200600.0,retrait,,local,False,aucune
d1869669,CLI-00782,2026-05-12 00:00:00,99600.0,depot,,local,False,aucune
13882155,CLI-00127,2026-05-12 00:00:00,4600.0,depot,,local,False,aucune
c7c742db,CLI-00247,2026-05-12 00:00:00,12000.0,depot,,local,False,aucune
cfd15fdb,CLI-00164,2026-05-12 00:00:00,8200.0,depot,,regional_uemoa,False,aucune
34f1f512,CLI-00151,2026-05-12 00:00:00,71100.0,transfert_sortant,CLI-00565,local,False,aucune
25664182,CLI-00670,2026-05-12 00:00:00,71000.0,depot,,local,False,aucune
800aabc1,CLI-00586,2026-05-12 00:00:00,10000.0,depot,,local,False,aucune
7cae0d2e,CLI-00420,2026-05-12 00:00:00,121100.0,retrait,,local,False,aucune
b821f4d4,CLI-00704,2026-05-12 00:00:00,44100.0,decaissement_credit,,transfrontalier_sensible,False,aucune
2c1b7111,CLI-00459,2026-05-12 00:00:00,25300.0,retrait,,regional_uemoa,False,aucune
0a09472c,CLI-00583,2026-05-12 00:00:00,37400.0,transfert_sortant,CLI-00628,local,False,aucune
57725982,CLI-00377,2026-05-12 00:00:00,171500.0,depot,,local,False,aucune
9ab161ea,CLI-00185,2026-05-12 00:00:00,133200.0,depot,,local,False,aucune
7dd03d3d,CLI-00339,2026-05-12 00:00:00,58900.0,depot,,local,False,aucune
fb944e82,CLI-00296,2026-05-12 00:00:00,32500.0,retrait,,transfrontalier_sensible,False,aucune
9e51db14,CLI-00097,2026-05-12 00:00:00,101800.0,decaissement_credit,,local,False,aucune
2d9d60fb,CLI-00212,2026-05-12 00:00:00,240900.0,retrait,,local,False,aucune
bc55b292,CLI-00578,2026-05-12 00:00:00,179400.0,depot,,local,False,aucune
6ecd3c80,CLI-00297,2026-05-12 00:00:00,11200.0,depot,,regional_uemoa,False,aucune
2a046c9b,CLI-00530,2026-05-12 00:00:00,15700.0,transfert_sortant,CLI-00471,regional_uemoa,False,aucune
1ac45826,CLI-00749,2026-05-12 00:00:00,20600.0,retrait,,regional_uemoa,False,aucune
07f71db5,CLI-00216,2026-05-12 00:00:00,116900.0,transfert_entrant,CLI-00736,regional_uemoa,False,aucune
65659824,CLI-00524,2026-05-12 00:00:00,41000.0,transfert_entrant,CLI-00623,local,False,aucune
f2867229,CLI-00277,2026-05-12 00:00:00,155000.0,transfert_entrant,CLI-00246,local,False,aucune
960e2ec8,CLI-00204,2026-05-13 00:00:00,7000.0,transfert_sortant,CLI-00254,regional_uemoa,False,aucune
7e58eae7,CLI-00001,2026-05-13 00:00:00,9215400.0,retrait,,local,False,aucune
96545884,CLI-00650,2026-05-13 00:00:00,126800.0,retrait,,regional_uemoa,False,aucune
62a9059c,CLI-00380,2026-05-13 00:00:00,12100.0,transfert_entrant,CLI-00005,local,False,aucune
9f86d878,CLI-00474,2026-05-13 00:00:00,55400.0,transfert_sortant,CLI-00596,local,False,aucune
1b009073,CLI-00142,2026-05-13 00:00:00,55800.0,depot,,local,False,aucune
b6d2e76a,CLI-00398,2026-05-13 00:00:00,108800.0,depot,,local,False,aucune
843129eb,CLI-00203,2026-05-13 00:00:00,29200.0,remboursement_credit,,local,False,aucune
5a5867d2,CLI-00289,2026-05-13 00:00:00,102200.0,decaissement_credit,,local,False,aucune
2b314bf2,CLI-00284,2026-05-13 00:00:00,6900.0,remboursement_credit,,local,False,aucune
c6262574,CLI-00202,2026-05-13 00:00:00,52800.0,depot,,local,False,aucune
abddbdc7,CLI-00678,2026-05-13 00:00:00,30600.0,remboursement_credit,,local,False,aucune
3ec446b7,CLI-00133,2026-05-13 00:00:00,156100.0,retrait,,local,False,aucune
9420ceac,CLI-00197,2026-05-13 00:00:00,5200.0,depot,,transfrontalier_sensible,False,aucune
6908bff5,CLI-00133,2026-05-13 00:00:00,47100.0,retrait,,local,False,aucune
4783ae0e,CLI-00518,2026-05-13 00:00:00,27100.0,retrait,,local,False,aucune
b8e4c086,CLI-00390,2026-05-13 00:00:00,12800.0,depot,,local,False,aucune
eceb7ae2,CLI-00647,2026-05-13 00:00:00,36600.0,depot,,local,False,aucune
5e357531,CLI-00693,2026-05-13 00:00:00,6800.0,depot,,regional_uemoa,False,aucune
f33223a3,CLI-00404,2026-05-13 00:00:00,32500.0,depot,,local,False,aucune
634358a2,CLI-00221,2026-05-13 00:00:00,17000.0,retrait,,regional_uemoa,False,aucune
46bffcdb,CLI-00299,2026-05-13 00:00:00,60500.0,depot,,local,False,aucune
9f01d053,CLI-00297,2026-05-13 00:00:00,6300.0,retrait,,local,False,aucune
93da5241,CLI-00173,2026-05-13 00:00:00,53400.0,decaissement_credit,,local,False,aucune
b3a59fc8,CLI-00269,2026-05-13 00:00:00,153100.0,depot,,local,False,aucune
c08a88a4,CLI-00469,2026-05-13 00:00:00,39000.0,decaissement_credit,,local,False,aucune
ab785c9d,CLI-00277,2026-05-13 00:00:00,33700.0,remboursement_credit,,local,False,aucune
54ccad59,CLI-00504,2026-05-13 00:00:00,54600.0,retrait,,transfrontalier_sensible,False,aucune
b83bd8fb,CLI-00295,2026-05-13 00:00:00,23600.0,transfert_sortant,CLI-00714,transfrontalier_sensible,False,aucune
d2ff4e1e,CLI-00488,2026-05-13 00:00:00,143500.0,retrait,,local,False,aucune
4df6b362,CLI-00704,2026-05-13 00:00:00,19100.0,remboursement_credit,,local,False,aucune
417881e5,CLI-00311,2026-05-13 00:00:00,15000.0,transfert_entrant,CLI-00134,local,False,aucune
434240da,CLI-00311,2026-05-13 00:00:00,72000.0,retrait,,transfrontalier_sensible,False,aucune
0833f9c0,CLI-00278,2026-05-13 00:00:00,8600.0,depot,,local,False,aucune
3d0515ee,CLI-00506,2026-05-13 00:00:00,11000.0,depot,,transfrontalier_sensible,False,aucune
ad761f1a,CLI-00507,2026-05-13 00:00:00,32700.0,retrait,,local,False,aucune
1ee968ae,CLI-00389,2026-05-13 00:00:00,37600.0,retrait,,regional_uemoa,False,aucune
ef5a7615,CLI-00546,2026-05-13 00:00:00,48200.0,depot,,regional_uemoa,False,aucune
83dae32a,CLI-00175,2026-05-13 00:00:00,1700.0,transfert_entrant,CLI-00688,local,False,aucune
cf3c2bf8,CLI-00034,2026-05-13 00:00:00,18600.0,depot,,transfrontalier_sensible,False,aucune
190a372d,CLI-00750,2026-05-13 00:00:00,18100.0,depot,,transfrontalier_sensible,False,aucune
5df4be38,CLI-00314,2026-05-13 00:00:00,5100.0,retrait,,local,False,aucune
170d8333,CLI-00008,2026-05-13 00:00:00,50300.0,retrait,,local,False,aucune
2729a374,CLI-00288,2026-05-13 00:00:00,36300.0,depot,,local,False,aucune
b3f1b9fa,CLI-00075,2026-05-13 00:00:00,463600.0,transfert_entrant,CLI-00401,local,False,aucune
02950ef7,CLI-00579,2026-05-13 00:00:00,99400.0,retrait,,regional_uemoa,False,aucune
138708c8,CLI-00046,2026-05-13 00:00:00,84700.0,retrait,,local,False,aucune
6d010d18,CLI-00355,2026-05-13 00:00:00,26100.0,retrait,,regional_uemoa,False,aucune
6fc6e691,CLI-00414,2026-05-13 00:00:00,340300.0,retrait,,local,False,aucune
6993b0d4,CLI-00769,2026-05-13 00:00:00,121600.0,remboursement_credit,,local,False,aucune
c2619a24,CLI-00046,2026-05-13 00:00:00,720100.0,depot,,local,False,aucune
4da89707,CLI-00592,2026-05-13 00:00:00,9100.0,retrait,,regional_uemoa,False,aucune
02b58cee,CLI-00418,2026-05-13 00:00:00,12300.0,transfert_sortant,CLI-00446,regional_uemoa,False,aucune
6ac60980,CLI-00095,2026-05-13 00:00:00,15700.0,transfert_sortant,CLI-00074,local,False,aucune
b79ad4bc,CLI-00786,2026-05-13 00:00:00,105900.0,transfert_sortant,CLI-00382,local,False,aucune
9278d8a0,CLI-00768,2026-05-13 00:00:00,6700.0,retrait,,local,False,aucune
c55b0a7f,CLI-00126,2026-05-13 00:00:00,42900.0,decaissement_credit,,local,False,aucune
993d39a9,CLI-00560,2026-05-13 00:00:00,21300.0,depot,,local,False,aucune
7d18d11f,CLI-00062,2026-05-13 00:00:00,155100.0,retrait,,regional_uemoa,False,aucune
0b6a4390,CLI-00700,2026-05-13 00:00:00,10200.0,depot,,regional_uemoa,False,aucune
d18c0246,CLI-00107,2026-05-13 00:00:00,37600.0,depot,,regional_uemoa,False,aucune
28e673ce,CLI-00416,2026-05-14 00:00:00,81700.0,depot,,transfrontalier_sensible,False,aucune
aa5fddfa,CLI-00687,2026-05-14 00:00:00,125000.0,retrait,,local,False,aucune
06cc75a6,CLI-00472,2026-05-14 00:00:00,96500.0,retrait,,local,False,aucune
eb0de921,CLI-00167,2026-05-14 00:00:00,14100.0,transfert_sortant,CLI-00460,transfrontalier_sensible,False,aucune
a8dd2e5a,CLI-00031,2026-05-14 00:00:00,73500.0,retrait,,local,False,aucune
668338de,CLI-00783,2026-05-14 00:00:00,17900.0,retrait,,local,False,aucune
f25cd62a,CLI-00667,2026-05-14 00:00:00,21300.0,transfert_entrant,CLI-00652,transfrontalier_sensible,False,aucune
cbd3a374,CLI-00572,2026-05-14 00:00:00,29200.0,retrait,,local,False,aucune
32d1f89f,CLI-00656,2026-05-14 00:00:00,11600.0,retrait,,local,False,aucune
9dded6d2,CLI-00518,2026-05-14 00:00:00,8200.0,depot,,local,False,aucune
27e442cd,CLI-00371,2026-05-14 00:00:00,41200.0,transfert_sortant,CLI-00499,regional_uemoa,False,aucune
babdc4d8,CLI-00156,2026-05-14 00:00:00,187600.0,transfert_sortant,CLI-00008,local,False,aucune
0a83722f,CLI-00663,2026-05-14 00:00:00,100500.0,transfert_sortant,CLI-00085,local,False,aucune
6a81b586,CLI-00749,2026-05-14 00:00:00,30800.0,depot,,local,False,aucune
9d6c4b9a,CLI-00090,2026-05-14 00:00:00,34400.0,retrait,,local,False,aucune
929dc4ad,CLI-00124,2026-05-14 00:00:00,185700.0,retrait,,local,False,aucune
7a82880e,CLI-00102,2026-05-14 00:00:00,65800.0,transfert_sortant,CLI-00779,local,False,aucune
2ac1c903,CLI-00033,2026-05-14 00:00:00,9500.0,transfert_sortant,CLI-00476,local,False,aucune
2de6a791,CLI-00644,2026-05-14 00:00:00,182000.0,retrait,,local,False,aucune
e3f1fea4,CLI-00507,2026-05-14 00:00:00,16900.0,decaissement_credit,,local,False,aucune
fed7bec6,CLI-00019,2026-05-14 00:00:00,33700.0,transfert_sortant,CLI-00134,local,False,aucune
49ebb58d,CLI-00470,2026-05-14 00:00:00,23700.0,depot,,local,False,aucune
971b0342,CLI-00017,2026-05-14 00:00:00,52400.0,retrait,,local,False,aucune
1502d585,CLI-00024,2026-05-14 00:00:00,5800.0,retrait,,local,False,aucune
2779fd51,CLI-00061,2026-05-14 00:00:00,367400.0,transfert_sortant,CLI-00120,local,False,aucune
1fe993a3,CLI-00023,2026-05-14 00:00:00,6994800.0,retrait,,local,False,aucune
4655e6f3,CLI-00449,2026-05-14 00:00:00,8400.0,decaissement_credit,,local,False,aucune
f691531b,CLI-00112,2026-05-14 00:00:00,16400.0,transfert_entrant,CLI-00642,local,False,aucune
d44500cc,CLI-00744,2026-05-14 00:00:00,55000.0,transfert_sortant,CLI-00204,local,False,aucune
24e585bf,CLI-00643,2026-05-14 00:00:00,538900.0,remboursement_credit,,local,False,aucune
9dba7b5e,CLI-00297,2026-05-14 00:00:00,8975300.0,depot,,local,False,aucune
cb8b8b0d,CLI-00527,2026-05-14 00:00:00,16400.0,depot,,local,False,aucune
9aedbc7c,CLI-00182,2026-05-14 00:00:00,95000.0,retrait,,local,False,aucune
14b78099,CLI-00177,2026-05-14 00:00:00,13400.0,retrait,,local,False,aucune
4db418f0,CLI-00027,2026-05-14 00:00:00,75600.0,transfert_sortant,CLI-00262,local,False,aucune
8eede155,CLI-00327,2026-05-14 00:00:00,7600.0,retrait,,regional_uemoa,False,aucune
46ae8496,CLI-00022,2026-05-14 00:00:00,48300.0,depot,,regional_uemoa,False,aucune
4e75a0f3,CLI-00306,2026-05-14 00:00:00,21900.0,remboursement_credit,,regional_uemoa,False,aucune
2d9493ce,CLI-00494,2026-05-14 00:00:00,3300.0,retrait,,local,False,aucune
334adbed,CLI-00752,2026-05-14 00:00:00,5700.0,retrait,,local,False,aucune
a67c5a1b,CLI-00220,2026-05-14 00:00:00,143500.0,retrait,,local,False,aucune
c3a04bb5,CLI-00029,2026-05-14 00:00:00,89300.0,transfert_entrant,CLI-00635,local,False,aucune
814c4193,CLI-00794,2026-05-14 00:00:00,147700.0,depot,,local,False,aucune
2b2ae584,CLI-00551,2026-05-14 00:00:00,14600.0,transfert_entrant,CLI-00029,local,False,aucune
782689ea,CLI-00145,2026-05-14 00:00:00,15400.0,transfert_entrant,CLI-00559,local,False,aucune
d64d0fb1,CLI-00130,2026-05-14 00:00:00,21700.0,retrait,,local,False,aucune
7cb7eacb,CLI-00413,2026-05-14 00:00:00,85900.0,retrait,,local,False,aucune
ba700f9b,CLI-00548,2026-05-14 00:00:00,262200.0,transfert_entrant,CLI-00465,local,False,aucune
990b8198,CLI-00000,2026-05-14 00:00:00,10300.0,depot,,local,False,aucune
38025d5f,CLI-00088,2026-05-14 00:00:00,137500.0,depot,,local,False,aucune
ca0ebd14,CLI-00647,2026-05-14 00:00:00,6200.0,transfert_entrant,CLI-00364,local,False,aucune
e44f9449,CLI-00070,2026-05-15 00:00:00,105800.0,remboursement_credit,,local,False,aucune
16664655,CLI-00115,2026-05-15 00:00:00,17300.0,depot,,local,False,aucune
234ebef2,CLI-00081,2026-05-15 00:00:00,108700.0,retrait,,local,False,aucune
850ba07d,CLI-00510,2026-05-15 00:00:00,38400.0,retrait,,local,False,aucune
a2350316,CLI-00242,2026-05-15 00:00:00,83600.0,transfert_sortant,CLI-00623,local,False,aucune
0699be13,CLI-00717,2026-05-15 00:00:00,25300.0,depot,,local,False,aucune
23f952d5,CLI-00509,2026-05-15 00:00:00,315500.0,remboursement_credit,,local,False,aucune
ecc57650,CLI-00502,2026-05-15 00:00:00,31300.0,transfert_entrant,CLI-00017,local,False,aucune
ebeaaeb8,CLI-00117,2026-05-15 00:00:00,27500.0,decaissement_credit,,regional_uemoa,False,aucune
8ba8f2f2,CLI-00174,2026-05-15 00:00:00,113100.0,decaissement_credit,,local,False,aucune
8c06bd91,CLI-00306,2026-05-15 00:00:00,13700.0,transfert_sortant,CLI-00414,local,False,aucune
b1254567,CLI-00465,2026-05-15 00:00:00,43800.0,retrait,,local,False,aucune
2a218cee,CLI-00142,2026-05-15 00:00:00,27100.0,decaissement_credit,,local,False,aucune
8eb49f6a,CLI-00534,2026-05-15 00:00:00,6100.0,retrait,,local,False,aucune
6cc5a46b,CLI-00535,2026-05-15 00:00:00,15400.0,decaissement_credit,,local,False,aucune
b262f46a,CLI-00440,2026-05-15 00:00:00,605600.0,transfert_entrant,CLI-00334,local,False,aucune
c6faa48b,CLI-00296,2026-05-15 00:00:00,1374500.0,remboursement_credit,,local,False,aucune
73f9eae1,CLI-00007,2026-05-15 00:00:00,3316600.0,remboursement_credit,,local,False,aucune
ebae7dac,CLI-00570,2026-05-15 00:00:00,1300.0,depot,,local,False,aucune
ee0a87f7,CLI-00718,2026-05-15 00:00:00,80300.0,decaissement_credit,,local,False,aucune
569bc6bc,CLI-00640,2026-05-15 00:00:00,23100.0,depot,,local,False,aucune
f3594eb8,CLI-00275,2026-05-15 00:00:00,11100.0,decaissement_credit,,local,False,aucune
5b3cd9d5,CLI-00289,2026-05-15 00:00:00,8900.0,transfert_sortant,CLI-00015,local,False,aucune
f0ed23e5,CLI-00589,2026-05-15 00:00:00,67500.0,transfert_sortant,CLI-00620,local,False,aucune
bfaed312,CLI-00603,2026-05-15 00:00:00,38000.0,decaissement_credit,,local,False,aucune
a5b3f1a8,CLI-00353,2026-05-15 00:00:00,37800.0,remboursement_credit,,local,False,aucune
176968f9,CLI-00573,2026-05-15 00:00:00,127800.0,depot,,local,False,aucune
a092e8c9,CLI-00434,2026-05-15 00:00:00,15400.0,depot,,regional_uemoa,False,aucune
85447ae9,CLI-00425,2026-05-15 00:00:00,33200.0,transfert_sortant,CLI-00629,local,False,aucune
671d99ad,CLI-00416,2026-05-15 00:00:00,89100.0,retrait,,local,False,aucune
7f8ba4ed,CLI-00399,2026-05-15 00:00:00,55500.0,transfert_sortant,CLI-00517,regional_uemoa,False,aucune
a2f532d5,CLI-00689,2026-05-15 00:00:00,84100.0,retrait,,regional_uemoa,False,aucune
3d33fd1f,CLI-00136,2026-05-15 00:00:00,432800.0,retrait,,local,False,aucune
5a8d9a7b,CLI-00238,2026-05-15 00:00:00,171400.0,transfert_sortant,CLI-00496,local,False,aucune
1fba7844,CLI-00377,2026-05-15 00:00:00,77300.0,depot,,regional_uemoa,False,aucune
32485f6b,CLI-00293,2026-05-15 00:00:00,22900.0,depot,,local,False,aucune
a9930dd0,CLI-00690,2026-05-15 00:00:00,77400.0,depot,,transfrontalier_sensible,False,aucune
ba0719f7,CLI-00009,2026-05-15 00:00:00,85600.0,transfert_sortant,CLI-00130,regional_uemoa,False,aucune
05232539,CLI-00252,2026-05-15 00:00:00,23900.0,retrait,,regional_uemoa,False,aucune
36c450d7,CLI-00205,2026-05-15 00:00:00,178400.0,transfert_entrant,CLI-00450,local,False,aucune
c0c54d19,CLI-00200,2026-05-15 00:00:00,111200.0,transfert_sortant,CLI-00314,local,False,aucune
1fbfe444,CLI-00129,2026-05-15 00:00:00,6268200.0,retrait,,regional_uemoa,False,aucune
16c7f3a3,CLI-00328,2026-05-15 00:00:00,31400.0,transfert_entrant,CLI-00585,local,False,aucune
fcd0a4bb,CLI-00078,2026-05-15 00:00:00,92000.0,retrait,,local,False,aucune
cf58049b,CLI-00688,2026-05-15 00:00:00,4100.0,retrait,,regional_uemoa,False,aucune
cd2b74a1,CLI-00093,2026-05-15 00:00:00,173000.0,transfert_entrant,CLI-00171,local,False,aucune
1d72a29b,CLI-00364,2026-05-15 00:00:00,25800.0,transfert_entrant,CLI-00567,local,False,aucune
62e1f655,CLI-00155,2026-05-15 00:00:00,44300.0,depot,,local,False,aucune
24a3565c,CLI-00033,2026-05-15 00:00:00,10000.0,retrait,,local,False,aucune
4f216105,CLI-00252,2026-05-15 00:00:00,17300.0,retrait,,local,False,aucune
2bf320ad,CLI-00252,2026-05-15 00:00:00,93100.0,depot,,local,False,aucune
30afce04,CLI-00538,2026-05-15 00:00:00,393500.0,retrait,,local,False,aucune
c26e5c0b,CLI-00707,2026-05-15 00:00:00,6400.0,transfert_sortant,CLI-00094,local,False,aucune
df8dd78f,CLI-00737,2026-05-15 00:00:00,33000.0,retrait,,local,False,aucune
9c162fb8,CLI-00214,2026-05-15 00:00:00,30300.0,retrait,,regional_uemoa,False,aucune
a2f9a505,CLI-00480,2026-05-16 00:00:00,50500.0,transfert_entrant,CLI-00070,local,False,aucune
73d53b79,CLI-00409,2026-05-16 00:00:00,83000.0,retrait,,local,False,aucune
934833ec,CLI-00346,2026-05-16 00:00:00,387900.0,remboursement_credit,,local,False,aucune
0cba293a,CLI-00701,2026-05-16 00:00:00,101000.0,depot,,local,False,aucune
ff2492af,CLI-00629,2026-05-16 00:00:00,23300.0,transfert_entrant,CLI-00353,transfrontalier_sensible,False,aucune
b38d9320,CLI-00779,2026-05-16 00:00:00,18300.0,remboursement_credit,,local,False,aucune
0e65bacd,CLI-00442,2026-05-16 00:00:00,204200.0,retrait,,local,False,aucune
059a9d87,CLI-00145,2026-05-16 00:00:00,35200.0,depot,,local,False,aucune
d1bd731c,CLI-00791,2026-05-16 00:00:00,5000.0,retrait,,local,False,aucune
0a8f004e,CLI-00714,2026-05-16 00:00:00,51400.0,decaissement_credit,,local,False,aucune
dccbb4a3,CLI-00005,2026-05-16 00:00:00,45700.0,retrait,,local,False,aucune
43310c9a,CLI-00448,2026-05-16 00:00:00,34000.0,depot,,local,False,aucune
addc7302,CLI-00552,2026-05-16 00:00:00,7000.0,depot,,local,False,aucune
17b05800,CLI-00126,2026-05-16 00:00:00,15600.0,remboursement_credit,,local,False,aucune
0c499056,CLI-00222,2026-05-16 00:00:00,19300.0,retrait,,regional_uemoa,False,aucune
1b420b3c,CLI-00527,2026-05-16 00:00:00,45300.0,remboursement_credit,,local,False,aucune
7bc2697a,CLI-00716,2026-05-16 00:00:00,55600.0,retrait,,local,False,aucune
6d909aad,CLI-00026,2026-05-16 00:00:00,45900.0,decaissement_credit,,local,False,aucune
37e341ff,CLI-00286,2026-05-16 00:00:00,8300.0,remboursement_credit,,local,False,aucune
dc87a3b1,CLI-00237,2026-05-16 00:00:00,394300.0,transfert_entrant,CLI-00205,local,False,aucune
8a05f2e1,CLI-00218,2026-05-16 00:00:00,110600.0,depot,,local,False,aucune
76ce812b,CLI-00001,2026-05-16 00:00:00,11700.0,depot,,regional_uemoa,False,aucune
ad6e461d,CLI-00047,2026-05-16 00:00:00,529900.0,depot,,local,False,aucune
267748fe,CLI-00441,2026-05-16 00:00:00,243600.0,retrait,,local,False,aucune
dee08a00,CLI-00289,2026-05-16 00:00:00,13400.0,depot,,regional_uemoa,False,aucune
ecb055d5,CLI-00746,2026-05-16 00:00:00,351600.0,remboursement_credit,,local,False,aucune
d999d7d8,CLI-00658,2026-05-16 00:00:00,8800.0,transfert_sortant,CLI-00440,local,False,aucune
271299f0,CLI-00719,2026-05-16 00:00:00,42100.0,remboursement_credit,,local,False,aucune
a7aad691,CLI-00764,2026-05-16 00:00:00,82100.0,transfert_sortant,CLI-00358,local,False,aucune
682138ff,CLI-00500,2026-05-16 00:00:00,48200.0,transfert_entrant,CLI-00392,local,False,aucune
2ee4419a,CLI-00698,2026-05-16 00:00:00,126500.0,transfert_sortant,CLI-00109,transfrontalier_sensible,False,aucune
9b4bf920,CLI-00424,2026-05-16 00:00:00,34400.0,transfert_sortant,CLI-00799,transfrontalier_sensible,False,aucune
ac8cc750,CLI-00289,2026-05-16 00:00:00,57800.0,transfert_sortant,CLI-00572,local,False,aucune
d48cb7b3,CLI-00554,2026-05-16 00:00:00,4921400.0,depot,,local,True,layering
9a041351,CLI-00739,2026-05-16 00:00:00,284300.0,transfert_sortant,CLI-00251,local,False,aucune
be52fedc,CLI-00013,2026-05-16 00:00:00,22200.0,retrait,,local,False,aucune
16c7341a,CLI-00533,2026-05-16 00:00:00,41700.0,depot,,local,False,aucune
924cbc39,CLI-00145,2026-05-16 00:00:00,15400.0,decaissement_credit,,local,False,aucune
13b416c9,CLI-00372,2026-05-16 00:00:00,36700.0,transfert_entrant,CLI-00618,local,False,aucune
c44cae9f,CLI-00032,2026-05-16 00:00:00,217200.0,retrait,,regional_uemoa,False,aucune
636a9be3,CLI-00508,2026-05-16 00:00:00,14000.0,transfert_entrant,CLI-00571,local,False,aucune
1c4d4435,CLI-00777,2026-05-16 00:00:00,124700.0,retrait,,local,False,aucune
848e9e09,CLI-00552,2026-05-16 00:00:00,13000.0,depot,,local,False,aucune
0ef30c1e,CLI-00215,2026-05-16 00:00:00,11000.0,retrait,,local,False,aucune
ad058d4f,CLI-00771,2026-05-16 00:00:00,12000.0,depot,,local,False,aucune
fa3ace20,CLI-00351,2026-05-16 00:00:00,30300.0,transfert_entrant,CLI-00668,local,False,aucune
9d0d1103,CLI-00030,2026-05-16 00:00:00,29800.0,depot,,local,False,aucune
7103250f,CLI-00050,2026-05-16 00:00:00,25600.0,transfert_sortant,CLI-00703,local,False,aucune
504b1771,CLI-00044,2026-05-16 00:00:00,53000.0,transfert_entrant,CLI-00582,regional_uemoa,False,aucune
f61920e2,CLI-00709,2026-05-16 00:00:00,133200.0,retrait,,local,False,aucune
3111370b,CLI-00168,2026-05-16 00:00:00,56500.0,depot,,local,False,aucune
743f1cce,CLI-00569,2026-05-16 00:00:00,45000.0,depot,,regional_uemoa,False,aucune
43fc6f9e,CLI-00437,2026-05-16 00:00:00,16300.0,retrait,,local,False,aucune
bf06e76a,CLI-00245,2026-05-16 00:00:00,13100.0,transfert_sortant,CLI-00175,local,False,aucune
080d6904,CLI-00177,2026-05-16 00:00:00,105100.0,depot,,local,False,aucune
8f3cafcd,CLI-00793,2026-05-16 00:00:00,78600.0,retrait,,local,False,aucune
8f07a53c,CLI-00554,2026-05-16 18:00:00,723100.0,transfert_sortant,CLI-00138,local,True,layering
483b3267,CLI-00554,2026-05-16 21:00:00,766100.0,transfert_sortant,CLI-00617,transfrontalier_sensible,True,layering
7c558691,CLI-00167,2026-05-17 00:00:00,21500.0,depot,,local,False,aucune
2c3a8657,CLI-00100,2026-05-17 00:00:00,48100.0,retrait,,transfrontalier_sensible,False,aucune
1a614fd8,CLI-00743,2026-05-17 00:00:00,32400.0,depot,,local,False,aucune
7a809b53,CLI-00094,2026-05-17 00:00:00,72300.0,retrait,,local,False,aucune
97b00c53,CLI-00601,2026-05-17 00:00:00,30900.0,remboursement_credit,,transfrontalier_sensible,False,aucune
85da1a3c,CLI-00457,2026-05-17 00:00:00,11100.0,retrait,,local,False,aucune
809de6bf,CLI-00322,2026-05-17 00:00:00,77000.0,depot,,local,False,aucune
a972ddf3,CLI-00202,2026-05-17 00:00:00,34500.0,retrait,,local,False,aucune
e938d37c,CLI-00343,2026-05-17 00:00:00,25700.0,transfert_entrant,CLI-00446,regional_uemoa,False,aucune
cce1ce62,CLI-00520,2026-05-17 00:00:00,175500.0,remboursement_credit,,local,False,aucune
a4ae791a,CLI-00670,2026-05-17 00:00:00,184300.0,retrait,,local,False,aucune
f69c9534,CLI-00410,2026-05-17 00:00:00,28200.0,transfert_sortant,CLI-00525,local,False,aucune
0847c60d,CLI-00444,2026-05-17 00:00:00,24700.0,depot,,regional_uemoa,False,aucune
2597264f,CLI-00657,2026-05-17 00:00:00,106300.0,depot,,local,False,aucune
54b3fbaf,CLI-00402,2026-05-17 00:00:00,34700.0,depot,,local,False,aucune
6a7f07a3,CLI-00165,2026-05-17 00:00:00,7233400.0,retrait,,local,False,aucune
d1df87d4,CLI-00084,2026-05-17 00:00:00,40700.0,transfert_entrant,CLI-00280,regional_uemoa,False,aucune
d575b0dc,CLI-00268,2026-05-17 00:00:00,96200.0,retrait,,local,False,aucune
7728d9ad,CLI-00076,2026-05-17 00:00:00,267900.0,transfert_entrant,CLI-00176,local,False,aucune
e98e6a1e,CLI-00288,2026-05-17 00:00:00,7603100.0,transfert_sortant,CLI-00027,local,False,aucune
0e38ab67,CLI-00247,2026-05-17 00:00:00,138600.0,transfert_entrant,CLI-00099,local,False,aucune
72f9e6cc,CLI-00251,2026-05-17 00:00:00,132600.0,decaissement_credit,,transfrontalier_sensible,False,aucune
402a144e,CLI-00279,2026-05-17 00:00:00,26300.0,depot,,local,False,aucune
c7cca4e7,CLI-00776,2026-05-17 00:00:00,121000.0,depot,,local,False,aucune
e35b33f9,CLI-00515,2026-05-17 00:00:00,169100.0,decaissement_credit,,local,False,aucune
b7a12f42,CLI-00191,2026-05-17 00:00:00,63000.0,transfert_sortant,CLI-00112,local,False,aucune
7cb627e4,CLI-00591,2026-05-17 00:00:00,78800.0,retrait,,regional_uemoa,False,aucune
f0724171,CLI-00523,2026-05-17 00:00:00,42900.0,remboursement_credit,,local,False,aucune
8614073c,CLI-00656,2026-05-17 00:00:00,6300.0,retrait,,local,False,aucune
872f64db,CLI-00026,2026-05-17 00:00:00,147500.0,retrait,,regional_uemoa,False,aucune
d25ff856,CLI-00443,2026-05-17 00:00:00,31300.0,transfert_sortant,CLI-00285,regional_uemoa,False,aucune
faaf1c33,CLI-00418,2026-05-17 00:00:00,89500.0,depot,,local,False,aucune
c86e9c5e,CLI-00139,2026-05-17 00:00:00,96000.0,depot,,local,False,aucune
5243cd8a,CLI-00452,2026-05-17 00:00:00,14400.0,retrait,,regional_uemoa,False,aucune
36821398,CLI-00245,2026-05-17 00:00:00,40100.0,transfert_entrant,CLI-00394,local,False,aucune
3453df5a,CLI-00080,2026-05-17 00:00:00,50000.0,depot,,local,False,aucune
5a7d73b4,CLI-00387,2026-05-17 00:00:00,99500.0,transfert_sortant,CLI-00659,local,False,aucune
890af413,CLI-00165,2026-05-17 00:00:00,33600.0,transfert_entrant,CLI-00265,local,False,aucune
e2ea4a75,CLI-00411,2026-05-17 00:00:00,53900.0,transfert_entrant,CLI-00160,local,False,aucune
e9514090,CLI-00298,2026-05-17 00:00:00,232800.0,retrait,,local,False,aucune
72f849ed,CLI-00085,2026-05-17 00:00:00,20400.0,transfert_sortant,CLI-00787,local,False,aucune
7797dc62,CLI-00511,2026-05-17 00:00:00,26400.0,remboursement_credit,,local,False,aucune
bd86d5b1,CLI-00187,2026-05-17 00:00:00,14900.0,depot,,regional_uemoa,False,aucune
3791cfde,CLI-00187,2026-05-17 00:00:00,97700.0,transfert_entrant,CLI-00766,local,False,aucune
b83ab4c6,CLI-00028,2026-05-17 00:00:00,209000.0,transfert_entrant,CLI-00792,local,False,aucune
f024b1e0,CLI-00477,2026-05-17 00:00:00,208600.0,transfert_entrant,CLI-00590,local,False,aucune
90a1999d,CLI-00459,2026-05-17 00:00:00,11300.0,remboursement_credit,,local,False,aucune
0d9eea56,CLI-00098,2026-05-17 00:00:00,49700.0,retrait,,regional_uemoa,False,aucune
b343fe18,CLI-00629,2026-05-17 00:00:00,288800.0,depot,,local,False,aucune
fca43310,CLI-00184,2026-05-17 00:00:00,59700.0,depot,,local,False,aucune
8ddacb24,CLI-00554,2026-05-17 03:00:00,631900.0,transfert_sortant,CLI-00793,local,True,layering
3c4655a8,CLI-00554,2026-05-17 08:00:00,834900.0,transfert_sortant,CLI-00681,local,True,layering
002787f8,CLI-00554,2026-05-17 15:00:00,703900.0,transfert_sortant,CLI-00282,local,True,layering
ea9d6b6e,CLI-00554,2026-05-17 17:00:00,943600.0,transfert_sortant,CLI-00691,local,True,layering
99468f48,CLI-00086,2026-05-18 00:00:00,25200.0,transfert_entrant,CLI-00048,regional_uemoa,False,aucune
7df23587,CLI-00458,2026-05-18 00:00:00,29500.0,remboursement_credit,,local,False,aucune
905b3776,CLI-00636,2026-05-18 00:00:00,11100.0,transfert_entrant,CLI-00392,local,False,aucune
269c501e,CLI-00496,2026-05-18 00:00:00,332200.0,transfert_entrant,CLI-00630,local,False,aucune
5c6e5885,CLI-00682,2026-05-18 00:00:00,76100.0,retrait,,local,False,aucune
0aece2e1,CLI-00072,2026-05-18 00:00:00,231900.0,retrait,,local,False,aucune
1e9bb39e,CLI-00638,2026-05-18 00:00:00,16800.0,depot,,regional_uemoa,False,aucune
34046f56,CLI-00658,2026-05-18 00:00:00,27900.0,remboursement_credit,,local,False,aucune
f74147dc,CLI-00088,2026-05-18 00:00:00,32300.0,depot,,local,False,aucune
ccbd417c,CLI-00736,2026-05-18 00:00:00,14800.0,transfert_sortant,CLI-00616,local,False,aucune
c3cf0797,CLI-00284,2026-05-18 00:00:00,24100.0,decaissement_credit,,local,False,aucune
f3c9b6a2,CLI-00747,2026-05-18 00:00:00,54800.0,retrait,,local,False,aucune
7936eb85,CLI-00513,2026-05-18 00:00:00,11700.0,retrait,,local,False,aucune
3a1f8e09,CLI-00662,2026-05-18 00:00:00,11300.0,retrait,,local,False,aucune
10df3291,CLI-00204,2026-05-18 00:00:00,37200.0,remboursement_credit,,regional_uemoa,False,aucune
c7f24da1,CLI-00402,2026-05-18 00:00:00,5000.0,retrait,,regional_uemoa,False,aucune
ba761988,CLI-00002,2026-05-18 00:00:00,16400.0,depot,,local,False,aucune
26b84612,CLI-00591,2026-05-18 00:00:00,51700.0,retrait,,local,False,aucune
3bf1a087,CLI-00080,2026-05-18 00:00:00,29000.0,decaissement_credit,,local,False,aucune
a7010044,CLI-00609,2026-05-18 00:00:00,15600.0,retrait,,local,False,aucune
2f70690a,CLI-00175,2026-05-18 00:00:00,42300.0,decaissement_credit,,local,False,aucune
93dc8041,CLI-00174,2026-05-18 00:00:00,50300.0,depot,,local,False,aucune
e97425e6,CLI-00566,2026-05-18 00:00:00,40300.0,decaissement_credit,,local,False,aucune
31b0c21c,CLI-00009,2026-05-18 00:00:00,12200.0,depot,,regional_uemoa,False,aucune
57d202f0,CLI-00487,2026-05-18 00:00:00,190200.0,retrait,,regional_uemoa,False,aucune
ab5fbff8,CLI-00597,2026-05-18 00:00:00,81800.0,transfert_sortant,CLI-00643,local,False,aucune
f5d8a82d,CLI-00162,2026-05-18 00:00:00,119800.0,retrait,,local,False,aucune
1a0367c5,CLI-00077,2026-05-18 00:00:00,51200.0,transfert_entrant,CLI-00301,local,False,aucune
fd4c4b2d,CLI-00153,2026-05-18 00:00:00,66200.0,transfert_sortant,CLI-00415,local,False,aucune
754ecaed,CLI-00440,2026-05-18 00:00:00,59700.0,remboursement_credit,,local,False,aucune
0e04d397,CLI-00438,2026-05-18 00:00:00,73800.0,decaissement_credit,,regional_uemoa,False,aucune
63daeaa0,CLI-00141,2026-05-18 00:00:00,36300.0,depot,,regional_uemoa,False,aucune
32d1582d,CLI-00594,2026-05-18 00:00:00,47800.0,retrait,,local,False,aucune
956aa00c,CLI-00483,2026-05-18 00:00:00,13000.0,retrait,,regional_uemoa,False,aucune
bfe3471d,CLI-00450,2026-05-18 00:00:00,25100.0,retrait,,local,False,aucune
c41ddafa,CLI-00333,2026-05-18 00:00:00,119400.0,depot,,local,False,aucune
bb5f2761,CLI-00774,2026-05-18 00:00:00,13000.0,remboursement_credit,,local,False,aucune
5cd163ad,CLI-00061,2026-05-18 00:00:00,48800.0,depot,,local,False,aucune
cf5a5900,CLI-00707,2026-05-18 00:00:00,2500.0,depot,,local,False,aucune
5e308b0c,CLI-00452,2026-05-18 00:00:00,35800.0,retrait,,local,False,aucune
5ba2bba8,CLI-00453,2026-05-18 00:00:00,81700.0,decaissement_credit,,local,False,aucune
54f6f7fb,CLI-00577,2026-05-18 00:00:00,25800.0,depot,,regional_uemoa,False,aucune
8f140f43,CLI-00349,2026-05-18 00:00:00,21800.0,decaissement_credit,,local,False,aucune
a70b29ce,CLI-00190,2026-05-18 00:00:00,6400.0,retrait,,regional_uemoa,False,aucune
19dead05,CLI-00564,2026-05-19 00:00:00,140300.0,depot,,local,False,aucune
f62d334e,CLI-00610,2026-05-19 00:00:00,229200.0,transfert_entrant,CLI-00159,local,False,aucune
a17d3c98,CLI-00604,2026-05-19 00:00:00,102500.0,retrait,,local,False,aucune
5e849945,CLI-00544,2026-05-19 00:00:00,72800.0,depot,,local,False,aucune
f3a5d1dc,CLI-00752,2026-05-19 00:00:00,12600.0,depot,,regional_uemoa,False,aucune
2ed86813,CLI-00796,2026-05-19 00:00:00,45400.0,depot,,local,False,aucune
3256c3bf,CLI-00770,2026-05-19 00:00:00,13500.0,transfert_entrant,CLI-00163,regional_uemoa,False,aucune
9c15727a,CLI-00467,2026-05-19 00:00:00,12300.0,depot,,local,False,aucune
b9f0dc0c,CLI-00647,2026-05-19 00:00:00,131300.0,depot,,local,False,aucune
4d545031,CLI-00313,2026-05-19 00:00:00,15100.0,transfert_entrant,CLI-00441,local,False,aucune
445fe464,CLI-00106,2026-05-19 00:00:00,31400.0,depot,,local,False,aucune
e9b97603,CLI-00545,2026-05-19 00:00:00,391400.0,retrait,,regional_uemoa,False,aucune
d48cbf35,CLI-00277,2026-05-19 00:00:00,58900.0,transfert_entrant,CLI-00265,local,False,aucune
e5de7cbc,CLI-00437,2026-05-19 00:00:00,26100.0,retrait,,local,False,aucune
081321ad,CLI-00638,2026-05-19 00:00:00,36400.0,retrait,,local,False,aucune
eebe164a,CLI-00790,2026-05-19 00:00:00,66400.0,retrait,,local,False,aucune
77ac14be,CLI-00036,2026-05-19 00:00:00,29400.0,transfert_sortant,CLI-00061,local,False,aucune
ecd4b9b1,CLI-00548,2026-05-19 00:00:00,87200.0,decaissement_credit,,local,False,aucune
b2383342,CLI-00766,2026-05-19 00:00:00,10900.0,decaissement_credit,,local,False,aucune
91d050ec,CLI-00383,2026-05-19 00:00:00,117200.0,decaissement_credit,,local,False,aucune
ed85086b,CLI-00326,2026-05-19 00:00:00,181500.0,depot,,local,False,aucune
1db134e9,CLI-00594,2026-05-19 00:00:00,43300.0,decaissement_credit,,local,False,aucune
810fb42d,CLI-00134,2026-05-19 00:00:00,10200.0,depot,,local,False,aucune
0cef8312,CLI-00124,2026-05-19 00:00:00,136300.0,depot,,local,False,aucune
0256e6a4,CLI-00646,2026-05-19 00:00:00,44700.0,depot,,regional_uemoa,False,aucune
1296c686,CLI-00500,2026-05-19 00:00:00,212800.0,retrait,,local,False,aucune
1caa3e2c,CLI-00605,2026-05-19 00:00:00,3924800.0,decaissement_credit,,transfrontalier_sensible,False,aucune
1b2ddf10,CLI-00184,2026-05-19 00:00:00,21200.0,depot,,local,False,aucune
6494890a,CLI-00529,2026-05-19 00:00:00,6700.0,transfert_entrant,CLI-00170,transfrontalier_sensible,False,aucune
975b0c4a,CLI-00776,2026-05-19 00:00:00,33400.0,depot,,local,False,aucune
78b822e3,CLI-00241,2026-05-19 00:00:00,82900.0,decaissement_credit,,regional_uemoa,False,aucune
c2a7cedd,CLI-00131,2026-05-19 00:00:00,55500.0,depot,,local,False,aucune
8a426905,CLI-00617,2026-05-19 00:00:00,191400.0,transfert_sortant,CLI-00524,local,False,aucune
4cf49a47,CLI-00300,2026-05-19 00:00:00,52500.0,retrait,,local,False,aucune
d45070e1,CLI-00131,2026-05-19 00:00:00,253100.0,depot,,local,False,aucune
b697f6b5,CLI-00301,2026-05-19 00:00:00,62500.0,depot,,local,False,aucune
faf19956,CLI-00218,2026-05-19 00:00:00,9000.0,depot,,local,False,aucune
1f2aa2f8,CLI-00330,2026-05-19 00:00:00,128200.0,retrait,,local,False,aucune
843d8641,CLI-00508,2026-05-19 00:00:00,30400.0,depot,,regional_uemoa,False,aucune
e89558a2,CLI-00368,2026-05-19 00:00:00,257600.0,remboursement_credit,,local,False,aucune
80cf0e47,CLI-00508,2026-05-19 00:00:00,21700.0,depot,,transfrontalier_sensible,False,aucune
6dd34696,CLI-00476,2026-05-19 00:00:00,21500.0,depot,,local,False,aucune
3c2a0e11,CLI-00291,2026-05-19 00:00:00,393300.0,retrait,,local,False,aucune
1c2969f8,CLI-00674,2026-05-19 00:00:00,14600.0,decaissement_credit,,local,False,aucune
1dc8e597,CLI-00609,2026-05-19 00:00:00,8100.0,remboursement_credit,,local,False,aucune
a8aa7d10,CLI-00724,2026-05-19 00:00:00,25800.0,depot,,local,False,aucune
08b7e9c8,CLI-00718,2026-05-19 00:00:00,84600.0,depot,,regional_uemoa,False,aucune
4ad51dcf,CLI-00444,2026-05-19 00:00:00,136700.0,remboursement_credit,,regional_uemoa,False,aucune
9ac7b36e,CLI-00430,2026-05-19 00:00:00,28100.0,depot,,local,False,aucune
c628a576,CLI-00348,2026-05-19 00:00:00,9500.0,depot,,regional_uemoa,False,aucune
668fbc70,CLI-00121,2026-05-19 00:00:00,13200.0,decaissement_credit,,local,False,aucune
07f53b79,CLI-00477,2026-05-19 00:00:00,359400.0,depot,,local,False,aucune
68c90108,CLI-00487,2026-05-20 00:00:00,23900.0,retrait,,local,False,aucune
dd650392,CLI-00268,2026-05-20 00:00:00,48000.0,remboursement_credit,,local,False,aucune
0814472e,CLI-00354,2026-05-20 00:00:00,171300.0,depot,,regional_uemoa,False,aucune
978f3982,CLI-00746,2026-05-20 00:00:00,5500.0,transfert_entrant,CLI-00504,local,False,aucune
45f09f56,CLI-00232,2026-05-20 00:00:00,7600.0,remboursement_credit,,local,False,aucune
22ccf7d6,CLI-00640,2026-05-20 00:00:00,30800.0,depot,,local,False,aucune
985eeded,CLI-00245,2026-05-20 00:00:00,63800.0,remboursement_credit,,local,False,aucune
cbd02fec,CLI-00385,2026-05-20 00:00:00,86100.0,transfert_entrant,CLI-00332,local,False,aucune
c1a1c4db,CLI-00717,2026-05-20 00:00:00,130400.0,retrait,,local,False,aucune
db09856b,CLI-00742,2026-05-20 00:00:00,5600.0,retrait,,local,False,aucune
bcba359f,CLI-00384,2026-05-20 00:00:00,14000.0,decaissement_credit,,local,False,aucune
a880ef2c,CLI-00390,2026-05-20 00:00:00,44100.0,transfert_entrant,CLI-00712,local,False,aucune
7e938d7e,CLI-00222,2026-05-20 00:00:00,64500.0,retrait,,local,False,aucune
70d8c70c,CLI-00383,2026-05-20 00:00:00,28000.0,transfert_entrant,CLI-00078,transfrontalier_sensible,False,aucune
97a60a55,CLI-00084,2026-05-20 00:00:00,134300.0,depot,,local,False,aucune
490a83b8,CLI-00383,2026-05-20 00:00:00,37300.0,retrait,,transfrontalier_sensible,False,aucune
514dfb44,CLI-00473,2026-05-20 00:00:00,53800.0,remboursement_credit,,regional_uemoa,False,aucune
e81c6c06,CLI-00273,2026-05-20 00:00:00,36400.0,remboursement_credit,,local,False,aucune
d974c3a0,CLI-00415,2026-05-20 00:00:00,5929700.0,retrait,,local,False,aucune
ae3ac907,CLI-00235,2026-05-20 00:00:00,12400.0,depot,,local,False,aucune
53883181,CLI-00616,2026-05-20 00:00:00,24000.0,decaissement_credit,,local,False,aucune
1a6dca1a,CLI-00732,2026-05-20 00:00:00,35100.0,transfert_entrant,CLI-00229,local,False,aucune
4f827929,CLI-00441,2026-05-20 00:00:00,17100.0,depot,,transfrontalier_sensible,False,aucune
9d2ed5ff,CLI-00380,2026-05-20 00:00:00,62200.0,depot,,local,False,aucune
6fd33fc5,CLI-00798,2026-05-20 00:00:00,18600.0,transfert_sortant,CLI-00484,local,False,aucune
79959eec,CLI-00794,2026-05-20 00:00:00,19700.0,transfert_entrant,CLI-00411,local,False,aucune
ed3b6c06,CLI-00751,2026-05-20 00:00:00,23600.0,depot,,local,False,aucune
6dc4726e,CLI-00752,2026-05-20 00:00:00,274500.0,depot,,local,False,aucune
656274b9,CLI-00776,2026-05-20 00:00:00,444800.0,depot,,local,False,aucune
6dec2e1c,CLI-00328,2026-05-20 00:00:00,39200.0,transfert_sortant,CLI-00334,local,False,aucune
8426b16c,CLI-00422,2026-05-20 00:00:00,18300.0,depot,,regional_uemoa,False,aucune
ee1f76d4,CLI-00775,2026-05-20 00:00:00,141000.0,transfert_sortant,CLI-00227,local,False,aucune
7fed219f,CLI-00674,2026-05-20 00:00:00,8200.0,depot,,local,False,aucune
3cd42a67,CLI-00430,2026-05-20 00:00:00,21500.0,transfert_entrant,CLI-00502,regional_uemoa,False,aucune
dae4a1ac,CLI-00331,2026-05-20 00:00:00,15400.0,depot,,local,False,aucune
ea18ae0f,CLI-00021,2026-05-20 00:00:00,42800.0,transfert_sortant,CLI-00745,regional_uemoa,False,aucune
b85bff68,CLI-00532,2026-05-20 00:00:00,32400.0,retrait,,local,False,aucune
da0b1502,CLI-00516,2026-05-20 00:00:00,109200.0,depot,,local,False,aucune
63d1b247,CLI-00559,2026-05-20 00:00:00,270100.0,remboursement_credit,,local,False,aucune
e07d782d,CLI-00628,2026-05-20 00:00:00,3400.0,decaissement_credit,,regional_uemoa,False,aucune
3689d99f,CLI-00178,2026-05-20 00:00:00,26600.0,depot,,local,False,aucune
211f4f87,CLI-00332,2026-05-20 00:00:00,140900.0,transfert_sortant,CLI-00079,local,False,aucune
d4d50085,CLI-00629,2026-05-20 00:00:00,34600.0,retrait,,transfrontalier_sensible,False,aucune
d090a3b0,CLI-00527,2026-05-20 00:00:00,21000.0,decaissement_credit,,local,False,aucune
171d4bc3,CLI-00115,2026-05-20 00:00:00,214600.0,retrait,,local,False,aucune
7e2be692,CLI-00681,2026-05-20 00:00:00,542000.0,retrait,,local,False,aucune
33eb95ff,CLI-00599,2026-05-20 00:00:00,34900.0,transfert_sortant,CLI-00797,local,False,aucune
6d9fd291,CLI-00294,2026-05-20 00:00:00,31500.0,retrait,,local,False,aucune
d66fd417,CLI-00719,2026-05-20 00:00:00,60500.0,decaissement_credit,,regional_uemoa,False,aucune
72ebcdd4,CLI-00014,2026-05-20 00:00:00,14500.0,retrait,,local,False,aucune
535a19bc,CLI-00582,2026-05-20 00:00:00,72500.0,transfert_sortant,CLI-00244,local,False,aucune
877ddbc0,CLI-00670,2026-05-20 00:00:00,18800.0,depot,,regional_uemoa,False,aucune
eda17fc8,CLI-00013,2026-05-20 00:00:00,61100.0,depot,,local,False,aucune
55d1be60,CLI-00277,2026-05-20 00:00:00,46800.0,depot,,local,False,aucune
f1533a7b,CLI-00319,2026-05-20 00:00:00,17600.0,depot,,local,False,aucune
514e35b6,CLI-00713,2026-05-20 00:00:00,8200.0,decaissement_credit,,local,False,aucune
11003135,CLI-00614,2026-05-20 00:00:00,66300.0,transfert_entrant,CLI-00117,local,False,aucune
6f27ddb3,CLI-00461,2026-05-20 00:00:00,49600.0,retrait,,local,False,aucune
23ad57ac,CLI-00038,2026-05-20 00:00:00,4800.0,transfert_sortant,CLI-00067,regional_uemoa,False,aucune
f85372a1,CLI-00504,2026-05-20 00:00:00,248800.0,retrait,,local,False,aucune
ee69ec1c,CLI-00011,2026-05-20 00:00:00,128600.0,depot,,regional_uemoa,False,aucune
5ffbd029,CLI-00211,2026-05-20 00:00:00,76300.0,depot,,local,False,aucune
19767e45,CLI-00130,2026-05-20 00:00:00,28500.0,transfert_sortant,CLI-00086,regional_uemoa,False,aucune
84284619,CLI-00396,2026-05-20 00:00:00,14000.0,transfert_entrant,CLI-00278,local,False,aucune
31e80495,CLI-00507,2026-05-20 00:00:00,46100.0,transfert_sortant,CLI-00634,local,False,aucune
5f66948d,CLI-00092,2026-05-20 00:00:00,55100.0,depot,,local,False,aucune
2b4e62b4,CLI-00557,2026-05-21 00:00:00,62100.0,retrait,,local,False,aucune
7602afde,CLI-00264,2026-05-21 00:00:00,40700.0,retrait,,local,False,aucune
dd802073,CLI-00569,2026-05-21 00:00:00,103200.0,retrait,,local,False,aucune
efe1fa80,CLI-00179,2026-05-21 00:00:00,20500.0,transfert_sortant,CLI-00375,local,False,aucune
71a718a8,CLI-00026,2026-05-21 00:00:00,36900.0,remboursement_credit,,local,False,aucune
855768c8,CLI-00038,2026-05-21 00:00:00,81600.0,retrait,,local,False,aucune
41bec889,CLI-00313,2026-05-21 00:00:00,71400.0,depot,,local,False,aucune
f1600ee7,CLI-00029,2026-05-21 00:00:00,88100.0,decaissement_credit,,local,False,aucune
454e4de8,CLI-00627,2026-05-21 00:00:00,60800.0,depot,,local,False,aucune
b80d2370,CLI-00769,2026-05-21 00:00:00,32400.0,retrait,,transfrontalier_sensible,False,aucune
1d355104,CLI-00625,2026-05-21 00:00:00,51300.0,transfert_sortant,CLI-00562,transfrontalier_sensible,False,aucune
aca16d25,CLI-00703,2026-05-21 00:00:00,175200.0,retrait,,local,False,aucune
8a6601a3,CLI-00076,2026-05-21 00:00:00,36000.0,depot,,local,False,aucune
bfd51b1f,CLI-00372,2026-05-21 00:00:00,124600.0,retrait,,local,False,aucune
ed96f482,CLI-00122,2026-05-21 00:00:00,353600.0,depot,,local,False,aucune
44e19a96,CLI-00327,2026-05-21 00:00:00,144100.0,depot,,local,False,aucune
c751f48a,CLI-00259,2026-05-21 00:00:00,17100.0,transfert_entrant,CLI-00346,local,False,aucune
8f670940,CLI-00605,2026-05-21 00:00:00,16900.0,remboursement_credit,,local,False,aucune
da4b5b67,CLI-00160,2026-05-21 00:00:00,50500.0,depot,,local,False,aucune
8d3b3b6f,CLI-00782,2026-05-21 00:00:00,30100.0,retrait,,regional_uemoa,False,aucune
b9b6406c,CLI-00623,2026-05-21 00:00:00,34000.0,remboursement_credit,,local,False,aucune
85a4138a,CLI-00694,2026-05-21 00:00:00,43500.0,retrait,,local,False,aucune
b27e9cd8,CLI-00163,2026-05-21 00:00:00,17500.0,depot,,local,False,aucune
c098fe84,CLI-00292,2026-05-21 00:00:00,6600.0,retrait,,local,False,aucune
688f2a5d,CLI-00269,2026-05-21 00:00:00,100700.0,retrait,,local,False,aucune
18290a9b,CLI-00211,2026-05-21 00:00:00,33800.0,retrait,,local,False,aucune
6b44cff7,CLI-00411,2026-05-21 00:00:00,116700.0,retrait,,local,False,aucune
ea9f1189,CLI-00505,2026-05-21 00:00:00,20200.0,depot,,regional_uemoa,False,aucune
8a99ba66,CLI-00224,2026-05-21 00:00:00,60000.0,remboursement_credit,,local,False,aucune
87dfbc2c,CLI-00497,2026-05-21 00:00:00,107200.0,retrait,,local,False,aucune
cfb342a8,CLI-00067,2026-05-21 00:00:00,11300.0,retrait,,regional_uemoa,False,aucune
0a903d33,CLI-00284,2026-05-21 00:00:00,343000.0,retrait,,local,False,aucune
a0a2f326,CLI-00733,2026-05-21 00:00:00,106100.0,retrait,,local,False,aucune
e8a5fd10,CLI-00231,2026-05-21 00:00:00,82800.0,retrait,,local,False,aucune
960189b4,CLI-00469,2026-05-21 00:00:00,4614700.0,transfert_entrant,CLI-00522,local,False,aucune
52db8ea2,CLI-00268,2026-05-21 00:00:00,7800.0,transfert_entrant,CLI-00253,local,False,aucune
6072cbf2,CLI-00456,2026-05-21 00:00:00,39600.0,remboursement_credit,,local,False,aucune
f70661f6,CLI-00085,2026-05-21 00:00:00,628800.0,transfert_entrant,CLI-00569,local,False,aucune
157bc2b5,CLI-00267,2026-05-21 00:00:00,19100.0,remboursement_credit,,local,False,aucune
16fdbdef,CLI-00272,2026-05-21 00:00:00,40000.0,decaissement_credit,,local,False,aucune
b9920ae9,CLI-00205,2026-05-21 00:00:00,3565100.0,retrait,,local,False,aucune
c86b41fd,CLI-00194,2026-05-21 00:00:00,96800.0,depot,,regional_uemoa,False,aucune
6ee67355,CLI-00503,2026-05-21 00:00:00,34800.0,retrait,,local,False,aucune
89fd0427,CLI-00754,2026-05-21 00:00:00,17400.0,transfert_sortant,CLI-00772,local,False,aucune
7024e72b,CLI-00108,2026-05-21 00:00:00,17200.0,retrait,,local,False,aucune
87579a1e,CLI-00221,2026-05-21 00:00:00,15900.0,retrait,,local,False,aucune
42fd250e,CLI-00349,2026-05-21 00:00:00,54700.0,transfert_sortant,CLI-00107,local,False,aucune
00b9e8be,CLI-00189,2026-05-21 00:00:00,134100.0,depot,,local,False,aucune
e0b75f88,CLI-00219,2026-05-21 00:00:00,384500.0,retrait,,local,False,aucune
b5aca881,CLI-00572,2026-05-21 00:00:00,79000.0,transfert_entrant,CLI-00311,local,False,aucune
311f56d0,CLI-00491,2026-05-21 00:00:00,180800.0,depot,,local,False,aucune
58ac8dda,CLI-00099,2026-05-21 00:00:00,91900.0,retrait,,regional_uemoa,False,aucune
07e80617,CLI-00046,2026-05-22 00:00:00,18900.0,remboursement_credit,,local,False,aucune
e3338d77,CLI-00621,2026-05-22 00:00:00,143000.0,transfert_sortant,CLI-00058,local,False,aucune
0742c370,CLI-00503,2026-05-22 00:00:00,13200.0,retrait,,local,False,aucune
8bb5dae9,CLI-00670,2026-05-22 00:00:00,60700.0,depot,,local,False,aucune
677b9c3f,CLI-00037,2026-05-22 00:00:00,63000.0,depot,,local,False,aucune
e7c31f49,CLI-00044,2026-05-22 00:00:00,78500.0,retrait,,local,False,aucune
4bdf8ef4,CLI-00125,2026-05-22 00:00:00,28300.0,decaissement_credit,,local,False,aucune
65f37de0,CLI-00090,2026-05-22 00:00:00,27800.0,depot,,local,False,aucune
4cbda282,CLI-00010,2026-05-22 00:00:00,21300.0,transfert_sortant,CLI-00228,local,False,aucune
6fdc283b,CLI-00500,2026-05-22 00:00:00,48400.0,retrait,,local,False,aucune
50408b78,CLI-00036,2026-05-22 00:00:00,213600.0,depot,,local,False,aucune
5720d0de,CLI-00227,2026-05-22 00:00:00,2500.0,depot,,local,False,aucune
c13cd934,CLI-00186,2026-05-22 00:00:00,32800.0,remboursement_credit,,local,False,aucune
68e30ec5,CLI-00545,2026-05-22 00:00:00,13700.0,retrait,,local,False,aucune
0346bba7,CLI-00788,2026-05-22 00:00:00,301300.0,retrait,,local,False,aucune
695101cd,CLI-00522,2026-05-22 00:00:00,175600.0,retrait,,local,False,aucune
b9f0779a,CLI-00631,2026-05-22 00:00:00,48100.0,depot,,local,False,aucune
65b77871,CLI-00027,2026-05-22 00:00:00,39800.0,depot,,local,False,aucune
900be258,CLI-00678,2026-05-22 00:00:00,69000.0,retrait,,regional_uemoa,False,aucune
d4f0b39e,CLI-00774,2026-05-22 00:00:00,136600.0,remboursement_credit,,regional_uemoa,False,aucune
8d3dae19,CLI-00235,2026-05-22 00:00:00,30200.0,transfert_sortant,CLI-00604,local,False,aucune
6641f349,CLI-00626,2026-05-22 00:00:00,152800.0,remboursement_credit,,local,False,aucune
17847ba9,CLI-00201,2026-05-22 00:00:00,160300.0,remboursement_credit,,local,False,aucune
ff1347da,CLI-00084,2026-05-22 00:00:00,14400.0,depot,,local,False,aucune
379109b1,CLI-00645,2026-05-22 00:00:00,324000.0,retrait,,local,False,aucune
6a54c627,CLI-00202,2026-05-22 00:00:00,41900.0,remboursement_credit,,local,False,aucune
212d5795,CLI-00535,2026-05-22 00:00:00,25700.0,depot,,local,False,aucune
4c171730,CLI-00120,2026-05-22 00:00:00,21900.0,retrait,,local,False,aucune
83331854,CLI-00536,2026-05-22 00:00:00,62400.0,decaissement_credit,,local,False,aucune
542a3c91,CLI-00166,2026-05-22 00:00:00,22000.0,retrait,,local,False,aucune
161c8c57,CLI-00187,2026-05-22 00:00:00,21300.0,decaissement_credit,,local,False,aucune
ceadb331,CLI-00481,2026-05-22 00:00:00,77900.0,retrait,,local,False,aucune
eb567568,CLI-00123,2026-05-22 00:00:00,75500.0,transfert_entrant,CLI-00357,local,False,aucune
380c482b,CLI-00599,2026-05-22 00:00:00,48400.0,depot,,local,False,aucune
569cc06c,CLI-00201,2026-05-22 00:00:00,149300.0,depot,,regional_uemoa,False,aucune
f0d67d25,CLI-00499,2026-05-22 00:00:00,77600.0,retrait,,regional_uemoa,False,aucune
8d0be971,CLI-00197,2026-05-22 00:00:00,30100.0,retrait,,local,False,aucune
767e7aa8,CLI-00703,2026-05-22 00:00:00,92100.0,depot,,local,False,aucune
90a866f4,CLI-00258,2026-05-22 00:00:00,52300.0,remboursement_credit,,local,False,aucune
8c1957ef,CLI-00702,2026-05-22 00:00:00,77500.0,transfert_sortant,CLI-00618,local,False,aucune
6e992570,CLI-00446,2026-05-22 00:00:00,450300.0,retrait,,local,False,aucune
88ae2ab6,CLI-00299,2026-05-22 00:00:00,50700.0,retrait,,local,False,aucune
210abb6f,CLI-00730,2026-05-22 00:00:00,240200.0,depot,,local,False,aucune
b1f99544,CLI-00335,2026-05-22 00:00:00,160900.0,retrait,,regional_uemoa,False,aucune
4c8e6159,CLI-00310,2026-05-22 00:00:00,50400.0,remboursement_credit,,local,False,aucune
651504bd,CLI-00282,2026-05-22 00:00:00,32200.0,depot,,local,False,aucune
71ef261d,CLI-00381,2026-05-22 00:00:00,69100.0,depot,,local,False,aucune
66f61544,CLI-00427,2026-05-22 00:00:00,46700.0,transfert_sortant,CLI-00736,local,False,aucune
13482193,CLI-00453,2026-05-22 00:00:00,60500.0,retrait,,local,False,aucune
542063c3,CLI-00424,2026-05-22 00:00:00,11500.0,decaissement_credit,,local,False,aucune
0d0ba2bd,CLI-00283,2026-05-22 00:00:00,10800.0,depot,,local,False,aucune
a00f6d4f,CLI-00326,2026-05-22 00:00:00,408100.0,remboursement_credit,,local,False,aucune
a5235014,CLI-00274,2026-05-22 00:00:00,44800.0,transfert_sortant,CLI-00725,local,False,aucune
078e5310,CLI-00428,2026-05-22 00:00:00,19600.0,retrait,,local,False,aucune
57d805f7,CLI-00302,2026-05-22 00:00:00,32000.0,transfert_entrant,CLI-00062,local,False,aucune
52979a88,CLI-00587,2026-05-23 00:00:00,18700.0,transfert_sortant,CLI-00050,local,False,aucune
d3cd193e,CLI-00267,2026-05-23 00:00:00,837100.0,transfert_sortant,CLI-00357,local,False,aucune
3c0e63b5,CLI-00661,2026-05-23 00:00:00,75100.0,retrait,,regional_uemoa,False,aucune
cd9346f4,CLI-00660,2026-05-23 00:00:00,36600.0,depot,,local,False,aucune
153ed673,CLI-00599,2026-05-23 00:00:00,204500.0,decaissement_credit,,local,False,aucune
cf8b50ca,CLI-00204,2026-05-23 00:00:00,16300.0,decaissement_credit,,local,False,aucune
b00ad2a0,CLI-00626,2026-05-23 00:00:00,29800.0,transfert_sortant,CLI-00077,local,False,aucune
3d693e24,CLI-00376,2026-05-23 00:00:00,50400.0,retrait,,local,False,aucune
bf40c81f,CLI-00071,2026-05-23 00:00:00,8900.0,transfert_entrant,CLI-00605,local,False,aucune
ef29762f,CLI-00351,2026-05-23 00:00:00,50900.0,transfert_sortant,CLI-00673,regional_uemoa,False,aucune
eccae440,CLI-00528,2026-05-23 00:00:00,18300.0,transfert_sortant,CLI-00235,local,False,aucune
06e6a07c,CLI-00723,2026-05-23 00:00:00,47700.0,depot,,transfrontalier_sensible,False,aucune
3eab2f91,CLI-00021,2026-05-23 00:00:00,5500.0,transfert_sortant,CLI-00263,local,False,aucune
226fdfed,CLI-00316,2026-05-23 00:00:00,72200.0,depot,,local,False,aucune
7a195f91,CLI-00239,2026-05-23 00:00:00,188300.0,decaissement_credit,,local,False,aucune
0ee39026,CLI-00055,2026-05-23 00:00:00,28000.0,retrait,,regional_uemoa,False,aucune
5830ee35,CLI-00712,2026-05-23 00:00:00,20200.0,remboursement_credit,,local,False,aucune
9d882ef5,CLI-00607,2026-05-23 00:00:00,45800.0,depot,,local,False,aucune
0c309311,CLI-00054,2026-05-23 00:00:00,45600.0,retrait,,local,False,aucune
21c8a159,CLI-00048,2026-05-23 00:00:00,10400.0,remboursement_credit,,local,False,aucune
9e6fe717,CLI-00612,2026-05-23 00:00:00,53400.0,depot,,local,False,aucune
e0ffa7cf,CLI-00036,2026-05-23 00:00:00,69800.0,retrait,,local,False,aucune
e757b662,CLI-00670,2026-05-23 00:00:00,18000.0,transfert_sortant,CLI-00127,local,False,aucune
b3fa1f0f,CLI-00790,2026-05-23 00:00:00,69300.0,depot,,local,False,aucune
4bfe8509,CLI-00366,2026-05-23 00:00:00,31500.0,transfert_sortant,CLI-00246,transfrontalier_sensible,False,aucune
1d2bb808,CLI-00140,2026-05-23 00:00:00,38100.0,retrait,,local,False,aucune
3b27ef44,CLI-00278,2026-05-23 00:00:00,37900.0,transfert_sortant,CLI-00417,local,False,aucune
c9385857,CLI-00448,2026-05-23 00:00:00,95700.0,transfert_sortant,CLI-00326,local,False,aucune
87a216f6,CLI-00369,2026-05-23 00:00:00,301400.0,depot,,local,False,aucune
665bef71,CLI-00509,2026-05-23 00:00:00,79600.0,remboursement_credit,,local,False,aucune
2825c525,CLI-00568,2026-05-23 00:00:00,243500.0,retrait,,local,False,aucune
e3f4a7aa,CLI-00120,2026-05-23 00:00:00,7200.0,transfert_sortant,CLI-00326,local,False,aucune
f24afe1d,CLI-00759,2026-05-23 00:00:00,136800.0,retrait,,local,False,aucune
7b452463,CLI-00727,2026-05-23 00:00:00,25900.0,depot,,local,False,aucune
d64d1776,CLI-00520,2026-05-23 00:00:00,37700.0,retrait,,local,False,aucune
d89e0196,CLI-00204,2026-05-23 00:00:00,15600.0,transfert_entrant,CLI-00078,local,False,aucune
a3bf9b4f,CLI-00011,2026-05-23 00:00:00,27000.0,depot,,local,False,aucune
3e772c20,CLI-00223,2026-05-23 00:00:00,76900.0,depot,,local,False,aucune
0fa96bd8,CLI-00737,2026-05-23 00:00:00,6800.0,depot,,local,False,aucune
f5727db0,CLI-00479,2026-05-23 00:00:00,13500.0,transfert_sortant,CLI-00396,regional_uemoa,False,aucune
646b9e7f,CLI-00764,2026-05-23 00:00:00,127800.0,transfert_entrant,CLI-00773,local,False,aucune
637b1829,CLI-00016,2026-05-23 00:00:00,11100.0,retrait,,local,False,aucune
e69bedff,CLI-00339,2026-05-23 00:00:00,90800.0,depot,,local,False,aucune
6cf80333,CLI-00017,2026-05-23 00:00:00,4700.0,retrait,,regional_uemoa,False,aucune
7015ee8e,CLI-00421,2026-05-23 00:00:00,109400.0,transfert_sortant,CLI-00215,regional_uemoa,False,aucune
4550d949,CLI-00087,2026-05-23 00:00:00,141100.0,depot,,local,False,aucune
7a474718,CLI-00379,2026-05-23 00:00:00,74100.0,depot,,local,False,aucune
4cbbdc0e,CLI-00562,2026-05-24 00:00:00,60300.0,retrait,,local,False,aucune
de4c6a9a,CLI-00222,2026-05-24 00:00:00,64500.0,remboursement_credit,,local,False,aucune
6ee1a901,CLI-00114,2026-05-24 00:00:00,62200.0,depot,,local,False,aucune
b8435de2,CLI-00175,2026-05-24 00:00:00,24000.0,retrait,,local,False,aucune
61f9138e,CLI-00594,2026-05-24 00:00:00,11500.0,depot,,local,False,aucune
bbb6dc71,CLI-00612,2026-05-24 00:00:00,339300.0,transfert_entrant,CLI-00456,local,False,aucune
324a1fd3,CLI-00428,2026-05-24 00:00:00,211000.0,depot,,local,False,aucune
78db0af0,CLI-00116,2026-05-24 00:00:00,71800.0,depot,,local,False,aucune
3e2064bc,CLI-00229,2026-05-24 00:00:00,19100.0,retrait,,regional_uemoa,False,aucune
9616b270,CLI-00119,2026-05-24 00:00:00,11500.0,retrait,,local,False,aucune
e11b6910,CLI-00039,2026-05-24 00:00:00,26600.0,transfert_entrant,CLI-00433,local,False,aucune
3583e242,CLI-00113,2026-05-24 00:00:00,10300.0,remboursement_credit,,regional_uemoa,False,aucune
e56ca252,CLI-00129,2026-05-24 00:00:00,34900.0,remboursement_credit,,local,False,aucune
d692e84d,CLI-00719,2026-05-24 00:00:00,255500.0,depot,,regional_uemoa,False,aucune
92e3b3a4,CLI-00692,2026-05-24 00:00:00,64300.0,decaissement_credit,,local,False,aucune
c744a51e,CLI-00185,2026-05-24 00:00:00,118200.0,transfert_entrant,CLI-00121,local,False,aucune
050e8851,CLI-00106,2026-05-24 00:00:00,87100.0,retrait,,local,False,aucune
ac16e618,CLI-00130,2026-05-24 00:00:00,8300.0,decaissement_credit,,regional_uemoa,False,aucune
d32f592a,CLI-00661,2026-05-24 00:00:00,34500.0,depot,,local,False,aucune
ea89db2a,CLI-00311,2026-05-24 00:00:00,164900.0,decaissement_credit,,local,False,aucune
2aaa1335,CLI-00354,2026-05-24 00:00:00,6100.0,decaissement_credit,,local,False,aucune
1242f36a,CLI-00205,2026-05-24 00:00:00,90700.0,retrait,,local,False,aucune
00c7b09c,CLI-00432,2026-05-24 00:00:00,83200.0,depot,,regional_uemoa,False,aucune
55b3723b,CLI-00779,2026-05-24 00:00:00,115200.0,retrait,,local,False,aucune
63f33401,CLI-00353,2026-05-24 00:00:00,14100.0,depot,,local,False,aucune
37dc70a1,CLI-00203,2026-05-24 00:00:00,26900.0,retrait,,local,False,aucune
59fdb196,CLI-00340,2026-05-24 00:00:00,29900.0,decaissement_credit,,local,False,aucune
91ff64ed,CLI-00560,2026-05-24 00:00:00,97400.0,depot,,local,False,aucune
1e2c4004,CLI-00738,2026-05-24 00:00:00,19900.0,transfert_entrant,CLI-00110,local,False,aucune
4fb22db8,CLI-00532,2026-05-24 00:00:00,77000.0,decaissement_credit,,local,False,aucune
c6688ae3,CLI-00210,2026-05-24 00:00:00,8030900.0,decaissement_credit,,regional_uemoa,False,aucune
6c9693a7,CLI-00545,2026-05-24 00:00:00,118700.0,retrait,,local,False,aucune
c7044e3f,CLI-00381,2026-05-24 00:00:00,9500.0,depot,,regional_uemoa,False,aucune
cb3bfb6d,CLI-00550,2026-05-24 00:00:00,24500.0,transfert_entrant,CLI-00160,local,False,aucune
ebc2a4f1,CLI-00765,2026-05-24 00:00:00,94400.0,depot,,local,False,aucune
7710aaf5,CLI-00625,2026-05-24 00:00:00,65400.0,decaissement_credit,,local,False,aucune
714ad9d6,CLI-00404,2026-05-24 00:00:00,82900.0,retrait,,regional_uemoa,False,aucune
4ae2643e,CLI-00519,2026-05-24 00:00:00,60300.0,transfert_sortant,CLI-00157,transfrontalier_sensible,False,aucune
14550a94,CLI-00014,2026-05-24 00:00:00,58000.0,transfert_sortant,CLI-00099,local,False,aucune
cd25ad75,CLI-00518,2026-05-24 00:00:00,21000.0,retrait,,local,False,aucune
e08cf1e4,CLI-00651,2026-05-24 00:00:00,76500.0,decaissement_credit,,local,False,aucune
44584b78,CLI-00002,2026-05-24 00:00:00,53600.0,depot,,local,False,aucune
993bed7c,CLI-00727,2026-05-24 00:00:00,87200.0,remboursement_credit,,transfrontalier_sensible,False,aucune
8b526ab1,CLI-00149,2026-05-24 00:00:00,38000.0,remboursement_credit,,local,False,aucune
341d7680,CLI-00507,2026-05-24 00:00:00,40200.0,transfert_entrant,CLI-00590,regional_uemoa,False,aucune
3dd3f31f,CLI-00187,2026-05-24 00:00:00,33000.0,transfert_sortant,CLI-00509,local,False,aucune
bc5fb89e,CLI-00735,2026-05-24 00:00:00,276600.0,retrait,,local,False,aucune
49dfc3cb,CLI-00246,2026-05-24 00:00:00,128900.0,depot,,local,False,aucune
5a696ffe,CLI-00442,2026-05-25 00:00:00,79900.0,retrait,,local,False,aucune
1f02f497,CLI-00778,2026-05-25 00:00:00,15200.0,retrait,,local,False,aucune
0f649a53,CLI-00374,2026-05-25 00:00:00,20500.0,depot,,transfrontalier_sensible,False,aucune
c83298a5,CLI-00024,2026-05-25 00:00:00,132000.0,depot,,local,False,aucune
c01a2b8e,CLI-00084,2026-05-25 00:00:00,10900.0,retrait,,local,False,aucune
4745d9a0,CLI-00415,2026-05-25 00:00:00,29000.0,remboursement_credit,,local,False,aucune
0aa1e563,CLI-00172,2026-05-25 00:00:00,55600.0,transfert_sortant,CLI-00089,local,False,aucune
a99a5cf8,CLI-00593,2026-05-25 00:00:00,146600.0,retrait,,local,False,aucune
38a7dacb,CLI-00523,2026-05-25 00:00:00,65400.0,depot,,regional_uemoa,False,aucune
ab7441b5,CLI-00548,2026-05-25 00:00:00,157700.0,retrait,,local,False,aucune
cb108ce4,CLI-00412,2026-05-25 00:00:00,23000.0,transfert_sortant,CLI-00671,local,False,aucune
f1a244fb,CLI-00534,2026-05-25 00:00:00,53500.0,retrait,,local,False,aucune
1221ee52,CLI-00071,2026-05-25 00:00:00,193500.0,transfert_sortant,CLI-00191,local,False,aucune
2a002953,CLI-00292,2026-05-25 00:00:00,39100.0,retrait,,local,False,aucune
8d711031,CLI-00079,2026-05-25 00:00:00,31600.0,transfert_sortant,CLI-00676,local,False,aucune
80f938b5,CLI-00078,2026-05-25 00:00:00,37500.0,retrait,,local,False,aucune
13040ea9,CLI-00662,2026-05-25 00:00:00,14300.0,depot,,local,False,aucune
d727443b,CLI-00587,2026-05-25 00:00:00,58100.0,depot,,local,False,aucune
1da63347,CLI-00647,2026-05-25 00:00:00,17500.0,transfert_sortant,CLI-00076,regional_uemoa,False,aucune
f6b47a96,CLI-00000,2026-05-25 00:00:00,18500.0,depot,,local,False,aucune
b572bfbc,CLI-00198,2026-05-25 00:00:00,12100.0,decaissement_credit,,local,False,aucune
385ba792,CLI-00751,2026-05-25 00:00:00,33700.0,transfert_sortant,CLI-00087,local,False,aucune
8bcae5d5,CLI-00708,2026-05-25 00:00:00,74400.0,retrait,,local,False,aucune
06480580,CLI-00465,2026-05-25 00:00:00,27500.0,retrait,,local,False,aucune
47934f1c,CLI-00679,2026-05-25 00:00:00,51700.0,decaissement_credit,,local,False,aucune
e91d12f1,CLI-00764,2026-05-25 00:00:00,30900.0,depot,,local,False,aucune
89d96e2f,CLI-00274,2026-05-25 00:00:00,202800.0,depot,,local,False,aucune
adf2fcd4,CLI-00754,2026-05-25 00:00:00,334600.0,retrait,,regional_uemoa,False,aucune
7821fe32,CLI-00497,2026-05-25 00:00:00,181300.0,retrait,,local,False,aucune
91086ad0,CLI-00431,2026-05-25 00:00:00,6092000.0,retrait,,local,False,aucune
28e0edab,CLI-00564,2026-05-25 00:00:00,59500.0,depot,,local,False,aucune
86a1b733,CLI-00098,2026-05-25 00:00:00,40000.0,decaissement_credit,,local,False,aucune
1d0add59,CLI-00218,2026-05-25 00:00:00,54300.0,transfert_sortant,CLI-00416,local,False,aucune
e922bdbe,CLI-00650,2026-05-25 00:00:00,20200.0,depot,,local,False,aucune
db90b1aa,CLI-00341,2026-05-25 00:00:00,3900.0,retrait,,local,False,aucune
e1ba4ebc,CLI-00559,2026-05-25 00:00:00,5800.0,depot,,regional_uemoa,False,aucune
18523aeb,CLI-00697,2026-05-25 00:00:00,87300.0,depot,,local,False,aucune
bca98e57,CLI-00129,2026-05-25 00:00:00,763600.0,depot,,local,False,aucune
d7de0a9a,CLI-00312,2026-05-25 00:00:00,248000.0,depot,,regional_uemoa,False,aucune
5a621f38,CLI-00434,2026-05-25 00:00:00,20700.0,decaissement_credit,,local,False,aucune
8ccebc6c,CLI-00163,2026-05-25 00:00:00,16100.0,retrait,,local,False,aucune
9479c8ab,CLI-00612,2026-05-25 00:00:00,74500.0,retrait,,local,False,aucune
3e519470,CLI-00062,2026-05-25 00:00:00,35500.0,transfert_sortant,CLI-00134,regional_uemoa,False,aucune
11e4482f,CLI-00715,2026-05-25 00:00:00,59400.0,retrait,,local,False,aucune
7e2d6b6d,CLI-00611,2026-05-25 00:00:00,45000.0,depot,,local,False,aucune
6508eb7d,CLI-00187,2026-05-25 00:00:00,19600.0,remboursement_credit,,local,False,aucune
1289d2d0,CLI-00622,2026-05-25 00:00:00,71700.0,transfert_entrant,CLI-00729,local,False,aucune
4c121294,CLI-00714,2026-05-25 00:00:00,30600.0,retrait,,local,False,aucune
43070f49,CLI-00438,2026-05-25 00:00:00,31300.0,transfert_sortant,CLI-00403,local,False,aucune
4ce448fb,CLI-00136,2026-05-25 00:00:00,147000.0,retrait,,regional_uemoa,False,aucune
00698be3,CLI-00211,2026-05-25 00:00:00,30000.0,depot,,local,False,aucune
fe4f6eee,CLI-00488,2026-05-25 00:00:00,23600.0,retrait,,local,False,aucune
5afd8d31,CLI-00029,2026-05-25 00:00:00,166700.0,remboursement_credit,,regional_uemoa,False,aucune
6f5129ae,CLI-00471,2026-05-25 00:00:00,225300.0,depot,,local,False,aucune
13137c52,CLI-00766,2026-05-25 00:00:00,90500.0,remboursement_credit,,local,False,aucune
cf83084c,CLI-00587,2026-05-26 00:00:00,118300.0,transfert_sortant,CLI-00400,local,False,aucune
2d114e2b,CLI-00546,2026-05-26 00:00:00,19900.0,depot,,local,False,aucune
b1cf93b3,CLI-00375,2026-05-26 00:00:00,127300.0,retrait,,local,False,aucune
884ae756,CLI-00044,2026-05-26 00:00:00,103500.0,depot,,local,False,aucune
bb63dd25,CLI-00786,2026-05-26 00:00:00,24800.0,retrait,,regional_uemoa,False,aucune
e03d41d8,CLI-00587,2026-05-26 00:00:00,38600.0,depot,,local,False,aucune
86aa3a45,CLI-00399,2026-05-26 00:00:00,15600.0,remboursement_credit,,local,False,aucune
389cdf9d,CLI-00538,2026-05-26 00:00:00,91400.0,depot,,local,False,aucune
43628b19,CLI-00685,2026-05-26 00:00:00,28100.0,retrait,,local,False,aucune
19b15720,CLI-00135,2026-05-26 00:00:00,6800.0,remboursement_credit,,local,False,aucune
3e9ffc98,CLI-00369,2026-05-26 00:00:00,21700.0,remboursement_credit,,local,False,aucune
df124347,CLI-00153,2026-05-26 00:00:00,34800.0,depot,,local,False,aucune
46966f4f,CLI-00204,2026-05-26 00:00:00,168200.0,transfert_entrant,CLI-00730,local,False,aucune
2db8fefb,CLI-00138,2026-05-26 00:00:00,20500.0,decaissement_credit,,local,False,aucune
405717f6,CLI-00495,2026-05-26 00:00:00,17300.0,decaissement_credit,,local,False,aucune
34812a5b,CLI-00200,2026-05-26 00:00:00,40400.0,remboursement_credit,,local,False,aucune
d4e01865,CLI-00337,2026-05-26 00:00:00,14600.0,remboursement_credit,,local,False,aucune
f80297fd,CLI-00637,2026-05-26 00:00:00,203400.0,remboursement_credit,,local,False,aucune
230be5bd,CLI-00748,2026-05-26 00:00:00,8100.0,transfert_sortant,CLI-00034,local,False,aucune
35198de5,CLI-00789,2026-05-26 00:00:00,120300.0,retrait,,local,False,aucune
944cb220,CLI-00744,2026-05-26 00:00:00,1400.0,depot,,local,False,aucune
091a112a,CLI-00683,2026-05-26 00:00:00,3000.0,transfert_entrant,CLI-00499,local,False,aucune
16232747,CLI-00422,2026-05-26 00:00:00,252200.0,depot,,local,False,aucune
f64874da,CLI-00340,2026-05-26 00:00:00,61300.0,retrait,,local,False,aucune
de41466a,CLI-00586,2026-05-26 00:00:00,39000.0,remboursement_credit,,local,False,aucune
41174552,CLI-00712,2026-05-26 00:00:00,8300.0,retrait,,local,False,aucune
ac4910e0,CLI-00654,2026-05-26 00:00:00,68900.0,retrait,,local,False,aucune
f8750074,CLI-00635,2026-05-26 00:00:00,187900.0,retrait,,local,False,aucune
2125b45b,CLI-00620,2026-05-26 00:00:00,76600.0,depot,,local,False,aucune
3995f6f5,CLI-00532,2026-05-26 00:00:00,77100.0,transfert_sortant,CLI-00399,local,False,aucune
53111213,CLI-00184,2026-05-26 00:00:00,43900.0,depot,,regional_uemoa,False,aucune
191e96f1,CLI-00402,2026-05-26 00:00:00,55200.0,retrait,,regional_uemoa,False,aucune
09768f49,CLI-00317,2026-05-26 00:00:00,33900.0,depot,,local,False,aucune
5f29d46d,CLI-00210,2026-05-26 00:00:00,26800.0,depot,,transfrontalier_sensible,False,aucune
3b8fef21,CLI-00308,2026-05-26 00:00:00,16400.0,transfert_sortant,CLI-00165,local,False,aucune
761fc63d,CLI-00328,2026-05-26 00:00:00,61500.0,decaissement_credit,,local,False,aucune
9435313a,CLI-00130,2026-05-26 00:00:00,18300.0,transfert_sortant,CLI-00696,local,False,aucune
bfa508da,CLI-00074,2026-05-26 00:00:00,34400.0,retrait,,local,False,aucune
83ea8a8e,CLI-00569,2026-05-26 00:00:00,26100.0,depot,,local,False,aucune
002c5f93,CLI-00528,2026-05-26 00:00:00,44500.0,decaissement_credit,,local,False,aucune
dfca528d,CLI-00216,2026-05-26 00:00:00,22900.0,transfert_entrant,CLI-00102,local,False,aucune
b06d26ff,CLI-00237,2026-05-26 00:00:00,387700.0,decaissement_credit,,local,False,aucune
3b60a2ec,CLI-00758,2026-05-26 00:00:00,70800.0,decaissement_credit,,local,False,aucune
69cdb23e,CLI-00116,2026-05-26 00:00:00,20900.0,transfert_sortant,CLI-00783,local,False,aucune
04488d75,CLI-00462,2026-05-26 00:00:00,10600.0,retrait,,local,False,aucune
f505b251,CLI-00501,2026-05-26 00:00:00,28900.0,retrait,,local,False,aucune
591535a2,CLI-00248,2026-05-26 00:00:00,46700.0,retrait,,local,False,aucune
d089f374,CLI-00697,2026-05-26 00:00:00,100600.0,retrait,,regional_uemoa,False,aucune
cffa3591,CLI-00405,2026-05-26 00:00:00,78700.0,depot,,local,False,aucune
bd696d6a,CLI-00409,2026-05-26 00:00:00,13900.0,depot,,local,False,aucune
4bc819ff,CLI-00324,2026-05-26 00:00:00,68400.0,depot,,local,False,aucune
cfa79685,CLI-00473,2026-05-26 00:00:00,76900.0,decaissement_credit,,regional_uemoa,False,aucune
6615cfaa,CLI-00692,2026-05-27 00:00:00,58500.0,depot,,local,False,aucune
05c69d51,CLI-00255,2026-05-27 00:00:00,12900.0,decaissement_credit,,local,False,aucune
22cde703,CLI-00443,2026-05-27 00:00:00,3300.0,retrait,,regional_uemoa,False,aucune
42e4fcbe,CLI-00104,2026-05-27 00:00:00,688700.0,transfert_entrant,CLI-00529,local,False,aucune
df2e554e,CLI-00163,2026-05-27 00:00:00,82800.0,remboursement_credit,,local,False,aucune
f3cbc8e9,CLI-00697,2026-05-27 00:00:00,168800.0,remboursement_credit,,regional_uemoa,False,aucune
43116c8b,CLI-00006,2026-05-27 00:00:00,28100.0,depot,,local,False,aucune
5027543d,CLI-00649,2026-05-27 00:00:00,11000.0,retrait,,regional_uemoa,False,aucune
e1db50a3,CLI-00004,2026-05-27 00:00:00,54400.0,depot,,local,False,aucune
ffc339ea,CLI-00332,2026-05-27 00:00:00,8600.0,depot,,regional_uemoa,False,aucune
c40c953f,CLI-00703,2026-05-27 00:00:00,31300.0,depot,,local,False,aucune
e6dcc47b,CLI-00571,2026-05-27 00:00:00,188200.0,depot,,local,False,aucune
96c8f273,CLI-00687,2026-05-27 00:00:00,34400.0,depot,,regional_uemoa,False,aucune
59b4736a,CLI-00737,2026-05-27 00:00:00,6745800.0,remboursement_credit,,local,False,aucune
ae6e890e,CLI-00299,2026-05-27 00:00:00,49900.0,depot,,local,False,aucune
b06ef642,CLI-00350,2026-05-27 00:00:00,43600.0,depot,,local,False,aucune
dfb877ea,CLI-00649,2026-05-27 00:00:00,37200.0,retrait,,regional_uemoa,False,aucune
93eed587,CLI-00499,2026-05-27 00:00:00,102500.0,remboursement_credit,,local,False,aucune
490c2c7a,CLI-00528,2026-05-27 00:00:00,9600.0,retrait,,local,False,aucune
a38e5183,CLI-00061,2026-05-27 00:00:00,18500.0,transfert_sortant,CLI-00146,local,False,aucune
723ba844,CLI-00451,2026-05-27 00:00:00,216800.0,retrait,,local,False,aucune
7aaef047,CLI-00165,2026-05-27 00:00:00,65700.0,transfert_sortant,CLI-00091,local,False,aucune
bf7bfc7b,CLI-00592,2026-05-27 00:00:00,12300.0,depot,,local,False,aucune
6fcd28ad,CLI-00549,2026-05-27 00:00:00,26900.0,retrait,,local,False,aucune
030c2969,CLI-00626,2026-05-27 00:00:00,47000.0,retrait,,local,False,aucune
e3039382,CLI-00784,2026-05-27 00:00:00,88500.0,retrait,,local,False,aucune
687da7a8,CLI-00069,2026-05-27 00:00:00,18500.0,retrait,,regional_uemoa,False,aucune
0afd5dda,CLI-00028,2026-05-27 00:00:00,48600.0,depot,,local,False,aucune
9ec04655,CLI-00355,2026-05-27 00:00:00,5400.0,retrait,,local,False,aucune
986a8b50,CLI-00066,2026-05-27 00:00:00,60700.0,retrait,,local,False,aucune
2e5916e7,CLI-00410,2026-05-27 00:00:00,11200.0,remboursement_credit,,local,False,aucune
36dfbf77,CLI-00471,2026-05-27 00:00:00,6600.0,retrait,,local,False,aucune
a9731c7c,CLI-00588,2026-05-27 00:00:00,18200.0,remboursement_credit,,regional_uemoa,False,aucune
a3a38c9b,CLI-00294,2026-05-27 00:00:00,24100.0,transfert_sortant,CLI-00070,local,False,aucune
9217d8f1,CLI-00321,2026-05-27 00:00:00,22500.0,retrait,,local,False,aucune
7d7582a1,CLI-00579,2026-05-27 00:00:00,98200.0,depot,,regional_uemoa,False,aucune
18513ed3,CLI-00421,2026-05-27 00:00:00,14500.0,transfert_sortant,CLI-00293,local,False,aucune
45c60d00,CLI-00632,2026-05-27 00:00:00,12500.0,depot,,regional_uemoa,False,aucune
87a74dfa,CLI-00278,2026-05-27 00:00:00,187400.0,retrait,,transfrontalier_sensible,False,aucune
28fc8850,CLI-00200,2026-05-27 00:00:00,652000.0,retrait,,local,False,aucune
fd72619d,CLI-00719,2026-05-27 00:00:00,5844000.0,depot,,regional_uemoa,False,aucune
dbc31e6e,CLI-00285,2026-05-27 00:00:00,62400.0,depot,,local,False,aucune
55a98a07,CLI-00460,2026-05-27 00:00:00,4200.0,remboursement_credit,,local,False,aucune
a57e5a35,CLI-00378,2026-05-27 00:00:00,12100.0,depot,,local,False,aucune
b708fa95,CLI-00747,2026-05-27 00:00:00,20000.0,remboursement_credit,,local,False,aucune
5394432a,CLI-00798,2026-05-27 00:00:00,57400.0,transfert_sortant,CLI-00229,local,False,aucune
6860f629,CLI-00136,2026-05-28 00:00:00,42200.0,transfert_entrant,CLI-00552,local,False,aucune
4313eb8c,CLI-00559,2026-05-28 00:00:00,35300.0,depot,,local,False,aucune
d88943c5,CLI-00696,2026-05-28 00:00:00,7900.0,depot,,local,False,aucune
62500358,CLI-00217,2026-05-28 00:00:00,75900.0,remboursement_credit,,local,False,aucune
273b4c19,CLI-00152,2026-05-28 00:00:00,53400.0,depot,,local,False,aucune
8094ac80,CLI-00768,2026-05-28 00:00:00,10200.0,transfert_sortant,CLI-00166,regional_uemoa,False,aucune
631d0738,CLI-00431,2026-05-28 00:00:00,68700.0,transfert_sortant,CLI-00185,local,False,aucune
5806626b,CLI-00695,2026-05-28 00:00:00,156800.0,retrait,,local,False,aucune
e393fa09,CLI-00206,2026-05-28 00:00:00,16400.0,remboursement_credit,,local,False,aucune
ddda6a18,CLI-00691,2026-05-28 00:00:00,82000.0,depot,,local,False,aucune
9e4b24c9,CLI-00319,2026-05-28 00:00:00,20400.0,transfert_sortant,CLI-00434,regional_uemoa,False,aucune
4eae0f89,CLI-00282,2026-05-28 00:00:00,19500.0,depot,,local,False,aucune
e96f78a9,CLI-00327,2026-05-28 00:00:00,22100.0,decaissement_credit,,regional_uemoa,False,aucune
a90f8338,CLI-00079,2026-05-28 00:00:00,68600.0,retrait,,local,False,aucune
7634508f,CLI-00468,2026-05-28 00:00:00,87600.0,retrait,,local,False,aucune
54c3ce97,CLI-00468,2026-05-28 00:00:00,68900.0,remboursement_credit,,local,False,aucune
77166541,CLI-00637,2026-05-28 00:00:00,11800.0,depot,,local,False,aucune
db6df106,CLI-00366,2026-05-28 00:00:00,66600.0,retrait,,regional_uemoa,False,aucune
bc334267,CLI-00014,2026-05-28 00:00:00,84400.0,depot,,local,False,aucune
76f34b4c,CLI-00659,2026-05-28 00:00:00,53200.0,depot,,local,False,aucune
8597e69b,CLI-00679,2026-05-28 00:00:00,34200.0,retrait,,local,False,aucune
cd436f36,CLI-00632,2026-05-28 00:00:00,33800.0,remboursement_credit,,regional_uemoa,False,aucune
d5329f19,CLI-00410,2026-05-28 00:00:00,12700.0,depot,,local,False,aucune
5310a643,CLI-00064,2026-05-28 00:00:00,16800.0,transfert_entrant,CLI-00362,local,False,aucune
49ae22f0,CLI-00689,2026-05-28 00:00:00,32400.0,depot,,local,False,aucune
77c81b8a,CLI-00602,2026-05-28 00:00:00,82000.0,transfert_sortant,CLI-00483,regional_uemoa,False,aucune
d40699b7,CLI-00027,2026-05-28 00:00:00,116300.0,decaissement_credit,,local,False,aucune
fd920d33,CLI-00652,2026-05-28 00:00:00,35200.0,depot,,local,False,aucune
aff4f476,CLI-00057,2026-05-28 00:00:00,34600.0,transfert_sortant,CLI-00521,local,False,aucune
6b9b2fba,CLI-00119,2026-05-28 00:00:00,135100.0,retrait,,regional_uemoa,False,aucune
829aaa50,CLI-00052,2026-05-28 00:00:00,121600.0,transfert_sortant,CLI-00401,local,False,aucune
7cfd4563,CLI-00202,2026-05-28 00:00:00,808900.0,remboursement_credit,,local,False,aucune
3a51c324,CLI-00048,2026-05-28 00:00:00,48500.0,retrait,,local,False,aucune
9d0e597d,CLI-00712,2026-05-28 00:00:00,24400.0,transfert_sortant,CLI-00140,regional_uemoa,False,aucune
14e7f944,CLI-00043,2026-05-28 00:00:00,12200.0,depot,,local,False,aucune
dd1e47b4,CLI-00042,2026-05-28 00:00:00,21300.0,remboursement_credit,,local,False,aucune
a9a161ee,CLI-00059,2026-05-28 00:00:00,373400.0,remboursement_credit,,local,False,aucune
17c5ae00,CLI-00179,2026-05-28 00:00:00,52500.0,decaissement_credit,,local,False,aucune
cac37d3d,CLI-00703,2026-05-28 00:00:00,34500.0,transfert_sortant,CLI-00459,local,False,aucune
91664924,CLI-00347,2026-05-28 00:00:00,23100.0,remboursement_credit,,regional_uemoa,False,aucune
602b6fcb,CLI-00390,2026-05-28 00:00:00,22300.0,depot,,local,False,aucune
311ca96a,CLI-00204,2026-05-28 00:00:00,269300.0,depot,,local,False,aucune
0a8f9732,CLI-00333,2026-05-28 00:00:00,58400.0,retrait,,local,False,aucune
d77a2bcb,CLI-00446,2026-05-28 00:00:00,14700.0,retrait,,local,False,aucune
f1e711ff,CLI-00332,2026-05-28 00:00:00,6800.0,retrait,,local,False,aucune
d443fee5,CLI-00737,2026-05-28 00:00:00,7400.0,depot,,local,False,aucune
0e9e4b1a,CLI-00095,2026-05-28 00:00:00,23600.0,depot,,local,False,aucune
91c68d04,CLI-00720,2026-05-28 00:00:00,35800.0,remboursement_credit,,local,False,aucune
ebd95570,CLI-00256,2026-05-28 00:00:00,275100.0,retrait,,local,False,aucune
2370b20f,CLI-00428,2026-05-28 00:00:00,56800.0,retrait,,local,False,aucune
3b7a0d97,CLI-00428,2026-05-28 00:00:00,27000.0,retrait,,local,False,aucune
6f4b10c7,CLI-00510,2026-05-28 00:00:00,205000.0,depot,,local,False,aucune
72918c2c,CLI-00520,2026-05-28 00:00:00,20900.0,decaissement_credit,,regional_uemoa,False,aucune
6a817397,CLI-00418,2026-05-28 00:00:00,124200.0,depot,,local,False,aucune
c301c391,CLI-00086,2026-05-28 00:00:00,144600.0,transfert_sortant,CLI-00763,local,False,aucune
676876b5,CLI-00446,2026-05-28 00:00:00,129900.0,retrait,,local,False,aucune
0ecf023d,CLI-00512,2026-05-28 00:00:00,9429800.0,depot,,regional_uemoa,False,aucune
231dee9d,CLI-00725,2026-05-29 00:00:00,79900.0,depot,,local,False,aucune
2e620f20,CLI-00756,2026-05-29 00:00:00,47900.0,remboursement_credit,,local,False,aucune
e7ad2124,CLI-00247,2026-05-29 00:00:00,33100.0,depot,,local,False,aucune
b7614cc4,CLI-00766,2026-05-29 00:00:00,62500.0,retrait,,regional_uemoa,False,aucune
3e9d9013,CLI-00007,2026-05-29 00:00:00,234800.0,decaissement_credit,,local,False,aucune
1187b006,CLI-00481,2026-05-29 00:00:00,138300.0,depot,,regional_uemoa,False,aucune
b393d798,CLI-00482,2026-05-29 00:00:00,96300.0,transfert_sortant,CLI-00254,local,False,aucune
8be3207b,CLI-00648,2026-05-29 00:00:00,26600.0,transfert_entrant,CLI-00583,transfrontalier_sensible,False,aucune
12668d76,CLI-00010,2026-05-29 00:00:00,42900.0,depot,,local,False,aucune
037f922f,CLI-00506,2026-05-29 00:00:00,35700.0,depot,,local,False,aucune
c7478750,CLI-00291,2026-05-29 00:00:00,168000.0,transfert_sortant,CLI-00777,regional_uemoa,False,aucune
3e07c50e,CLI-00631,2026-05-29 00:00:00,15200.0,transfert_sortant,CLI-00227,local,False,aucune
f8a9b564,CLI-00154,2026-05-29 00:00:00,205800.0,retrait,,regional_uemoa,False,aucune
01adb9e5,CLI-00379,2026-05-29 00:00:00,19200.0,decaissement_credit,,local,False,aucune
375f068d,CLI-00641,2026-05-29 00:00:00,23700.0,remboursement_credit,,local,False,aucune
e2730c1e,CLI-00516,2026-05-29 00:00:00,9300.0,remboursement_credit,,local,False,aucune
416a7d6b,CLI-00279,2026-05-29 00:00:00,10900.0,decaissement_credit,,local,False,aucune
0d8858ab,CLI-00031,2026-05-29 00:00:00,26100.0,transfert_entrant,CLI-00376,local,False,aucune
e6d3e13b,CLI-00118,2026-05-29 00:00:00,10200.0,depot,,local,False,aucune
ff999cc7,CLI-00277,2026-05-29 00:00:00,6100.0,depot,,local,False,aucune
d6eb43f5,CLI-00738,2026-05-29 00:00:00,12700.0,remboursement_credit,,local,False,aucune
cb903a35,CLI-00674,2026-05-29 00:00:00,129200.0,depot,,regional_uemoa,False,aucune
663d0498,CLI-00074,2026-05-29 00:00:00,452100.0,retrait,,regional_uemoa,False,aucune
de7aeab7,CLI-00458,2026-05-29 00:00:00,37300.0,depot,,regional_uemoa,False,aucune
8021bcf0,CLI-00346,2026-05-29 00:00:00,60400.0,transfert_entrant,CLI-00230,local,False,aucune
b672d555,CLI-00617,2026-05-29 00:00:00,282300.0,retrait,,local,False,aucune
f3c5dd5a,CLI-00601,2026-05-29 00:00:00,165100.0,remboursement_credit,,local,False,aucune
ad5cab8a,CLI-00420,2026-05-29 00:00:00,246000.0,decaissement_credit,,local,False,aucune
53b4dcec,CLI-00092,2026-05-29 00:00:00,6329400.0,remboursement_credit,,local,False,aucune
70dd8724,CLI-00359,2026-05-29 00:00:00,26700.0,depot,,local,False,aucune
06950c3b,CLI-00126,2026-05-29 00:00:00,42200.0,transfert_entrant,CLI-00439,transfrontalier_sensible,False,aucune
5da60cb5,CLI-00085,2026-05-29 00:00:00,9600.0,depot,,local,False,aucune
8dd1bbf9,CLI-00758,2026-05-29 00:00:00,20100.0,retrait,,regional_uemoa,False,aucune
ae2e912e,CLI-00487,2026-05-29 00:00:00,50100.0,retrait,,local,False,aucune
9721d06c,CLI-00124,2026-05-29 00:00:00,327200.0,retrait,,local,False,aucune
e0ac107a,CLI-00556,2026-05-29 00:00:00,39000.0,depot,,local,False,aucune
b6f17751,CLI-00058,2026-05-29 00:00:00,15300.0,retrait,,local,False,aucune
28989011,CLI-00486,2026-05-29 00:00:00,110100.0,decaissement_credit,,local,False,aucune
f8a87e73,CLI-00407,2026-05-29 00:00:00,17300.0,retrait,,transfrontalier_sensible,False,aucune
d829c8ab,CLI-00703,2026-05-29 00:00:00,12800.0,remboursement_credit,,local,False,aucune
e53e9ff1,CLI-00109,2026-05-29 00:00:00,9400.0,transfert_sortant,CLI-00596,local,False,aucune
434d0b8b,CLI-00295,2026-05-29 00:00:00,69900.0,retrait,,regional_uemoa,False,aucune
7b541b76,CLI-00532,2026-05-30 00:00:00,79600.0,retrait,,local,False,aucune
aa1916ff,CLI-00458,2026-05-30 00:00:00,40800.0,depot,,local,False,aucune
227eef34,CLI-00186,2026-05-30 00:00:00,5200.0,depot,,local,False,aucune
a686ab4d,CLI-00681,2026-05-30 00:00:00,133700.0,decaissement_credit,,local,False,aucune
349bf728,CLI-00164,2026-05-30 00:00:00,3600.0,retrait,,local,False,aucune
15e882f9,CLI-00513,2026-05-30 00:00:00,13900.0,transfert_sortant,CLI-00677,transfrontalier_sensible,False,aucune
4be53e9d,CLI-00448,2026-05-30 00:00:00,16900.0,depot,,local,False,aucune
8c1fa7a9,CLI-00755,2026-05-30 00:00:00,211100.0,retrait,,local,False,aucune
72d3de27,CLI-00522,2026-05-30 00:00:00,10400.0,depot,,regional_uemoa,False,aucune
041a028b,CLI-00452,2026-05-30 00:00:00,35500.0,retrait,,regional_uemoa,False,aucune
05c6aec9,CLI-00508,2026-05-30 00:00:00,20700.0,transfert_sortant,CLI-00376,local,False,aucune
b13b4ed1,CLI-00188,2026-05-30 00:00:00,25400.0,remboursement_credit,,local,False,aucune
9e53e0b5,CLI-00202,2026-05-30 00:00:00,26800.0,retrait,,regional_uemoa,False,aucune
8582b078,CLI-00453,2026-05-30 00:00:00,12300.0,remboursement_credit,,local,False,aucune
66944a6f,CLI-00180,2026-05-30 00:00:00,83700.0,transfert_entrant,CLI-00153,local,False,aucune
5c43e04b,CLI-00338,2026-05-30 00:00:00,96800.0,transfert_entrant,CLI-00623,regional_uemoa,False,aucune
de75a8a9,CLI-00232,2026-05-30 00:00:00,88600.0,retrait,,local,False,aucune
f538aa47,CLI-00775,2026-05-30 00:00:00,28200.0,transfert_entrant,CLI-00778,local,False,aucune
d2f50c66,CLI-00422,2026-05-30 00:00:00,37600.0,transfert_sortant,CLI-00026,local,False,aucune
48d676a8,CLI-00584,2026-05-30 00:00:00,27000.0,depot,,local,False,aucune
de1f9337,CLI-00778,2026-05-30 00:00:00,42400.0,retrait,,regional_uemoa,False,aucune
63002faf,CLI-00229,2026-05-30 00:00:00,9600.0,depot,,regional_uemoa,False,aucune
b2f2ceb7,CLI-00588,2026-05-30 00:00:00,442000.0,transfert_entrant,CLI-00221,local,False,aucune
9d33a401,CLI-00157,2026-05-30 00:00:00,70500.0,remboursement_credit,,local,False,aucune
e33c9194,CLI-00070,2026-05-30 00:00:00,31500.0,decaissement_credit,,transfrontalier_sensible,False,aucune
c4d3c32f,CLI-00356,2026-05-30 00:00:00,29900.0,retrait,,regional_uemoa,False,aucune
f3c5263b,CLI-00357,2026-05-30 00:00:00,28600.0,retrait,,local,False,aucune
5f02e768,CLI-00784,2026-05-30 00:00:00,28600.0,transfert_sortant,CLI-00309,local,False,aucune
b8060b83,CLI-00603,2026-05-30 00:00:00,209500.0,retrait,,local,False,aucune
4e615bac,CLI-00061,2026-05-30 00:00:00,16800.0,depot,,regional_uemoa,False,aucune
c5629912,CLI-00786,2026-05-30 00:00:00,20200.0,depot,,local,False,aucune
9f709018,CLI-00573,2026-05-30 00:00:00,148000.0,depot,,regional_uemoa,False,aucune
76aac554,CLI-00655,2026-05-30 00:00:00,361400.0,retrait,,local,False,aucune
dfc304ca,CLI-00247,2026-05-30 00:00:00,44300.0,transfert_entrant,CLI-00665,local,False,aucune
0b4e9c6e,CLI-00372,2026-05-30 00:00:00,37500.0,decaissement_credit,,local,False,aucune
7f70eb00,CLI-00403,2026-05-30 00:00:00,20600.0,retrait,,local,False,aucune
09666251,CLI-00402,2026-05-30 00:00:00,3700.0,retrait,,local,False,aucune
d174716b,CLI-00705,2026-05-30 00:00:00,48600.0,retrait,,local,False,aucune
f8fc4afa,CLI-00019,2026-05-30 00:00:00,39700.0,retrait,,local,False,aucune
b70face9,CLI-00633,2026-05-30 00:00:00,51300.0,transfert_sortant,CLI-00201,local,False,aucune
bb518549,CLI-00741,2026-05-30 00:00:00,43000.0,retrait,,local,False,aucune
155282d0,CLI-00010,2026-05-30 00:00:00,16000.0,remboursement_credit,,transfrontalier_sensible,False,aucune
e3a95c46,CLI-00394,2026-05-30 00:00:00,37100.0,depot,,local,False,aucune
90a13130,CLI-00009,2026-05-30 00:00:00,93200.0,retrait,,local,False,aucune
a5ca41a1,CLI-00740,2026-05-30 00:00:00,141000.0,decaissement_credit,,local,False,aucune
df55ff4a,CLI-00643,2026-05-30 00:00:00,28000.0,transfert_entrant,CLI-00628,local,False,aucune
d430d066,CLI-00001,2026-05-30 00:00:00,93100.0,retrait,,local,False,aucune
85efa560,CLI-00038,2026-05-30 00:00:00,20200.0,remboursement_credit,,local,False,aucune
362de577,CLI-00336,2026-05-30 00:00:00,47700.0,depot,,local,False,aucune
35751b9b,CLI-00200,2026-05-30 00:00:00,79500.0,depot,,local,False,aucune
a14e307c,CLI-00572,2026-05-30 00:00:00,25100.0,transfert_entrant,CLI-00475,local,False,aucune
6fbbb74f,CLI-00726,2026-05-30 00:00:00,35300.0,transfert_sortant,CLI-00274,local,False,aucune
d240b872,CLI-00149,2026-05-30 00:00:00,52600.0,depot,,local,False,aucune
eb4bc0ef,CLI-00725,2026-05-30 00:00:00,14700.0,depot,,regional_uemoa,False,aucune
b5f03a40,CLI-00439,2026-05-30 00:00:00,65000.0,retrait,,transfrontalier_sensible,False,aucune
37ae7f35,CLI-00554,2026-05-30 00:00:00,58300.0,retrait,,transfrontalier_sensible,False,aucune
8cee74d3,CLI-00725,2026-05-30 00:00:00,21500.0,decaissement_credit,,local,False,aucune
5b3dc38c,CLI-00558,2026-05-30 00:00:00,101500.0,depot,,local,False,aucune
bac9c749,CLI-00276,2026-05-30 00:00:00,36500.0,depot,,local,False,aucune
07090c71,CLI-00559,2026-05-30 00:00:00,107300.0,transfert_sortant,CLI-00473,regional_uemoa,False,aucune
82890c35,CLI-00426,2026-05-30 00:00:00,131700.0,decaissement_credit,,local,False,aucune
36d8f3d4,CLI-00323,2026-05-30 00:00:00,42200.0,depot,,local,False,aucune
c9378d50,CLI-00433,2026-05-30 00:00:00,26200.0,depot,,local,False,aucune
07886139,CLI-00323,2026-05-30 00:00:00,44600.0,retrait,,local,False,aucune
0df953cb,CLI-00109,2026-05-30 00:00:00,19600.0,transfert_entrant,CLI-00519,local,False,aucune
972f7458,CLI-00771,2026-05-30 00:00:00,28400.0,depot,,local,False,aucune
4e613a50,CLI-00109,2026-05-30 00:00:00,25200.0,transfert_sortant,CLI-00294,local,False,aucune
67795a0f,CLI-00115,2026-05-30 00:00:00,190300.0,depot,,transfrontalier_sensible,False,aucune
e5570cbc,CLI-00690,2026-05-30 00:00:00,28700.0,retrait,,local,False,aucune
3d5a3e2e,CLI-00676,2026-05-31 00:00:00,38800.0,retrait,,local,False,aucune
facf2110,CLI-00796,2026-05-31 00:00:00,17100.0,depot,,local,False,aucune
c2b053e9,CLI-00022,2026-05-31 00:00:00,35400.0,retrait,,local,False,aucune
eddd9152,CLI-00631,2026-05-31 00:00:00,27500.0,remboursement_credit,,local,False,aucune
864ba851,CLI-00767,2026-05-31 00:00:00,6100.0,decaissement_credit,,local,False,aucune
1d35614f,CLI-00798,2026-05-31 00:00:00,22100.0,transfert_entrant,CLI-00288,local,False,aucune
d1828169,CLI-00568,2026-05-31 00:00:00,126900.0,remboursement_credit,,local,False,aucune
46b2eb7c,CLI-00401,2026-05-31 00:00:00,174900.0,retrait,,local,False,aucune
f5ea9812,CLI-00144,2026-05-31 00:00:00,54600.0,retrait,,local,False,aucune
ef63ec1c,CLI-00287,2026-05-31 00:00:00,30300.0,decaissement_credit,,local,False,aucune
4694193f,CLI-00642,2026-05-31 00:00:00,487000.0,transfert_entrant,CLI-00151,regional_uemoa,False,aucune
af918a15,CLI-00440,2026-05-31 00:00:00,58700.0,depot,,local,False,aucune
a19cc220,CLI-00005,2026-05-31 00:00:00,37000.0,transfert_sortant,CLI-00195,local,False,aucune
526848a2,CLI-00543,2026-05-31 00:00:00,11300.0,remboursement_credit,,transfrontalier_sensible,False,aucune
bcb9cb71,CLI-00520,2026-05-31 00:00:00,77400.0,depot,,local,False,aucune
d065c72d,CLI-00028,2026-05-31 00:00:00,29700.0,retrait,,local,False,aucune
bfbe2d36,CLI-00768,2026-05-31 00:00:00,44800.0,depot,,regional_uemoa,False,aucune
83321c02,CLI-00402,2026-05-31 00:00:00,54200.0,decaissement_credit,,local,False,aucune
f795df75,CLI-00781,2026-05-31 00:00:00,15600.0,remboursement_credit,,local,False,aucune
cbcabb97,CLI-00123,2026-05-31 00:00:00,148100.0,retrait,,transfrontalier_sensible,False,aucune
2d209929,CLI-00069,2026-05-31 00:00:00,10300.0,transfert_sortant,CLI-00775,local,False,aucune
fac34b21,CLI-00124,2026-05-31 00:00:00,19200.0,transfert_entrant,CLI-00675,local,False,aucune
ae02a1b3,CLI-00125,2026-05-31 00:00:00,37800.0,decaissement_credit,,regional_uemoa,False,aucune
b5ce5e1c,CLI-00658,2026-05-31 00:00:00,10100.0,decaissement_credit,,local,False,aucune
53f7465d,CLI-00327,2026-05-31 00:00:00,20600.0,depot,,local,False,aucune
510085ca,CLI-00129,2026-05-31 00:00:00,21500.0,depot,,local,False,aucune
a60b3a1d,CLI-00414,2026-05-31 00:00:00,241000.0,remboursement_credit,,local,False,aucune
e950c29c,CLI-00079,2026-05-31 00:00:00,89400.0,decaissement_credit,,local,False,aucune
8a58d86e,CLI-00051,2026-05-31 00:00:00,51700.0,depot,,regional_uemoa,False,aucune
5543d09c,CLI-00043,2026-05-31 00:00:00,96200.0,retrait,,local,False,aucune
7f97e0f8,CLI-00700,2026-05-31 00:00:00,19300.0,decaissement_credit,,local,False,aucune
c27a5b0e,CLI-00120,2026-05-31 00:00:00,309200.0,decaissement_credit,,local,False,aucune
60494eb9,CLI-00623,2026-05-31 00:00:00,1100.0,remboursement_credit,,local,False,aucune
8a67f699,CLI-00435,2026-05-31 00:00:00,7500.0,depot,,local,False,aucune
e2c000c2,CLI-00347,2026-05-31 00:00:00,11000.0,retrait,,local,False,aucune
b6a07bf4,CLI-00717,2026-05-31 00:00:00,71000.0,remboursement_credit,,local,False,aucune
9ed1c59d,CLI-00542,2026-05-31 00:00:00,195000.0,depot,,local,False,aucune
78b51f5e,CLI-00398,2026-05-31 00:00:00,113600.0,retrait,,local,False,aucune
edc1699f,CLI-00277,2026-05-31 00:00:00,5600.0,remboursement_credit,,local,False,aucune
3115763d,CLI-00680,2026-05-31 00:00:00,9500.0,decaissement_credit,,local,False,aucune
0d4f322b,CLI-00279,2026-05-31 00:00:00,37200.0,retrait,,local,False,aucune
fc227faf,CLI-00478,2026-05-31 00:00:00,62400.0,depot,,local,False,aucune
46ea7ace,CLI-00217,2026-05-31 00:00:00,9800.0,transfert_entrant,CLI-00620,local,False,aucune
792b75ce,CLI-00259,2026-05-31 00:00:00,175600.0,transfert_entrant,CLI-00322,local,False,aucune
f0d3d47f,CLI-00206,2026-05-31 00:00:00,69200.0,depot,,local,False,aucune
f879a9f2,CLI-00208,2026-05-31 00:00:00,190200.0,transfert_sortant,CLI-00356,local,False,aucune
c6671980,CLI-00506,2026-05-31 00:00:00,81200.0,decaissement_credit,,local,False,aucune
23ca3393,CLI-00264,2026-05-31 00:00:00,59100.0,depot,,local,False,aucune
583667a5,CLI-00691,2026-05-31 00:00:00,10100.0,retrait,,local,False,aucune
12a9307b,CLI-00463,2026-05-31 00:00:00,50300.0,depot,,local,False,aucune
528f511d,CLI-00750,2026-05-31 00:00:00,90300.0,depot,,local,False,aucune
8ba20112,CLI-00501,2026-05-31 00:00:00,37600.0,depot,,transfrontalier_sensible,False,aucune
d1c9bc3f,CLI-00484,2026-05-31 00:00:00,81600.0,depot,,local,False,aucune
66273147,CLI-00267,2026-05-31 00:00:00,138500.0,depot,,local,False,aucune
4e03247e,CLI-00076,2026-06-01 00:00:00,5867000.0,depot,,regional_uemoa,False,aucune
aa3d7f14,CLI-00189,2026-06-01 00:00:00,45500.0,transfert_entrant,CLI-00385,regional_uemoa,False,aucune
b6542226,CLI-00077,2026-06-01 00:00:00,9100.0,retrait,,local,False,aucune
0ebe305d,CLI-00508,2026-06-01 00:00:00,14000.0,remboursement_credit,,local,False,aucune
1684fb2a,CLI-00317,2026-06-01 00:00:00,79600.0,transfert_entrant,CLI-00422,regional_uemoa,False,aucune
b40daa6c,CLI-00170,2026-06-01 00:00:00,40800.0,transfert_entrant,CLI-00409,local,False,aucune
377ca7ae,CLI-00310,2026-06-01 00:00:00,36000.0,remboursement_credit,,local,False,aucune
343e8a5d,CLI-00310,2026-06-01 00:00:00,36700.0,transfert_sortant,CLI-00071,local,False,aucune
a83ff412,CLI-00146,2026-06-01 00:00:00,31400.0,retrait,,local,False,aucune
c3f99b35,CLI-00563,2026-06-01 00:00:00,4000.0,depot,,local,False,aucune
bb77700b,CLI-00385,2026-06-01 00:00:00,1749100.0,transfert_sortant,CLI-00534,local,False,aucune
19f737ee,CLI-00212,2026-06-01 00:00:00,23000.0,depot,,local,False,aucune
6091276f,CLI-00677,2026-06-01 00:00:00,26600.0,retrait,,local,False,aucune
62bb335a,CLI-00636,2026-06-01 00:00:00,33900.0,depot,,local,False,aucune
3595e2cf,CLI-00107,2026-06-01 00:00:00,50500.0,depot,,transfrontalier_sensible,False,aucune
4789d4f9,CLI-00600,2026-06-01 00:00:00,27800.0,depot,,local,False,aucune
46b7ef9d,CLI-00436,2026-06-01 00:00:00,390500.0,depot,,local,False,aucune
e6aa5cdc,CLI-00027,2026-06-01 00:00:00,70200.0,remboursement_credit,,local,False,aucune
3b9fda1f,CLI-00203,2026-06-01 00:00:00,25900.0,depot,,local,False,aucune
688844fa,CLI-00691,2026-06-01 00:00:00,6700.0,remboursement_credit,,local,False,aucune
9c4e8867,CLI-00021,2026-06-01 00:00:00,18300.0,depot,,local,False,aucune
003197d5,CLI-00705,2026-06-01 00:00:00,8500.0,transfert_entrant,CLI-00540,local,False,aucune
39261485,CLI-00183,2026-06-01 00:00:00,34500.0,depot,,local,False,aucune
ce45987d,CLI-00716,2026-06-01 00:00:00,12900.0,retrait,,local,False,aucune
9ed06b88,CLI-00106,2026-06-01 00:00:00,311200.0,retrait,,local,False,aucune
4e88460e,CLI-00553,2026-06-01 00:00:00,28100.0,retrait,,local,False,aucune
6d36eede,CLI-00062,2026-06-01 00:00:00,94500.0,remboursement_credit,,local,False,aucune
b26750cc,CLI-00031,2026-06-01 00:00:00,68000.0,retrait,,local,False,aucune
f33ac12a,CLI-00306,2026-06-01 00:00:00,13500.0,remboursement_credit,,local,False,aucune
dcfe7a18,CLI-00032,2026-06-01 00:00:00,14600.0,depot,,local,False,aucune
a050eae6,CLI-00308,2026-06-01 00:00:00,29900.0,depot,,local,False,aucune
aaeac5e0,CLI-00076,2026-06-01 00:00:00,43300.0,transfert_entrant,CLI-00767,local,False,aucune
85eeac31,CLI-00636,2026-06-01 00:00:00,14700.0,retrait,,local,False,aucune
e2a17cec,CLI-00051,2026-06-01 00:00:00,118900.0,depot,,local,False,aucune
375a0602,CLI-00375,2026-06-01 00:00:00,111800.0,transfert_sortant,CLI-00206,local,False,aucune
4729f5e3,CLI-00477,2026-06-01 00:00:00,14200.0,depot,,regional_uemoa,False,aucune
60eb4fac,CLI-00364,2026-06-01 00:00:00,34900.0,retrait,,local,False,aucune
b2b941c4,CLI-00475,2026-06-01 00:00:00,45300.0,depot,,local,False,aucune
810c11f5,CLI-00001,2026-06-01 00:00:00,47700.0,depot,,local,False,aucune
ea66bc89,CLI-00313,2026-06-01 00:00:00,146100.0,retrait,,regional_uemoa,False,aucune
5ca5beb0,CLI-00495,2026-06-01 00:00:00,8600.0,retrait,,local,False,aucune
a8995f3e,CLI-00719,2026-06-01 00:00:00,8700.0,decaissement_credit,,local,False,aucune
d09c4cbd,CLI-00092,2026-06-01 00:00:00,28200.0,depot,,local,False,aucune
32dd9599,CLI-00495,2026-06-01 00:00:00,1500.0,remboursement_credit,,local,False,aucune
4ae1e4b4,CLI-00004,2026-06-01 00:00:00,13800.0,decaissement_credit,,regional_uemoa,False,aucune
c54314ee,CLI-00123,2026-06-01 00:00:00,53600.0,retrait,,local,False,aucune
15f0fb82,CLI-00044,2026-06-01 00:00:00,51200.0,depot,,local,False,aucune
d95f53be,CLI-00264,2026-06-01 00:00:00,176200.0,depot,,regional_uemoa,False,aucune
6bc3e346,CLI-00608,2026-06-01 00:00:00,38300.0,remboursement_credit,,regional_uemoa,False,aucune
09a52fed,CLI-00467,2026-06-01 00:00:00,76800.0,transfert_entrant,CLI-00025,regional_uemoa,False,aucune
ad8219ed,CLI-00270,2026-06-01 00:00:00,27400.0,depot,,local,False,aucune
3184526e,CLI-00765,2026-06-01 00:00:00,57100.0,depot,,local,False,aucune
1c91574e,CLI-00124,2026-06-01 00:00:00,1200.0,depot,,local,False,aucune
28cef5f0,CLI-00590,2026-06-02 00:00:00,91500.0,transfert_sortant,CLI-00793,local,False,aucune
8325e2b3,CLI-00105,2026-06-02 00:00:00,10900.0,depot,,local,False,aucune
f4ebe44a,CLI-00527,2026-06-02 00:00:00,68900.0,decaissement_credit,,local,False,aucune
4d7ae509,CLI-00770,2026-06-02 00:00:00,190700.0,transfert_entrant,CLI-00037,local,False,aucune
cd1df102,CLI-00470,2026-06-02 00:00:00,54600.0,remboursement_credit,,local,False,aucune
4ff8ed2c,CLI-00667,2026-06-02 00:00:00,30500.0,transfert_sortant,CLI-00043,regional_uemoa,False,aucune
42f702bb,CLI-00655,2026-06-02 00:00:00,64300.0,retrait,,local,False,aucune
5055ddad,CLI-00213,2026-06-02 00:00:00,61800.0,transfert_sortant,CLI-00714,regional_uemoa,False,aucune
428b4f43,CLI-00394,2026-06-02 00:00:00,46400.0,transfert_sortant,CLI-00213,local,False,aucune
0af6d615,CLI-00777,2026-06-02 00:00:00,491800.0,decaissement_credit,,local,False,aucune
2f7f6a57,CLI-00766,2026-06-02 00:00:00,23100.0,remboursement_credit,,regional_uemoa,False,aucune
f952f2cf,CLI-00435,2026-06-02 00:00:00,31200.0,retrait,,transfrontalier_sensible,False,aucune
7b53135d,CLI-00039,2026-06-02 00:00:00,21800.0,depot,,local,False,aucune
81e39a22,CLI-00096,2026-06-02 00:00:00,44000.0,depot,,local,False,aucune
6f90f5ee,CLI-00725,2026-06-02 00:00:00,22500.0,depot,,local,False,aucune
e287cde4,CLI-00053,2026-06-02 00:00:00,572300.0,retrait,,local,False,aucune
4c33ce79,CLI-00631,2026-06-02 00:00:00,98000.0,decaissement_credit,,regional_uemoa,False,aucune
72a0913f,CLI-00209,2026-06-02 00:00:00,17400.0,decaissement_credit,,local,False,aucune
4a30739e,CLI-00507,2026-06-02 00:00:00,91000.0,remboursement_credit,,local,False,aucune
7a7c44f0,CLI-00748,2026-06-02 00:00:00,58100.0,decaissement_credit,,local,False,aucune
944c043d,CLI-00102,2026-06-02 00:00:00,7200.0,depot,,local,False,aucune
dfdd12ec,CLI-00532,2026-06-02 00:00:00,86600.0,retrait,,local,False,aucune
f0719830,CLI-00357,2026-06-02 00:00:00,19900.0,remboursement_credit,,local,False,aucune
e049aee8,CLI-00391,2026-06-02 00:00:00,85600.0,depot,,regional_uemoa,False,aucune
c912bb2e,CLI-00067,2026-06-02 00:00:00,54400.0,depot,,local,False,aucune
8c914b51,CLI-00335,2026-06-02 00:00:00,218000.0,transfert_entrant,CLI-00593,local,False,aucune
627e6468,CLI-00400,2026-06-02 00:00:00,76800.0,remboursement_credit,,local,False,aucune
fca9ec02,CLI-00003,2026-06-02 00:00:00,25400.0,retrait,,local,False,aucune
844181df,CLI-00040,2026-06-02 00:00:00,30200.0,depot,,regional_uemoa,False,aucune
3ee8238f,CLI-00032,2026-06-02 00:00:00,12200.0,depot,,local,False,aucune
c11865b1,CLI-00255,2026-06-02 00:00:00,21600.0,depot,,local,False,aucune
78c45a33,CLI-00381,2026-06-02 00:00:00,5700.0,retrait,,local,False,aucune
17b141eb,CLI-00034,2026-06-02 00:00:00,19500.0,depot,,local,False,aucune
b7af7916,CLI-00234,2026-06-02 00:00:00,70700.0,retrait,,local,False,aucune
1e296d6b,CLI-00662,2026-06-02 00:00:00,21700.0,remboursement_credit,,local,False,aucune
deb31f81,CLI-00308,2026-06-02 00:00:00,107600.0,retrait,,local,False,aucune
75c3c340,CLI-00615,2026-06-02 00:00:00,78700.0,remboursement_credit,,local,False,aucune
b7fe63e3,CLI-00666,2026-06-02 00:00:00,287000.0,retrait,,local,False,aucune
87a33b77,CLI-00515,2026-06-02 00:00:00,58100.0,depot,,local,False,aucune
d6f81de2,CLI-00497,2026-06-02 00:00:00,21900.0,depot,,local,False,aucune
8a7ed03b,CLI-00572,2026-06-02 00:00:00,37000.0,depot,,local,False,aucune
c6406c5d,CLI-00103,2026-06-02 00:00:00,57000.0,retrait,,local,False,aucune
315c5952,CLI-00042,2026-06-02 00:00:00,58600.0,retrait,,local,False,aucune
080f3e2d,CLI-00167,2026-06-02 00:00:00,28000.0,retrait,,local,False,aucune
f9e82b06,CLI-00190,2026-06-02 00:00:00,36700.0,depot,,local,False,aucune
e502a9ed,CLI-00335,2026-06-02 00:00:00,73500.0,depot,,regional_uemoa,False,aucune
e8ff14ad,CLI-00476,2026-06-02 00:00:00,37700.0,retrait,,local,False,aucune
0861e21b,CLI-00208,2026-06-02 00:00:00,62600.0,remboursement_credit,,regional_uemoa,False,aucune
b2761588,CLI-00286,2026-06-02 00:00:00,87100.0,depot,,local,False,aucune
70054da7,CLI-00352,2026-06-02 00:00:00,132700.0,remboursement_credit,,local,False,aucune
4c47e134,CLI-00715,2026-06-03 00:00:00,51300.0,transfert_entrant,CLI-00578,local,False,aucune
45ca904b,CLI-00796,2026-06-03 00:00:00,319200.0,retrait,,local,False,aucune
fadbe7f4,CLI-00047,2026-06-03 00:00:00,61700.0,transfert_sortant,CLI-00140,local,False,aucune
13ae8920,CLI-00691,2026-06-03 00:00:00,43400.0,retrait,,local,False,aucune
438aa5df,CLI-00103,2026-06-03 00:00:00,81600.0,depot,,local,False,aucune
179c7340,CLI-00113,2026-06-03 00:00:00,39700.0,transfert_sortant,CLI-00340,local,False,aucune
3af48ee1,CLI-00159,2026-06-03 00:00:00,34400.0,decaissement_credit,,local,False,aucune
3862096b,CLI-00205,2026-06-03 00:00:00,81500.0,retrait,,local,False,aucune
677fdc56,CLI-00576,2026-06-03 00:00:00,24500.0,decaissement_credit,,local,False,aucune
73f2767a,CLI-00695,2026-06-03 00:00:00,104500.0,depot,,local,False,aucune
953f6e2d,CLI-00791,2026-06-03 00:00:00,327600.0,decaissement_credit,,local,False,aucune
458f946a,CLI-00459,2026-06-03 00:00:00,28300.0,transfert_sortant,CLI-00669,local,False,aucune
ac24eeeb,CLI-00060,2026-06-03 00:00:00,63700.0,decaissement_credit,,local,False,aucune
7e845c60,CLI-00745,2026-06-03 00:00:00,55100.0,depot,,regional_uemoa,False,aucune
d383340d,CLI-00658,2026-06-03 00:00:00,48400.0,retrait,,local,False,aucune
9d987e30,CLI-00099,2026-06-03 00:00:00,438300.0,depot,,regional_uemoa,False,aucune
fe7a4c77,CLI-00307,2026-06-03 00:00:00,86700.0,decaissement_credit,,local,False,aucune
4a9d6679,CLI-00402,2026-06-03 00:00:00,3000.0,depot,,local,False,aucune
93b38e00,CLI-00244,2026-06-03 00:00:00,149500.0,retrait,,local,False,aucune
e595e687,CLI-00062,2026-06-03 00:00:00,36600.0,depot,,local,False,aucune
48512873,CLI-00625,2026-06-03 00:00:00,12300.0,transfert_entrant,CLI-00441,local,False,aucune
2d3b74fd,CLI-00237,2026-06-03 00:00:00,99200.0,transfert_entrant,CLI-00260,local,False,aucune
fa5168f3,CLI-00485,2026-06-03 00:00:00,28700.0,transfert_sortant,CLI-00224,local,False,aucune
935e75e1,CLI-00488,2026-06-03 00:00:00,61200.0,retrait,,local,False,aucune
fe25dc23,CLI-00260,2026-06-03 00:00:00,44000.0,remboursement_credit,,local,False,aucune
093b69ae,CLI-00054,2026-06-03 00:00:00,36800.0,depot,,local,False,aucune
a02f117c,CLI-00151,2026-06-03 00:00:00,37400.0,transfert_entrant,CLI-00217,local,False,aucune
15cb7662,CLI-00536,2026-06-03 00:00:00,26500.0,retrait,,local,False,aucune
890fca52,CLI-00550,2026-06-03 00:00:00,127900.0,depot,,local,False,aucune
e9ce3233,CLI-00760,2026-06-03 00:00:00,25100.0,transfert_entrant,CLI-00590,local,False,aucune
f99521fc,CLI-00110,2026-06-03 00:00:00,7268600.0,remboursement_credit,,local,False,aucune
a8d07b06,CLI-00116,2026-06-03 00:00:00,43500.0,retrait,,local,False,aucune
19bde338,CLI-00761,2026-06-03 00:00:00,3200.0,transfert_entrant,CLI-00411,local,False,aucune
8d861c14,CLI-00199,2026-06-03 00:00:00,5500.0,depot,,local,False,aucune
52753bd7,CLI-00077,2026-06-03 00:00:00,73900.0,remboursement_credit,,local,False,aucune
9ff8326f,CLI-00783,2026-06-03 00:00:00,69500.0,transfert_sortant,CLI-00755,local,False,aucune
9c4dfed0,CLI-00435,2026-06-03 00:00:00,51300.0,transfert_entrant,CLI-00693,local,False,aucune
98b9e7ed,CLI-00330,2026-06-03 00:00:00,113700.0,depot,,regional_uemoa,False,aucune
f23b24c7,CLI-00456,2026-06-03 00:00:00,34200.0,transfert_entrant,CLI-00377,local,False,aucune
24328323,CLI-00594,2026-06-03 00:00:00,125500.0,transfert_sortant,CLI-00666,local,False,aucune
5ff5f652,CLI-00292,2026-06-03 00:00:00,89200.0,transfert_sortant,CLI-00242,transfrontalier_sensible,False,aucune
7257015a,CLI-00117,2026-06-03 00:00:00,95600.0,depot,,regional_uemoa,False,aucune
695d58fa,CLI-00522,2026-06-03 00:00:00,45300.0,remboursement_credit,,local,False,aucune
5a181605,CLI-00231,2026-06-03 00:00:00,7700.0,depot,,local,False,aucune
e7a10d66,CLI-00230,2026-06-03 00:00:00,17000.0,depot,,regional_uemoa,False,aucune
e8a99037,CLI-00268,2026-06-03 00:00:00,3716800.0,transfert_sortant,,transfrontalier_sensible,True,corridor_sensible
cb615bce,CLI-00456,2026-06-03 00:00:00,5500.0,transfert_sortant,CLI-00250,local,False,aucune
79b0c36a,CLI-00684,2026-06-03 00:00:00,23600.0,depot,,local,False,aucune
7c2ca243,CLI-00678,2026-06-03 00:00:00,20500.0,remboursement_credit,,local,False,aucune
2fd0c9e4,CLI-00643,2026-06-03 00:00:00,84500.0,remboursement_credit,,local,False,aucune
af87a769,CLI-00344,2026-06-03 00:00:00,95800.0,transfert_sortant,CLI-00001,local,False,aucune
7aa7c25c,CLI-00429,2026-06-03 00:00:00,145900.0,depot,,local,False,aucune
4f6f4596,CLI-00717,2026-06-03 00:00:00,56800.0,depot,,local,False,aucune
896530dc,CLI-00379,2026-06-03 00:00:00,122100.0,retrait,,local,False,aucune
fdf63b81,CLI-00026,2026-06-03 00:00:00,39100.0,depot,,transfrontalier_sensible,False,aucune
eacdc029,CLI-00298,2026-06-03 00:00:00,58400.0,decaissement_credit,,local,False,aucune
9a097b8b,CLI-00134,2026-06-03 00:00:00,44400.0,retrait,,transfrontalier_sensible,False,aucune
676c1df3,CLI-00512,2026-06-03 00:00:00,44700.0,retrait,,local,False,aucune
161976ab,CLI-00686,2026-06-03 00:00:00,10200.0,retrait,,transfrontalier_sensible,False,aucune
72fac4b5,CLI-00023,2026-06-04 00:00:00,11000.0,depot,,local,False,aucune
fed63ba3,CLI-00578,2026-06-04 00:00:00,44100.0,decaissement_credit,,local,False,aucune
d1474c79,CLI-00262,2026-06-04 00:00:00,374900.0,retrait,,local,False,aucune
449d8871,CLI-00396,2026-06-04 00:00:00,2900.0,retrait,,local,False,aucune
b3658da7,CLI-00282,2026-06-04 00:00:00,66000.0,depot,,local,False,aucune
4ac771e3,CLI-00557,2026-06-04 00:00:00,31500.0,remboursement_credit,,local,False,aucune
5b3a0142,CLI-00582,2026-06-04 00:00:00,120200.0,retrait,,local,False,aucune
74a77bba,CLI-00716,2026-06-04 00:00:00,34000.0,decaissement_credit,,local,False,aucune
cfd9a5ea,CLI-00143,2026-06-04 00:00:00,28500.0,retrait,,regional_uemoa,False,aucune
d777f89e,CLI-00167,2026-06-04 00:00:00,113600.0,retrait,,local,False,aucune
ddd170d4,CLI-00232,2026-06-04 00:00:00,206700.0,transfert_sortant,CLI-00422,local,False,aucune
a854c776,CLI-00178,2026-06-04 00:00:00,19700.0,transfert_entrant,CLI-00124,local,False,aucune
ebb4bf8e,CLI-00653,2026-06-04 00:00:00,81900.0,retrait,,local,False,aucune
bf1bedaf,CLI-00622,2026-06-04 00:00:00,49000.0,depot,,local,False,aucune
adcf9bd7,CLI-00536,2026-06-04 00:00:00,16300.0,remboursement_credit,,local,False,aucune
bb8a06c3,CLI-00661,2026-06-04 00:00:00,28200.0,retrait,,transfrontalier_sensible,False,aucune
7570e243,CLI-00147,2026-06-04 00:00:00,18300.0,retrait,,regional_uemoa,False,aucune
bbf82b88,CLI-00432,2026-06-04 00:00:00,84500.0,remboursement_credit,,local,False,aucune
8c7a11b1,CLI-00162,2026-06-04 00:00:00,365200.0,depot,,local,False,aucune
abb8a371,CLI-00337,2026-06-04 00:00:00,142700.0,transfert_entrant,CLI-00353,local,False,aucune
4aa9df59,CLI-00199,2026-06-04 00:00:00,17800.0,depot,,local,False,aucune
9a0e7012,CLI-00732,2026-06-04 00:00:00,172000.0,transfert_entrant,CLI-00126,local,False,aucune
f69cdb93,CLI-00270,2026-06-04 00:00:00,88000.0,retrait,,local,False,aucune
a4ab46a5,CLI-00647,2026-06-04 00:00:00,9500.0,remboursement_credit,,local,False,aucune
6f15fb7b,CLI-00345,2026-06-04 00:00:00,232500.0,remboursement_credit,,local,False,aucune
883eb022,CLI-00328,2026-06-04 00:00:00,53100.0,retrait,,local,False,aucune
42be34b4,CLI-00176,2026-06-04 00:00:00,43200.0,depot,,local,False,aucune
bcdfbdbb,CLI-00321,2026-06-04 00:00:00,19400.0,transfert_entrant,CLI-00606,local,False,aucune
cdbd7a82,CLI-00406,2026-06-04 00:00:00,63900.0,retrait,,local,False,aucune
8384477c,CLI-00574,2026-06-04 00:00:00,51800.0,remboursement_credit,,local,False,aucune
f78c2165,CLI-00250,2026-06-04 00:00:00,123900.0,depot,,local,False,aucune
c09a5a09,CLI-00315,2026-06-04 00:00:00,119900.0,retrait,,local,False,aucune
9ff7588d,CLI-00720,2026-06-04 00:00:00,39600.0,depot,,transfrontalier_sensible,False,aucune
c395b155,CLI-00230,2026-06-04 00:00:00,44000.0,decaissement_credit,,local,False,aucune
60387138,CLI-00618,2026-06-04 00:00:00,158400.0,transfert_entrant,CLI-00122,local,False,aucune
1baa5904,CLI-00572,2026-06-04 00:00:00,133400.0,retrait,,local,False,aucune
59179409,CLI-00698,2026-06-04 00:00:00,16000.0,retrait,,regional_uemoa,False,aucune
9c80c5f8,CLI-00178,2026-06-04 00:00:00,49500.0,transfert_entrant,CLI-00708,local,False,aucune
2f9ca4ab,CLI-00768,2026-06-04 00:00:00,27000.0,transfert_entrant,CLI-00401,local,False,aucune
609a6b5d,CLI-00220,2026-06-04 00:00:00,7700.0,transfert_entrant,CLI-00040,local,False,aucune
25c2049b,CLI-00298,2026-06-04 00:00:00,3338800.0,transfert_entrant,CLI-00195,regional_uemoa,False,aucune
e8dbd194,CLI-00318,2026-06-04 00:00:00,113000.0,decaissement_credit,,regional_uemoa,False,aucune
8d68d7b3,CLI-00020,2026-06-04 00:00:00,10700.0,transfert_entrant,CLI-00270,transfrontalier_sensible,False,aucune
2c453b6c,CLI-00132,2026-06-04 00:00:00,166000.0,retrait,,local,False,aucune
e7592b05,CLI-00283,2026-06-04 00:00:00,12800.0,retrait,,regional_uemoa,False,aucune
653f86e4,CLI-00623,2026-06-04 00:00:00,37400.0,depot,,local,False,aucune
79c66fdb,CLI-00625,2026-06-04 00:00:00,96900.0,transfert_sortant,CLI-00064,regional_uemoa,False,aucune
725a0267,CLI-00599,2026-06-04 00:00:00,27200.0,remboursement_credit,,regional_uemoa,False,aucune
02de7a81,CLI-00402,2026-06-04 00:00:00,54200.0,retrait,,local,False,aucune
4a561191,CLI-00258,2026-06-05 00:00:00,30900.0,remboursement_credit,,local,False,aucune
f0764c3c,CLI-00733,2026-06-05 00:00:00,16600.0,remboursement_credit,,local,False,aucune
7fcd7f26,CLI-00050,2026-06-05 00:00:00,66600.0,depot,,regional_uemoa,False,aucune
fc5d2732,CLI-00722,2026-06-05 00:00:00,31600.0,transfert_entrant,CLI-00075,local,False,aucune
89550c04,CLI-00501,2026-06-05 00:00:00,125800.0,remboursement_credit,,local,False,aucune
a1ed4a00,CLI-00275,2026-06-05 00:00:00,39600.0,retrait,,local,False,aucune
8f75f58e,CLI-00041,2026-06-05 00:00:00,68200.0,retrait,,local,False,aucune
6d930e0f,CLI-00275,2026-06-05 00:00:00,72600.0,decaissement_credit,,local,False,aucune
38b8465f,CLI-00086,2026-06-05 00:00:00,6200.0,retrait,,local,False,aucune
05eb23f4,CLI-00493,2026-06-05 00:00:00,19200.0,depot,,local,False,aucune
43977374,CLI-00500,2026-06-05 00:00:00,188700.0,depot,,local,False,aucune
f541b01a,CLI-00259,2026-06-05 00:00:00,364500.0,retrait,,regional_uemoa,False,aucune
312b3abb,CLI-00134,2026-06-05 00:00:00,6346400.0,transfert_sortant,CLI-00799,local,False,aucune
bf690756,CLI-00455,2026-06-05 00:00:00,17400.0,transfert_sortant,CLI-00457,local,False,aucune
2f691459,CLI-00337,2026-06-05 00:00:00,126600.0,decaissement_credit,,local,False,aucune
15f36332,CLI-00092,2026-06-05 00:00:00,147400.0,transfert_entrant,CLI-00438,regional_uemoa,False,aucune
920b7571,CLI-00047,2026-06-05 00:00:00,121100.0,transfert_entrant,CLI-00109,regional_uemoa,False,aucune
b7819c69,CLI-00440,2026-06-05 00:00:00,529000.0,retrait,,local,False,aucune
99ade4e6,CLI-00343,2026-06-05 00:00:00,36300.0,remboursement_credit,,local,False,aucune
d1658d3a,CLI-00516,2026-06-05 00:00:00,21400.0,depot,,local,False,aucune
47fd5c79,CLI-00343,2026-06-05 00:00:00,103100.0,retrait,,regional_uemoa,False,aucune
63ff478c,CLI-00087,2026-06-05 00:00:00,64700.0,retrait,,regional_uemoa,False,aucune
88f1bf71,CLI-00174,2026-06-05 00:00:00,74600.0,transfert_sortant,CLI-00793,local,False,aucune
1fd2e4ce,CLI-00667,2026-06-05 00:00:00,199300.0,retrait,,local,False,aucune
46f980a1,CLI-00475,2026-06-05 00:00:00,12300.0,remboursement_credit,,local,False,aucune
ba9186e6,CLI-00726,2026-06-05 00:00:00,121200.0,retrait,,transfrontalier_sensible,False,aucune
17140ab7,CLI-00363,2026-06-05 00:00:00,49200.0,transfert_entrant,CLI-00490,local,False,aucune
2c6e8e4f,CLI-00681,2026-06-05 00:00:00,90400.0,transfert_sortant,CLI-00534,local,False,aucune
63b8d11a,CLI-00088,2026-06-05 00:00:00,26300.0,retrait,,local,False,aucune
747b078c,CLI-00473,2026-06-05 00:00:00,189000.0,transfert_sortant,CLI-00600,local,False,aucune
511a3b82,CLI-00142,2026-06-05 00:00:00,11300.0,retrait,,local,False,aucune
cd4b6e7d,CLI-00009,2026-06-05 00:00:00,24600.0,retrait,,local,False,aucune
a2518be5,CLI-00238,2026-06-05 00:00:00,24900.0,remboursement_credit,,local,False,aucune
01d545cb,CLI-00081,2026-06-05 00:00:00,14700.0,transfert_sortant,CLI-00034,local,False,aucune
894c3702,CLI-00035,2026-06-05 00:00:00,10100.0,retrait,,local,False,aucune
2a3675b5,CLI-00214,2026-06-05 00:00:00,18300.0,transfert_entrant,CLI-00179,local,False,aucune
a50aec43,CLI-00694,2026-06-05 00:00:00,43600.0,transfert_entrant,CLI-00755,local,False,aucune
688c8305,CLI-00062,2026-06-05 00:00:00,139200.0,transfert_entrant,CLI-00671,local,False,aucune
4040e0ce,CLI-00170,2026-06-05 00:00:00,21900.0,remboursement_credit,,regional_uemoa,False,aucune
cb79d1a0,CLI-00107,2026-06-05 00:00:00,227100.0,transfert_entrant,CLI-00007,local,False,aucune
5c1f57f7,CLI-00786,2026-06-05 00:00:00,4299800.0,retrait,,local,False,aucune
8117043c,CLI-00552,2026-06-05 00:00:00,92500.0,retrait,,local,False,aucune
51058afb,CLI-00710,2026-06-05 00:00:00,55100.0,retrait,,transfrontalier_sensible,False,aucune
5e61a899,CLI-00250,2026-06-05 00:00:00,72100.0,transfert_sortant,CLI-00528,regional_uemoa,False,aucune
2eb41417,CLI-00515,2026-06-05 00:00:00,14700.0,retrait,,local,False,aucune
f86f1f27,CLI-00170,2026-06-05 00:00:00,150500.0,retrait,,local,False,aucune
b9af5fdd,CLI-00709,2026-06-05 00:00:00,10700.0,decaissement_credit,,local,False,aucune
abdacfff,CLI-00490,2026-06-05 00:00:00,80900.0,retrait,,local,False,aucune
dc3fb6d9,CLI-00756,2026-06-05 00:00:00,48300.0,transfert_sortant,CLI-00080,local,False,aucune
6f7ddba3,CLI-00255,2026-06-05 00:00:00,24500.0,transfert_entrant,CLI-00642,local,False,aucune
d1d7ad21,CLI-00444,2026-06-05 00:00:00,61000.0,retrait,,local,False,aucune
3d1db178,CLI-00096,2026-06-05 00:00:00,26500.0,decaissement_credit,,local,False,aucune
ef373b17,CLI-00751,2026-06-05 00:00:00,46500.0,retrait,,local,False,aucune
7dd658cb,CLI-00163,2026-06-05 00:00:00,12700.0,retrait,,local,False,aucune
acbd2512,CLI-00130,2026-06-05 00:00:00,37100.0,retrait,,local,False,aucune
a736f4ac,CLI-00638,2026-06-05 00:00:00,339200.0,depot,,local,False,aucune
d5584126,CLI-00683,2026-06-06 00:00:00,48100.0,remboursement_credit,,local,False,aucune
e5edf4e8,CLI-00273,2026-06-06 00:00:00,4200.0,retrait,,local,False,aucune
4b9dd7e0,CLI-00433,2026-06-06 00:00:00,104500.0,transfert_entrant,CLI-00546,transfrontalier_sensible,False,aucune
e6205415,CLI-00662,2026-06-06 00:00:00,32400.0,decaissement_credit,,local,False,aucune
357c03f9,CLI-00560,2026-06-06 00:00:00,74500.0,depot,,regional_uemoa,False,aucune
611295ab,CLI-00237,2026-06-06 00:00:00,11400.0,decaissement_credit,,local,False,aucune
d6dc0149,CLI-00690,2026-06-06 00:00:00,118700.0,decaissement_credit,,local,False,aucune
30621783,CLI-00274,2026-06-06 00:00:00,61100.0,transfert_sortant,CLI-00625,local,False,aucune
5e428e14,CLI-00701,2026-06-06 00:00:00,3800.0,decaissement_credit,,local,False,aucune
85260f46,CLI-00748,2026-06-06 00:00:00,35900.0,retrait,,transfrontalier_sensible,False,aucune
42001499,CLI-00686,2026-06-06 00:00:00,22700.0,decaissement_credit,,local,False,aucune
31ad170d,CLI-00598,2026-06-06 00:00:00,80500.0,transfert_entrant,CLI-00338,local,False,aucune
e8a3ee32,CLI-00073,2026-06-06 00:00:00,6515000.0,remboursement_credit,,local,False,aucune
78cbd8e7,CLI-00356,2026-06-06 00:00:00,22200.0,transfert_entrant,CLI-00144,local,False,aucune
2bbb007a,CLI-00126,2026-06-06 00:00:00,22500.0,remboursement_credit,,local,False,aucune
5bd62e09,CLI-00724,2026-06-06 00:00:00,15800.0,decaissement_credit,,local,False,aucune
9526e1f5,CLI-00061,2026-06-06 00:00:00,66300.0,depot,,local,False,aucune
3a316188,CLI-00745,2026-06-06 00:00:00,11100.0,retrait,,local,False,aucune
4aa92f12,CLI-00280,2026-06-06 00:00:00,33100.0,retrait,,local,False,aucune
d6a9c56b,CLI-00520,2026-06-06 00:00:00,59400.0,transfert_entrant,CLI-00171,local,False,aucune
a8d3e43f,CLI-00649,2026-06-06 00:00:00,73500.0,depot,,local,False,aucune
4f47bd0a,CLI-00004,2026-06-06 00:00:00,47600.0,retrait,,local,False,aucune
79d4f701,CLI-00010,2026-06-06 00:00:00,4500.0,remboursement_credit,,local,False,aucune
09bd56b6,CLI-00514,2026-06-06 00:00:00,38100.0,retrait,,local,False,aucune
5f58ed9d,CLI-00643,2026-06-06 00:00:00,58000.0,retrait,,local,False,aucune
cbcc3f1c,CLI-00634,2026-06-06 00:00:00,10900.0,retrait,,local,False,aucune
aedf5b07,CLI-00247,2026-06-06 00:00:00,46600.0,decaissement_credit,,local,False,aucune
81275a34,CLI-00006,2026-06-06 00:00:00,74500.0,transfert_sortant,CLI-00158,local,False,aucune
7311c06d,CLI-00693,2026-06-06 00:00:00,29200.0,transfert_sortant,CLI-00551,local,False,aucune
0a37d0a7,CLI-00040,2026-06-06 00:00:00,26400.0,depot,,local,False,aucune
c86f829b,CLI-00017,2026-06-06 00:00:00,22500.0,transfert_entrant,CLI-00431,local,False,aucune
13742877,CLI-00268,2026-06-06 00:00:00,2180000.0,transfert_sortant,,transfrontalier_sensible,True,corridor_sensible
1d700d44,CLI-00709,2026-06-06 00:00:00,25900.0,transfert_sortant,CLI-00516,local,False,aucune
511ca34c,CLI-00035,2026-06-06 00:00:00,31600.0,remboursement_credit,,local,False,aucune
c63feeef,CLI-00036,2026-06-06 00:00:00,3900.0,depot,,regional_uemoa,False,aucune
0305edff,CLI-00207,2026-06-06 00:00:00,67800.0,transfert_entrant,CLI-00124,regional_uemoa,False,aucune
763b110f,CLI-00369,2026-06-06 00:00:00,132500.0,depot,,regional_uemoa,False,aucune
33ac2c4d,CLI-00037,2026-06-06 00:00:00,68100.0,depot,,regional_uemoa,False,aucune
fb671eb1,CLI-00255,2026-06-06 00:00:00,121100.0,transfert_sortant,CLI-00153,local,False,aucune
4b67de09,CLI-00638,2026-06-06 00:00:00,44000.0,transfert_entrant,CLI-00382,regional_uemoa,False,aucune
0006b577,CLI-00449,2026-06-06 00:00:00,9100.0,retrait,,regional_uemoa,False,aucune
d54e4be7,CLI-00535,2026-06-06 00:00:00,69900.0,transfert_entrant,CLI-00366,local,False,aucune
8d568355,CLI-00032,2026-06-06 00:00:00,70000.0,depot,,local,False,aucune
57ea9f11,CLI-00204,2026-06-06 00:00:00,63400.0,retrait,,local,False,aucune
12510857,CLI-00286,2026-06-06 00:00:00,12800.0,retrait,,local,False,aucune
18703a1e,CLI-00517,2026-06-06 00:00:00,40000.0,depot,,regional_uemoa,False,aucune
f49b4582,CLI-00450,2026-06-06 00:00:00,22300.0,transfert_sortant,CLI-00306,local,False,aucune
2e5a13f9,CLI-00729,2026-06-06 00:00:00,206000.0,depot,,local,False,aucune
e31e2ee5,CLI-00720,2026-06-06 00:00:00,27600.0,depot,,local,False,aucune
cf06942c,CLI-00155,2026-06-06 00:00:00,234400.0,transfert_entrant,CLI-00234,local,False,aucune
dcd8bd8c,CLI-00795,2026-06-06 00:00:00,81400.0,depot,,local,False,aucune
4804f294,CLI-00619,2026-06-06 00:00:00,24700.0,retrait,,local,False,aucune
a7e1067d,CLI-00680,2026-06-06 00:00:00,121600.0,decaissement_credit,,local,False,aucune
a30a4bc9,CLI-00624,2026-06-06 00:00:00,4000.0,depot,,regional_uemoa,False,aucune
870f2ad6,CLI-00108,2026-06-06 00:00:00,53400.0,depot,,local,False,aucune
c54da4ed,CLI-00191,2026-06-07 00:00:00,166400.0,depot,,transfrontalier_sensible,False,aucune
aaaded69,CLI-00129,2026-06-07 00:00:00,15700.0,decaissement_credit,,local,False,aucune
983c43a6,CLI-00460,2026-06-07 00:00:00,7995300.0,depot,,local,True,layering
188af636,CLI-00233,2026-06-07 00:00:00,20300.0,transfert_entrant,CLI-00350,local,False,aucune
56b10eb2,CLI-00552,2026-06-07 00:00:00,14100.0,depot,,regional_uemoa,False,aucune
da85bc71,CLI-00626,2026-06-07 00:00:00,19900.0,transfert_entrant,CLI-00604,local,False,aucune
95d2e472,CLI-00084,2026-06-07 00:00:00,53800.0,depot,,local,False,aucune
cb732ac8,CLI-00696,2026-06-07 00:00:00,32300.0,transfert_sortant,CLI-00018,local,False,aucune
91e4a5d2,CLI-00779,2026-06-07 00:00:00,78100.0,retrait,,local,False,aucune
a2bac267,CLI-00467,2026-06-07 00:00:00,19800.0,transfert_sortant,CLI-00124,regional_uemoa,False,aucune
18c0faf6,CLI-00416,2026-06-07 00:00:00,215300.0,depot,,local,False,aucune
d8f2108b,CLI-00492,2026-06-07 00:00:00,14500.0,retrait,,local,False,aucune
036498e4,CLI-00444,2026-06-07 00:00:00,23400.0,retrait,,transfrontalier_sensible,False,aucune
02cc333c,CLI-00394,2026-06-07 00:00:00,40200.0,retrait,,regional_uemoa,False,aucune
ef947f39,CLI-00630,2026-06-07 00:00:00,26300.0,remboursement_credit,,local,False,aucune
c3e97599,CLI-00035,2026-06-07 00:00:00,21300.0,retrait,,local,False,aucune
af3e92a2,CLI-00625,2026-06-07 00:00:00,4800.0,retrait,,local,False,aucune
d56c4001,CLI-00304,2026-06-07 00:00:00,76300.0,depot,,local,False,aucune
eaf3d182,CLI-00350,2026-06-07 00:00:00,43100.0,transfert_sortant,CLI-00496,local,False,aucune
536ddda7,CLI-00683,2026-06-07 00:00:00,389000.0,depot,,local,False,aucune
5b74f510,CLI-00329,2026-06-07 00:00:00,19300.0,transfert_entrant,CLI-00157,local,False,aucune
8ad51fdb,CLI-00315,2026-06-07 00:00:00,120300.0,transfert_entrant,CLI-00629,transfrontalier_sensible,False,aucune
2cd420a5,CLI-00499,2026-06-07 00:00:00,202400.0,depot,,local,False,aucune
35a708ba,CLI-00714,2026-06-07 00:00:00,13700.0,retrait,,local,False,aucune
34241a9d,CLI-00002,2026-06-07 00:00:00,20500.0,decaissement_credit,,local,False,aucune
ab27c913,CLI-00392,2026-06-07 00:00:00,52700.0,depot,,local,False,aucune
34a07ca4,CLI-00255,2026-06-07 00:00:00,300000.0,depot,,local,False,aucune
d0cbc875,CLI-00195,2026-06-07 00:00:00,193900.0,transfert_entrant,CLI-00495,regional_uemoa,False,aucune
dc872357,CLI-00664,2026-06-07 00:00:00,157900.0,remboursement_credit,,local,False,aucune
39a5b1e8,CLI-00585,2026-06-07 00:00:00,45300.0,remboursement_credit,,local,False,aucune
326f7857,CLI-00051,2026-06-07 00:00:00,7300.0,retrait,,local,False,aucune
2e5ff0e7,CLI-00765,2026-06-07 00:00:00,4610000.0,transfert_entrant,CLI-00641,local,False,aucune
6c11e5f1,CLI-00686,2026-06-07 00:00:00,67400.0,retrait,,local,False,aucune
b1fe1b56,CLI-00197,2026-06-07 00:00:00,105100.0,transfert_sortant,CLI-00459,local,False,aucune
defb9191,CLI-00315,2026-06-07 00:00:00,33000.0,retrait,,regional_uemoa,False,aucune
ccf60e12,CLI-00268,2026-06-07 00:00:00,77600.0,retrait,,local,False,aucune
ea67888b,CLI-00453,2026-06-07 00:00:00,369500.0,depot,,local,False,aucune
bc8b535a,CLI-00176,2026-06-07 00:00:00,12200.0,retrait,,local,False,aucune
3210c770,CLI-00662,2026-06-07 00:00:00,4600.0,remboursement_credit,,transfrontalier_sensible,False,aucune
e9bf4a05,CLI-00413,2026-06-07 00:00:00,61800.0,depot,,local,False,aucune
95e1fd55,CLI-00527,2026-06-07 00:00:00,16900.0,remboursement_credit,,local,False,aucune
b75665ce,CLI-00462,2026-06-07 00:00:00,43200.0,retrait,,local,False,aucune
ebb243bf,CLI-00055,2026-06-07 00:00:00,13400.0,transfert_entrant,CLI-00685,local,False,aucune
fc22539b,CLI-00407,2026-06-07 00:00:00,27500.0,depot,,local,False,aucune
955ed05a,CLI-00252,2026-06-07 00:00:00,150600.0,transfert_sortant,CLI-00570,local,False,aucune
3a2ef0bb,CLI-00015,2026-06-07 00:00:00,117100.0,retrait,,local,False,aucune
468bff1a,CLI-00460,2026-06-07 10:00:00,1318900.0,transfert_sortant,CLI-00376,local,True,layering
1fc66cc9,CLI-00460,2026-06-07 12:00:00,1904400.0,transfert_sortant,CLI-00470,local,True,layering
6e0484ce,CLI-00460,2026-06-07 16:00:00,1595100.0,transfert_sortant,CLI-00273,regional_uemoa,True,layering
6f863b1a,CLI-00460,2026-06-07 18:00:00,1654600.0,transfert_sortant,CLI-00688,local,True,layering
de6a1a15,CLI-00784,2026-06-08 00:00:00,23300.0,retrait,,local,False,aucune
1966bc14,CLI-00767,2026-06-08 00:00:00,76300.0,depot,,local,False,aucune
af7a5318,CLI-00498,2026-06-08 00:00:00,8400.0,transfert_entrant,CLI-00065,local,False,aucune
46b15714,CLI-00568,2026-06-08 00:00:00,128800.0,transfert_entrant,CLI-00530,local,False,aucune
6799bfe7,CLI-00734,2026-06-08 00:00:00,13300.0,transfert_entrant,CLI-00260,local,False,aucune
4d6a5671,CLI-00025,2026-06-08 00:00:00,9800.0,remboursement_credit,,local,False,aucune
5819042c,CLI-00558,2026-06-08 00:00:00,23900.0,depot,,local,False,aucune
52e78c56,CLI-00631,2026-06-08 00:00:00,12700.0,transfert_entrant,CLI-00735,local,False,aucune
5a90a18a,CLI-00637,2026-06-08 00:00:00,23500.0,depot,,local,False,aucune
203fc022,CLI-00597,2026-06-08 00:00:00,473700.0,decaissement_credit,,local,False,aucune
748128d5,CLI-00470,2026-06-08 00:00:00,48100.0,retrait,,local,False,aucune
77953936,CLI-00631,2026-06-08 00:00:00,339500.0,depot,,local,False,aucune
68e51d32,CLI-00413,2026-06-08 00:00:00,108800.0,remboursement_credit,,local,False,aucune
a851802d,CLI-00742,2026-06-08 00:00:00,184100.0,depot,,local,False,aucune
5f59d9d2,CLI-00253,2026-06-08 00:00:00,74700.0,depot,,local,False,aucune
aac10615,CLI-00069,2026-06-08 00:00:00,139100.0,depot,,local,False,aucune
825426f2,CLI-00133,2026-06-08 00:00:00,6000.0,decaissement_credit,,local,False,aucune
0fa0f107,CLI-00292,2026-06-08 00:00:00,245300.0,retrait,,local,False,aucune
b622efc6,CLI-00380,2026-06-08 00:00:00,26000.0,retrait,,local,False,aucune
7f90a3f2,CLI-00480,2026-06-08 00:00:00,67900.0,transfert_entrant,CLI-00150,local,False,aucune
e1c7ba89,CLI-00267,2026-06-08 00:00:00,346400.0,depot,,transfrontalier_sensible,False,aucune
74f51c70,CLI-00222,2026-06-08 00:00:00,4300.0,remboursement_credit,,local,False,aucune
3e632e83,CLI-00123,2026-06-08 00:00:00,37000.0,retrait,,local,False,aucune
caeb54e2,CLI-00454,2026-06-08 00:00:00,20900.0,retrait,,local,False,aucune
9adeb415,CLI-00441,2026-06-08 00:00:00,114200.0,retrait,,local,False,aucune
f02beb2d,CLI-00145,2026-06-08 00:00:00,10000.0,transfert_sortant,CLI-00180,local,False,aucune
8d3fe914,CLI-00578,2026-06-08 00:00:00,5300.0,retrait,,local,False,aucune
d723041c,CLI-00568,2026-06-08 00:00:00,8700.0,depot,,local,False,aucune
a41d1e72,CLI-00385,2026-06-08 00:00:00,46200.0,depot,,local,False,aucune
1e62293d,CLI-00671,2026-06-08 00:00:00,37000.0,retrait,,transfrontalier_sensible,False,aucune
03d9a869,CLI-00036,2026-06-08 00:00:00,29100.0,decaissement_credit,,local,False,aucune
150951ba,CLI-00003,2026-06-08 00:00:00,31200.0,depot,,regional_uemoa,False,aucune
1ac026dc,CLI-00416,2026-06-08 00:00:00,41800.0,depot,,local,False,aucune
08b27738,CLI-00496,2026-06-08 00:00:00,95300.0,remboursement_credit,,local,False,aucune
c86d9c1c,CLI-00344,2026-06-08 00:00:00,61100.0,decaissement_credit,,local,False,aucune
22af1503,CLI-00646,2026-06-08 00:00:00,184800.0,depot,,local,False,aucune
e490349f,CLI-00475,2026-06-08 00:00:00,46600.0,transfert_sortant,CLI-00097,local,False,aucune
fd0e3353,CLI-00103,2026-06-08 00:00:00,17700.0,retrait,,local,False,aucune
1db32997,CLI-00318,2026-06-08 00:00:00,28800.0,transfert_sortant,CLI-00720,local,False,aucune
1c66e13d,CLI-00715,2026-06-08 00:00:00,248200.0,transfert_sortant,CLI-00682,local,False,aucune
d37834da,CLI-00425,2026-06-08 00:00:00,40400.0,depot,,regional_uemoa,False,aucune
55ca6c35,CLI-00410,2026-06-08 00:00:00,27300.0,depot,,local,False,aucune
22bc99d8,CLI-00365,2026-06-08 00:00:00,39000.0,retrait,,regional_uemoa,False,aucune
53f3e4d8,CLI-00033,2026-06-08 00:00:00,3800.0,remboursement_credit,,local,False,aucune
63987c7a,CLI-00794,2026-06-08 00:00:00,61200.0,transfert_sortant,CLI-00541,local,False,aucune
6740d54f,CLI-00794,2026-06-08 00:00:00,43500.0,decaissement_credit,,local,False,aucune
c3432718,CLI-00217,2026-06-08 00:00:00,79700.0,retrait,,local,False,aucune
12368fc7,CLI-00570,2026-06-08 00:00:00,23600.0,retrait,,local,False,aucune
76721485,CLI-00477,2026-06-08 00:00:00,225000.0,transfert_entrant,CLI-00429,local,False,aucune
ee0314d7,CLI-00370,2026-06-08 00:00:00,95100.0,remboursement_credit,,local,False,aucune
1fbec470,CLI-00460,2026-06-08 04:00:00,1217900.0,transfert_sortant,CLI-00375,local,True,layering
5814c984,CLI-00329,2026-06-09 00:00:00,145800.0,retrait,,local,False,aucune
f866c8c3,CLI-00121,2026-06-09 00:00:00,104300.0,retrait,,local,False,aucune
44caad4f,CLI-00684,2026-06-09 00:00:00,258700.0,transfert_sortant,CLI-00101,local,False,aucune
670a9a3e,CLI-00566,2026-06-09 00:00:00,139200.0,transfert_entrant,CLI-00082,local,False,aucune
cf8edefb,CLI-00337,2026-06-09 00:00:00,16500.0,transfert_entrant,CLI-00385,local,False,aucune
66c8dae6,CLI-00722,2026-06-09 00:00:00,44200.0,depot,,local,False,aucune
a793fb1f,CLI-00523,2026-06-09 00:00:00,19800.0,decaissement_credit,,local,False,aucune
1f482d4c,CLI-00563,2026-06-09 00:00:00,56500.0,depot,,regional_uemoa,False,aucune
d8a54172,CLI-00677,2026-06-09 00:00:00,55200.0,depot,,local,False,aucune
5db99b5d,CLI-00563,2026-06-09 00:00:00,12900.0,retrait,,local,False,aucune
fdf9a94c,CLI-00456,2026-06-09 00:00:00,74000.0,transfert_sortant,CLI-00469,local,False,aucune
4b36121b,CLI-00220,2026-06-09 00:00:00,37700.0,depot,,regional_uemoa,False,aucune
8dc1f5df,CLI-00012,2026-06-09 00:00:00,97900.0,decaissement_credit,,local,False,aucune
aad188e5,CLI-00192,2026-06-09 00:00:00,94800.0,transfert_entrant,CLI-00006,local,False,aucune
a7ab994b,CLI-00269,2026-06-09 00:00:00,105700.0,retrait,,regional_uemoa,False,aucune
6522d998,CLI-00125,2026-06-09 00:00:00,4000.0,retrait,,local,False,aucune
0842febb,CLI-00094,2026-06-09 00:00:00,19200.0,depot,,local,False,aucune
c33c9927,CLI-00343,2026-06-09 00:00:00,132400.0,remboursement_credit,,regional_uemoa,False,aucune
709f824e,CLI-00229,2026-06-09 00:00:00,129600.0,decaissement_credit,,local,False,aucune
4cbfa09c,CLI-00201,2026-06-09 00:00:00,23800.0,depot,,local,False,aucune
14323086,CLI-00476,2026-06-09 00:00:00,18300.0,decaissement_credit,,local,False,aucune
ce6784dc,CLI-00431,2026-06-09 00:00:00,59600.0,depot,,local,False,aucune
911717cb,CLI-00290,2026-06-09 00:00:00,13000.0,decaissement_credit,,local,False,aucune
bf751ec5,CLI-00771,2026-06-09 00:00:00,106100.0,retrait,,local,False,aucune
f17c0f7b,CLI-00263,2026-06-09 00:00:00,2200.0,retrait,,local,False,aucune
28f030ec,CLI-00627,2026-06-09 00:00:00,32000.0,transfert_entrant,CLI-00043,regional_uemoa,False,aucune
230f431d,CLI-00368,2026-06-09 00:00:00,8300.0,retrait,,local,False,aucune
a7e3bc76,CLI-00658,2026-06-09 00:00:00,12300.0,decaissement_credit,,local,False,aucune
3ce97e3b,CLI-00759,2026-06-09 00:00:00,17500.0,depot,,local,False,aucune
616b5529,CLI-00763,2026-06-09 00:00:00,64100.0,depot,,regional_uemoa,False,aucune
fdcf7868,CLI-00304,2026-06-09 00:00:00,34100.0,transfert_entrant,CLI-00627,transfrontalier_sensible,False,aucune
5b511c65,CLI-00051,2026-06-09 00:00:00,66200.0,retrait,,regional_uemoa,False,aucune
7a69d7aa,CLI-00335,2026-06-09 00:00:00,20300.0,retrait,,local,False,aucune
954ca2ef,CLI-00367,2026-06-09 00:00:00,129400.0,depot,,local,False,aucune
50c4c6ed,CLI-00409,2026-06-09 00:00:00,71900.0,depot,,local,False,aucune
680e6ebd,CLI-00762,2026-06-09 00:00:00,196900.0,decaissement_credit,,local,False,aucune
c917ca89,CLI-00766,2026-06-09 00:00:00,122300.0,transfert_entrant,CLI-00795,local,False,aucune
a673f543,CLI-00310,2026-06-09 00:00:00,116700.0,remboursement_credit,,local,False,aucune
3d26ee6e,CLI-00621,2026-06-09 00:00:00,20700.0,depot,,local,False,aucune
7285f4b4,CLI-00341,2026-06-09 00:00:00,13700.0,retrait,,local,False,aucune
1becf211,CLI-00058,2026-06-09 00:00:00,86100.0,retrait,,local,False,aucune
1d52faf2,CLI-00099,2026-06-09 00:00:00,94400.0,transfert_entrant,CLI-00289,local,False,aucune
b8947b78,CLI-00425,2026-06-09 00:00:00,63600.0,transfert_entrant,CLI-00437,local,False,aucune
9dea2887,CLI-00109,2026-06-09 00:00:00,52900.0,retrait,,local,False,aucune
907033f2,CLI-00138,2026-06-09 00:00:00,116600.0,retrait,,local,False,aucune
934198e4,CLI-00136,2026-06-09 00:00:00,75700.0,depot,,local,False,aucune
c0361ed5,CLI-00412,2026-06-09 00:00:00,34300.0,transfert_sortant,CLI-00314,local,False,aucune
8588edd4,CLI-00435,2026-06-09 00:00:00,127700.0,depot,,local,False,aucune
f6f2726d,CLI-00252,2026-06-09 00:00:00,34600.0,depot,,regional_uemoa,False,aucune
7ca2e247,CLI-00513,2026-06-09 00:00:00,19300.0,depot,,local,False,aucune
491774b1,CLI-00364,2026-06-09 00:00:00,32800.0,transfert_sortant,CLI-00183,local,False,aucune
148aada4,CLI-00152,2026-06-09 00:00:00,29000.0,remboursement_credit,,transfrontalier_sensible,False,aucune
79dc8ee3,CLI-00764,2026-06-09 00:00:00,55900.0,decaissement_credit,,regional_uemoa,False,aucune
064c2196,CLI-00022,2026-06-09 00:00:00,1344800.0,remboursement_credit,,local,False,aucune
888a1198,CLI-00614,2026-06-09 00:00:00,5700.0,remboursement_credit,,local,False,aucune
b4af293d,CLI-00055,2026-06-09 00:00:00,50800.0,retrait,,local,False,aucune
53045bc6,CLI-00615,2026-06-10 00:00:00,83100.0,depot,,local,False,aucune
577e08de,CLI-00255,2026-06-10 00:00:00,60200.0,transfert_sortant,CLI-00017,local,False,aucune
72cbdbe9,CLI-00748,2026-06-10 00:00:00,97400.0,retrait,,local,False,aucune
34e43de4,CLI-00364,2026-06-10 00:00:00,99300.0,transfert_entrant,CLI-00601,local,False,aucune
b86f01cf,CLI-00713,2026-06-10 00:00:00,134800.0,transfert_sortant,CLI-00644,local,False,aucune
454e2012,CLI-00611,2026-06-10 00:00:00,15800.0,decaissement_credit,,local,False,aucune
2312e5c8,CLI-00053,2026-06-10 00:00:00,25700.0,retrait,,local,False,aucune
e373c0ac,CLI-00049,2026-06-10 00:00:00,88500.0,transfert_entrant,CLI-00051,local,False,aucune
0c9d3c98,CLI-00485,2026-06-10 00:00:00,74100.0,transfert_sortant,CLI-00049,local,False,aucune
384867ae,CLI-00408,2026-06-10 00:00:00,3792600.0,retrait,,local,False,aucune
7295b8d8,CLI-00053,2026-06-10 00:00:00,263300.0,retrait,,local,False,aucune
936cd0cf,CLI-00708,2026-06-10 00:00:00,9800.0,transfert_sortant,CLI-00440,local,False,aucune
1c7828f2,CLI-00086,2026-06-10 00:00:00,70700.0,retrait,,transfrontalier_sensible,False,aucune
6f359356,CLI-00280,2026-06-10 00:00:00,227900.0,depot,,local,False,aucune
66a6680a,CLI-00156,2026-06-10 00:00:00,85300.0,retrait,,local,False,aucune
cc9d652a,CLI-00196,2026-06-10 00:00:00,57800.0,transfert_entrant,CLI-00572,local,False,aucune
1bd643bc,CLI-00263,2026-06-10 00:00:00,44500.0,transfert_sortant,CLI-00321,regional_uemoa,False,aucune
0e7c1858,CLI-00789,2026-06-10 00:00:00,16300.0,transfert_sortant,CLI-00500,local,False,aucune
733f0779,CLI-00148,2026-06-10 00:00:00,24500.0,transfert_sortant,CLI-00274,local,False,aucune
c77425ae,CLI-00338,2026-06-10 00:00:00,107100.0,transfert_entrant,CLI-00155,local,False,aucune
2c76fc29,CLI-00586,2026-06-10 00:00:00,107700.0,depot,,local,False,aucune
b97c8240,CLI-00156,2026-06-10 00:00:00,14000.0,remboursement_credit,,local,False,aucune
b1249405,CLI-00051,2026-06-10 00:00:00,27500.0,retrait,,local,False,aucune
c9205955,CLI-00150,2026-06-10 00:00:00,17700.0,retrait,,local,False,aucune
f7ece7a6,CLI-00365,2026-06-10 00:00:00,65100.0,depot,,transfrontalier_sensible,False,aucune
d43c8562,CLI-00426,2026-06-10 00:00:00,62200.0,depot,,local,False,aucune
ff51319c,CLI-00667,2026-06-10 00:00:00,9800.0,depot,,local,False,aucune
d83e5772,CLI-00510,2026-06-10 00:00:00,14700.0,retrait,,local,False,aucune
3d53114b,CLI-00136,2026-06-10 00:00:00,357700.0,retrait,,regional_uemoa,False,aucune
9b96582c,CLI-00658,2026-06-10 00:00:00,74000.0,retrait,,transfrontalier_sensible,False,aucune
a68d74dd,CLI-00356,2026-06-10 00:00:00,100900.0,decaissement_credit,,local,False,aucune
5edbe8c6,CLI-00024,2026-06-10 00:00:00,8734900.0,depot,,local,False,aucune
fe546c1b,CLI-00351,2026-06-10 00:00:00,42700.0,depot,,regional_uemoa,False,aucune
15674d81,CLI-00024,2026-06-10 00:00:00,143100.0,remboursement_credit,,regional_uemoa,False,aucune
df2f9823,CLI-00400,2026-06-10 00:00:00,106000.0,transfert_entrant,CLI-00663,local,False,aucune
20d3a6a0,CLI-00556,2026-06-10 00:00:00,54100.0,depot,,local,False,aucune
e0013ff8,CLI-00568,2026-06-10 00:00:00,26300.0,depot,,local,False,aucune
19d09d3c,CLI-00767,2026-06-10 00:00:00,101800.0,depot,,local,False,aucune
eb64f60f,CLI-00298,2026-06-10 00:00:00,104500.0,transfert_entrant,CLI-00080,regional_uemoa,False,aucune
cc3dc629,CLI-00293,2026-06-10 00:00:00,68500.0,retrait,,local,False,aucune
3233e302,CLI-00798,2026-06-10 00:00:00,24000.0,transfert_sortant,CLI-00587,local,False,aucune
ef6c954e,CLI-00297,2026-06-10 00:00:00,20000.0,depot,,local,False,aucune
8ac93233,CLI-00283,2026-06-10 00:00:00,30600.0,retrait,,regional_uemoa,False,aucune
97f66a42,CLI-00554,2026-06-10 00:00:00,26600.0,retrait,,local,False,aucune
5563ca99,CLI-00065,2026-06-10 00:00:00,152600.0,transfert_sortant,CLI-00464,local,False,aucune
48fa1e6d,CLI-00446,2026-06-10 00:00:00,31500.0,transfert_sortant,CLI-00641,local,False,aucune
01a490ca,CLI-00394,2026-06-10 00:00:00,57000.0,transfert_sortant,CLI-00321,local,False,aucune
49407fcb,CLI-00085,2026-06-10 00:00:00,97900.0,retrait,,regional_uemoa,False,aucune
6d1d4e40,CLI-00775,2026-06-10 00:00:00,319200.0,transfert_sortant,CLI-00057,local,False,aucune
58aad5f8,CLI-00360,2026-06-10 00:00:00,62100.0,depot,,local,False,aucune
8b62c5a7,CLI-00475,2026-06-10 00:00:00,49000.0,remboursement_credit,,local,False,aucune
ad350865,CLI-00317,2026-06-10 00:00:00,46000.0,depot,,local,False,aucune
40bcf429,CLI-00359,2026-06-10 00:00:00,128500.0,retrait,,local,False,aucune
a4ca2434,CLI-00126,2026-06-10 00:00:00,53400.0,transfert_sortant,CLI-00763,local,False,aucune
3b5c33e2,CLI-00169,2026-06-10 00:00:00,21700.0,depot,,local,False,aucune
7b55cb07,CLI-00785,2026-06-10 00:00:00,7200.0,depot,,local,False,aucune
ced11eef,CLI-00497,2026-06-10 00:00:00,4400.0,retrait,,local,False,aucune
394d26f5,CLI-00743,2026-06-10 00:00:00,220000.0,decaissement_credit,,local,False,aucune
e2df2cee,CLI-00603,2026-06-10 00:00:00,26100.0,retrait,,local,False,aucune
2f461239,CLI-00154,2026-06-10 00:00:00,21400.0,depot,,local,False,aucune
02be8882,CLI-00498,2026-06-11 00:00:00,29300.0,depot,,local,False,aucune
7e3f4b95,CLI-00337,2026-06-11 00:00:00,38900.0,retrait,,local,False,aucune
66e77339,CLI-00568,2026-06-11 00:00:00,76400.0,retrait,,local,False,aucune
94059848,CLI-00737,2026-06-11 00:00:00,13200.0,decaissement_credit,,local,False,aucune
402b4994,CLI-00498,2026-06-11 00:00:00,9200.0,transfert_entrant,CLI-00380,local,False,aucune
887c9639,CLI-00497,2026-06-11 00:00:00,80400.0,retrait,,local,False,aucune
372fbf8a,CLI-00224,2026-06-11 00:00:00,42000.0,depot,,local,False,aucune
e151a75a,CLI-00662,2026-06-11 00:00:00,20000.0,depot,,local,False,aucune
57d5f7c5,CLI-00110,2026-06-11 00:00:00,15200.0,retrait,,local,False,aucune
e0b9726f,CLI-00108,2026-06-11 00:00:00,79700.0,transfert_sortant,CLI-00622,local,False,aucune
3bcd64d1,CLI-00047,2026-06-11 00:00:00,103000.0,retrait,,regional_uemoa,False,aucune
ccea543f,CLI-00362,2026-06-11 00:00:00,60100.0,depot,,local,False,aucune
a38534b3,CLI-00672,2026-06-11 00:00:00,740600.0,retrait,,local,False,aucune
ef9cd873,CLI-00609,2026-06-11 00:00:00,4500.0,remboursement_credit,,local,False,aucune
f9af4bbe,CLI-00049,2026-06-11 00:00:00,13600.0,transfert_sortant,CLI-00425,local,False,aucune
57e494d6,CLI-00477,2026-06-11 00:00:00,6100.0,transfert_sortant,CLI-00603,regional_uemoa,False,aucune
c9e3daf7,CLI-00048,2026-06-11 00:00:00,48500.0,transfert_entrant,CLI-00506,local,False,aucune
a11b8f2c,CLI-00584,2026-06-11 00:00:00,11800.0,depot,,local,False,aucune
664a71d4,CLI-00543,2026-06-11 00:00:00,212100.0,transfert_entrant,CLI-00639,local,False,aucune
2c72ce1b,CLI-00478,2026-06-11 00:00:00,48500.0,transfert_entrant,CLI-00209,local,False,aucune
b87fed79,CLI-00687,2026-06-11 00:00:00,57100.0,depot,,local,False,aucune
33fb4605,CLI-00673,2026-06-11 00:00:00,37900.0,transfert_sortant,CLI-00526,local,False,aucune
b63d6068,CLI-00790,2026-06-11 00:00:00,9000.0,depot,,local,False,aucune
79aa3764,CLI-00763,2026-06-11 00:00:00,165200.0,transfert_sortant,CLI-00109,local,False,aucune
9c050d4b,CLI-00243,2026-06-11 00:00:00,26100.0,retrait,,local,False,aucune
25013696,CLI-00448,2026-06-11 00:00:00,110000.0,depot,,local,False,aucune
45a8c422,CLI-00703,2026-06-11 00:00:00,9500.0,retrait,,local,False,aucune
88f0aed1,CLI-00618,2026-06-11 00:00:00,65700.0,depot,,local,False,aucune
7cd3843a,CLI-00536,2026-06-11 00:00:00,1600.0,transfert_entrant,CLI-00157,local,False,aucune
6e62df4a,CLI-00375,2026-06-11 00:00:00,43900.0,retrait,,local,False,aucune
a0c625b0,CLI-00172,2026-06-11 00:00:00,25900.0,retrait,,local,False,aucune
e594f740,CLI-00026,2026-06-11 00:00:00,3959400.0,depot,,regional_uemoa,False,aucune
a2eeef33,CLI-00626,2026-06-11 00:00:00,18100.0,depot,,local,False,aucune
587201f4,CLI-00175,2026-06-11 00:00:00,133600.0,retrait,,local,False,aucune
56516384,CLI-00283,2026-06-11 00:00:00,14500.0,retrait,,local,False,aucune
ca819404,CLI-00606,2026-06-11 00:00:00,78700.0,transfert_sortant,CLI-00180,local,False,aucune
d3c0df0c,CLI-00648,2026-06-11 00:00:00,15500.0,transfert_sortant,CLI-00129,local,False,aucune
e5464a55,CLI-00412,2026-06-11 00:00:00,60800.0,retrait,,regional_uemoa,False,aucune
b8a30fde,CLI-00257,2026-06-11 00:00:00,57100.0,remboursement_credit,,local,False,aucune
f8302342,CLI-00197,2026-06-11 00:00:00,44200.0,depot,,regional_uemoa,False,aucune
6b1dd567,CLI-00415,2026-06-11 00:00:00,77000.0,retrait,,regional_uemoa,False,aucune
be2f3523,CLI-00686,2026-06-11 00:00:00,18200.0,depot,,regional_uemoa,False,aucune
83f93be8,CLI-00593,2026-06-11 00:00:00,64800.0,retrait,,local,False,aucune
dba1af09,CLI-00268,2026-06-11 00:00:00,17700.0,retrait,,local,False,aucune
a9cb15dc,CLI-00434,2026-06-11 00:00:00,136900.0,transfert_entrant,CLI-00679,local,False,aucune
794df879,CLI-00074,2026-06-11 00:00:00,50400.0,transfert_entrant,CLI-00043,local,False,aucune
9b57b786,CLI-00434,2026-06-11 00:00:00,155500.0,retrait,,regional_uemoa,False,aucune
ede98ac0,CLI-00502,2026-06-11 00:00:00,65400.0,depot,,local,False,aucune
8bdd019f,CLI-00516,2026-06-11 00:00:00,13800.0,transfert_entrant,CLI-00726,local,False,aucune
b5c12b36,CLI-00455,2026-06-11 00:00:00,45200.0,depot,,local,False,aucune
56bf0061,CLI-00671,2026-06-11 00:00:00,24800.0,transfert_sortant,CLI-00760,local,False,aucune
29781cad,CLI-00481,2026-06-11 00:00:00,45000.0,depot,,regional_uemoa,False,aucune
425ac943,CLI-00136,2026-06-11 00:00:00,241500.0,decaissement_credit,,local,False,aucune
e7817625,CLI-00600,2026-06-11 00:00:00,96400.0,retrait,,local,False,aucune
2b1af9fa,CLI-00389,2026-06-11 00:00:00,286100.0,transfert_entrant,CLI-00544,local,False,aucune
fba82afd,CLI-00393,2026-06-11 00:00:00,25600.0,transfert_entrant,CLI-00176,regional_uemoa,False,aucune
4a3cca2f,CLI-00388,2026-06-11 00:00:00,13700.0,retrait,,local,False,aucune
312e67a8,CLI-00239,2026-06-11 00:00:00,216200.0,decaissement_credit,,local,False,aucune
fcbc8068,CLI-00670,2026-06-11 00:00:00,66700.0,depot,,local,False,aucune
e5d1a3e9,CLI-00657,2026-06-11 00:00:00,90800.0,retrait,,local,False,aucune
a1309fe0,CLI-00360,2026-06-11 00:00:00,14100.0,remboursement_credit,,local,False,aucune
ad73b31f,CLI-00397,2026-06-12 00:00:00,85900.0,depot,,local,False,aucune
f187ac77,CLI-00710,2026-06-12 00:00:00,77200.0,retrait,,regional_uemoa,False,aucune
a34e9631,CLI-00638,2026-06-12 00:00:00,79600.0,transfert_sortant,CLI-00533,regional_uemoa,False,aucune
9769330b,CLI-00108,2026-06-12 00:00:00,31800.0,retrait,,local,False,aucune
99ea3898,CLI-00389,2026-06-12 00:00:00,107200.0,retrait,,regional_uemoa,False,aucune
673e6f18,CLI-00256,2026-06-12 00:00:00,15700.0,retrait,,local,False,aucune
ddd49839,CLI-00228,2026-06-12 00:00:00,67300.0,remboursement_credit,,local,False,aucune
eebb4eea,CLI-00703,2026-06-12 00:00:00,52300.0,decaissement_credit,,regional_uemoa,False,aucune
2d9b6143,CLI-00778,2026-06-12 00:00:00,5800.0,remboursement_credit,,local,False,aucune
84c8391e,CLI-00348,2026-06-12 00:00:00,101200.0,transfert_entrant,CLI-00064,local,False,aucune
01dfc8fb,CLI-00660,2026-06-12 00:00:00,144800.0,transfert_sortant,CLI-00131,regional_uemoa,False,aucune
4d0bb96b,CLI-00597,2026-06-12 00:00:00,86600.0,retrait,,local,False,aucune
f1b080b1,CLI-00072,2026-06-12 00:00:00,134300.0,transfert_entrant,CLI-00346,regional_uemoa,False,aucune
3f2ae9b4,CLI-00686,2026-06-12 00:00:00,245400.0,transfert_sortant,CLI-00767,local,False,aucune
51dfbe8c,CLI-00237,2026-06-12 00:00:00,14700.0,retrait,,transfrontalier_sensible,False,aucune
970fadda,CLI-00470,2026-06-12 00:00:00,4000.0,remboursement_credit,,local,False,aucune
77c18cfc,CLI-00061,2026-06-12 00:00:00,215900.0,depot,,local,False,aucune
8c0dbedc,CLI-00099,2026-06-12 00:00:00,34500.0,depot,,local,False,aucune
d2990039,CLI-00056,2026-06-12 00:00:00,10400.0,transfert_entrant,CLI-00736,local,False,aucune
498532d8,CLI-00607,2026-06-12 00:00:00,23900.0,retrait,,local,False,aucune
5deb412b,CLI-00338,2026-06-12 00:00:00,29700.0,depot,,local,False,aucune
493a827c,CLI-00610,2026-06-12 00:00:00,24600.0,retrait,,local,False,aucune
b2779cce,CLI-00703,2026-06-12 00:00:00,87300.0,depot,,local,False,aucune
7d6913d9,CLI-00663,2026-06-12 00:00:00,296500.0,depot,,local,False,aucune
10e0d9d7,CLI-00663,2026-06-12 00:00:00,74400.0,retrait,,local,False,aucune
b88a2614,CLI-00372,2026-06-12 00:00:00,238300.0,retrait,,regional_uemoa,False,aucune
0f272b2b,CLI-00609,2026-06-12 00:00:00,40200.0,retrait,,local,False,aucune
930aaa05,CLI-00257,2026-06-12 00:00:00,4400.0,decaissement_credit,,local,False,aucune
18b1ab19,CLI-00321,2026-06-12 00:00:00,57600.0,retrait,,regional_uemoa,False,aucune
382d7eb7,CLI-00124,2026-06-12 00:00:00,56600.0,transfert_entrant,CLI-00722,local,False,aucune
6aa53609,CLI-00764,2026-06-12 00:00:00,12000.0,depot,,transfrontalier_sensible,False,aucune
746964c6,CLI-00213,2026-06-12 00:00:00,35000.0,retrait,,transfrontalier_sensible,False,aucune
a1263a5f,CLI-00683,2026-06-12 00:00:00,72900.0,retrait,,local,False,aucune
faf36c9d,CLI-00695,2026-06-12 00:00:00,124900.0,transfert_entrant,CLI-00726,local,False,aucune
c90f5e4c,CLI-00285,2026-06-12 00:00:00,73300.0,transfert_sortant,CLI-00262,transfrontalier_sensible,False,aucune
13096656,CLI-00465,2026-06-12 00:00:00,26400.0,retrait,,local,False,aucune
54fb0625,CLI-00569,2026-06-12 00:00:00,28200.0,remboursement_credit,,local,False,aucune
28569c48,CLI-00671,2026-06-12 00:00:00,22900.0,depot,,regional_uemoa,False,aucune
81072c06,CLI-00296,2026-06-12 00:00:00,4300.0,remboursement_credit,,local,False,aucune
869cca02,CLI-00563,2026-06-12 00:00:00,38000.0,retrait,,local,False,aucune
e176d723,CLI-00212,2026-06-12 00:00:00,1300.0,depot,,local,False,aucune
aa61b107,CLI-00463,2026-06-12 00:00:00,47600.0,transfert_entrant,CLI-00011,local,False,aucune
fdd9633f,CLI-00452,2026-06-12 00:00:00,17900.0,retrait,,local,False,aucune
8347db54,CLI-00441,2026-06-12 00:00:00,99400.0,transfert_sortant,CLI-00760,local,False,aucune
b25c768f,CLI-00143,2026-06-12 00:00:00,41200.0,depot,,local,False,aucune
6ab517f3,CLI-00756,2026-06-12 00:00:00,9100.0,decaissement_credit,,local,False,aucune
c052fd5a,CLI-00300,2026-06-12 00:00:00,152400.0,depot,,local,False,aucune
602b900c,CLI-00592,2026-06-13 00:00:00,129800.0,transfert_entrant,CLI-00056,local,False,aucune
b7a3adec,CLI-00472,2026-06-13 00:00:00,53400.0,depot,,local,False,aucune
e7a230f1,CLI-00342,2026-06-13 00:00:00,420900.0,decaissement_credit,,local,False,aucune
90461ac8,CLI-00039,2026-06-13 00:00:00,59900.0,remboursement_credit,,local,False,aucune
33444dff,CLI-00138,2026-06-13 00:00:00,121000.0,transfert_entrant,CLI-00570,local,False,aucune
c8c2f4e0,CLI-00040,2026-06-13 00:00:00,34200.0,retrait,,local,False,aucune
a901f2d8,CLI-00161,2026-06-13 00:00:00,12000.0,depot,,transfrontalier_sensible,False,aucune
9e1d0b7d,CLI-00690,2026-06-13 00:00:00,38000.0,transfert_sortant,CLI-00645,local,False,aucune
52238b4a,CLI-00062,2026-06-13 00:00:00,197000.0,remboursement_credit,,local,False,aucune
4db7f1e1,CLI-00516,2026-06-13 00:00:00,20900.0,transfert_sortant,CLI-00600,local,False,aucune
7d683ad7,CLI-00498,2026-06-13 00:00:00,44200.0,transfert_sortant,CLI-00721,local,False,aucune
71971195,CLI-00556,2026-06-13 00:00:00,55700.0,depot,,local,False,aucune
401dc706,CLI-00292,2026-06-13 00:00:00,21800.0,retrait,,local,False,aucune
7c210aa8,CLI-00090,2026-06-13 00:00:00,53900.0,retrait,,regional_uemoa,False,aucune
a995b74b,CLI-00404,2026-06-13 00:00:00,4566700.0,transfert_entrant,CLI-00058,local,False,aucune
bce02093,CLI-00629,2026-06-13 00:00:00,46300.0,retrait,,local,False,aucune
fe4ad572,CLI-00251,2026-06-13 00:00:00,62500.0,depot,,local,False,aucune
2527bb9f,CLI-00710,2026-06-13 00:00:00,22600.0,depot,,local,False,aucune
9a9ab20a,CLI-00562,2026-06-13 00:00:00,137500.0,remboursement_credit,,local,False,aucune
b9574e4e,CLI-00021,2026-06-13 00:00:00,50600.0,retrait,,local,False,aucune
ec30ccdd,CLI-00479,2026-06-13 00:00:00,137100.0,retrait,,local,False,aucune
2f576d14,CLI-00589,2026-06-13 00:00:00,29600.0,transfert_sortant,CLI-00084,regional_uemoa,False,aucune
d1dfba79,CLI-00129,2026-06-13 00:00:00,32900.0,remboursement_credit,,local,False,aucune
ec3e0fee,CLI-00076,2026-06-13 00:00:00,121600.0,depot,,regional_uemoa,False,aucune
40a45840,CLI-00325,2026-06-13 00:00:00,13700.0,retrait,,local,False,aucune
f94725cb,CLI-00027,2026-06-13 00:00:00,99100.0,retrait,,local,False,aucune
cab20bb9,CLI-00493,2026-06-13 00:00:00,23700.0,decaissement_credit,,local,False,aucune
266b8f73,CLI-00217,2026-06-13 00:00:00,55000.0,depot,,regional_uemoa,False,aucune
6d659ebe,CLI-00798,2026-06-13 00:00:00,22100.0,retrait,,local,False,aucune
6e3a6024,CLI-00379,2026-06-13 00:00:00,195600.0,depot,,local,False,aucune
f9603040,CLI-00286,2026-06-13 00:00:00,148600.0,retrait,,local,False,aucune
618dae97,CLI-00086,2026-06-13 00:00:00,84400.0,depot,,local,False,aucune
df019c3a,CLI-00248,2026-06-13 00:00:00,110500.0,depot,,local,False,aucune
7cdd0840,CLI-00769,2026-06-13 00:00:00,39600.0,retrait,,local,False,aucune
70f7afc1,CLI-00088,2026-06-13 00:00:00,27700.0,transfert_entrant,CLI-00013,local,False,aucune
a1d91d55,CLI-00739,2026-06-13 00:00:00,22200.0,transfert_sortant,CLI-00631,regional_uemoa,False,aucune
302eb140,CLI-00069,2026-06-13 00:00:00,31900.0,retrait,,local,False,aucune
382cc06d,CLI-00386,2026-06-13 00:00:00,198900.0,depot,,local,False,aucune
e679bade,CLI-00460,2026-06-13 00:00:00,20000.0,retrait,,local,False,aucune
695e752d,CLI-00518,2026-06-13 00:00:00,193100.0,depot,,local,False,aucune
2bb4c130,CLI-00061,2026-06-13 00:00:00,3400.0,depot,,local,False,aucune
71342071,CLI-00573,2026-06-13 00:00:00,40200.0,depot,,local,False,aucune
e02433ca,CLI-00046,2026-06-13 00:00:00,82600.0,retrait,,local,False,aucune
71d8bc5e,CLI-00696,2026-06-13 00:00:00,43100.0,depot,,regional_uemoa,False,aucune
f3210aa1,CLI-00543,2026-06-13 00:00:00,31700.0,depot,,local,False,aucune
ff659f0f,CLI-00043,2026-06-13 00:00:00,15500.0,depot,,local,False,aucune
4a077208,CLI-00043,2026-06-13 00:00:00,217300.0,depot,,local,False,aucune
e5d2f005,CLI-00387,2026-06-13 00:00:00,1091200.0,retrait,,regional_uemoa,False,aucune
de76a1e5,CLI-00409,2026-06-13 00:00:00,92500.0,transfert_sortant,CLI-00415,regional_uemoa,False,aucune
96a05e5a,CLI-00209,2026-06-13 00:00:00,53000.0,retrait,,local,False,aucune
6ff5a195,CLI-00336,2026-06-13 00:00:00,2900.0,remboursement_credit,,regional_uemoa,False,aucune
a01defa1,CLI-00765,2026-06-13 00:00:00,303600.0,transfert_sortant,CLI-00017,local,False,aucune
35298fa5,CLI-00411,2026-06-14 00:00:00,43500.0,depot,,local,False,aucune
bdbe65c1,CLI-00267,2026-06-14 00:00:00,558400.0,decaissement_credit,,local,False,aucune
78351526,CLI-00493,2026-06-14 00:00:00,127200.0,retrait,,local,False,aucune
7fc9c0b3,CLI-00112,2026-06-14 00:00:00,39000.0,transfert_sortant,CLI-00651,local,False,aucune
72c47d24,CLI-00614,2026-06-14 00:00:00,22400.0,remboursement_credit,,transfrontalier_sensible,False,aucune
c2f8ef3d,CLI-00416,2026-06-14 00:00:00,44200.0,transfert_sortant,CLI-00382,local,False,aucune
a61b2572,CLI-00533,2026-06-14 00:00:00,41500.0,retrait,,local,False,aucune
fb532f67,CLI-00257,2026-06-14 00:00:00,134100.0,depot,,regional_uemoa,False,aucune
8ca4c8ac,CLI-00583,2026-06-14 00:00:00,81000.0,depot,,local,False,aucune
c200a5d6,CLI-00339,2026-06-14 00:00:00,17400.0,retrait,,local,False,aucune
19e9b197,CLI-00085,2026-06-14 00:00:00,74300.0,depot,,local,False,aucune
717e19e8,CLI-00619,2026-06-14 00:00:00,128200.0,depot,,local,False,aucune
047230c5,CLI-00753,2026-06-14 00:00:00,32100.0,transfert_entrant,CLI-00080,local,False,aucune
8ba1bc70,CLI-00756,2026-06-14 00:00:00,23500.0,depot,,local,False,aucune
9358af92,CLI-00074,2026-06-14 00:00:00,27900.0,transfert_sortant,CLI-00779,local,False,aucune
60d0a240,CLI-00783,2026-06-14 00:00:00,31200.0,transfert_sortant,CLI-00772,local,False,aucune
306164d3,CLI-00016,2026-06-14 00:00:00,26400.0,depot,,regional_uemoa,False,aucune
797cbea3,CLI-00166,2026-06-14 00:00:00,73800.0,depot,,regional_uemoa,False,aucune
14fd4f37,CLI-00115,2026-06-14 00:00:00,23200.0,depot,,local,False,aucune
3dfe7920,CLI-00016,2026-06-14 00:00:00,46400.0,retrait,,local,False,aucune
40a64a4b,CLI-00750,2026-06-14 00:00:00,24700.0,depot,,local,False,aucune
d493e811,CLI-00219,2026-06-14 00:00:00,194600.0,transfert_sortant,CLI-00067,local,False,aucune
ce8e69c6,CLI-00254,2026-06-14 00:00:00,46000.0,transfert_entrant,CLI-00044,local,False,aucune
f177d14b,CLI-00236,2026-06-14 00:00:00,21900.0,depot,,local,False,aucune
1908aa7c,CLI-00327,2026-06-14 00:00:00,27600.0,transfert_entrant,CLI-00199,local,False,aucune
5dbd6a92,CLI-00264,2026-06-14 00:00:00,155300.0,retrait,,regional_uemoa,False,aucune
6e3baaab,CLI-00403,2026-06-14 00:00:00,25800.0,retrait,,local,False,aucune
cfc1aae8,CLI-00148,2026-06-14 00:00:00,15800.0,depot,,local,False,aucune
663b64d6,CLI-00204,2026-06-14 00:00:00,14300.0,remboursement_credit,,local,False,aucune
e48439ab,CLI-00374,2026-06-14 00:00:00,17500.0,retrait,,transfrontalier_sensible,False,aucune
5651c0e4,CLI-00689,2026-06-14 00:00:00,40200.0,depot,,local,False,aucune
2a4afd10,CLI-00784,2026-06-14 00:00:00,72500.0,transfert_sortant,CLI-00702,regional_uemoa,False,aucune
ecc8755e,CLI-00319,2026-06-14 00:00:00,194400.0,retrait,,local,False,aucune
2948df48,CLI-00207,2026-06-14 00:00:00,56400.0,remboursement_credit,,local,False,aucune
9b83af03,CLI-00155,2026-06-14 00:00:00,57100.0,retrait,,local,False,aucune
e85c8bab,CLI-00738,2026-06-14 00:00:00,65600.0,depot,,local,False,aucune
4e408c36,CLI-00082,2026-06-14 00:00:00,23400.0,retrait,,regional_uemoa,False,aucune
8993a6db,CLI-00007,2026-06-14 00:00:00,113900.0,transfert_entrant,CLI-00120,transfrontalier_sensible,False,aucune
b16b070e,CLI-00311,2026-06-14 00:00:00,3814800.0,decaissement_credit,,local,False,aucune
935b3250,CLI-00192,2026-06-14 00:00:00,541300.0,transfert_sortant,CLI-00678,local,False,aucune
1e8ebca3,CLI-00164,2026-06-14 00:00:00,17100.0,depot,,local,False,aucune
ab7d1d79,CLI-00710,2026-06-14 00:00:00,94400.0,retrait,,local,False,aucune
0eb6e74f,CLI-00047,2026-06-14 00:00:00,116700.0,depot,,local,False,aucune
61bd635d,CLI-00612,2026-06-15 00:00:00,10800.0,depot,,local,False,aucune
2c87c8e5,CLI-00252,2026-06-15 00:00:00,162700.0,retrait,,local,False,aucune
6e0f7d08,CLI-00631,2026-06-15 00:00:00,29200.0,transfert_sortant,CLI-00233,local,False,aucune
74d3c2be,CLI-00596,2026-06-15 00:00:00,17800.0,retrait,,local,False,aucune
4d85d359,CLI-00765,2026-06-15 00:00:00,38900.0,retrait,,local,False,aucune
450dbfff,CLI-00596,2026-06-15 00:00:00,103700.0,retrait,,local,False,aucune
77a44c6e,CLI-00195,2026-06-15 00:00:00,97000.0,depot,,local,False,aucune
7963ddc6,CLI-00752,2026-06-15 00:00:00,15900.0,transfert_sortant,CLI-00292,transfrontalier_sensible,False,aucune
90e117ba,CLI-00664,2026-06-15 00:00:00,40100.0,retrait,,local,False,aucune
6d9f7c66,CLI-00327,2026-06-15 00:00:00,33600.0,depot,,regional_uemoa,False,aucune
3c7e850b,CLI-00572,2026-06-15 00:00:00,8800.0,retrait,,local,False,aucune
68a30189,CLI-00743,2026-06-15 00:00:00,116500.0,depot,,local,False,aucune
4b0796fc,CLI-00724,2026-06-15 00:00:00,89000.0,remboursement_credit,,local,False,aucune
f1193197,CLI-00302,2026-06-15 00:00:00,201900.0,transfert_entrant,CLI-00607,local,False,aucune
329d085d,CLI-00417,2026-06-15 00:00:00,110800.0,remboursement_credit,,local,False,aucune
c7e73231,CLI-00426,2026-06-15 00:00:00,94100.0,retrait,,local,False,aucune
1db5acba,CLI-00129,2026-06-15 00:00:00,32800.0,decaissement_credit,,regional_uemoa,False,aucune
32cb486a,CLI-00675,2026-06-15 00:00:00,115200.0,remboursement_credit,,local,False,aucune
60604198,CLI-00506,2026-06-15 00:00:00,14100.0,transfert_sortant,CLI-00017,regional_uemoa,False,aucune
a1e08c81,CLI-00372,2026-06-15 00:00:00,17300.0,remboursement_credit,,local,False,aucune
d2bb5d6b,CLI-00593,2026-06-15 00:00:00,13500.0,decaissement_credit,,local,False,aucune
9744c458,CLI-00424,2026-06-15 00:00:00,144200.0,transfert_entrant,CLI-00305,local,False,aucune
05657236,CLI-00218,2026-06-15 00:00:00,96200.0,transfert_entrant,CLI-00009,regional_uemoa,False,aucune
8fcf7720,CLI-00374,2026-06-15 00:00:00,63000.0,transfert_sortant,CLI-00059,local,False,aucune
a43bb964,CLI-00700,2026-06-15 00:00:00,74300.0,depot,,local,False,aucune
63d4b133,CLI-00229,2026-06-15 00:00:00,10000.0,transfert_entrant,CLI-00756,local,False,aucune
43a48b99,CLI-00083,2026-06-15 00:00:00,79600.0,depot,,local,False,aucune
6f2c4b78,CLI-00071,2026-06-15 00:00:00,29600.0,transfert_entrant,CLI-00766,local,False,aucune
ce6d729a,CLI-00522,2026-06-15 00:00:00,117000.0,retrait,,local,False,aucune
7e09649a,CLI-00007,2026-06-15 00:00:00,107300.0,transfert_sortant,CLI-00720,local,False,aucune
0f78c94c,CLI-00499,2026-06-15 00:00:00,293500.0,retrait,,local,False,aucune
de4a474d,CLI-00505,2026-06-15 00:00:00,40400.0,transfert_sortant,CLI-00708,regional_uemoa,False,aucune
c8054826,CLI-00005,2026-06-15 00:00:00,27200.0,retrait,,local,False,aucune
17b59faa,CLI-00360,2026-06-15 00:00:00,17600.0,decaissement_credit,,regional_uemoa,False,aucune
637586bd,CLI-00097,2026-06-15 00:00:00,59700.0,depot,,local,False,aucune
75e73e8d,CLI-00207,2026-06-15 00:00:00,29400.0,transfert_entrant,CLI-00130,regional_uemoa,False,aucune
0933a4f1,CLI-00540,2026-06-15 00:00:00,26600.0,decaissement_credit,,transfrontalier_sensible,False,aucune
c6d043ba,CLI-00225,2026-06-15 00:00:00,29100.0,transfert_sortant,CLI-00471,local,False,aucune
942d956d,CLI-00161,2026-06-15 00:00:00,28400.0,transfert_entrant,CLI-00462,local,False,aucune
9347dde3,CLI-00638,2026-06-15 00:00:00,44000.0,retrait,,local,False,aucune
a4fb81ad,CLI-00097,2026-06-15 00:00:00,140700.0,depot,,regional_uemoa,False,aucune
ebca9b5f,CLI-00258,2026-06-15 00:00:00,56500.0,remboursement_credit,,local,False,aucune
43ecddd9,CLI-00267,2026-06-15 00:00:00,18500.0,transfert_sortant,CLI-00367,local,False,aucune
d3cc3162,CLI-00009,2026-06-15 00:00:00,76700.0,transfert_sortant,CLI-00190,local,False,aucune
2bb19834,CLI-00489,2026-06-15 00:00:00,56100.0,depot,,local,False,aucune
5b5226ba,CLI-00009,2026-06-15 00:00:00,35600.0,retrait,,local,False,aucune
46a3d2ba,CLI-00258,2026-06-15 00:00:00,60300.0,remboursement_credit,,regional_uemoa,False,aucune
c2beb0ed,CLI-00453,2026-06-15 00:00:00,28500.0,depot,,local,False,aucune
b8b25c74,CLI-00741,2026-06-15 00:00:00,172400.0,transfert_sortant,CLI-00069,local,False,aucune
08bc2db6,CLI-00643,2026-06-15 00:00:00,200500.0,retrait,,local,False,aucune
e0f649fc,CLI-00427,2026-06-15 00:00:00,16600.0,depot,,local,False,aucune
728e3d53,CLI-00394,2026-06-15 00:00:00,5300.0,retrait,,local,False,aucune
d49aa240,CLI-00347,2026-06-15 00:00:00,214500.0,retrait,,local,False,aucune
446991d3,CLI-00015,2026-06-15 00:00:00,12000.0,transfert_sortant,CLI-00459,local,False,aucune
c9e3abc2,CLI-00195,2026-06-15 00:00:00,32000.0,transfert_sortant,CLI-00239,local,False,aucune
bf0e8ce4,CLI-00543,2026-06-15 00:00:00,103300.0,depot,,local,False,aucune
be181c98,CLI-00134,2026-06-15 00:00:00,36200.0,decaissement_credit,,local,False,aucune
c773b666,CLI-00720,2026-06-15 00:00:00,8123400.0,depot,,local,False,aucune
3c0ee10b,CLI-00239,2026-06-15 00:00:00,17800.0,retrait,,local,False,aucune
321de4cd,CLI-00702,2026-06-15 00:00:00,51700.0,remboursement_credit,,local,False,aucune
e31bddb0,CLI-00329,2026-06-15 00:00:00,29600.0,retrait,,local,False,aucune
193c2fe4,CLI-00466,2026-06-15 00:00:00,32300.0,retrait,,regional_uemoa,False,aucune
64ae700a,CLI-00069,2026-06-15 00:00:00,10300.0,transfert_entrant,CLI-00103,local,False,aucune
d3241c5c,CLI-00090,2026-06-15 00:00:00,52700.0,depot,,regional_uemoa,False,aucune
9fe2f6bd,CLI-00344,2026-06-15 00:00:00,445800.0,retrait,,local,False,aucune
4d889440,CLI-00243,2026-06-15 00:00:00,90200.0,depot,,local,False,aucune
71661f20,CLI-00690,2026-06-15 00:00:00,337100.0,retrait,,local,False,aucune
826d4cb4,CLI-00161,2026-06-16 00:00:00,15300.0,retrait,,local,False,aucune
c50f89d0,CLI-00763,2026-06-16 00:00:00,78600.0,transfert_sortant,CLI-00279,regional_uemoa,False,aucune
ff71f483,CLI-00504,2026-06-16 00:00:00,475500.0,retrait,,local,False,aucune
41afd0f9,CLI-00376,2026-06-16 00:00:00,24000.0,decaissement_credit,,local,False,aucune
8e7b3f4c,CLI-00558,2026-06-16 00:00:00,52300.0,remboursement_credit,,local,False,aucune
edfcbe2f,CLI-00300,2026-06-16 00:00:00,26400.0,decaissement_credit,,local,False,aucune
a534cfc9,CLI-00535,2026-06-16 00:00:00,6300.0,transfert_sortant,CLI-00376,local,False,aucune
e296c010,CLI-00169,2026-06-16 00:00:00,22000.0,depot,,regional_uemoa,False,aucune
1d42c44b,CLI-00607,2026-06-16 00:00:00,55300.0,remboursement_credit,,local,False,aucune
e6896c9f,CLI-00444,2026-06-16 00:00:00,198100.0,transfert_sortant,CLI-00732,local,False,aucune
02ac6b9c,CLI-00462,2026-06-16 00:00:00,70900.0,transfert_sortant,CLI-00083,local,False,aucune
68af321e,CLI-00729,2026-06-16 00:00:00,18900.0,retrait,,local,False,aucune
5c2fc395,CLI-00782,2026-06-16 00:00:00,69600.0,depot,,local,False,aucune
a6e149de,CLI-00310,2026-06-16 00:00:00,66400.0,decaissement_credit,,local,False,aucune
b842b5bd,CLI-00320,2026-06-16 00:00:00,6400.0,transfert_sortant,CLI-00572,local,False,aucune
8ad9aa60,CLI-00045,2026-06-16 00:00:00,2000.0,retrait,,regional_uemoa,False,aucune
2e9b9821,CLI-00687,2026-06-16 00:00:00,16600.0,retrait,,regional_uemoa,False,aucune
52a7d874,CLI-00446,2026-06-16 00:00:00,103300.0,remboursement_credit,,local,False,aucune
70d5c2e3,CLI-00173,2026-06-16 00:00:00,16700.0,remboursement_credit,,local,False,aucune
1133c763,CLI-00054,2026-06-16 00:00:00,31500.0,remboursement_credit,,local,False,aucune
7264b5f2,CLI-00409,2026-06-16 00:00:00,31600.0,remboursement_credit,,local,False,aucune
d9bd5737,CLI-00038,2026-06-16 00:00:00,41300.0,remboursement_credit,,local,False,aucune
aaf5d9b5,CLI-00053,2026-06-16 00:00:00,35300.0,retrait,,local,False,aucune
81897c5d,CLI-00767,2026-06-16 00:00:00,39700.0,retrait,,local,False,aucune
5c29deb7,CLI-00075,2026-06-16 00:00:00,440800.0,retrait,,local,False,aucune
0eb44f0b,CLI-00793,2026-06-16 00:00:00,59300.0,retrait,,local,False,aucune
0864a3ab,CLI-00233,2026-06-16 00:00:00,167000.0,retrait,,regional_uemoa,False,aucune
d2146716,CLI-00151,2026-06-16 00:00:00,134300.0,remboursement_credit,,local,False,aucune
ed336783,CLI-00416,2026-06-16 00:00:00,22000.0,depot,,local,False,aucune
c62b5315,CLI-00288,2026-06-16 00:00:00,53700.0,depot,,local,False,aucune
cb6e9c59,CLI-00286,2026-06-16 00:00:00,117800.0,transfert_entrant,CLI-00112,local,False,aucune
7dfe2d3c,CLI-00731,2026-06-16 00:00:00,151500.0,depot,,regional_uemoa,False,aucune
66b7a668,CLI-00392,2026-06-16 00:00:00,72800.0,decaissement_credit,,local,False,aucune
c71b63bf,CLI-00588,2026-06-16 00:00:00,38200.0,transfert_sortant,CLI-00743,local,False,aucune
02122f95,CLI-00584,2026-06-16 00:00:00,108500.0,depot,,local,False,aucune
bd077c4a,CLI-00645,2026-06-16 00:00:00,127000.0,depot,,local,False,aucune
fc602c2b,CLI-00474,2026-06-16 00:00:00,3500.0,retrait,,local,False,aucune
72af416c,CLI-00379,2026-06-16 00:00:00,322200.0,depot,,transfrontalier_sensible,False,aucune
dcf908cb,CLI-00015,2026-06-16 00:00:00,57800.0,depot,,local,False,aucune
bf751c21,CLI-00798,2026-06-16 00:00:00,90300.0,depot,,regional_uemoa,False,aucune
8842c999,CLI-00102,2026-06-16 00:00:00,87000.0,depot,,local,False,aucune
f639ccb8,CLI-00756,2026-06-16 00:00:00,162100.0,remboursement_credit,,local,False,aucune
cf965c0a,CLI-00754,2026-06-16 00:00:00,82400.0,retrait,,local,False,aucune
3cf64c97,CLI-00569,2026-06-16 00:00:00,18100.0,remboursement_credit,,local,False,aucune
453a05e5,CLI-00196,2026-06-16 00:00:00,10500.0,decaissement_credit,,regional_uemoa,False,aucune
0bb47f63,CLI-00741,2026-06-16 00:00:00,142600.0,remboursement_credit,,local,False,aucune
1cfd1d67,CLI-00524,2026-06-16 00:00:00,103800.0,transfert_entrant,CLI-00313,local,False,aucune
262bdce7,CLI-00274,2026-06-16 00:00:00,15100.0,transfert_entrant,CLI-00005,local,False,aucune
9419d177,CLI-00190,2026-06-16 00:00:00,12700.0,retrait,,local,False,aucune
9ee0c662,CLI-00000,2026-06-16 00:00:00,56400.0,retrait,,local,False,aucune
3aac0065,CLI-00495,2026-06-16 00:00:00,6500.0,transfert_sortant,CLI-00549,local,False,aucune
7e83f300,CLI-00467,2026-06-16 00:00:00,4100.0,transfert_sortant,CLI-00558,local,False,aucune
cfdc777d,CLI-00707,2026-06-16 00:00:00,114200.0,depot,,local,False,aucune
d92db987,CLI-00226,2026-06-16 00:00:00,14200.0,retrait,,local,False,aucune
a8c07bc4,CLI-00219,2026-06-16 00:00:00,32100.0,retrait,,local,False,aucune
bacdb3c5,CLI-00220,2026-06-17 00:00:00,36700.0,transfert_sortant,CLI-00169,local,False,aucune
272678c8,CLI-00156,2026-06-17 00:00:00,17200.0,retrait,,local,False,aucune
6bd5ad16,CLI-00007,2026-06-17 00:00:00,135100.0,remboursement_credit,,local,False,aucune
8a8a9517,CLI-00294,2026-06-17 00:00:00,63300.0,transfert_entrant,CLI-00797,local,False,aucune
f7b9b721,CLI-00769,2026-06-17 00:00:00,31600.0,decaissement_credit,,local,False,aucune
7d5a0cbb,CLI-00460,2026-06-17 00:00:00,68000.0,remboursement_credit,,local,False,aucune
c0d863e0,CLI-00342,2026-06-17 00:00:00,3100.0,remboursement_credit,,local,False,aucune
7d03b85e,CLI-00114,2026-06-17 00:00:00,27200.0,retrait,,local,False,aucune
4a31a465,CLI-00689,2026-06-17 00:00:00,111000.0,depot,,regional_uemoa,False,aucune
d0b535a0,CLI-00277,2026-06-17 00:00:00,232800.0,transfert_sortant,CLI-00653,local,False,aucune
7eb59829,CLI-00577,2026-06-17 00:00:00,42800.0,remboursement_credit,,local,False,aucune
cdd77c1d,CLI-00355,2026-06-17 00:00:00,61200.0,retrait,,local,False,aucune
9934b37c,CLI-00621,2026-06-17 00:00:00,29400.0,depot,,local,False,aucune
8bc06543,CLI-00207,2026-06-17 00:00:00,32300.0,retrait,,local,False,aucune
73b72a9a,CLI-00158,2026-06-17 00:00:00,7300.0,depot,,local,False,aucune
88d1fb72,CLI-00648,2026-06-17 00:00:00,129900.0,transfert_entrant,CLI-00406,local,False,aucune
f61acbf8,CLI-00453,2026-06-17 00:00:00,30800.0,retrait,,local,False,aucune
8c2f2a25,CLI-00791,2026-06-17 00:00:00,142600.0,transfert_sortant,CLI-00037,transfrontalier_sensible,False,aucune
ea8ff869,CLI-00319,2026-06-17 00:00:00,680700.0,transfert_entrant,CLI-00339,local,False,aucune
06910f44,CLI-00168,2026-06-17 00:00:00,84400.0,depot,,local,False,aucune
2980e461,CLI-00643,2026-06-17 00:00:00,31500.0,decaissement_credit,,local,False,aucune
f9a4824b,CLI-00393,2026-06-17 00:00:00,33400.0,transfert_entrant,CLI-00518,local,False,aucune
95c3beeb,CLI-00163,2026-06-17 00:00:00,66300.0,depot,,regional_uemoa,False,aucune
ffe56e5c,CLI-00661,2026-06-17 00:00:00,58200.0,remboursement_credit,,local,False,aucune
a2aa9a28,CLI-00313,2026-06-17 00:00:00,43700.0,depot,,transfrontalier_sensible,False,aucune
6a1b0b66,CLI-00083,2026-06-17 00:00:00,594100.0,depot,,regional_uemoa,False,aucune
ebc8b472,CLI-00797,2026-06-17 00:00:00,3000.0,remboursement_credit,,transfrontalier_sensible,False,aucune
f0e6df14,CLI-00129,2026-06-17 00:00:00,63400.0,depot,,local,False,aucune
91982233,CLI-00797,2026-06-17 00:00:00,729400.0,remboursement_credit,,local,False,aucune
af69a18e,CLI-00019,2026-06-17 00:00:00,4879900.0,depot,,local,False,aucune
622b7c0a,CLI-00373,2026-06-17 00:00:00,22600.0,retrait,,local,False,aucune
2d3dc8c5,CLI-00240,2026-06-17 00:00:00,46600.0,depot,,regional_uemoa,False,aucune
eb3420b9,CLI-00311,2026-06-17 00:00:00,177300.0,decaissement_credit,,local,False,aucune
e9556d1b,CLI-00407,2026-06-17 00:00:00,18100.0,remboursement_credit,,local,False,aucune
0a9f473b,CLI-00789,2026-06-17 00:00:00,42300.0,depot,,local,False,aucune
f70db6b9,CLI-00651,2026-06-17 00:00:00,29900.0,transfert_entrant,CLI-00507,local,False,aucune
8410279a,CLI-00765,2026-06-17 00:00:00,160600.0,depot,,local,False,aucune
5ff76964,CLI-00045,2026-06-17 00:00:00,28300.0,retrait,,regional_uemoa,False,aucune
f7d7726f,CLI-00086,2026-06-17 00:00:00,104700.0,depot,,regional_uemoa,False,aucune
f1642943,CLI-00333,2026-06-17 00:00:00,47800.0,transfert_entrant,CLI-00637,local,False,aucune
94854525,CLI-00643,2026-06-17 00:00:00,267400.0,decaissement_credit,,local,False,aucune
33d6176e,CLI-00154,2026-06-17 00:00:00,163700.0,remboursement_credit,,local,False,aucune
9fe669cd,CLI-00441,2026-06-17 00:00:00,57500.0,remboursement_credit,,local,False,aucune
96796a83,CLI-00074,2026-06-17 00:00:00,166300.0,depot,,regional_uemoa,False,aucune
eb282e3e,CLI-00533,2026-06-17 00:00:00,604500.0,transfert_sortant,CLI-00570,local,False,aucune
b561a521,CLI-00056,2026-06-17 00:00:00,7300.0,depot,,local,False,aucune
0a2dd087,CLI-00764,2026-06-17 00:00:00,98000.0,retrait,,regional_uemoa,False,aucune
5af1dcd2,CLI-00662,2026-06-18 00:00:00,52300.0,depot,,transfrontalier_sensible,False,aucune
36a5aeb2,CLI-00095,2026-06-18 00:00:00,27200.0,transfert_sortant,CLI-00582,local,False,aucune
dbf8e600,CLI-00640,2026-06-18 00:00:00,115900.0,retrait,,local,False,aucune
24e47fc2,CLI-00109,2026-06-18 00:00:00,41000.0,depot,,local,False,aucune
ebee1186,CLI-00286,2026-06-18 00:00:00,230400.0,remboursement_credit,,local,False,aucune
3ca934f2,CLI-00485,2026-06-18 00:00:00,31400.0,transfert_sortant,CLI-00019,local,False,aucune
c5d7bec9,CLI-00579,2026-06-18 00:00:00,37300.0,retrait,,local,False,aucune
4d7f2ed3,CLI-00385,2026-06-18 00:00:00,13500.0,retrait,,local,False,aucune
5208e5f2,CLI-00689,2026-06-18 00:00:00,20300.0,retrait,,local,False,aucune
ddae66c6,CLI-00619,2026-06-18 00:00:00,148300.0,depot,,local,False,aucune
e487c9ac,CLI-00552,2026-06-18 00:00:00,47500.0,remboursement_credit,,regional_uemoa,False,aucune
44fa915d,CLI-00239,2026-06-18 00:00:00,10300.0,retrait,,local,False,aucune
ac445f8d,CLI-00144,2026-06-18 00:00:00,34500.0,decaissement_credit,,regional_uemoa,False,aucune
dfc0e242,CLI-00111,2026-06-18 00:00:00,35100.0,transfert_entrant,CLI-00359,regional_uemoa,False,aucune
0cb6d26c,CLI-00193,2026-06-18 00:00:00,209400.0,transfert_sortant,CLI-00484,local,False,aucune
e5e820a7,CLI-00644,2026-06-18 00:00:00,19700.0,depot,,local,False,aucune
75aa1307,CLI-00577,2026-06-18 00:00:00,25700.0,depot,,local,False,aucune
d058c65c,CLI-00684,2026-06-18 00:00:00,83300.0,transfert_sortant,CLI-00171,local,False,aucune
7e547d8a,CLI-00392,2026-06-18 00:00:00,293200.0,retrait,,local,False,aucune
4f1d5679,CLI-00611,2026-06-18 00:00:00,93000.0,remboursement_credit,,local,False,aucune
bd5dfe77,CLI-00115,2026-06-18 00:00:00,15900.0,depot,,local,False,aucune
98b8ce64,CLI-00658,2026-06-18 00:00:00,6100.0,retrait,,local,False,aucune
ae4334d2,CLI-00671,2026-06-18 00:00:00,16100.0,depot,,regional_uemoa,False,aucune
367ad20a,CLI-00047,2026-06-18 00:00:00,23000.0,transfert_sortant,CLI-00423,local,False,aucune
3342f77f,CLI-00611,2026-06-18 00:00:00,44400.0,retrait,,regional_uemoa,False,aucune
e8cee4a0,CLI-00476,2026-06-18 00:00:00,61900.0,retrait,,regional_uemoa,False,aucune
ee890c2b,CLI-00548,2026-06-18 00:00:00,34100.0,depot,,local,False,aucune
ceaec580,CLI-00748,2026-06-18 00:00:00,73600.0,remboursement_credit,,local,False,aucune
f92f414a,CLI-00010,2026-06-18 00:00:00,7200.0,remboursement_credit,,local,False,aucune
ad2e7356,CLI-00566,2026-06-18 00:00:00,27800.0,retrait,,local,False,aucune
f7e2cdef,CLI-00294,2026-06-18 00:00:00,9116200.0,retrait,,transfrontalier_sensible,False,aucune
69af14d8,CLI-00482,2026-06-18 00:00:00,98700.0,transfert_sortant,CLI-00690,local,False,aucune
7006525d,CLI-00016,2026-06-18 00:00:00,246300.0,transfert_sortant,CLI-00631,regional_uemoa,False,aucune
eaeeb30a,CLI-00248,2026-06-18 00:00:00,23900.0,transfert_sortant,CLI-00256,local,False,aucune
4c58bf8b,CLI-00398,2026-06-18 00:00:00,80400.0,depot,,local,False,aucune
bccf89d0,CLI-00074,2026-06-18 00:00:00,9200.0,remboursement_credit,,local,False,aucune
2d10cd58,CLI-00463,2026-06-18 00:00:00,22700.0,depot,,local,False,aucune
b73fdb6b,CLI-00398,2026-06-18 00:00:00,10500.0,retrait,,local,False,aucune
50024c3d,CLI-00736,2026-06-18 00:00:00,354200.0,depot,,local,False,aucune
ad200212,CLI-00121,2026-06-18 00:00:00,13800.0,remboursement_credit,,local,False,aucune
ee6f0094,CLI-00028,2026-06-18 00:00:00,67100.0,depot,,local,False,aucune
380b1611,CLI-00204,2026-06-18 00:00:00,342400.0,retrait,,local,False,aucune
08c0b363,CLI-00414,2026-06-18 00:00:00,13800.0,depot,,local,False,aucune
e7b4ee64,CLI-00284,2026-06-18 00:00:00,116000.0,depot,,local,False,aucune
af9049d5,CLI-00479,2026-06-18 00:00:00,87900.0,remboursement_credit,,local,False,aucune
6e989ee5,CLI-00433,2026-06-18 00:00:00,94100.0,retrait,,local,False,aucune
be7f0df5,CLI-00129,2026-06-18 00:00:00,28300.0,depot,,local,False,aucune
4cbe8764,CLI-00379,2026-06-18 00:00:00,131500.0,retrait,,local,False,aucune
80362d23,CLI-00480,2026-06-18 00:00:00,10700.0,depot,,local,False,aucune
03a41193,CLI-00717,2026-06-18 00:00:00,41100.0,depot,,local,False,aucune
f3f9cf04,CLI-00233,2026-06-18 00:00:00,22400.0,depot,,regional_uemoa,False,aucune
f78452a7,CLI-00234,2026-06-18 00:00:00,46200.0,depot,,local,False,aucune
31510ba7,CLI-00799,2026-06-18 00:00:00,131400.0,transfert_sortant,CLI-00345,local,False,aucune
c9e2bd2d,CLI-00639,2026-06-18 00:00:00,137200.0,depot,,local,False,aucune
4574a8c1,CLI-00470,2026-06-18 00:00:00,56500.0,decaissement_credit,,local,False,aucune
fb792f7a,CLI-00739,2026-06-18 00:00:00,45800.0,depot,,local,False,aucune
e1d3f4b9,CLI-00736,2026-06-18 00:00:00,296000.0,retrait,,regional_uemoa,False,aucune
2999bcd0,CLI-00456,2026-06-18 00:00:00,34200.0,retrait,,local,False,aucune
655524cb,CLI-00776,2026-06-18 00:00:00,21000.0,transfert_sortant,CLI-00564,local,False,aucune
8f50e0a8,CLI-00620,2026-06-18 00:00:00,16700.0,retrait,,local,False,aucune
b60380b3,CLI-00787,2026-06-19 00:00:00,72300.0,depot,,local,False,aucune
2c7906bf,CLI-00474,2026-06-19 00:00:00,7800.0,decaissement_credit,,local,False,aucune
d9f871f0,CLI-00234,2026-06-19 00:00:00,31400.0,transfert_sortant,CLI-00486,local,False,aucune
c80c551c,CLI-00124,2026-06-19 00:00:00,168800.0,transfert_entrant,CLI-00454,local,False,aucune
93fa6a5d,CLI-00571,2026-06-19 00:00:00,20700.0,transfert_sortant,CLI-00415,local,False,aucune
bfebf87e,CLI-00689,2026-06-19 00:00:00,151600.0,depot,,local,False,aucune
7b84e9db,CLI-00029,2026-06-19 00:00:00,17000.0,depot,,local,False,aucune
a33303bc,CLI-00619,2026-06-19 00:00:00,49400.0,retrait,,local,False,aucune
27066a32,CLI-00472,2026-06-19 00:00:00,14700.0,decaissement_credit,,local,False,aucune
add5816f,CLI-00457,2026-06-19 00:00:00,8800.0,remboursement_credit,,local,False,aucune
b72d8298,CLI-00746,2026-06-19 00:00:00,55800.0,depot,,local,False,aucune
5a15ec51,CLI-00040,2026-06-19 00:00:00,50200.0,depot,,local,False,aucune
37105f33,CLI-00521,2026-06-19 00:00:00,40000.0,depot,,local,False,aucune
0f834596,CLI-00271,2026-06-19 00:00:00,40200.0,retrait,,transfrontalier_sensible,False,aucune
7b63b498,CLI-00442,2026-06-19 00:00:00,21300.0,retrait,,local,False,aucune
70281b81,CLI-00149,2026-06-19 00:00:00,185500.0,transfert_entrant,CLI-00101,local,False,aucune
e801b444,CLI-00149,2026-06-19 00:00:00,131200.0,remboursement_credit,,local,False,aucune
98d70742,CLI-00522,2026-06-19 00:00:00,139100.0,transfert_sortant,CLI-00070,local,False,aucune
63e70b7c,CLI-00257,2026-06-19 00:00:00,11000.0,remboursement_credit,,transfrontalier_sensible,False,aucune
888bdba8,CLI-00050,2026-06-19 00:00:00,156000.0,retrait,,local,False,aucune
3b8f9327,CLI-00079,2026-06-19 00:00:00,637700.0,transfert_entrant,CLI-00524,local,False,aucune
992efd9f,CLI-00188,2026-06-19 00:00:00,226900.0,retrait,,local,False,aucune
011f9d5d,CLI-00474,2026-06-19 00:00:00,3700.0,depot,,regional_uemoa,False,aucune
2be17042,CLI-00662,2026-06-19 00:00:00,58400.0,transfert_entrant,CLI-00403,local,False,aucune
0d1d3394,CLI-00323,2026-06-19 00:00:00,208900.0,transfert_sortant,CLI-00451,local,False,aucune
ef04c731,CLI-00437,2026-06-19 00:00:00,23400.0,depot,,local,False,aucune
3ceb95ec,CLI-00472,2026-06-19 00:00:00,19800.0,remboursement_credit,,regional_uemoa,False,aucune
588b3e08,CLI-00557,2026-06-19 00:00:00,86400.0,transfert_sortant,CLI-00682,local,False,aucune
c64fb14b,CLI-00235,2026-06-19 00:00:00,60700.0,decaissement_credit,,local,False,aucune
4be9f2f4,CLI-00354,2026-06-19 00:00:00,229800.0,remboursement_credit,,local,False,aucune
cd41145a,CLI-00641,2026-06-19 00:00:00,41200.0,retrait,,transfrontalier_sensible,False,aucune
ea94f7c0,CLI-00263,2026-06-19 00:00:00,18900.0,transfert_entrant,CLI-00050,local,False,aucune
0b7b76b3,CLI-00040,2026-06-19 00:00:00,63500.0,transfert_sortant,CLI-00569,local,False,aucune
e1d994ce,CLI-00225,2026-06-19 00:00:00,23400.0,depot,,local,False,aucune
50ccaabc,CLI-00381,2026-06-19 00:00:00,19300.0,transfert_sortant,CLI-00665,local,False,aucune
b485f282,CLI-00430,2026-06-19 00:00:00,46800.0,retrait,,local,False,aucune
ca70720a,CLI-00430,2026-06-19 00:00:00,129700.0,retrait,,local,False,aucune
6df5180b,CLI-00537,2026-06-19 00:00:00,19400.0,retrait,,local,False,aucune
db60e50b,CLI-00121,2026-06-19 00:00:00,24200.0,transfert_sortant,CLI-00183,regional_uemoa,False,aucune
1633e556,CLI-00338,2026-06-19 00:00:00,81300.0,depot,,local,False,aucune
d426e145,CLI-00298,2026-06-19 00:00:00,17500.0,remboursement_credit,,local,False,aucune
76f31c30,CLI-00340,2026-06-19 00:00:00,91300.0,depot,,regional_uemoa,False,aucune
a787e3e7,CLI-00777,2026-06-19 00:00:00,38900.0,retrait,,regional_uemoa,False,aucune
9d829fb0,CLI-00786,2026-06-19 00:00:00,45500.0,decaissement_credit,,local,False,aucune
1da02336,CLI-00033,2026-06-19 00:00:00,663600.0,retrait,,local,False,aucune
740d4d15,CLI-00624,2026-06-19 00:00:00,23600.0,transfert_sortant,CLI-00232,local,False,aucune
dc172c2f,CLI-00480,2026-06-20 00:00:00,134200.0,depot,,local,False,aucune
e030fddb,CLI-00750,2026-06-20 00:00:00,34600.0,remboursement_credit,,local,False,aucune
a2a693ff,CLI-00643,2026-06-20 00:00:00,38900.0,depot,,local,False,aucune
e21aaed3,CLI-00639,2026-06-20 00:00:00,15400.0,retrait,,regional_uemoa,False,aucune
2d2ac78a,CLI-00010,2026-06-20 00:00:00,45300.0,retrait,,regional_uemoa,False,aucune
eeba9385,CLI-00206,2026-06-20 00:00:00,857900.0,remboursement_credit,,transfrontalier_sensible,False,aucune
cd0a3f22,CLI-00442,2026-06-20 00:00:00,19100.0,transfert_entrant,CLI-00580,local,False,aucune
3b4981f8,CLI-00791,2026-06-20 00:00:00,19200.0,retrait,,local,False,aucune
29322c02,CLI-00036,2026-06-20 00:00:00,82400.0,depot,,local,False,aucune
f922c995,CLI-00541,2026-06-20 00:00:00,43900.0,transfert_sortant,CLI-00124,local,False,aucune
e921c49e,CLI-00202,2026-06-20 00:00:00,29800.0,depot,,regional_uemoa,False,aucune
3c7d9baa,CLI-00482,2026-06-20 00:00:00,14900.0,transfert_entrant,CLI-00723,local,False,aucune
876fdacc,CLI-00517,2026-06-20 00:00:00,47700.0,depot,,local,False,aucune
c97a7549,CLI-00382,2026-06-20 00:00:00,44500.0,transfert_entrant,CLI-00602,local,False,aucune
6e75e872,CLI-00404,2026-06-20 00:00:00,78400.0,decaissement_credit,,local,False,aucune
fb7bf77d,CLI-00171,2026-06-20 00:00:00,15200.0,retrait,,local,False,aucune
9a099d3f,CLI-00387,2026-06-20 00:00:00,11700.0,depot,,local,False,aucune
0737def0,CLI-00764,2026-06-20 00:00:00,12900.0,depot,,local,False,aucune
a4b95ef1,CLI-00796,2026-06-20 00:00:00,41400.0,remboursement_credit,,transfrontalier_sensible,False,aucune
49f04628,CLI-00040,2026-06-20 00:00:00,9000.0,transfert_sortant,CLI-00673,local,False,aucune
e5267813,CLI-00019,2026-06-20 00:00:00,13100.0,retrait,,local,False,aucune
933395aa,CLI-00190,2026-06-20 00:00:00,270800.0,decaissement_credit,,local,False,aucune
b5e70391,CLI-00365,2026-06-20 00:00:00,17000.0,depot,,local,False,aucune
c771a379,CLI-00200,2026-06-20 00:00:00,33900.0,retrait,,local,False,aucune
d95b4c22,CLI-00693,2026-06-20 00:00:00,116600.0,depot,,regional_uemoa,False,aucune
4813f7cd,CLI-00672,2026-06-20 00:00:00,28000.0,depot,,local,False,aucune
c9e5ac4b,CLI-00351,2026-06-20 00:00:00,6700.0,transfert_entrant,CLI-00737,local,False,aucune
975846c6,CLI-00059,2026-06-20 00:00:00,63100.0,depot,,transfrontalier_sensible,False,aucune
26325520,CLI-00725,2026-06-20 00:00:00,160500.0,depot,,local,False,aucune
e3deaae9,CLI-00061,2026-06-20 00:00:00,26200.0,depot,,local,False,aucune
48ca6b2b,CLI-00238,2026-06-20 00:00:00,5600.0,transfert_sortant,CLI-00754,transfrontalier_sensible,False,aucune
70986984,CLI-00140,2026-06-20 00:00:00,105800.0,remboursement_credit,,local,False,aucune
29f7a7d1,CLI-00100,2026-06-20 00:00:00,19900.0,depot,,local,False,aucune
0a7ca15f,CLI-00767,2026-06-20 00:00:00,52400.0,depot,,local,False,aucune
242cb9db,CLI-00569,2026-06-20 00:00:00,31600.0,decaissement_credit,,local,False,aucune
b1cff027,CLI-00771,2026-06-20 00:00:00,100700.0,retrait,,local,False,aucune
426b7b29,CLI-00225,2026-06-20 00:00:00,110900.0,transfert_sortant,CLI-00770,local,False,aucune
0ca84ed1,CLI-00421,2026-06-20 00:00:00,11700.0,retrait,,local,False,aucune
5a70b5ce,CLI-00113,2026-06-20 00:00:00,283600.0,decaissement_credit,,local,False,aucune
3bf42bce,CLI-00467,2026-06-20 00:00:00,61700.0,retrait,,local,False,aucune
b03fefc6,CLI-00499,2026-06-20 00:00:00,8275600.0,transfert_entrant,CLI-00023,local,False,aucune
325ecf34,CLI-00667,2026-06-20 00:00:00,529000.0,depot,,local,False,aucune
2e77cc2d,CLI-00717,2026-06-20 00:00:00,38400.0,retrait,,local,False,aucune
69f38fbf,CLI-00782,2026-06-20 00:00:00,66700.0,retrait,,local,False,aucune
2025838e,CLI-00683,2026-06-20 00:00:00,16900.0,retrait,,local,False,aucune
9de38d57,CLI-00565,2026-06-20 00:00:00,28300.0,retrait,,local,False,aucune
d37e852f,CLI-00086,2026-06-20 00:00:00,312200.0,depot,,local,False,aucune
1301e233,CLI-00723,2026-06-20 00:00:00,14500.0,depot,,local,False,aucune
f7377e21,CLI-00128,2026-06-20 00:00:00,20300.0,transfert_sortant,CLI-00341,local,False,aucune
2608d99d,CLI-00717,2026-06-20 00:00:00,349600.0,depot,,local,False,aucune
eb92c3c1,CLI-00081,2026-06-20 00:00:00,26000.0,remboursement_credit,,local,False,aucune
0523eb65,CLI-00719,2026-06-20 00:00:00,16200.0,transfert_sortant,CLI-00675,regional_uemoa,False,aucune
f45892b1,CLI-00773,2026-06-20 00:00:00,52300.0,transfert_entrant,CLI-00611,local,False,aucune
7469fb4d,CLI-00094,2026-06-20 00:00:00,71500.0,transfert_entrant,CLI-00210,local,False,aucune
5df81c6a,CLI-00548,2026-06-20 00:00:00,37100.0,depot,,local,False,aucune
37ba05c7,CLI-00362,2026-06-20 00:00:00,42100.0,retrait,,local,False,aucune
3b5b1204,CLI-00223,2026-06-20 00:00:00,552500.0,transfert_sortant,CLI-00773,local,False,aucune
5e1a1afa,CLI-00150,2026-06-20 00:00:00,143500.0,transfert_entrant,CLI-00186,local,False,aucune
a58cdfb7,CLI-00737,2026-06-20 00:00:00,132400.0,depot,,local,False,aucune
166cca72,CLI-00664,2026-06-20 00:00:00,158600.0,remboursement_credit,,regional_uemoa,False,aucune
d041bbec,CLI-00442,2026-06-21 00:00:00,8500.0,transfert_entrant,CLI-00468,local,False,aucune
18ec457b,CLI-00040,2026-06-21 00:00:00,27700.0,depot,,local,False,aucune
99f530e5,CLI-00483,2026-06-21 00:00:00,742100.0,depot,,local,False,aucune
1a1dec15,CLI-00322,2026-06-21 00:00:00,127400.0,remboursement_credit,,regional_uemoa,False,aucune
9484b18d,CLI-00502,2026-06-21 00:00:00,69600.0,transfert_entrant,CLI-00281,local,False,aucune
eff9e4a3,CLI-00201,2026-06-21 00:00:00,84900.0,depot,,local,False,aucune
353a2877,CLI-00010,2026-06-21 00:00:00,75400.0,retrait,,local,False,aucune
e32af125,CLI-00768,2026-06-21 00:00:00,86200.0,transfert_sortant,CLI-00442,local,False,aucune
411b5bea,CLI-00580,2026-06-21 00:00:00,136500.0,remboursement_credit,,local,False,aucune
eeaea360,CLI-00122,2026-06-21 00:00:00,111300.0,decaissement_credit,,regional_uemoa,False,aucune
e4f3882b,CLI-00190,2026-06-21 00:00:00,8600.0,remboursement_credit,,local,False,aucune
4b400e17,CLI-00621,2026-06-21 00:00:00,7500.0,depot,,local,False,aucune
f06578be,CLI-00483,2026-06-21 00:00:00,116900.0,remboursement_credit,,local,False,aucune
9a47d45d,CLI-00037,2026-06-21 00:00:00,22200.0,transfert_entrant,CLI-00644,local,False,aucune
879bf20b,CLI-00390,2026-06-21 00:00:00,161000.0,depot,,regional_uemoa,False,aucune
abebb59b,CLI-00598,2026-06-21 00:00:00,43100.0,depot,,local,False,aucune
90f67833,CLI-00781,2026-06-21 00:00:00,10900.0,depot,,local,False,aucune
6dab12ee,CLI-00087,2026-06-21 00:00:00,68300.0,depot,,local,False,aucune
2ec9fdc1,CLI-00181,2026-06-21 00:00:00,56400.0,retrait,,regional_uemoa,False,aucune
b0c672fb,CLI-00689,2026-06-21 00:00:00,12500.0,depot,,regional_uemoa,False,aucune
ddad1273,CLI-00327,2026-06-21 00:00:00,111800.0,depot,,local,False,aucune
7cb2e40d,CLI-00180,2026-06-21 00:00:00,53600.0,decaissement_credit,,local,False,aucune
bb71e2d4,CLI-00468,2026-06-21 00:00:00,34200.0,decaissement_credit,,regional_uemoa,False,aucune
9c1fe95a,CLI-00025,2026-06-21 00:00:00,105200.0,transfert_sortant,CLI-00564,local,False,aucune
2d7c3a96,CLI-00349,2026-06-21 00:00:00,120100.0,depot,,local,False,aucune
98307ee4,CLI-00704,2026-06-21 00:00:00,179400.0,transfert_sortant,CLI-00140,local,False,aucune
f96b2e32,CLI-00138,2026-06-21 00:00:00,447300.0,retrait,,local,False,aucune
5886cdf2,CLI-00797,2026-06-21 00:00:00,107500.0,depot,,local,False,aucune
fd9b35c9,CLI-00084,2026-06-21 00:00:00,246600.0,depot,,local,False,aucune
71eb3d09,CLI-00458,2026-06-21 00:00:00,65400.0,depot,,local,False,aucune
28f9e3b5,CLI-00416,2026-06-21 00:00:00,119000.0,transfert_entrant,CLI-00653,local,False,aucune
06fbea81,CLI-00297,2026-06-21 00:00:00,24800.0,remboursement_credit,,local,False,aucune
64c82ea0,CLI-00450,2026-06-21 00:00:00,88700.0,retrait,,regional_uemoa,False,aucune
9d372302,CLI-00229,2026-06-21 00:00:00,70900.0,decaissement_credit,,local,False,aucune
b945b33e,CLI-00050,2026-06-21 00:00:00,16500.0,decaissement_credit,,local,False,aucune
934f2f2f,CLI-00109,2026-06-21 00:00:00,76300.0,retrait,,regional_uemoa,False,aucune
456474c6,CLI-00128,2026-06-21 00:00:00,36300.0,transfert_entrant,CLI-00551,transfrontalier_sensible,False,aucune
6a7f5216,CLI-00138,2026-06-21 00:00:00,6000.0,decaissement_credit,,local,False,aucune
9edb29c3,CLI-00773,2026-06-21 00:00:00,99900.0,retrait,,local,False,aucune
8acb5745,CLI-00181,2026-06-21 00:00:00,17300.0,transfert_entrant,CLI-00476,local,False,aucune
ae5b5889,CLI-00388,2026-06-21 00:00:00,37100.0,retrait,,local,False,aucune
e7f02887,CLI-00576,2026-06-21 00:00:00,30800.0,retrait,,local,False,aucune
cf150ce2,CLI-00541,2026-06-21 00:00:00,28200.0,depot,,local,False,aucune
40a1f9be,CLI-00648,2026-06-21 00:00:00,21600.0,retrait,,regional_uemoa,False,aucune
5b8a51ae,CLI-00439,2026-06-21 00:00:00,107800.0,remboursement_credit,,regional_uemoa,False,aucune
565bbee3,CLI-00143,2026-06-21 00:00:00,37500.0,remboursement_credit,,local,False,aucune
ae56854c,CLI-00731,2026-06-21 00:00:00,46400.0,depot,,regional_uemoa,False,aucune
3186da60,CLI-00142,2026-06-21 00:00:00,16800.0,retrait,,local,False,aucune
11a2f0d0,CLI-00317,2026-06-21 00:00:00,11800.0,retrait,,local,False,aucune
2889d4c7,CLI-00471,2026-06-21 00:00:00,46700.0,remboursement_credit,,regional_uemoa,False,aucune
b066fe79,CLI-00738,2026-06-21 00:00:00,88400.0,retrait,,local,False,aucune
8e8a78ab,CLI-00743,2026-06-22 00:00:00,24400.0,transfert_sortant,CLI-00587,local,False,aucune
f8f68797,CLI-00490,2026-06-22 00:00:00,161100.0,transfert_sortant,CLI-00684,regional_uemoa,False,aucune
47a668ce,CLI-00799,2026-06-22 00:00:00,25500.0,transfert_sortant,CLI-00515,local,False,aucune
569681bc,CLI-00249,2026-06-22 00:00:00,171800.0,retrait,,local,False,aucune
00071f73,CLI-00774,2026-06-22 00:00:00,68000.0,depot,,local,False,aucune
b6c4cdd5,CLI-00780,2026-06-22 00:00:00,132100.0,depot,,local,False,aucune
10803910,CLI-00148,2026-06-22 00:00:00,74500.0,remboursement_credit,,local,False,aucune
47857f93,CLI-00045,2026-06-22 00:00:00,6500.0,depot,,local,False,aucune
e69c729b,CLI-00324,2026-06-22 00:00:00,52500.0,depot,,regional_uemoa,False,aucune
7c7493e0,CLI-00731,2026-06-22 00:00:00,337800.0,retrait,,local,False,aucune
b2f16a25,CLI-00594,2026-06-22 00:00:00,25100.0,retrait,,local,False,aucune
b05db645,CLI-00193,2026-06-22 00:00:00,7400.0,transfert_sortant,CLI-00002,local,False,aucune
616d0108,CLI-00515,2026-06-22 00:00:00,116200.0,transfert_entrant,CLI-00722,local,False,aucune
5101e769,CLI-00497,2026-06-22 00:00:00,210400.0,transfert_sortant,CLI-00105,regional_uemoa,False,aucune
6be5b1cf,CLI-00468,2026-06-22 00:00:00,146800.0,transfert_sortant,CLI-00649,regional_uemoa,False,aucune
3cba997f,CLI-00101,2026-06-22 00:00:00,37600.0,transfert_entrant,CLI-00745,local,False,aucune
1af31f80,CLI-00777,2026-06-22 00:00:00,16500.0,decaissement_credit,,regional_uemoa,False,aucune
d1498d25,CLI-00463,2026-06-22 00:00:00,7800.0,transfert_entrant,CLI-00603,local,False,aucune
724fb7a1,CLI-00338,2026-06-22 00:00:00,47200.0,transfert_sortant,CLI-00782,local,False,aucune
31b944e4,CLI-00760,2026-06-22 00:00:00,68800.0,remboursement_credit,,local,False,aucune
cc66ab9e,CLI-00306,2026-06-22 00:00:00,11500.0,retrait,,local,False,aucune
ec3a98d3,CLI-00381,2026-06-22 00:00:00,47700.0,retrait,,local,False,aucune
55004409,CLI-00275,2026-06-22 00:00:00,11000.0,remboursement_credit,,regional_uemoa,False,aucune
ed91e313,CLI-00553,2026-06-22 00:00:00,88700.0,depot,,local,False,aucune
ec0cb7ec,CLI-00732,2026-06-22 00:00:00,74900.0,transfert_entrant,CLI-00573,local,False,aucune
59ff9d37,CLI-00760,2026-06-22 00:00:00,24600.0,retrait,,local,False,aucune
f860db0b,CLI-00155,2026-06-22 00:00:00,63500.0,retrait,,local,False,aucune
bb2af824,CLI-00681,2026-06-22 00:00:00,18200.0,transfert_entrant,CLI-00677,local,False,aucune
1c4d0669,CLI-00101,2026-06-22 00:00:00,9500.0,retrait,,local,False,aucune
495e6449,CLI-00560,2026-06-22 00:00:00,42800.0,depot,,local,False,aucune
3b7de697,CLI-00212,2026-06-22 00:00:00,69100.0,transfert_entrant,CLI-00515,local,False,aucune
d9aa826a,CLI-00657,2026-06-22 00:00:00,143400.0,transfert_entrant,CLI-00575,local,False,aucune
ddbeaa8c,CLI-00370,2026-06-22 00:00:00,33500.0,transfert_sortant,CLI-00287,local,False,aucune
a75572f1,CLI-00049,2026-06-22 00:00:00,14900.0,retrait,,local,False,aucune
facb49b3,CLI-00766,2026-06-22 00:00:00,7600.0,transfert_sortant,CLI-00264,regional_uemoa,False,aucune
4cae920d,CLI-00642,2026-06-22 00:00:00,17700.0,retrait,,local,False,aucune
287fa11b,CLI-00452,2026-06-22 00:00:00,7100.0,depot,,regional_uemoa,False,aucune
3e702fbf,CLI-00204,2026-06-22 00:00:00,61600.0,transfert_sortant,CLI-00720,local,False,aucune
10c62ca9,CLI-00065,2026-06-22 00:00:00,69000.0,retrait,,local,False,aucune
8a8ee790,CLI-00660,2026-06-22 00:00:00,417400.0,depot,,regional_uemoa,False,aucune
fea54caa,CLI-00269,2026-06-22 00:00:00,26000.0,retrait,,local,False,aucune
e772dd41,CLI-00244,2026-06-22 00:00:00,739400.0,retrait,,regional_uemoa,False,aucune
15397d85,CLI-00258,2026-06-22 00:00:00,16200.0,transfert_entrant,CLI-00585,local,False,aucune
698c2a18,CLI-00315,2026-06-22 00:00:00,67400.0,transfert_entrant,CLI-00215,local,False,aucune
ed4fa736,CLI-00792,2026-06-22 00:00:00,12700.0,depot,,local,False,aucune
6904061d,CLI-00225,2026-06-22 00:00:00,8700.0,decaissement_credit,,local,False,aucune
ee08b339,CLI-00784,2026-06-22 00:00:00,567800.0,retrait,,local,False,aucune
b4e3e177,CLI-00685,2026-06-22 00:00:00,360900.0,remboursement_credit,,local,False,aucune
d20321d0,CLI-00239,2026-06-22 00:00:00,433600.0,transfert_sortant,CLI-00603,local,False,aucune
fb9e7401,CLI-00516,2026-06-22 00:00:00,16200.0,retrait,,local,False,aucune
38079743,CLI-00001,2026-06-22 00:00:00,13500.0,remboursement_credit,,regional_uemoa,False,aucune
f642402c,CLI-00580,2026-06-22 00:00:00,28400.0,depot,,local,False,aucune
f6d8b692,CLI-00608,2026-06-22 00:00:00,144700.0,depot,,local,False,aucune
502fc84b,CLI-00746,2026-06-22 00:00:00,63100.0,retrait,,local,False,aucune
099d804d,CLI-00758,2026-06-22 00:00:00,4400.0,retrait,,local,False,aucune
b53af6c7,CLI-00437,2026-06-22 00:00:00,15000.0,retrait,,local,False,aucune
d6140f07,CLI-00496,2026-06-22 00:00:00,44800.0,remboursement_credit,,local,False,aucune
42e12064,CLI-00298,2026-06-22 00:00:00,52400.0,remboursement_credit,,local,False,aucune
a64f4743,CLI-00629,2026-06-22 00:00:00,3926500.0,depot,,regional_uemoa,False,aucune
5cd5e06c,CLI-00492,2026-06-22 00:00:00,45900.0,retrait,,transfrontalier_sensible,False,aucune
0e3fea2d,CLI-00216,2026-06-23 00:00:00,117300.0,retrait,,local,False,aucune
fe9af23c,CLI-00413,2026-06-23 00:00:00,8900.0,depot,,local,False,aucune
e3305e4d,CLI-00760,2026-06-23 00:00:00,24200.0,depot,,local,False,aucune
6b3f4d3e,CLI-00152,2026-06-23 00:00:00,483500.0,retrait,,local,False,aucune
b3969ef9,CLI-00466,2026-06-23 00:00:00,11200.0,depot,,local,False,aucune
a552b262,CLI-00392,2026-06-23 00:00:00,12600.0,remboursement_credit,,local,False,aucune
6964c7fc,CLI-00275,2026-06-23 00:00:00,108500.0,retrait,,local,False,aucune
1f6064a2,CLI-00753,2026-06-23 00:00:00,31800.0,depot,,local,False,aucune
e4ec7554,CLI-00571,2026-06-23 00:00:00,4200.0,retrait,,local,False,aucune
04404d84,CLI-00298,2026-06-23 00:00:00,15000.0,depot,,local,False,aucune
928cd470,CLI-00507,2026-06-23 00:00:00,20300.0,retrait,,regional_uemoa,False,aucune
fb9662cf,CLI-00017,2026-06-23 00:00:00,30500.0,transfert_sortant,CLI-00190,local,False,aucune
16a1ce16,CLI-00563,2026-06-23 00:00:00,2800.0,transfert_entrant,CLI-00203,local,False,aucune
9549d8f3,CLI-00146,2026-06-23 00:00:00,139600.0,transfert_entrant,CLI-00653,local,False,aucune
6bf82f02,CLI-00530,2026-06-23 00:00:00,39500.0,remboursement_credit,,local,False,aucune
777ff52b,CLI-00745,2026-06-23 00:00:00,8100.0,transfert_sortant,CLI-00605,regional_uemoa,False,aucune
7ada2937,CLI-00723,2026-06-23 00:00:00,12900.0,retrait,,local,False,aucune
efb51f11,CLI-00154,2026-06-23 00:00:00,66000.0,depot,,local,False,aucune
c16223b7,CLI-00481,2026-06-23 00:00:00,99000.0,transfert_sortant,CLI-00494,local,False,aucune
06c17277,CLI-00085,2026-06-23 00:00:00,104600.0,decaissement_credit,,regional_uemoa,False,aucune
62b5fbf9,CLI-00179,2026-06-23 00:00:00,29900.0,transfert_entrant,CLI-00258,regional_uemoa,False,aucune
f2a4f0eb,CLI-00564,2026-06-23 00:00:00,84700.0,remboursement_credit,,transfrontalier_sensible,False,aucune
55e949f6,CLI-00059,2026-06-23 00:00:00,46500.0,transfert_entrant,CLI-00415,local,False,aucune
d2437c09,CLI-00015,2026-06-23 00:00:00,3900.0,transfert_sortant,CLI-00744,local,False,aucune
3281d8ee,CLI-00442,2026-06-23 00:00:00,18700.0,remboursement_credit,,local,False,aucune
0ab1b437,CLI-00330,2026-06-23 00:00:00,7800.0,depot,,local,False,aucune
e041daeb,CLI-00347,2026-06-23 00:00:00,35700.0,remboursement_credit,,local,False,aucune
202669f0,CLI-00037,2026-06-23 00:00:00,14100.0,depot,,local,False,aucune
dff97ca5,CLI-00191,2026-06-23 00:00:00,82100.0,transfert_sortant,CLI-00545,regional_uemoa,False,aucune
7f2712cc,CLI-00395,2026-06-23 00:00:00,10400.0,transfert_sortant,CLI-00235,local,False,aucune
6ae91440,CLI-00640,2026-06-23 00:00:00,85500.0,transfert_entrant,CLI-00432,local,False,aucune
3c4af882,CLI-00225,2026-06-23 00:00:00,46000.0,remboursement_credit,,local,False,aucune
0de6ef5a,CLI-00600,2026-06-23 00:00:00,37100.0,depot,,local,False,aucune
9b05c66e,CLI-00541,2026-06-23 00:00:00,30700.0,depot,,local,False,aucune
2862056c,CLI-00048,2026-06-23 00:00:00,46600.0,transfert_sortant,CLI-00045,local,False,aucune
4b7a0a3c,CLI-00392,2026-06-23 00:00:00,104900.0,depot,,local,False,aucune
31b3bfb5,CLI-00517,2026-06-23 00:00:00,50400.0,transfert_sortant,CLI-00282,local,False,aucune
5fef3489,CLI-00539,2026-06-23 00:00:00,19300.0,retrait,,local,False,aucune
721b273f,CLI-00115,2026-06-23 00:00:00,10600.0,transfert_entrant,CLI-00621,local,False,aucune
d63251ed,CLI-00007,2026-06-23 00:00:00,55900.0,retrait,,local,False,aucune
e5ad2cd5,CLI-00366,2026-06-23 00:00:00,354400.0,depot,,local,False,aucune
8d9e2b80,CLI-00791,2026-06-23 00:00:00,1000.0,transfert_sortant,CLI-00550,local,False,aucune
838a8403,CLI-00064,2026-06-23 00:00:00,44600.0,decaissement_credit,,regional_uemoa,False,aucune
d96092e3,CLI-00142,2026-06-23 00:00:00,80400.0,depot,,transfrontalier_sensible,False,aucune
ce690145,CLI-00047,2026-06-23 00:00:00,169500.0,retrait,,local,False,aucune
b9c4fcb3,CLI-00616,2026-06-23 00:00:00,508000.0,depot,,local,False,aucune
58bc5632,CLI-00496,2026-06-23 00:00:00,351300.0,remboursement_credit,,local,False,aucune
075f0ec6,CLI-00048,2026-06-23 00:00:00,157900.0,depot,,local,False,aucune
14b10096,CLI-00638,2026-06-23 00:00:00,28700.0,remboursement_credit,,local,False,aucune
6f054da6,CLI-00013,2026-06-23 00:00:00,9000.0,retrait,,local,False,aucune
6b924cb6,CLI-00276,2026-06-23 00:00:00,21600.0,retrait,,local,False,aucune
7de10060,CLI-00033,2026-06-23 00:00:00,91200.0,decaissement_credit,,transfrontalier_sensible,False,aucune
775ae6e5,CLI-00470,2026-06-23 00:00:00,11300.0,retrait,,local,False,aucune
92a505f8,CLI-00346,2026-06-23 00:00:00,49400.0,transfert_sortant,CLI-00538,local,False,aucune
bfb8e459,CLI-00381,2026-06-23 00:00:00,10000.0,depot,,regional_uemoa,False,aucune
38b9ebdb,CLI-00043,2026-06-23 00:00:00,44600.0,transfert_sortant,CLI-00783,local,False,aucune
7769b359,CLI-00507,2026-06-23 00:00:00,6300.0,remboursement_credit,,local,False,aucune
33237d8a,CLI-00636,2026-06-23 00:00:00,52100.0,remboursement_credit,,local,False,aucune
5c52ca06,CLI-00360,2026-06-23 00:00:00,21000.0,transfert_entrant,CLI-00017,local,False,aucune
0c5f4216,CLI-00186,2026-06-23 00:00:00,35400.0,transfert_sortant,CLI-00258,local,False,aucune
7d192fbb,CLI-00013,2026-06-23 00:00:00,37600.0,remboursement_credit,,local,False,aucune
4fb01b17,CLI-00524,2026-06-23 00:00:00,7638900.0,depot,,local,False,aucune
210fa56a,CLI-00215,2026-06-23 00:00:00,25200.0,transfert_sortant,CLI-00704,local,False,aucune
0fa818e4,CLI-00309,2026-06-23 00:00:00,280300.0,retrait,,transfrontalier_sensible,False,aucune
2a6bcf56,CLI-00771,2026-06-23 00:00:00,49300.0,retrait,,local,False,aucune
2b04e2cf,CLI-00337,2026-06-23 00:00:00,407300.0,transfert_entrant,CLI-00377,local,False,aucune
3adda91c,CLI-00106,2026-06-23 00:00:00,37800.0,transfert_sortant,CLI-00439,local,False,aucune
aaf5691e,CLI-00774,2026-06-23 00:00:00,26900.0,remboursement_credit,,regional_uemoa,False,aucune
b68e0939,CLI-00497,2026-06-24 00:00:00,67800.0,depot,,local,False,aucune
beec3d4c,CLI-00758,2026-06-24 00:00:00,114100.0,transfert_sortant,CLI-00510,local,False,aucune
9cdbea1d,CLI-00644,2026-06-24 00:00:00,11700.0,transfert_sortant,CLI-00606,regional_uemoa,False,aucune
24dc037e,CLI-00088,2026-06-24 00:00:00,163100.0,depot,,local,False,aucune
2927da0d,CLI-00454,2026-06-24 00:00:00,37000.0,depot,,regional_uemoa,False,aucune
c70b752b,CLI-00798,2026-06-24 00:00:00,19000.0,remboursement_credit,,local,False,aucune
da33e59f,CLI-00394,2026-06-24 00:00:00,27700.0,retrait,,local,False,aucune
0b10353c,CLI-00229,2026-06-24 00:00:00,4100.0,transfert_sortant,CLI-00278,local,False,aucune
86a2cbdd,CLI-00632,2026-06-24 00:00:00,58400.0,depot,,regional_uemoa,False,aucune
ef8457d4,CLI-00520,2026-06-24 00:00:00,99600.0,transfert_sortant,CLI-00580,local,False,aucune
e2028eb3,CLI-00341,2026-06-24 00:00:00,953700.0,depot,,local,False,aucune
8252fefe,CLI-00457,2026-06-24 00:00:00,35800.0,depot,,local,False,aucune
1092dd61,CLI-00288,2026-06-24 00:00:00,30300.0,remboursement_credit,,local,False,aucune
6d9bbfc6,CLI-00200,2026-06-24 00:00:00,117800.0,retrait,,regional_uemoa,False,aucune
7bc3f87d,CLI-00297,2026-06-24 00:00:00,49700.0,depot,,local,False,aucune
ecbf80fc,CLI-00568,2026-06-24 00:00:00,49200.0,depot,,local,False,aucune
4d4defa4,CLI-00349,2026-06-24 00:00:00,22300.0,transfert_entrant,CLI-00422,regional_uemoa,False,aucune
4b0f141a,CLI-00516,2026-06-24 00:00:00,25900.0,remboursement_credit,,local,False,aucune
ff4fb807,CLI-00664,2026-06-24 00:00:00,23000.0,depot,,transfrontalier_sensible,False,aucune
7ca4bb73,CLI-00045,2026-06-24 00:00:00,27500.0,transfert_sortant,CLI-00590,local,False,aucune
97714678,CLI-00137,2026-06-24 00:00:00,2100.0,depot,,local,False,aucune
036ee2be,CLI-00207,2026-06-24 00:00:00,87200.0,retrait,,regional_uemoa,False,aucune
9828023b,CLI-00371,2026-06-24 00:00:00,14900.0,retrait,,local,False,aucune
9e9a0da6,CLI-00353,2026-06-24 00:00:00,30000.0,retrait,,local,False,aucune
8a18f9fc,CLI-00358,2026-06-24 00:00:00,98800.0,retrait,,local,False,aucune
d683b498,CLI-00065,2026-06-24 00:00:00,6100.0,depot,,local,False,aucune
922aebd6,CLI-00485,2026-06-24 00:00:00,49900.0,depot,,transfrontalier_sensible,False,aucune
d6e90843,CLI-00461,2026-06-24 00:00:00,108700.0,retrait,,regional_uemoa,False,aucune
0c1feb50,CLI-00373,2026-06-24 00:00:00,46300.0,depot,,local,False,aucune
a6deadd5,CLI-00249,2026-06-24 00:00:00,28200.0,retrait,,transfrontalier_sensible,False,aucune
a0773261,CLI-00620,2026-06-24 00:00:00,37400.0,remboursement_credit,,regional_uemoa,False,aucune
18f006bf,CLI-00237,2026-06-24 00:00:00,54200.0,transfert_sortant,CLI-00482,local,False,aucune
7963d108,CLI-00483,2026-06-24 00:00:00,9626400.0,remboursement_credit,,local,False,aucune
22afa3a1,CLI-00175,2026-06-24 00:00:00,23700.0,depot,,regional_uemoa,False,aucune
ac6ec8a9,CLI-00409,2026-06-24 00:00:00,18300.0,transfert_sortant,CLI-00764,regional_uemoa,False,aucune
d9e7e228,CLI-00260,2026-06-24 00:00:00,7000.0,depot,,local,False,aucune
b605a650,CLI-00215,2026-06-24 00:00:00,428700.0,remboursement_credit,,local,False,aucune
abd77cdf,CLI-00132,2026-06-24 00:00:00,298100.0,transfert_sortant,CLI-00032,local,False,aucune
148d723c,CLI-00656,2026-06-24 00:00:00,16000.0,decaissement_credit,,transfrontalier_sensible,False,aucune
a99c84e0,CLI-00279,2026-06-24 00:00:00,37900.0,remboursement_credit,,local,False,aucune
049f0c71,CLI-00279,2026-06-24 00:00:00,125900.0,depot,,local,False,aucune
0805d25e,CLI-00756,2026-06-25 00:00:00,64100.0,depot,,local,False,aucune
1b8b6cb7,CLI-00309,2026-06-25 00:00:00,675300.0,depot,,regional_uemoa,False,aucune
8dc32094,CLI-00677,2026-06-25 00:00:00,33400.0,depot,,local,False,aucune
64fbdf6b,CLI-00120,2026-06-25 00:00:00,187700.0,depot,,local,False,aucune
972cfae6,CLI-00674,2026-06-25 00:00:00,120000.0,retrait,,local,False,aucune
dcf7d0e9,CLI-00767,2026-06-25 00:00:00,59900.0,remboursement_credit,,local,False,aucune
9334590a,CLI-00071,2026-06-25 00:00:00,38700.0,retrait,,local,False,aucune
c8de40df,CLI-00521,2026-06-25 00:00:00,25000.0,depot,,local,False,aucune
5a8d4e0b,CLI-00435,2026-06-25 00:00:00,21900.0,retrait,,local,False,aucune
29183c1f,CLI-00011,2026-06-25 00:00:00,11000.0,depot,,local,False,aucune
f1794665,CLI-00134,2026-06-25 00:00:00,44500.0,depot,,regional_uemoa,False,aucune
3dadc70e,CLI-00796,2026-06-25 00:00:00,18400.0,depot,,local,False,aucune
84eefb31,CLI-00224,2026-06-25 00:00:00,96000.0,depot,,local,False,aucune
96696c04,CLI-00277,2026-06-25 00:00:00,50100.0,depot,,transfrontalier_sensible,False,aucune
8a48728d,CLI-00000,2026-06-25 00:00:00,34700.0,depot,,local,False,aucune
c84cc2be,CLI-00506,2026-06-25 00:00:00,105300.0,transfert_sortant,CLI-00421,local,False,aucune
8410bff9,CLI-00000,2026-06-25 00:00:00,53600.0,retrait,,local,False,aucune
2e3489c6,CLI-00517,2026-06-25 00:00:00,156400.0,depot,,local,False,aucune
08fdb693,CLI-00052,2026-06-25 00:00:00,26600.0,retrait,,local,False,aucune
e8e56034,CLI-00392,2026-06-25 00:00:00,60400.0,remboursement_credit,,local,False,aucune
0566a188,CLI-00273,2026-06-25 00:00:00,248000.0,depot,,local,False,aucune
4e44f4db,CLI-00154,2026-06-25 00:00:00,60900.0,retrait,,local,False,aucune
e44fc0e0,CLI-00753,2026-06-25 00:00:00,28500.0,depot,,regional_uemoa,False,aucune
4c6d43c1,CLI-00099,2026-06-25 00:00:00,36500.0,depot,,local,False,aucune
9c01a542,CLI-00750,2026-06-25 00:00:00,153400.0,retrait,,local,False,aucune
207458dc,CLI-00103,2026-06-25 00:00:00,9800.0,transfert_sortant,CLI-00433,local,False,aucune
8f6f2f55,CLI-00112,2026-06-25 00:00:00,19600.0,retrait,,local,False,aucune
39d2e847,CLI-00112,2026-06-25 00:00:00,334400.0,retrait,,local,False,aucune
273df93d,CLI-00240,2026-06-25 00:00:00,32600.0,depot,,local,False,aucune
416d3f48,CLI-00744,2026-06-25 00:00:00,13800.0,retrait,,regional_uemoa,False,aucune
afe24932,CLI-00242,2026-06-25 00:00:00,7736500.0,transfert_entrant,CLI-00412,local,False,aucune
fe007c38,CLI-00338,2026-06-25 00:00:00,285000.0,remboursement_credit,,local,False,aucune
8373d6ce,CLI-00039,2026-06-25 00:00:00,69400.0,depot,,local,False,aucune
5ff85d51,CLI-00735,2026-06-25 00:00:00,80400.0,transfert_entrant,CLI-00747,local,False,aucune
681c71d5,CLI-00487,2026-06-25 00:00:00,60900.0,remboursement_credit,,regional_uemoa,False,aucune
bab71b6b,CLI-00073,2026-06-25 00:00:00,17600.0,depot,,local,False,aucune
a36fdc93,CLI-00151,2026-06-25 00:00:00,340600.0,retrait,,local,False,aucune
a33c8182,CLI-00594,2026-06-25 00:00:00,22700.0,remboursement_credit,,local,False,aucune
cd0bafa7,CLI-00352,2026-06-25 00:00:00,15300.0,depot,,local,False,aucune
31a4c44a,CLI-00694,2026-06-25 00:00:00,34900.0,transfert_sortant,CLI-00229,local,False,aucune
2f96afa6,CLI-00676,2026-06-25 00:00:00,69800.0,transfert_entrant,CLI-00140,local,False,aucune
cc3ba66f,CLI-00781,2026-06-25 00:00:00,142900.0,retrait,,local,False,aucune
dd2ecc85,CLI-00529,2026-06-25 00:00:00,12000.0,retrait,,regional_uemoa,False,aucune
692aa15f,CLI-00228,2026-06-25 00:00:00,22600.0,depot,,local,False,aucune
9782e741,CLI-00746,2026-06-25 00:00:00,61000.0,retrait,,local,False,aucune
08d6fac8,CLI-00501,2026-06-25 00:00:00,183500.0,retrait,,local,False,aucune
497f337f,CLI-00593,2026-06-25 00:00:00,103300.0,retrait,,local,False,aucune
c983687f,CLI-00737,2026-06-25 00:00:00,53200.0,retrait,,transfrontalier_sensible,False,aucune
6be921fb,CLI-00347,2026-06-25 00:00:00,13700.0,transfert_sortant,CLI-00216,transfrontalier_sensible,False,aucune
f6fc9a2c,CLI-00373,2026-06-25 00:00:00,7500.0,retrait,,local,False,aucune
f210624a,CLI-00562,2026-06-25 00:00:00,16100.0,retrait,,regional_uemoa,False,aucune
514573cd,CLI-00502,2026-06-25 00:00:00,6300.0,remboursement_credit,,local,False,aucune
b6b1f785,CLI-00182,2026-06-25 00:00:00,15400.0,depot,,regional_uemoa,False,aucune
3bf6aa8c,CLI-00458,2026-06-25 00:00:00,12300.0,retrait,,local,False,aucune
c45636d8,CLI-00121,2026-06-25 00:00:00,50100.0,transfert_entrant,CLI-00155,regional_uemoa,False,aucune
e01f5feb,CLI-00259,2026-06-25 00:00:00,240400.0,retrait,,local,False,aucune
5b96ccac,CLI-00692,2026-06-25 00:00:00,36100.0,depot,,local,False,aucune
d64601e5,CLI-00737,2026-06-26 00:00:00,119900.0,depot,,local,False,aucune
8df8e241,CLI-00555,2026-06-26 00:00:00,241500.0,depot,,local,False,aucune
2579a20a,CLI-00009,2026-06-26 00:00:00,81700.0,retrait,,local,False,aucune
7753e19a,CLI-00105,2026-06-26 00:00:00,59400.0,remboursement_credit,,local,False,aucune
ada7fbd3,CLI-00707,2026-06-26 00:00:00,16500.0,retrait,,local,False,aucune
d2903942,CLI-00213,2026-06-26 00:00:00,259100.0,depot,,local,False,aucune
44d30755,CLI-00766,2026-06-26 00:00:00,88900.0,retrait,,local,False,aucune
c9be76b6,CLI-00096,2026-06-26 00:00:00,44300.0,depot,,local,False,aucune
697a79c9,CLI-00453,2026-06-26 00:00:00,77400.0,remboursement_credit,,local,False,aucune
8f9c2180,CLI-00421,2026-06-26 00:00:00,42600.0,depot,,local,False,aucune
137641c0,CLI-00702,2026-06-26 00:00:00,44700.0,remboursement_credit,,local,False,aucune
12c11da0,CLI-00212,2026-06-26 00:00:00,73800.0,retrait,,local,False,aucune
e495fb25,CLI-00266,2026-06-26 00:00:00,125600.0,depot,,regional_uemoa,False,aucune
9ee5e653,CLI-00267,2026-06-26 00:00:00,277100.0,retrait,,local,False,aucune
f3ba1ba1,CLI-00476,2026-06-26 00:00:00,46000.0,remboursement_credit,,regional_uemoa,False,aucune
fdf64c47,CLI-00786,2026-06-26 00:00:00,8400.0,transfert_entrant,CLI-00447,regional_uemoa,False,aucune
d432015f,CLI-00351,2026-06-26 00:00:00,43400.0,transfert_sortant,CLI-00494,local,False,aucune
c6affc42,CLI-00617,2026-06-26 00:00:00,37000.0,retrait,,regional_uemoa,False,aucune
c5d89b44,CLI-00411,2026-06-26 00:00:00,9100.0,depot,,regional_uemoa,False,aucune
00c63cfb,CLI-00423,2026-06-26 00:00:00,200800.0,depot,,local,False,aucune
c531f9a4,CLI-00530,2026-06-26 00:00:00,32900.0,depot,,regional_uemoa,False,aucune
f8b7c940,CLI-00027,2026-06-26 00:00:00,19500.0,transfert_sortant,CLI-00448,local,False,aucune
c828754a,CLI-00641,2026-06-26 00:00:00,53100.0,depot,,local,False,aucune
d72f0781,CLI-00376,2026-06-26 00:00:00,21900.0,retrait,,local,False,aucune
443ba739,CLI-00477,2026-06-26 00:00:00,47000.0,depot,,local,False,aucune
1407f46d,CLI-00632,2026-06-26 00:00:00,108900.0,depot,,local,False,aucune
ae4e3abe,CLI-00594,2026-06-26 00:00:00,74200.0,retrait,,regional_uemoa,False,aucune
540d1a65,CLI-00673,2026-06-26 00:00:00,135200.0,transfert_entrant,CLI-00144,regional_uemoa,False,aucune
61d7726c,CLI-00731,2026-06-26 00:00:00,22100.0,retrait,,local,False,aucune
57c5f437,CLI-00592,2026-06-26 00:00:00,27200.0,retrait,,local,False,aucune
2e49ea09,CLI-00219,2026-06-26 00:00:00,83100.0,retrait,,regional_uemoa,False,aucune
40efa79c,CLI-00622,2026-06-26 00:00:00,42800.0,decaissement_credit,,transfrontalier_sensible,False,aucune
5a330a44,CLI-00702,2026-06-26 00:00:00,58900.0,depot,,local,False,aucune
7cc85f7d,CLI-00021,2026-06-26 00:00:00,29000.0,depot,,local,False,aucune
ab68b330,CLI-00533,2026-06-26 00:00:00,31200.0,transfert_sortant,CLI-00120,regional_uemoa,False,aucune
26255c63,CLI-00674,2026-06-26 00:00:00,8500.0,decaissement_credit,,local,False,aucune
33904e09,CLI-00523,2026-06-26 00:00:00,19700.0,decaissement_credit,,regional_uemoa,False,aucune
9880ebfd,CLI-00757,2026-06-26 00:00:00,32100.0,depot,,local,False,aucune
e18008a6,CLI-00132,2026-06-26 00:00:00,20800.0,depot,,local,False,aucune
ecee70ae,CLI-00369,2026-06-26 00:00:00,48100.0,depot,,regional_uemoa,False,aucune
b90f770d,CLI-00119,2026-06-26 00:00:00,188000.0,transfert_entrant,CLI-00272,local,False,aucune
f42182f0,CLI-00562,2026-06-26 00:00:00,22600.0,depot,,local,False,aucune
c56b0dde,CLI-00610,2026-06-26 00:00:00,641000.0,depot,,local,False,aucune
b030e0db,CLI-00131,2026-06-26 00:00:00,128600.0,transfert_sortant,CLI-00571,local,False,aucune
024f6687,CLI-00659,2026-06-26 00:00:00,102800.0,depot,,local,False,aucune
8a37c3b3,CLI-00515,2026-06-26 00:00:00,130300.0,retrait,,local,False,aucune
791175c9,CLI-00172,2026-06-26 00:00:00,32000.0,transfert_entrant,CLI-00310,local,False,aucune
3673cae2,CLI-00689,2026-06-26 00:00:00,37700.0,retrait,,local,False,aucune
06d903f3,CLI-00529,2026-06-26 00:00:00,26700.0,depot,,local,False,aucune
0ee1e7cd,CLI-00109,2026-06-26 00:00:00,105000.0,retrait,,local,False,aucune
3c70d55f,CLI-00744,2026-06-26 00:00:00,187400.0,depot,,local,False,aucune
1e0dead9,CLI-00568,2026-06-26 00:00:00,34500.0,depot,,local,False,aucune
fab3e82a,CLI-00794,2026-06-26 00:00:00,7800.0,depot,,local,False,aucune
27073285,CLI-00059,2026-06-26 00:00:00,16200.0,retrait,,local,False,aucune
24a351c4,CLI-00528,2026-06-26 00:00:00,30200.0,transfert_entrant,CLI-00449,local,False,aucune
757dbb6c,CLI-00715,2026-06-26 00:00:00,84500.0,retrait,,local,False,aucune
31b7f79f,CLI-00632,2026-06-27 00:00:00,36000.0,remboursement_credit,,local,False,aucune
ab3bf44e,CLI-00733,2026-06-27 00:00:00,38200.0,depot,,local,False,aucune
e2104032,CLI-00774,2026-06-27 00:00:00,103400.0,retrait,,regional_uemoa,False,aucune
08ffd491,CLI-00109,2026-06-27 00:00:00,12200.0,transfert_sortant,CLI-00729,local,False,aucune
e16df40f,CLI-00241,2026-06-27 00:00:00,81800.0,remboursement_credit,,local,False,aucune
73132c08,CLI-00179,2026-06-27 00:00:00,37500.0,retrait,,local,False,aucune
ed26d2d3,CLI-00224,2026-06-27 00:00:00,3400.0,retrait,,local,False,aucune
7ca9c6bd,CLI-00614,2026-06-27 00:00:00,46200.0,retrait,,local,False,aucune
38ad8475,CLI-00679,2026-06-27 00:00:00,87600.0,depot,,regional_uemoa,False,aucune
0d837583,CLI-00415,2026-06-27 00:00:00,27900.0,transfert_entrant,CLI-00032,transfrontalier_sensible,False,aucune
469f1782,CLI-00392,2026-06-27 00:00:00,43200.0,retrait,,local,False,aucune
b0efcbeb,CLI-00389,2026-06-27 00:00:00,31800.0,transfert_sortant,CLI-00079,local,False,aucune
d6b3dd9b,CLI-00241,2026-06-27 00:00:00,155400.0,depot,,local,False,aucune
ec14363e,CLI-00179,2026-06-27 00:00:00,65100.0,decaissement_credit,,local,False,aucune
a655aa65,CLI-00717,2026-06-27 00:00:00,38100.0,retrait,,local,False,aucune
ac5cf4ac,CLI-00045,2026-06-27 00:00:00,23100.0,retrait,,regional_uemoa,False,aucune
6ba0bbe4,CLI-00110,2026-06-27 00:00:00,58100.0,depot,,local,False,aucune
3138b946,CLI-00260,2026-06-27 00:00:00,40600.0,transfert_entrant,CLI-00588,local,False,aucune
732bb604,CLI-00615,2026-06-27 00:00:00,26600.0,depot,,local,False,aucune
f9cbb1e2,CLI-00327,2026-06-27 00:00:00,33700.0,depot,,transfrontalier_sensible,False,aucune
a14bef27,CLI-00383,2026-06-27 00:00:00,128800.0,transfert_entrant,CLI-00101,local,False,aucune
782f138c,CLI-00068,2026-06-27 00:00:00,41800.0,retrait,,transfrontalier_sensible,False,aucune
3d6dc5b2,CLI-00382,2026-06-27 00:00:00,9300.0,retrait,,local,False,aucune
8db9ea8a,CLI-00759,2026-06-27 00:00:00,26800.0,decaissement_credit,,local,False,aucune
4139d78d,CLI-00681,2026-06-27 00:00:00,76700.0,transfert_entrant,CLI-00537,local,False,aucune
0070a94b,CLI-00248,2026-06-27 00:00:00,141900.0,depot,,local,False,aucune
e29e379c,CLI-00227,2026-06-27 00:00:00,319800.0,depot,,local,False,aucune
62b1b0e6,CLI-00069,2026-06-27 00:00:00,12100.0,retrait,,local,False,aucune
dc8aab71,CLI-00435,2026-06-27 00:00:00,7000.0,depot,,local,False,aucune
1e6818b2,CLI-00777,2026-06-27 00:00:00,28200.0,transfert_entrant,CLI-00057,local,False,aucune
5ab9637b,CLI-00595,2026-06-27 00:00:00,30900.0,depot,,local,False,aucune
728925df,CLI-00675,2026-06-27 00:00:00,224000.0,retrait,,local,False,aucune
97b0e6ad,CLI-00420,2026-06-27 00:00:00,258800.0,transfert_entrant,CLI-00396,regional_uemoa,False,aucune
b93185fe,CLI-00770,2026-06-27 00:00:00,24200.0,depot,,local,False,aucune
4aa44dcf,CLI-00620,2026-06-27 00:00:00,8394500.0,depot,,transfrontalier_sensible,False,aucune
5259db7a,CLI-00600,2026-06-27 00:00:00,7946300.0,depot,,local,False,aucune
e8c9e18e,CLI-00742,2026-06-27 00:00:00,107900.0,decaissement_credit,,local,False,aucune
9d29ff3c,CLI-00369,2026-06-27 00:00:00,23200.0,transfert_entrant,CLI-00558,local,False,aucune
3afb3e69,CLI-00615,2026-06-27 00:00:00,50800.0,transfert_entrant,CLI-00153,regional_uemoa,False,aucune
158f70d7,CLI-00437,2026-06-27 00:00:00,26200.0,depot,,local,False,aucune
77ba7f36,CLI-00062,2026-06-27 00:00:00,55400.0,transfert_entrant,CLI-00773,local,False,aucune
b130da7d,CLI-00311,2026-06-27 00:00:00,73400.0,depot,,local,False,aucune
0157d353,CLI-00283,2026-06-27 00:00:00,35600.0,retrait,,regional_uemoa,False,aucune
6614668b,CLI-00442,2026-06-27 00:00:00,102500.0,depot,,local,False,aucune
ac7bf98a,CLI-00427,2026-06-27 00:00:00,131600.0,depot,,local,False,aucune
9ff38259,CLI-00216,2026-06-27 00:00:00,103700.0,retrait,,local,False,aucune
e3fd4390,CLI-00689,2026-06-27 00:00:00,114600.0,retrait,,regional_uemoa,False,aucune
ddfa30cc,CLI-00259,2026-06-27 00:00:00,426000.0,decaissement_credit,,local,False,aucune
7b181db0,CLI-00038,2026-06-27 00:00:00,14900.0,decaissement_credit,,local,False,aucune
115fbd52,CLI-00192,2026-06-27 00:00:00,62600.0,transfert_entrant,CLI-00061,local,False,aucune
67fe14b7,CLI-00095,2026-06-27 00:00:00,22000.0,remboursement_credit,,local,False,aucune
56b7d987,CLI-00663,2026-06-28 00:00:00,9555000.0,depot,,local,False,aucune
bec50569,CLI-00778,2026-06-28 00:00:00,34400.0,remboursement_credit,,local,False,aucune
238c6bdb,CLI-00775,2026-06-28 00:00:00,27600.0,retrait,,local,False,aucune
37b572c5,CLI-00756,2026-06-28 00:00:00,28400.0,remboursement_credit,,transfrontalier_sensible,False,aucune
aa8f8888,CLI-00795,2026-06-28 00:00:00,44100.0,retrait,,local,False,aucune
c41a5e2b,CLI-00656,2026-06-28 00:00:00,31500.0,transfert_sortant,CLI-00544,local,False,aucune
20bb37f9,CLI-00783,2026-06-28 00:00:00,53000.0,transfert_sortant,CLI-00785,transfrontalier_sensible,False,aucune
10a74282,CLI-00747,2026-06-28 00:00:00,92700.0,depot,,local,False,aucune
9d26d9ca,CLI-00649,2026-06-28 00:00:00,6400.0,decaissement_credit,,local,False,aucune
3a002902,CLI-00706,2026-06-28 00:00:00,152500.0,depot,,regional_uemoa,False,aucune
32c6737c,CLI-00673,2026-06-28 00:00:00,127700.0,transfert_sortant,CLI-00737,transfrontalier_sensible,False,aucune
2d95fa92,CLI-00000,2026-06-28 00:00:00,22200.0,decaissement_credit,,local,False,aucune
40444916,CLI-00311,2026-06-28 00:00:00,15600.0,depot,,local,False,aucune
1887ea26,CLI-00262,2026-06-28 00:00:00,9200.0,depot,,local,False,aucune
fc9757da,CLI-00380,2026-06-28 00:00:00,57500.0,transfert_sortant,CLI-00114,local,False,aucune
ded4d1c6,CLI-00614,2026-06-28 00:00:00,9300.0,retrait,,local,False,aucune
cc67e35d,CLI-00389,2026-06-28 00:00:00,14500.0,decaissement_credit,,transfrontalier_sensible,False,aucune
fc538460,CLI-00229,2026-06-28 00:00:00,13600.0,depot,,local,False,aucune
d3a4c23b,CLI-00032,2026-06-28 00:00:00,42000.0,retrait,,local,False,aucune
20f41840,CLI-00400,2026-06-28 00:00:00,31100.0,retrait,,local,False,aucune
77afc1e7,CLI-00032,2026-06-28 00:00:00,45500.0,remboursement_credit,,local,False,aucune
8945a1fe,CLI-00406,2026-06-28 00:00:00,12800.0,transfert_sortant,CLI-00613,regional_uemoa,False,aucune
2b7e0c8a,CLI-00409,2026-06-28 00:00:00,55000.0,transfert_entrant,CLI-00347,local,False,aucune
a8799c5b,CLI-00037,2026-06-28 00:00:00,155400.0,depot,,local,False,aucune
8c21828a,CLI-00425,2026-06-28 00:00:00,267100.0,depot,,local,False,aucune
69471456,CLI-00436,2026-06-28 00:00:00,14000.0,depot,,local,False,aucune
afd720db,CLI-00447,2026-06-28 00:00:00,50300.0,transfert_sortant,CLI-00091,local,False,aucune
f84d0685,CLI-00049,2026-06-28 00:00:00,10200.0,depot,,regional_uemoa,False,aucune
d1823675,CLI-00186,2026-06-28 00:00:00,297000.0,decaissement_credit,,local,False,aucune
e7671fc8,CLI-00580,2026-06-28 00:00:00,94200.0,transfert_sortant,CLI-00569,local,False,aucune
4dd20bdd,CLI-00118,2026-06-28 00:00:00,174800.0,transfert_sortant,CLI-00629,transfrontalier_sensible,False,aucune
7c63de66,CLI-00141,2026-06-28 00:00:00,140400.0,retrait,,local,False,aucune
82c148e6,CLI-00149,2026-06-28 00:00:00,243400.0,depot,,local,False,aucune
9d791ee9,CLI-00566,2026-06-28 00:00:00,160200.0,decaissement_credit,,local,False,aucune
5cccfad4,CLI-00158,2026-06-28 00:00:00,106900.0,decaissement_credit,,local,False,aucune
e15ce5a7,CLI-00484,2026-06-28 00:00:00,20200.0,depot,,local,False,aucune
62035a52,CLI-00018,2026-06-28 00:00:00,27700.0,depot,,local,False,aucune
043bf514,CLI-00483,2026-06-28 00:00:00,25600.0,retrait,,local,False,aucune
f03a4d4f,CLI-00167,2026-06-28 00:00:00,30500.0,transfert_entrant,CLI-00707,local,False,aucune
93f67a9f,CLI-00475,2026-06-28 00:00:00,218500.0,remboursement_credit,,local,False,aucune
8fd283a9,CLI-00178,2026-06-28 00:00:00,111200.0,remboursement_credit,,local,False,aucune
d3053651,CLI-00181,2026-06-28 00:00:00,72900.0,retrait,,local,False,aucune
44970784,CLI-00576,2026-06-28 00:00:00,96500.0,retrait,,local,False,aucune
277ca9fd,CLI-00459,2026-06-28 00:00:00,117200.0,retrait,,local,False,aucune
fbe7ac3a,CLI-00483,2026-06-28 00:00:00,15800.0,depot,,local,False,aucune
50252400,CLI-00339,2026-06-28 00:00:00,62500.0,retrait,,local,False,aucune
ff0531cf,CLI-00427,2026-06-28 00:00:00,186500.0,retrait,,local,False,aucune
642038e2,CLI-00293,2026-06-28 00:00:00,18000.0,remboursement_credit,,transfrontalier_sensible,False,aucune
6776eb4d,CLI-00298,2026-06-28 00:00:00,54700.0,retrait,,local,False,aucune
9b29b01f,CLI-00636,2026-06-28 00:00:00,100200.0,retrait,,local,False,aucune
90df2ff7,CLI-00323,2026-06-28 00:00:00,5700.0,depot,,local,False,aucune
824fee52,CLI-00378,2026-06-29 00:00:00,88600.0,transfert_entrant,CLI-00726,local,False,aucune
e536c879,CLI-00512,2026-06-29 00:00:00,6200.0,retrait,,local,False,aucune
f02c45b6,CLI-00573,2026-06-29 00:00:00,102800.0,depot,,transfrontalier_sensible,False,aucune
db28ac53,CLI-00131,2026-06-29 00:00:00,47800.0,retrait,,regional_uemoa,False,aucune
b21379d2,CLI-00473,2026-06-29 00:00:00,12100.0,decaissement_credit,,local,False,aucune
86438241,CLI-00074,2026-06-29 00:00:00,68300.0,retrait,,local,False,aucune
21107755,CLI-00318,2026-06-29 00:00:00,34800.0,remboursement_credit,,local,False,aucune
2d4c1b27,CLI-00259,2026-06-29 00:00:00,94000.0,retrait,,local,False,aucune
1bb06010,CLI-00759,2026-06-29 00:00:00,74900.0,remboursement_credit,,regional_uemoa,False,aucune
753fc3e0,CLI-00260,2026-06-29 00:00:00,113800.0,depot,,local,False,aucune
ff68c539,CLI-00368,2026-06-29 00:00:00,51700.0,depot,,local,False,aucune
fa8eb99b,CLI-00087,2026-06-29 00:00:00,12800.0,remboursement_credit,,local,False,aucune
09ffb6cd,CLI-00021,2026-06-29 00:00:00,69500.0,depot,,local,False,aucune
649a7f4f,CLI-00508,2026-06-29 00:00:00,25900.0,transfert_sortant,CLI-00181,local,False,aucune
7e380c26,CLI-00146,2026-06-29 00:00:00,45000.0,transfert_entrant,CLI-00156,regional_uemoa,False,aucune
51a54f92,CLI-00017,2026-06-29 00:00:00,179900.0,depot,,local,False,aucune
35ff8dff,CLI-00418,2026-06-29 00:00:00,89200.0,retrait,,local,False,aucune
4a63a5bd,CLI-00476,2026-06-29 00:00:00,89600.0,depot,,local,False,aucune
ea04c907,CLI-00793,2026-06-29 00:00:00,42400.0,remboursement_credit,,regional_uemoa,False,aucune
66bf9784,CLI-00037,2026-06-29 00:00:00,40800.0,decaissement_credit,,local,False,aucune
197736eb,CLI-00610,2026-06-29 00:00:00,33500.0,depot,,local,False,aucune
91e942b6,CLI-00478,2026-06-29 00:00:00,83400.0,depot,,local,False,aucune
e660a2c8,CLI-00397,2026-06-29 00:00:00,6200.0,remboursement_credit,,local,False,aucune
17a16714,CLI-00685,2026-06-29 00:00:00,18500.0,transfert_entrant,CLI-00707,local,False,aucune
48ef9ebf,CLI-00484,2026-06-29 00:00:00,28500.0,depot,,local,False,aucune
5f7603d2,CLI-00492,2026-06-29 00:00:00,43200.0,decaissement_credit,,local,False,aucune
16091ab4,CLI-00492,2026-06-29 00:00:00,104900.0,depot,,regional_uemoa,False,aucune
8639af97,CLI-00072,2026-06-29 00:00:00,43500.0,transfert_entrant,CLI-00564,local,False,aucune
466b348c,CLI-00196,2026-06-29 00:00:00,14200.0,depot,,transfrontalier_sensible,False,aucune
c22f31fe,CLI-00041,2026-06-29 00:00:00,9700.0,retrait,,local,False,aucune
487e5ef8,CLI-00130,2026-06-29 00:00:00,27000.0,retrait,,local,False,aucune
0f88591d,CLI-00754,2026-06-29 00:00:00,10200.0,depot,,local,False,aucune
f7558335,CLI-00012,2026-06-29 00:00:00,29200.0,remboursement_credit,,local,False,aucune
441e845a,CLI-00581,2026-06-29 00:00:00,21500.0,decaissement_credit,,local,False,aucune
81196772,CLI-00732,2026-06-29 00:00:00,20000.0,depot,,local,False,aucune
36d9548e,CLI-00650,2026-06-29 00:00:00,6500.0,depot,,regional_uemoa,False,aucune
dd35926e,CLI-00721,2026-06-29 00:00:00,79800.0,retrait,,regional_uemoa,False,aucune
230f8473,CLI-00109,2026-06-29 00:00:00,7200.0,depot,,local,False,aucune
574e2c6a,CLI-00773,2026-06-29 00:00:00,26900.0,transfert_sortant,CLI-00262,local,False,aucune
68a1428d,CLI-00099,2026-06-29 00:00:00,220000.0,transfert_sortant,CLI-00161,regional_uemoa,False,aucune
30801533,CLI-00454,2026-06-29 00:00:00,14700.0,transfert_entrant,CLI-00511,local,False,aucune
886fe49c,CLI-00345,2026-06-29 00:00:00,21400.0,depot,,local,False,aucune
518afd15,CLI-00671,2026-06-29 00:00:00,4000.0,retrait,,local,False,aucune
34479f9b,CLI-00459,2026-06-29 00:00:00,21700.0,transfert_entrant,CLI-00340,local,False,aucune
6a6d3973,CLI-00459,2026-06-29 00:00:00,73000.0,remboursement_credit,,local,False,aucune
5a5de3a9,CLI-00789,2026-06-29 00:00:00,14400.0,retrait,,local,False,aucune
8187a36d,CLI-00053,2026-06-29 00:00:00,85700.0,transfert_entrant,CLI-00582,local,False,aucune
7bf2a9e6,CLI-00111,2026-06-29 00:00:00,101900.0,retrait,,local,False,aucune
baa2f5ca,CLI-00787,2026-06-29 00:00:00,30900.0,retrait,,local,False,aucune
19298f1f,CLI-00367,2026-06-29 00:00:00,32900.0,transfert_entrant,CLI-00443,local,False,aucune
2ab899f8,CLI-00552,2026-06-29 00:00:00,70900.0,transfert_entrant,CLI-00623,transfrontalier_sensible,False,aucune
2b3a5fea,CLI-00696,2026-06-29 00:00:00,22500.0,retrait,,local,False,aucune
e2b132c3,CLI-00439,2026-06-29 00:00:00,31900.0,depot,,transfrontalier_sensible,False,aucune
c69ce01a,CLI-00216,2026-06-29 00:00:00,24400.0,transfert_sortant,CLI-00565,regional_uemoa,False,aucune
1df0b2ee,CLI-00184,2026-06-29 00:00:00,48500.0,depot,,local,False,aucune
e42e1900,CLI-00530,2026-06-29 00:00:00,165700.0,depot,,regional_uemoa,False,aucune
9418abec,CLI-00754,2026-06-30 00:00:00,110200.0,depot,,local,False,aucune
9843517c,CLI-00215,2026-06-30 00:00:00,9300.0,retrait,,local,False,aucune
8a3ce2ee,CLI-00060,2026-06-30 00:00:00,67700.0,remboursement_credit,,local,False,aucune
b5fe229d,CLI-00663,2026-06-30 00:00:00,98000.0,retrait,,local,False,aucune
36654e03,CLI-00570,2026-06-30 00:00:00,17300.0,transfert_sortant,CLI-00260,local,False,aucune
135fc9b0,CLI-00640,2026-06-30 00:00:00,16300.0,depot,,local,False,aucune
4e61f4a5,CLI-00696,2026-06-30 00:00:00,119100.0,transfert_entrant,CLI-00079,local,False,aucune
a5db2aab,CLI-00035,2026-06-30 00:00:00,34000.0,retrait,,local,False,aucune
0f8ade57,CLI-00209,2026-06-30 00:00:00,14800.0,decaissement_credit,,local,False,aucune
3f86919e,CLI-00702,2026-06-30 00:00:00,74800.0,retrait,,local,False,aucune
f9b9ed95,CLI-00193,2026-06-30 00:00:00,547500.0,decaissement_credit,,local,False,aucune
39f8be8d,CLI-00483,2026-06-30 00:00:00,6100.0,transfert_entrant,CLI-00337,local,False,aucune
bd66254b,CLI-00761,2026-06-30 00:00:00,84400.0,depot,,regional_uemoa,False,aucune
21cd40e2,CLI-00424,2026-06-30 00:00:00,52100.0,remboursement_credit,,local,False,aucune
5f3c4442,CLI-00660,2026-06-30 00:00:00,20300.0,remboursement_credit,,local,False,aucune
0ab5eb70,CLI-00205,2026-06-30 00:00:00,43900.0,remboursement_credit,,local,False,aucune
864d73df,CLI-00594,2026-06-30 00:00:00,74000.0,remboursement_credit,,local,False,aucune
d894b7ac,CLI-00051,2026-06-30 00:00:00,11100.0,remboursement_credit,,transfrontalier_sensible,False,aucune
35a8525b,CLI-00688,2026-06-30 00:00:00,31300.0,depot,,local,False,aucune
31362403,CLI-00192,2026-06-30 00:00:00,18100.0,transfert_entrant,CLI-00590,regional_uemoa,False,aucune
e2bcbb5b,CLI-00421,2026-06-30 00:00:00,46600.0,decaissement_credit,,local,False,aucune
275c1944,CLI-00458,2026-06-30 00:00:00,69300.0,decaissement_credit,,local,False,aucune
b0e3ab53,CLI-00789,2026-06-30 00:00:00,80000.0,remboursement_credit,,local,False,aucune
f2c9cc3d,CLI-00692,2026-06-30 00:00:00,44000.0,transfert_entrant,CLI-00122,local,False,aucune
4e565613,CLI-00675,2026-06-30 00:00:00,17200.0,depot,,local,False,aucune
38476b5d,CLI-00022,2026-06-30 00:00:00,10100.0,transfert_sortant,CLI-00396,local,False,aucune
ad3da1d4,CLI-00510,2026-06-30 00:00:00,32100.0,retrait,,regional_uemoa,False,aucune
4168a819,CLI-00255,2026-06-30 00:00:00,12800.0,depot,,local,False,aucune
e14775a7,CLI-00086,2026-06-30 00:00:00,148000.0,retrait,,local,False,aucune
7b9f49fc,CLI-00621,2026-06-30 00:00:00,82200.0,retrait,,transfrontalier_sensible,False,aucune
264b50bb,CLI-00484,2026-06-30 00:00:00,42900.0,transfert_entrant,CLI-00183,local,False,aucune
ad2d2d59,CLI-00267,2026-06-30 00:00:00,31900.0,retrait,,local,False,aucune
fff6cd43,CLI-00130,2026-06-30 00:00:00,182200.0,depot,,local,False,aucune
820b699e,CLI-00527,2026-06-30 00:00:00,9800.0,retrait,,local,False,aucune
ffe79c6f,CLI-00268,2026-06-30 00:00:00,70000.0,remboursement_credit,,local,False,aucune
16865cbc,CLI-00526,2026-06-30 00:00:00,84000.0,depot,,local,False,aucune
2ab6dfe9,CLI-00713,2026-06-30 00:00:00,33300.0,retrait,,local,False,aucune
d0f0caeb,CLI-00262,2026-06-30 00:00:00,2900.0,retrait,,local,False,aucune
64759669,CLI-00128,2026-06-30 00:00:00,129200.0,retrait,,transfrontalier_sensible,False,aucune
65012c07,CLI-00677,2026-06-30 00:00:00,8400.0,depot,,local,False,aucune
96dd8e06,CLI-00289,2026-06-30 00:00:00,13900.0,retrait,,local,False,aucune
4686e70c,CLI-00503,2026-06-30 00:00:00,9700.0,retrait,,local,False,aucune
c85257b1,CLI-00267,2026-06-30 00:00:00,53000.0,retrait,,regional_uemoa,False,aucune
cb630cc2,CLI-00354,2026-06-30 00:00:00,4839700.0,retrait,,local,False,aucune
f77521f9,CLI-00542,2026-06-30 00:00:00,155400.0,retrait,,local,False,aucune
14c14129,CLI-00154,2026-06-30 00:00:00,12300.0,decaissement_credit,,regional_uemoa,False,aucune
6111b8dd,CLI-00799,2026-06-30 00:00:00,138200.0,remboursement_credit,,regional_uemoa,False,aucune
e8ee44e8,CLI-00151,2026-06-30 00:00:00,155900.0,decaissement_credit,,local,False,aucune
0e297902,CLI-00547,2026-06-30 00:00:00,67000.0,depot,,local,False,aucune
38e2b1dd,CLI-00662,2026-06-30 00:00:00,41700.0,depot,,local,False,aucune
79462da4,CLI-00074,2026-06-30 00:00:00,249200.0,retrait,,local,False,aucune
8e687348,CLI-00238,2026-06-30 00:00:00,9800.0,transfert_entrant,CLI-00101,regional_uemoa,False,aucune
3c4efb32,CLI-00147,2026-06-30 00:00:00,141300.0,retrait,,local,False,aucune
5cb38141,CLI-00722,2026-06-30 00:00:00,306700.0,depot,,local,False,aucune
90c8da3d,CLI-00630,2026-06-30 00:00:00,10100.0,retrait,,local,False,aucune
7f2f9998,CLI-00734,2026-06-30 00:00:00,62000.0,transfert_entrant,CLI-00203,local,False,aucune
09445a88,CLI-00241,2026-06-30 00:00:00,40200.0,depot,,local,False,aucune
b0700dc8,CLI-00241,2026-06-30 00:00:00,1500.0,depot,,local,False,aucune
15739808,CLI-00098,2026-06-30 00:00:00,16600.0,transfert_sortant,CLI-00082,local,False,aucune
b4839c4f,CLI-00312,2026-06-30 00:00:00,71400.0,remboursement_credit,,regional_uemoa,False,aucune
c425fb3e,CLI-00115,2026-07-01 00:00:00,91100.0,depot,,regional_uemoa,False,aucune
b7560826,CLI-00787,2026-07-01 00:00:00,144200.0,depot,,local,False,aucune
9d6e0f57,CLI-00550,2026-07-01 00:00:00,25400.0,retrait,,transfrontalier_sensible,False,aucune
02fb2cb7,CLI-00757,2026-07-01 00:00:00,81400.0,transfert_sortant,CLI-00088,local,False,aucune
9f43e5d6,CLI-00114,2026-07-01 00:00:00,22000.0,transfert_sortant,CLI-00750,local,False,aucune
c14320d4,CLI-00487,2026-07-01 00:00:00,32300.0,retrait,,local,False,aucune
a8d118af,CLI-00321,2026-07-01 00:00:00,138200.0,decaissement_credit,,local,False,aucune
3d685920,CLI-00307,2026-07-01 00:00:00,29500.0,depot,,local,False,aucune
ee1e7792,CLI-00568,2026-07-01 00:00:00,14300.0,retrait,,regional_uemoa,False,aucune
f97f02b7,CLI-00305,2026-07-01 00:00:00,10000.0,remboursement_credit,,local,False,aucune
7898d194,CLI-00304,2026-07-01 00:00:00,9700.0,retrait,,local,False,aucune
18ecbe62,CLI-00165,2026-07-01 00:00:00,148400.0,transfert_sortant,CLI-00678,local,False,aucune
c5b9989e,CLI-00168,2026-07-01 00:00:00,10600.0,remboursement_credit,,local,False,aucune
1e85386e,CLI-00148,2026-07-01 00:00:00,15000.0,retrait,,transfrontalier_sensible,False,aucune
83e60f62,CLI-00500,2026-07-01 00:00:00,57800.0,decaissement_credit,,local,False,aucune
3263d2ac,CLI-00147,2026-07-01 00:00:00,79800.0,retrait,,local,False,aucune
671edaca,CLI-00145,2026-07-01 00:00:00,259300.0,retrait,,local,False,aucune
a096581e,CLI-00145,2026-07-01 00:00:00,19600.0,decaissement_credit,,local,False,aucune
4655a3eb,CLI-00507,2026-07-01 00:00:00,2200.0,transfert_entrant,CLI-00251,local,False,aucune
b11ab681,CLI-00664,2026-07-01 00:00:00,91400.0,depot,,local,False,aucune
6c36c904,CLI-00513,2026-07-01 00:00:00,103200.0,depot,,local,False,aucune
80c88195,CLI-00182,2026-07-01 00:00:00,30200.0,retrait,,regional_uemoa,False,aucune
64a689a4,CLI-00461,2026-07-01 00:00:00,67300.0,depot,,local,False,aucune
b2b7b81a,CLI-00556,2026-07-01 00:00:00,26000.0,transfert_sortant,CLI-00641,local,False,aucune
8bc5e15c,CLI-00775,2026-07-01 00:00:00,8500.0,retrait,,local,False,aucune
7eb6aa31,CLI-00401,2026-07-01 00:00:00,104600.0,transfert_entrant,CLI-00267,local,False,aucune
e1a2eb1d,CLI-00242,2026-07-01 00:00:00,23200.0,transfert_entrant,CLI-00359,regional_uemoa,False,aucune
7b6a3403,CLI-00273,2026-07-01 00:00:00,33400.0,depot,,transfrontalier_sensible,False,aucune
4b3b6ff2,CLI-00423,2026-07-01 00:00:00,75400.0,transfert_entrant,CLI-00397,transfrontalier_sensible,False,aucune
81767bd4,CLI-00206,2026-07-01 00:00:00,21000.0,transfert_entrant,CLI-00021,local,False,aucune
e85b8892,CLI-00702,2026-07-01 00:00:00,83700.0,depot,,local,False,aucune
04e3b488,CLI-00596,2026-07-01 00:00:00,27600.0,transfert_entrant,CLI-00163,local,False,aucune
90188df8,CLI-00274,2026-07-01 00:00:00,7900.0,depot,,local,False,aucune
824adfc5,CLI-00722,2026-07-01 00:00:00,136300.0,retrait,,local,False,aucune
2b7885c6,CLI-00260,2026-07-01 00:00:00,24900.0,retrait,,local,False,aucune
42c2258e,CLI-00621,2026-07-01 00:00:00,20200.0,depot,,local,False,aucune
a8fa2e3e,CLI-00710,2026-07-01 00:00:00,12900.0,retrait,,regional_uemoa,False,aucune
a73cd4b2,CLI-00195,2026-07-01 00:00:00,7070800.0,depot,,local,True,layering
a76cf0a3,CLI-00346,2026-07-01 00:00:00,37700.0,transfert_entrant,CLI-00183,local,False,aucune
42a18e3c,CLI-00431,2026-07-01 00:00:00,26800.0,remboursement_credit,,local,False,aucune
9aa33717,CLI-00697,2026-07-01 00:00:00,186600.0,depot,,local,False,aucune
85903931,CLI-00205,2026-07-01 00:00:00,150500.0,transfert_entrant,CLI-00793,local,False,aucune
970bde80,CLI-00618,2026-07-01 00:00:00,11300.0,depot,,local,False,aucune
6d6f54e9,CLI-00190,2026-07-01 00:00:00,20700.0,retrait,,local,False,aucune
f6e8b540,CLI-00756,2026-07-01 00:00:00,41900.0,retrait,,local,False,aucune
0d629f5b,CLI-00756,2026-07-01 00:00:00,63100.0,depot,,local,False,aucune
1bd17020,CLI-00730,2026-07-01 00:00:00,376000.0,retrait,,local,False,aucune
cbadfd11,CLI-00406,2026-07-01 00:00:00,12800.0,depot,,local,False,aucune
272d1cbe,CLI-00333,2026-07-01 00:00:00,90600.0,transfert_entrant,CLI-00353,local,False,aucune
707dde8e,CLI-00367,2026-07-01 00:00:00,25300.0,depot,,local,False,aucune
1dddc2e9,CLI-00011,2026-07-01 00:00:00,6500.0,retrait,,local,False,aucune
b15c0574,CLI-00336,2026-07-01 00:00:00,29700.0,transfert_sortant,CLI-00017,regional_uemoa,False,aucune
14027872,CLI-00255,2026-07-01 00:00:00,2900.0,retrait,,regional_uemoa,False,aucune
e7071e1e,CLI-00402,2026-07-01 00:00:00,4800.0,transfert_sortant,CLI-00064,regional_uemoa,False,aucune
750efa1d,CLI-00195,2026-07-01 11:00:00,2067000.0,transfert_sortant,CLI-00160,local,True,layering
45a6b5cb,CLI-00366,2026-07-02 00:00:00,134000.0,depot,,regional_uemoa,False,aucune
1ddfa184,CLI-00490,2026-07-02 00:00:00,28600.0,retrait,,local,False,aucune
7354fdbb,CLI-00705,2026-07-02 00:00:00,23600.0,retrait,,local,False,aucune
28ca1a52,CLI-00049,2026-07-02 00:00:00,85000.0,transfert_sortant,CLI-00733,local,False,aucune
31ae6f3e,CLI-00731,2026-07-02 00:00:00,8900.0,retrait,,local,False,aucune
8dbabcfa,CLI-00746,2026-07-02 00:00:00,52700.0,depot,,local,False,aucune
f2976e68,CLI-00332,2026-07-02 00:00:00,5800.0,remboursement_credit,,local,False,aucune
205aa045,CLI-00707,2026-07-02 00:00:00,76800.0,retrait,,local,False,aucune
206344fa,CLI-00501,2026-07-02 00:00:00,44700.0,transfert_sortant,CLI-00220,local,False,aucune
6f0a8763,CLI-00017,2026-07-02 00:00:00,84400.0,decaissement_credit,,local,False,aucune
c2bfd70c,CLI-00635,2026-07-02 00:00:00,121700.0,depot,,local,False,aucune
4ea41694,CLI-00310,2026-07-02 00:00:00,30400.0,transfert_entrant,CLI-00660,local,False,aucune
b6ba6844,CLI-00508,2026-07-02 00:00:00,81900.0,retrait,,local,False,aucune
8ce45270,CLI-00768,2026-07-02 00:00:00,16200.0,depot,,regional_uemoa,False,aucune
094e475f,CLI-00256,2026-07-02 00:00:00,60400.0,depot,,local,False,aucune
9c83c5eb,CLI-00669,2026-07-02 00:00:00,35300.0,depot,,local,False,aucune
9ccb21bd,CLI-00517,2026-07-02 00:00:00,51200.0,transfert_entrant,CLI-00375,local,False,aucune
57734471,CLI-00515,2026-07-02 00:00:00,6300.0,transfert_sortant,CLI-00000,local,False,aucune
9b2e3ac0,CLI-00497,2026-07-02 00:00:00,267200.0,retrait,,local,False,aucune
1f57dc81,CLI-00562,2026-07-02 00:00:00,96200.0,depot,,transfrontalier_sensible,False,aucune
9e6de203,CLI-00361,2026-07-02 00:00:00,43000.0,remboursement_credit,,local,False,aucune
c991821e,CLI-00569,2026-07-02 00:00:00,49900.0,retrait,,regional_uemoa,False,aucune
b8f255c4,CLI-00050,2026-07-02 00:00:00,359600.0,depot,,regional_uemoa,False,aucune
bf441c12,CLI-00662,2026-07-02 00:00:00,11400.0,remboursement_credit,,local,False,aucune
17e20dce,CLI-00107,2026-07-02 00:00:00,13100.0,decaissement_credit,,regional_uemoa,False,aucune
decebd76,CLI-00661,2026-07-02 00:00:00,13700.0,transfert_entrant,CLI-00689,regional_uemoa,False,aucune
fe89dea0,CLI-00720,2026-07-02 00:00:00,81400.0,retrait,,regional_uemoa,False,aucune
9d784f6b,CLI-00536,2026-07-02 00:00:00,177000.0,transfert_entrant,CLI-00530,regional_uemoa,False,aucune
8aeca228,CLI-00630,2026-07-02 00:00:00,88800.0,remboursement_credit,,local,False,aucune
4328cb5d,CLI-00182,2026-07-02 00:00:00,18400.0,remboursement_credit,,local,False,aucune
7a870720,CLI-00463,2026-07-02 00:00:00,12100.0,retrait,,transfrontalier_sensible,False,aucune
22516dfc,CLI-00098,2026-07-02 00:00:00,12400.0,depot,,local,False,aucune
56532176,CLI-00426,2026-07-02 00:00:00,110700.0,retrait,,transfrontalier_sensible,False,aucune
3e520fd5,CLI-00473,2026-07-02 00:00:00,10500.0,depot,,local,False,aucune
17b79fd4,CLI-00595,2026-07-02 00:00:00,7100.0,retrait,,regional_uemoa,False,aucune
54d872cb,CLI-00550,2026-07-02 00:00:00,25200.0,transfert_entrant,CLI-00505,local,False,aucune
99b6a2a3,CLI-00424,2026-07-02 00:00:00,168000.0,depot,,local,False,aucune
3ba1b9c6,CLI-00372,2026-07-02 00:00:00,145100.0,decaissement_credit,,local,False,aucune
2081426e,CLI-00628,2026-07-02 00:00:00,37000.0,decaissement_credit,,local,False,aucune
9841b1ba,CLI-00517,2026-07-02 00:00:00,130900.0,retrait,,local,False,aucune
42ba32d0,CLI-00039,2026-07-02 00:00:00,29700.0,remboursement_credit,,local,False,aucune
3ae3d7a3,CLI-00644,2026-07-02 00:00:00,119200.0,retrait,,local,False,aucune
09b6a3a4,CLI-00573,2026-07-02 00:00:00,14500.0,retrait,,local,False,aucune
3ee46aa0,CLI-00722,2026-07-02 00:00:00,164300.0,remboursement_credit,,local,False,aucune
9029aa39,CLI-00532,2026-07-02 00:00:00,54400.0,depot,,regional_uemoa,False,aucune
de031f3f,CLI-00195,2026-07-02 17:00:00,1848400.0,transfert_sortant,CLI-00542,local,True,layering
fdfcceaa,CLI-00195,2026-07-02 20:00:00,2550500.0,transfert_sortant,CLI-00772,regional_uemoa,True,layering
9a27416a,CLI-00358,2026-07-03 00:00:00,119800.0,retrait,,local,False,aucune
cb196c79,CLI-00347,2026-07-03 00:00:00,18200.0,transfert_entrant,CLI-00507,local,False,aucune
e4a117f9,CLI-00718,2026-07-03 00:00:00,174200.0,transfert_sortant,CLI-00028,local,False,aucune
e6235c6b,CLI-00728,2026-07-03 00:00:00,6100.0,remboursement_credit,,local,False,aucune
8bfee46d,CLI-00520,2026-07-03 00:00:00,17200.0,transfert_entrant,CLI-00375,local,False,aucune
50aa6d19,CLI-00365,2026-07-03 00:00:00,26000.0,retrait,,regional_uemoa,False,aucune
30efdd1c,CLI-00362,2026-07-03 00:00:00,135400.0,decaissement_credit,,local,False,aucune
9ccd8aaf,CLI-00529,2026-07-03 00:00:00,58100.0,transfert_entrant,CLI-00509,transfrontalier_sensible,False,aucune
06c36df7,CLI-00522,2026-07-03 00:00:00,52500.0,remboursement_credit,,transfrontalier_sensible,False,aucune
ca4cbf2f,CLI-00284,2026-07-03 00:00:00,31400.0,retrait,,local,False,aucune
a2b90cee,CLI-00457,2026-07-03 00:00:00,17100.0,depot,,local,False,aucune
2d686d16,CLI-00378,2026-07-03 00:00:00,18200.0,remboursement_credit,,local,False,aucune
6a27f8a9,CLI-00458,2026-07-03 00:00:00,100800.0,retrait,,local,False,aucune
56feda84,CLI-00454,2026-07-03 00:00:00,7300.0,depot,,local,False,aucune
6d5ff95a,CLI-00723,2026-07-03 00:00:00,109000.0,depot,,local,False,aucune
d64a0557,CLI-00445,2026-07-03 00:00:00,13100.0,depot,,local,False,aucune
41b0ee13,CLI-00730,2026-07-03 00:00:00,38100.0,retrait,,regional_uemoa,False,aucune
56e4a84d,CLI-00194,2026-07-03 00:00:00,80000.0,transfert_sortant,CLI-00768,regional_uemoa,False,aucune
78b370fd,CLI-00758,2026-07-03 00:00:00,23100.0,decaissement_credit,,local,False,aucune
b22c3e08,CLI-00101,2026-07-03 00:00:00,153500.0,depot,,regional_uemoa,False,aucune
477c0a22,CLI-00321,2026-07-03 00:00:00,10600.0,transfert_sortant,CLI-00772,regional_uemoa,False,aucune
93084cb1,CLI-00723,2026-07-03 00:00:00,117300.0,depot,,regional_uemoa,False,aucune
3455f611,CLI-00760,2026-07-03 00:00:00,93700.0,transfert_sortant,CLI-00023,regional_uemoa,False,aucune
738eac38,CLI-00425,2026-07-03 00:00:00,58200.0,depot,,local,False,aucune
41a93f37,CLI-00419,2026-07-03 00:00:00,40100.0,retrait,,local,False,aucune
26aa37d1,CLI-00200,2026-07-03 00:00:00,23700.0,depot,,local,False,aucune
30cf0142,CLI-00327,2026-07-03 00:00:00,29000.0,retrait,,local,False,aucune
4d94678d,CLI-00316,2026-07-03 00:00:00,8300.0,retrait,,local,False,aucune
2d4cf0ad,CLI-00210,2026-07-03 00:00:00,8700.0,retrait,,local,False,aucune
818d9d27,CLI-00509,2026-07-03 00:00:00,94000.0,remboursement_credit,,local,False,aucune
0f7736e5,CLI-00249,2026-07-03 00:00:00,51700.0,transfert_entrant,CLI-00648,transfrontalier_sensible,False,aucune
b7120a76,CLI-00248,2026-07-03 00:00:00,16300.0,remboursement_credit,,regional_uemoa,False,aucune
d458ef63,CLI-00389,2026-07-03 00:00:00,20600.0,retrait,,transfrontalier_sensible,False,aucune
b979fbb5,CLI-00248,2026-07-03 00:00:00,5700.0,retrait,,local,False,aucune
1fa3d081,CLI-00238,2026-07-03 00:00:00,43700.0,depot,,transfrontalier_sensible,False,aucune
fb2bc403,CLI-00373,2026-07-03 00:00:00,18700.0,transfert_entrant,CLI-00667,local,False,aucune
790bff65,CLI-00307,2026-07-03 00:00:00,10500.0,retrait,,local,False,aucune
fc657e7e,CLI-00704,2026-07-03 00:00:00,196000.0,transfert_entrant,CLI-00682,local,False,aucune
d078b480,CLI-00399,2026-07-03 00:00:00,315800.0,remboursement_credit,,transfrontalier_sensible,False,aucune
fe39b894,CLI-00399,2026-07-03 00:00:00,21100.0,depot,,local,False,aucune
88229095,CLI-00764,2026-07-03 00:00:00,15700.0,transfert_entrant,CLI-00580,local,False,aucune
cf32c37e,CLI-00162,2026-07-03 00:00:00,613600.0,retrait,,regional_uemoa,False,aucune
70fe8717,CLI-00328,2026-07-03 00:00:00,70500.0,transfert_sortant,CLI-00196,local,False,aucune
7957ae2d,CLI-00232,2026-07-03 00:00:00,114400.0,retrait,,local,False,aucune
d533b04b,CLI-00745,2026-07-03 00:00:00,12100.0,depot,,local,False,aucune
410b6080,CLI-00165,2026-07-03 00:00:00,85200.0,retrait,,local,False,aucune
2fbbc009,CLI-00672,2026-07-03 00:00:00,26100.0,depot,,local,False,aucune
8a61660c,CLI-00031,2026-07-03 00:00:00,11800.0,retrait,,local,False,aucune
6febbf6d,CLI-00595,2026-07-03 00:00:00,32800.0,remboursement_credit,,local,False,aucune
06df406f,CLI-00601,2026-07-03 00:00:00,142500.0,depot,,local,False,aucune
11bcd1df,CLI-00788,2026-07-03 00:00:00,78200.0,remboursement_credit,,local,False,aucune
b55dc44c,CLI-00025,2026-07-03 00:00:00,214800.0,retrait,,transfrontalier_sensible,False,aucune
34f94b50,CLI-00088,2026-07-03 00:00:00,27600.0,transfert_entrant,CLI-00029,local,False,aucune
b9ea3226,CLI-00564,2026-07-03 00:00:00,27800.0,retrait,,local,False,aucune
1268ef5d,CLI-00786,2026-07-03 00:00:00,28300.0,depot,,local,False,aucune
2d0b33a5,CLI-00669,2026-07-03 00:00:00,4700.0,retrait,,local,False,aucune
a1724e87,CLI-00006,2026-07-03 00:00:00,126900.0,depot,,transfrontalier_sensible,False,aucune
d9851add,CLI-00588,2026-07-03 00:00:00,58600.0,transfert_entrant,CLI-00792,regional_uemoa,False,aucune
c4149e3b,CLI-00545,2026-07-03 00:00:00,12100.0,retrait,,local,False,aucune
0e2df17a,CLI-00058,2026-07-03 00:00:00,19400.0,depot,,local,False,aucune
572884db,CLI-00630,2026-07-03 00:00:00,69200.0,retrait,,local,False,aucune
96a3dea2,CLI-00639,2026-07-04 00:00:00,52000.0,remboursement_credit,,local,False,aucune
b7012028,CLI-00171,2026-07-04 00:00:00,21900.0,remboursement_credit,,regional_uemoa,False,aucune
efe627ff,CLI-00030,2026-07-04 00:00:00,40300.0,decaissement_credit,,local,False,aucune
e19e8b76,CLI-00011,2026-07-04 00:00:00,44000.0,transfert_entrant,CLI-00328,local,False,aucune
f5a19b8b,CLI-00583,2026-07-04 00:00:00,13500.0,retrait,,local,False,aucune
1bc79d12,CLI-00008,2026-07-04 00:00:00,36800.0,retrait,,local,False,aucune
95033ff3,CLI-00015,2026-07-04 00:00:00,24900.0,retrait,,local,False,aucune
5783d2c4,CLI-00293,2026-07-04 00:00:00,53000.0,transfert_sortant,CLI-00412,local,False,aucune
9be810b8,CLI-00403,2026-07-04 00:00:00,3600.0,depot,,local,False,aucune
b878861a,CLI-00349,2026-07-04 00:00:00,57700.0,retrait,,local,False,aucune
112c5cba,CLI-00677,2026-07-04 00:00:00,79400.0,depot,,local,False,aucune
1d953537,CLI-00087,2026-07-04 00:00:00,36700.0,transfert_sortant,CLI-00605,local,False,aucune
4b13faae,CLI-00120,2026-07-04 00:00:00,8200.0,transfert_sortant,CLI-00211,local,False,aucune
c5f850fd,CLI-00058,2026-07-04 00:00:00,122200.0,transfert_entrant,CLI-00307,local,False,aucune
88c2f23a,CLI-00351,2026-07-04 00:00:00,366400.0,depot,,local,False,aucune
3ffee499,CLI-00049,2026-07-04 00:00:00,5482000.0,depot,,local,False,aucune
87a2298e,CLI-00525,2026-07-04 00:00:00,21700.0,decaissement_credit,,local,False,aucune
7463754b,CLI-00576,2026-07-04 00:00:00,21500.0,depot,,local,False,aucune
95961068,CLI-00032,2026-07-04 00:00:00,174500.0,retrait,,regional_uemoa,False,aucune
8af10653,CLI-00511,2026-07-04 00:00:00,108700.0,retrait,,local,False,aucune
58ae88a6,CLI-00468,2026-07-04 00:00:00,247500.0,remboursement_credit,,local,False,aucune
1fe52c6a,CLI-00618,2026-07-04 00:00:00,53900.0,depot,,local,False,aucune
fdc9f371,CLI-00274,2026-07-04 00:00:00,49400.0,depot,,local,False,aucune
5f4ef014,CLI-00073,2026-07-04 00:00:00,24200.0,remboursement_credit,,local,False,aucune
6cf78c70,CLI-00199,2026-07-04 00:00:00,811500.0,depot,,regional_uemoa,False,aucune
68e5fc52,CLI-00743,2026-07-04 00:00:00,74200.0,transfert_sortant,CLI-00116,local,False,aucune
72539504,CLI-00284,2026-07-04 00:00:00,20100.0,decaissement_credit,,local,False,aucune
45e49882,CLI-00287,2026-07-04 00:00:00,16500.0,depot,,local,False,aucune
526b07e0,CLI-00109,2026-07-04 00:00:00,5200.0,retrait,,local,False,aucune
45a0e54d,CLI-00035,2026-07-04 00:00:00,13100.0,transfert_sortant,CLI-00046,local,False,aucune
7e648ace,CLI-00346,2026-07-04 00:00:00,103000.0,depot,,local,False,aucune
e645dea5,CLI-00251,2026-07-04 00:00:00,26500.0,depot,,regional_uemoa,False,aucune
4baaa4d1,CLI-00017,2026-07-04 00:00:00,10100.0,retrait,,local,False,aucune
cda95e1e,CLI-00411,2026-07-04 00:00:00,142100.0,retrait,,regional_uemoa,False,aucune
be5a70a7,CLI-00029,2026-07-04 00:00:00,6700.0,retrait,,local,False,aucune
7b131194,CLI-00332,2026-07-04 00:00:00,34800.0,transfert_entrant,CLI-00498,regional_uemoa,False,aucune
8297adcc,CLI-00370,2026-07-04 00:00:00,101600.0,transfert_entrant,CLI-00004,local,False,aucune
cc9b91da,CLI-00440,2026-07-04 00:00:00,15300.0,transfert_sortant,CLI-00272,local,False,aucune
ed92eb59,CLI-00100,2026-07-04 00:00:00,24200.0,transfert_entrant,CLI-00298,regional_uemoa,False,aucune
41517150,CLI-00288,2026-07-04 00:00:00,79900.0,retrait,,transfrontalier_sensible,False,aucune
2e1fdb27,CLI-00163,2026-07-04 00:00:00,13800.0,depot,,transfrontalier_sensible,False,aucune
74f3cf24,CLI-00753,2026-07-04 00:00:00,42000.0,transfert_entrant,CLI-00594,local,False,aucune
31d20ee3,CLI-00630,2026-07-04 00:00:00,784400.0,transfert_entrant,CLI-00218,local,False,aucune
661198ad,CLI-00749,2026-07-04 00:00:00,197400.0,depot,,local,False,aucune
b0923b64,CLI-00005,2026-07-04 00:00:00,76700.0,retrait,,local,False,aucune
a6471900,CLI-00285,2026-07-04 00:00:00,17000.0,decaissement_credit,,regional_uemoa,False,aucune
6e8937ea,CLI-00047,2026-07-04 00:00:00,14100.0,depot,,local,False,aucune
1ed973b2,CLI-00132,2026-07-05 00:00:00,52000.0,depot,,regional_uemoa,False,aucune
d1595c25,CLI-00402,2026-07-05 00:00:00,40800.0,retrait,,local,False,aucune
10dd9b55,CLI-00175,2026-07-05 00:00:00,56700.0,depot,,local,False,aucune
6c4d794e,CLI-00796,2026-07-05 00:00:00,27800.0,decaissement_credit,,local,False,aucune
0bab6839,CLI-00157,2026-07-05 00:00:00,172400.0,retrait,,local,False,aucune
2f3135b1,CLI-00009,2026-07-05 00:00:00,56800.0,remboursement_credit,,local,False,aucune
64febf20,CLI-00131,2026-07-05 00:00:00,45600.0,decaissement_credit,,local,False,aucune
e5e0e867,CLI-00339,2026-07-05 00:00:00,19700.0,decaissement_credit,,local,False,aucune
19ab4bfd,CLI-00469,2026-07-05 00:00:00,89200.0,depot,,local,False,aucune
390595f7,CLI-00219,2026-07-05 00:00:00,45900.0,transfert_sortant,CLI-00798,local,False,aucune
e776c3c7,CLI-00386,2026-07-05 00:00:00,8100.0,transfert_sortant,CLI-00514,local,False,aucune
fe08f72b,CLI-00501,2026-07-05 00:00:00,9200.0,retrait,,local,False,aucune
91bb1fb3,CLI-00683,2026-07-05 00:00:00,88000.0,retrait,,local,False,aucune
0689d690,CLI-00735,2026-07-05 00:00:00,15600.0,transfert_sortant,CLI-00613,local,False,aucune
df6fbc22,CLI-00502,2026-07-05 00:00:00,8384300.0,retrait,,local,False,aucune
4952855a,CLI-00752,2026-07-05 00:00:00,15100.0,retrait,,local,False,aucune
44d4e3cc,CLI-00701,2026-07-05 00:00:00,45800.0,retrait,,local,False,aucune
ea7471c0,CLI-00507,2026-07-05 00:00:00,120500.0,depot,,local,False,aucune
1f5453c0,CLI-00638,2026-07-05 00:00:00,6200.0,transfert_sortant,CLI-00727,local,False,aucune
3b1ab183,CLI-00062,2026-07-05 00:00:00,20500.0,remboursement_credit,,local,False,aucune
084fbd15,CLI-00274,2026-07-05 00:00:00,11700.0,retrait,,local,False,aucune
c10989ca,CLI-00516,2026-07-05 00:00:00,4124600.0,retrait,,local,False,aucune
0d05834f,CLI-00111,2026-07-05 00:00:00,14500.0,retrait,,local,False,aucune
640268c4,CLI-00003,2026-07-05 00:00:00,588900.0,retrait,,regional_uemoa,False,aucune
b36e3c0a,CLI-00533,2026-07-05 00:00:00,169100.0,depot,,local,False,aucune
df4a7b5f,CLI-00296,2026-07-05 00:00:00,99900.0,depot,,regional_uemoa,False,aucune
a86ec8d1,CLI-00538,2026-07-05 00:00:00,16000.0,retrait,,local,False,aucune
dedf46c6,CLI-00196,2026-07-05 00:00:00,62200.0,decaissement_credit,,regional_uemoa,False,aucune
4419ff51,CLI-00095,2026-07-05 00:00:00,35100.0,retrait,,local,False,aucune
d1808073,CLI-00453,2026-07-05 00:00:00,25400.0,retrait,,transfrontalier_sensible,False,aucune
c529d8e8,CLI-00440,2026-07-05 00:00:00,18500.0,transfert_entrant,CLI-00555,local,False,aucune
dd6cdc94,CLI-00440,2026-07-05 00:00:00,45200.0,depot,,local,False,aucune
33de55ea,CLI-00186,2026-07-05 00:00:00,30500.0,remboursement_credit,,local,False,aucune
d6b44ead,CLI-00050,2026-07-05 00:00:00,55300.0,transfert_entrant,CLI-00174,local,False,aucune
cbda626e,CLI-00744,2026-07-05 00:00:00,12000.0,depot,,local,False,aucune
49ff006a,CLI-00233,2026-07-05 00:00:00,301900.0,depot,,local,False,aucune
3e1961ec,CLI-00745,2026-07-05 00:00:00,471000.0,retrait,,local,False,aucune
ac33f776,CLI-00737,2026-07-05 00:00:00,20800.0,transfert_entrant,CLI-00695,local,False,aucune
8414870e,CLI-00624,2026-07-05 00:00:00,23300.0,retrait,,local,False,aucune
7ddb202d,CLI-00108,2026-07-05 00:00:00,88400.0,retrait,,local,False,aucune
8f20f6c5,CLI-00015,2026-07-05 00:00:00,71600.0,remboursement_credit,,local,False,aucune
301612e5,CLI-00593,2026-07-05 00:00:00,17200.0,depot,,transfrontalier_sensible,False,aucune
08a907a9,CLI-00276,2026-07-05 00:00:00,166300.0,depot,,local,False,aucune
6d7b48d0,CLI-00123,2026-07-05 00:00:00,59100.0,depot,,local,False,aucune
56f3fbbe,CLI-00697,2026-07-05 00:00:00,13700.0,transfert_entrant,CLI-00031,local,False,aucune
14864ba2,CLI-00553,2026-07-05 00:00:00,406800.0,transfert_sortant,CLI-00644,local,False,aucune
8d335630,CLI-00709,2026-07-05 00:00:00,35300.0,retrait,,transfrontalier_sensible,False,aucune
d80ddfca,CLI-00747,2026-07-05 00:00:00,31500.0,depot,,local,False,aucune
61992aa2,CLI-00007,2026-07-05 00:00:00,78400.0,transfert_entrant,CLI-00745,local,False,aucune
cbc57b63,CLI-00058,2026-07-05 00:00:00,59500.0,remboursement_credit,,local,False,aucune
0a6ef664,CLI-00687,2026-07-06 00:00:00,2500.0,transfert_entrant,CLI-00273,local,False,aucune
a76b68c5,CLI-00364,2026-07-06 00:00:00,35300.0,retrait,,local,False,aucune
c4cfcfd8,CLI-00195,2026-07-06 00:00:00,18200.0,depot,,local,False,aucune
4cc8e6d5,CLI-00594,2026-07-06 00:00:00,40600.0,transfert_sortant,CLI-00291,local,False,aucune
8d0cff7e,CLI-00336,2026-07-06 00:00:00,80400.0,remboursement_credit,,local,False,aucune
5f96396b,CLI-00264,2026-07-06 00:00:00,10600.0,depot,,local,False,aucune
e7c99b4b,CLI-00285,2026-07-06 00:00:00,94000.0,retrait,,local,False,aucune
16a975d4,CLI-00206,2026-07-06 00:00:00,441700.0,transfert_entrant,CLI-00624,regional_uemoa,False,aucune
df51e046,CLI-00195,2026-07-06 00:00:00,30800.0,depot,,local,False,aucune
02ee1027,CLI-00188,2026-07-06 00:00:00,23800.0,retrait,,local,False,aucune
9e106508,CLI-00450,2026-07-06 00:00:00,10100.0,remboursement_credit,,local,False,aucune
76b18b23,CLI-00256,2026-07-06 00:00:00,26100.0,retrait,,local,False,aucune
3ade77c0,CLI-00417,2026-07-06 00:00:00,76500.0,retrait,,local,False,aucune
f531a740,CLI-00408,2026-07-06 00:00:00,33500.0,retrait,,local,False,aucune
daf170b8,CLI-00277,2026-07-06 00:00:00,238700.0,depot,,transfrontalier_sensible,False,aucune
2b8c2b12,CLI-00575,2026-07-06 00:00:00,13700.0,transfert_sortant,CLI-00539,local,False,aucune
a5526eb6,CLI-00174,2026-07-06 00:00:00,9100.0,depot,,local,False,aucune
f647eabf,CLI-00198,2026-07-06 00:00:00,57300.0,transfert_entrant,CLI-00358,local,False,aucune
985f9a0e,CLI-00469,2026-07-06 00:00:00,59100.0,depot,,local,False,aucune
0f4c5c19,CLI-00652,2026-07-06 00:00:00,63700.0,transfert_entrant,CLI-00209,local,False,aucune
74b67126,CLI-00460,2026-07-06 00:00:00,40100.0,retrait,,local,False,aucune
051d030b,CLI-00460,2026-07-06 00:00:00,35400.0,retrait,,local,False,aucune
67511984,CLI-00457,2026-07-06 00:00:00,60600.0,remboursement_credit,,local,False,aucune
940e8207,CLI-00372,2026-07-06 00:00:00,6887500.0,decaissement_credit,,local,False,aucune
363a0fd8,CLI-00793,2026-07-06 00:00:00,38000.0,transfert_entrant,CLI-00056,local,False,aucune
100ca6b0,CLI-00451,2026-07-06 00:00:00,309800.0,transfert_entrant,CLI-00431,local,False,aucune
5f886e84,CLI-00381,2026-07-06 00:00:00,25200.0,decaissement_credit,,local,False,aucune
a25b468b,CLI-00281,2026-07-06 00:00:00,94600.0,retrait,,local,False,aucune
8afc5778,CLI-00626,2026-07-06 00:00:00,18200.0,retrait,,local,False,aucune
b4274a8d,CLI-00784,2026-07-06 00:00:00,14400.0,remboursement_credit,,local,False,aucune
1cc31dc9,CLI-00163,2026-07-06 00:00:00,25700.0,retrait,,local,False,aucune
00409e2b,CLI-00588,2026-07-06 00:00:00,285900.0,depot,,local,False,aucune
90af9d1c,CLI-00103,2026-07-06 00:00:00,34700.0,decaissement_credit,,regional_uemoa,False,aucune
8dde4aa9,CLI-00666,2026-07-06 00:00:00,91200.0,retrait,,local,False,aucune
a5ba5c83,CLI-00732,2026-07-06 00:00:00,4786700.0,transfert_sortant,CLI-00098,local,False,aucune
8d527bbc,CLI-00288,2026-07-06 00:00:00,10700.0,remboursement_credit,,local,False,aucune
bd19b791,CLI-00312,2026-07-06 00:00:00,405900.0,decaissement_credit,,local,False,aucune
d7792668,CLI-00093,2026-07-06 00:00:00,1600.0,retrait,,local,False,aucune
4cb71c16,CLI-00517,2026-07-06 00:00:00,26500.0,decaissement_credit,,local,False,aucune
4e46ac93,CLI-00215,2026-07-06 00:00:00,16800.0,remboursement_credit,,regional_uemoa,False,aucune
389b726c,CLI-00224,2026-07-06 00:00:00,71600.0,retrait,,local,False,aucune
8ee9e755,CLI-00395,2026-07-06 00:00:00,86400.0,transfert_entrant,CLI-00154,local,False,aucune
32e7d4b7,CLI-00643,2026-07-06 00:00:00,19600.0,depot,,local,False,aucune
452e2250,CLI-00292,2026-07-06 00:00:00,43200.0,retrait,,local,False,aucune
ff4f1f11,CLI-00563,2026-07-06 00:00:00,467300.0,retrait,,regional_uemoa,False,aucune
84cffad7,CLI-00319,2026-07-06 00:00:00,39900.0,depot,,local,False,aucune
6f1897da,CLI-00560,2026-07-06 00:00:00,8100.0,depot,,local,False,aucune
c9600f8f,CLI-00297,2026-07-06 00:00:00,19900.0,depot,,local,False,aucune
e90f9504,CLI-00676,2026-07-06 00:00:00,55700.0,retrait,,local,False,aucune
bf86c9b1,CLI-00505,2026-07-06 00:00:00,57200.0,decaissement_credit,,local,False,aucune
740feedb,CLI-00642,2026-07-06 00:00:00,11300.0,transfert_entrant,CLI-00778,transfrontalier_sensible,False,aucune
a2acba20,CLI-00331,2026-07-06 00:00:00,6400.0,depot,,local,False,aucune
27d2f7d8,CLI-00549,2026-07-06 00:00:00,4200.0,remboursement_credit,,local,False,aucune
cf4e8c88,CLI-00684,2026-07-06 00:00:00,16800.0,retrait,,local,False,aucune
f1f71017,CLI-00726,2026-07-06 00:00:00,49000.0,remboursement_credit,,local,False,aucune
a1189f11,CLI-00538,2026-07-06 00:00:00,3894100.0,retrait,,local,False,aucune
9bc710f8,CLI-00310,2026-07-06 00:00:00,280400.0,transfert_entrant,CLI-00695,local,False,aucune
75d22854,CLI-00567,2026-07-06 00:00:00,15400.0,depot,,regional_uemoa,False,aucune
e190f513,CLI-00611,2026-07-06 00:00:00,194500.0,transfert_entrant,CLI-00554,regional_uemoa,False,aucune
7cebc982,CLI-00775,2026-07-06 00:00:00,103900.0,depot,,local,False,aucune
21029e29,CLI-00774,2026-07-06 00:00:00,5668300.0,decaissement_credit,,local,False,aucune
75f4078a,CLI-00107,2026-07-06 00:00:00,28300.0,transfert_sortant,CLI-00074,transfrontalier_sensible,False,aucune
28234763,CLI-00796,2026-07-06 00:00:00,96900.0,decaissement_credit,,local,False,aucune
c3e83ead,CLI-00526,2026-07-06 00:00:00,11100.0,retrait,,local,False,aucune
6007cd8a,CLI-00745,2026-07-06 00:00:00,48700.0,decaissement_credit,,regional_uemoa,False,aucune
ea75a027,CLI-00633,2026-07-06 00:00:00,12000.0,depot,,local,False,aucune
e2aa5423,CLI-00565,2026-07-06 00:00:00,14000.0,retrait,,local,False,aucune
87641df8,CLI-00237,2026-07-06 00:00:00,118200.0,transfert_entrant,CLI-00748,local,False,aucune
bf968088,CLI-00730,2026-07-07 00:00:00,4900.0,transfert_sortant,CLI-00359,local,False,aucune
c434629d,CLI-00128,2026-07-07 00:00:00,25000.0,depot,,local,False,aucune
e2309b08,CLI-00674,2026-07-07 00:00:00,39100.0,depot,,transfrontalier_sensible,False,aucune
7eb7dee1,CLI-00031,2026-07-07 00:00:00,18000.0,retrait,,regional_uemoa,False,aucune
7e86c164,CLI-00352,2026-07-07 00:00:00,37400.0,depot,,local,False,aucune
b2d379d9,CLI-00271,2026-07-07 00:00:00,30800.0,decaissement_credit,,regional_uemoa,False,aucune
2a80ec18,CLI-00513,2026-07-07 00:00:00,89200.0,depot,,local,False,aucune
6885dfd4,CLI-00418,2026-07-07 00:00:00,67200.0,retrait,,local,False,aucune
1b5eb349,CLI-00086,2026-07-07 00:00:00,9000.0,transfert_sortant,CLI-00403,local,False,aucune
47705c45,CLI-00019,2026-07-07 00:00:00,21600.0,transfert_entrant,CLI-00115,regional_uemoa,False,aucune
bdbd51a0,CLI-00580,2026-07-07 00:00:00,107500.0,retrait,,local,False,aucune
dbfa57da,CLI-00313,2026-07-07 00:00:00,340400.0,decaissement_credit,,local,False,aucune
6af177d3,CLI-00188,2026-07-07 00:00:00,75600.0,retrait,,local,False,aucune
ace25048,CLI-00267,2026-07-07 00:00:00,196400.0,depot,,regional_uemoa,False,aucune
8cb8a590,CLI-00364,2026-07-07 00:00:00,41500.0,retrait,,regional_uemoa,False,aucune
8fe57a9b,CLI-00674,2026-07-07 00:00:00,3900.0,decaissement_credit,,local,False,aucune
8cb1ab8e,CLI-00534,2026-07-07 00:00:00,106000.0,remboursement_credit,,regional_uemoa,False,aucune
987033f5,CLI-00608,2026-07-07 00:00:00,8800.0,decaissement_credit,,local,False,aucune
a4ae75fc,CLI-00015,2026-07-07 00:00:00,61000.0,transfert_entrant,CLI-00439,regional_uemoa,False,aucune
1295c51b,CLI-00398,2026-07-07 00:00:00,17400.0,remboursement_credit,,local,False,aucune
1ac6bdfe,CLI-00586,2026-07-07 00:00:00,36600.0,retrait,,local,False,aucune
2e0afc53,CLI-00699,2026-07-07 00:00:00,49100.0,transfert_entrant,CLI-00208,local,False,aucune
fb90a919,CLI-00777,2026-07-07 00:00:00,203000.0,transfert_sortant,CLI-00394,local,False,aucune
47a861de,CLI-00185,2026-07-07 00:00:00,297700.0,depot,,local,False,aucune
0ba75f6b,CLI-00528,2026-07-07 00:00:00,15600.0,retrait,,transfrontalier_sensible,False,aucune
2225eea6,CLI-00656,2026-07-07 00:00:00,4300.0,depot,,local,False,aucune
dd9b56a6,CLI-00559,2026-07-07 00:00:00,82700.0,depot,,local,False,aucune
d65170d3,CLI-00388,2026-07-07 00:00:00,15900.0,remboursement_credit,,local,False,aucune
1fad4445,CLI-00681,2026-07-07 00:00:00,130000.0,remboursement_credit,,local,False,aucune
1063f404,CLI-00266,2026-07-07 00:00:00,151400.0,decaissement_credit,,local,False,aucune
c479e5c3,CLI-00216,2026-07-07 00:00:00,31900.0,remboursement_credit,,local,False,aucune
6cf43878,CLI-00192,2026-07-07 00:00:00,12400.0,retrait,,local,False,aucune
dbf72211,CLI-00144,2026-07-07 00:00:00,48900.0,depot,,regional_uemoa,False,aucune
9fda7dc5,CLI-00571,2026-07-07 00:00:00,30000.0,depot,,local,False,aucune
0eadef7c,CLI-00616,2026-07-07 00:00:00,5700.0,remboursement_credit,,regional_uemoa,False,aucune
2d186e62,CLI-00079,2026-07-07 00:00:00,34200.0,transfert_entrant,CLI-00677,local,False,aucune
c829f19c,CLI-00202,2026-07-07 00:00:00,28200.0,retrait,,regional_uemoa,False,aucune
f7c3d762,CLI-00171,2026-07-07 00:00:00,8400.0,remboursement_credit,,local,False,aucune
b6310b16,CLI-00288,2026-07-07 00:00:00,53600.0,depot,,regional_uemoa,False,aucune
29a2f9ff,CLI-00377,2026-07-07 00:00:00,178700.0,retrait,,local,False,aucune
38223202,CLI-00765,2026-07-07 00:00:00,52100.0,depot,,transfrontalier_sensible,False,aucune
e3c9594b,CLI-00035,2026-07-07 00:00:00,38100.0,transfert_sortant,CLI-00638,local,False,aucune
4a8cb552,CLI-00075,2026-07-07 00:00:00,33900.0,depot,,local,False,aucune
ee338645,CLI-00277,2026-07-07 00:00:00,130300.0,retrait,,local,False,aucune
ae543870,CLI-00174,2026-07-07 00:00:00,107300.0,depot,,local,False,aucune
9a6f816e,CLI-00334,2026-07-07 00:00:00,197400.0,depot,,local,False,aucune
b92a72ad,CLI-00213,2026-07-07 00:00:00,186100.0,depot,,local,False,aucune
68c08c2a,CLI-00374,2026-07-07 00:00:00,5333200.0,depot,,local,False,aucune
3d04cbfa,CLI-00631,2026-07-07 00:00:00,19400.0,decaissement_credit,,local,False,aucune
1cb31337,CLI-00286,2026-07-07 00:00:00,7833900.0,depot,,local,False,aucune
57f6c0bc,CLI-00277,2026-07-07 00:00:00,133100.0,depot,,local,False,aucune
357f23ca,CLI-00755,2026-07-08 00:00:00,27300.0,retrait,,local,False,aucune
8da751cb,CLI-00066,2026-07-08 00:00:00,100800.0,transfert_sortant,CLI-00604,local,False,aucune
5518dac8,CLI-00284,2026-07-08 00:00:00,12100.0,transfert_entrant,CLI-00722,local,False,aucune
8b34e8ce,CLI-00114,2026-07-08 00:00:00,46500.0,depot,,regional_uemoa,False,aucune
8b89c0a7,CLI-00305,2026-07-08 00:00:00,47800.0,retrait,,local,False,aucune
09cc86ff,CLI-00739,2026-07-08 00:00:00,4200.0,retrait,,local,False,aucune
4c3e91a9,CLI-00195,2026-07-08 00:00:00,44600.0,remboursement_credit,,local,False,aucune
613aac5f,CLI-00151,2026-07-08 00:00:00,21200.0,retrait,,local,False,aucune
4de025b3,CLI-00342,2026-07-08 00:00:00,280500.0,retrait,,regional_uemoa,False,aucune
6e43ff24,CLI-00449,2026-07-08 00:00:00,55500.0,transfert_sortant,CLI-00743,regional_uemoa,False,aucune
3c8e47b6,CLI-00187,2026-07-08 00:00:00,46400.0,retrait,,local,False,aucune
30a78b14,CLI-00341,2026-07-08 00:00:00,34200.0,depot,,local,False,aucune
09deffca,CLI-00703,2026-07-08 00:00:00,799500.0,remboursement_credit,,regional_uemoa,False,aucune
fb6c9ae4,CLI-00661,2026-07-08 00:00:00,9800.0,depot,,transfrontalier_sensible,False,aucune
dd14d370,CLI-00046,2026-07-08 00:00:00,53200.0,transfert_entrant,CLI-00773,local,False,aucune
5f59d164,CLI-00603,2026-07-08 00:00:00,166800.0,retrait,,local,False,aucune
a3ffd9de,CLI-00234,2026-07-08 00:00:00,46900.0,transfert_sortant,CLI-00274,local,False,aucune
7c8c0955,CLI-00383,2026-07-08 00:00:00,19900.0,transfert_sortant,CLI-00244,regional_uemoa,False,aucune
0f0c3c73,CLI-00206,2026-07-08 00:00:00,32700.0,retrait,,regional_uemoa,False,aucune
3d5458f8,CLI-00561,2026-07-08 00:00:00,24600.0,depot,,transfrontalier_sensible,False,aucune
fb4c8a06,CLI-00332,2026-07-08 00:00:00,31300.0,depot,,local,False,aucune
ddda8667,CLI-00468,2026-07-08 00:00:00,1035200.0,depot,,local,False,aucune
faf7622b,CLI-00615,2026-07-08 00:00:00,24400.0,retrait,,local,False,aucune
2aeb8361,CLI-00136,2026-07-08 00:00:00,15400.0,depot,,local,False,aucune
2f325926,CLI-00328,2026-07-08 00:00:00,32600.0,depot,,local,False,aucune
b2fa2ebe,CLI-00617,2026-07-08 00:00:00,78000.0,retrait,,local,False,aucune
969ca70d,CLI-00254,2026-07-08 00:00:00,54200.0,transfert_entrant,CLI-00165,transfrontalier_sensible,False,aucune
f74c1be5,CLI-00703,2026-07-08 00:00:00,89800.0,retrait,,local,False,aucune
b4a65667,CLI-00128,2026-07-08 00:00:00,59300.0,remboursement_credit,,local,False,aucune
ca28a604,CLI-00073,2026-07-08 00:00:00,39300.0,depot,,regional_uemoa,False,aucune
7b77b023,CLI-00520,2026-07-08 00:00:00,31400.0,retrait,,local,False,aucune
eae26098,CLI-00192,2026-07-08 00:00:00,47000.0,decaissement_credit,,local,False,aucune
a94969d0,CLI-00297,2026-07-08 00:00:00,18500.0,remboursement_credit,,local,False,aucune
b8fce45b,CLI-00404,2026-07-08 00:00:00,73900.0,transfert_entrant,CLI-00192,local,False,aucune
d22d944e,CLI-00659,2026-07-08 00:00:00,34600.0,retrait,,local,False,aucune
05a77499,CLI-00718,2026-07-08 00:00:00,34900.0,retrait,,local,False,aucune
d5cc5436,CLI-00597,2026-07-08 00:00:00,487500.0,depot,,local,False,aucune
13b96018,CLI-00273,2026-07-08 00:00:00,97800.0,retrait,,regional_uemoa,False,aucune
40c320de,CLI-00139,2026-07-08 00:00:00,102600.0,remboursement_credit,,local,False,aucune
b922528e,CLI-00460,2026-07-08 00:00:00,133700.0,retrait,,local,False,aucune
d3d9c6b1,CLI-00770,2026-07-08 00:00:00,77200.0,depot,,regional_uemoa,False,aucune
88201df0,CLI-00345,2026-07-08 00:00:00,49700.0,remboursement_credit,,regional_uemoa,False,aucune
a5dbd9b9,CLI-00458,2026-07-08 00:00:00,9500.0,retrait,,local,False,aucune
823d45c4,CLI-00412,2026-07-08 00:00:00,202200.0,transfert_entrant,CLI-00161,local,False,aucune
54632ff6,CLI-00560,2026-07-08 00:00:00,14500.0,retrait,,local,False,aucune
b5e8d36f,CLI-00715,2026-07-08 00:00:00,32300.0,retrait,,local,False,aucune
ce160310,CLI-00400,2026-07-08 00:00:00,25000.0,transfert_entrant,CLI-00064,local,False,aucune
6195e8de,CLI-00774,2026-07-08 00:00:00,29500.0,depot,,local,False,aucune
9e064eb1,CLI-00019,2026-07-09 00:00:00,96000.0,remboursement_credit,,local,False,aucune
50d3de83,CLI-00213,2026-07-09 00:00:00,27400.0,transfert_sortant,CLI-00764,local,False,aucune
6598f351,CLI-00391,2026-07-09 00:00:00,40000.0,retrait,,local,False,aucune
46775dd6,CLI-00019,2026-07-09 00:00:00,17200.0,retrait,,local,False,aucune
1aacffc1,CLI-00603,2026-07-09 00:00:00,93700.0,depot,,transfrontalier_sensible,False,aucune
7826d64b,CLI-00249,2026-07-09 00:00:00,29700.0,depot,,transfrontalier_sensible,False,aucune
462587b5,CLI-00381,2026-07-09 00:00:00,65500.0,retrait,,regional_uemoa,False,aucune
9002d962,CLI-00411,2026-07-09 00:00:00,24500.0,transfert_sortant,CLI-00296,local,False,aucune
54497e0f,CLI-00404,2026-07-09 00:00:00,22200.0,depot,,local,False,aucune
5c245e5f,CLI-00371,2026-07-09 00:00:00,124300.0,retrait,,local,False,aucune
44315299,CLI-00544,2026-07-09 00:00:00,61200.0,retrait,,local,False,aucune
1671168f,CLI-00422,2026-07-09 00:00:00,6500.0,transfert_sortant,CLI-00206,local,False,aucune
ba9d305a,CLI-00021,2026-07-09 00:00:00,16500.0,retrait,,local,False,aucune
0efdd045,CLI-00195,2026-07-09 00:00:00,19400.0,retrait,,local,False,aucune
40ecefd3,CLI-00030,2026-07-09 00:00:00,37000.0,depot,,local,False,aucune
d7bc7f15,CLI-00040,2026-07-09 00:00:00,70400.0,retrait,,local,False,aucune
ef796ecb,CLI-00041,2026-07-09 00:00:00,25000.0,depot,,local,False,aucune
c1362e13,CLI-00704,2026-07-09 00:00:00,49300.0,retrait,,local,False,aucune
bec648a1,CLI-00223,2026-07-09 00:00:00,162400.0,retrait,,local,False,aucune
413a5b56,CLI-00759,2026-07-09 00:00:00,19800.0,retrait,,local,False,aucune
4e44b512,CLI-00482,2026-07-09 00:00:00,10200.0,retrait,,local,False,aucune
4b790c6d,CLI-00110,2026-07-09 00:00:00,138700.0,decaissement_credit,,local,False,aucune
fc117a92,CLI-00276,2026-07-09 00:00:00,74900.0,transfert_entrant,CLI-00375,local,False,aucune
94199689,CLI-00352,2026-07-09 00:00:00,44500.0,decaissement_credit,,local,False,aucune
a38f0d67,CLI-00744,2026-07-09 00:00:00,29700.0,transfert_entrant,CLI-00628,transfrontalier_sensible,False,aucune
692c37bf,CLI-00350,2026-07-09 00:00:00,15200.0,depot,,regional_uemoa,False,aucune
40cc9160,CLI-00060,2026-07-09 00:00:00,53700.0,remboursement_credit,,local,False,aucune
0013bcb9,CLI-00785,2026-07-09 00:00:00,119100.0,retrait,,local,False,aucune
a9fb81e7,CLI-00305,2026-07-09 00:00:00,172500.0,retrait,,local,False,aucune
c4344229,CLI-00110,2026-07-09 00:00:00,102600.0,retrait,,local,False,aucune
08311185,CLI-00483,2026-07-09 00:00:00,15500.0,depot,,local,False,aucune
034c12ce,CLI-00630,2026-07-09 00:00:00,45000.0,retrait,,regional_uemoa,False,aucune
e2f92cda,CLI-00182,2026-07-09 00:00:00,82500.0,decaissement_credit,,local,False,aucune
b37058ae,CLI-00159,2026-07-09 00:00:00,8800.0,remboursement_credit,,local,False,aucune
1b6dd194,CLI-00569,2026-07-09 00:00:00,50700.0,depot,,local,False,aucune
aa8b4d44,CLI-00733,2026-07-09 00:00:00,8018300.0,transfert_entrant,CLI-00205,regional_uemoa,False,aucune
71ed32d1,CLI-00112,2026-07-09 00:00:00,29900.0,depot,,local,False,aucune
81ff98e6,CLI-00013,2026-07-09 00:00:00,105000.0,remboursement_credit,,local,False,aucune
481c570e,CLI-00499,2026-07-09 00:00:00,115100.0,transfert_entrant,CLI-00301,local,False,aucune
424a864a,CLI-00113,2026-07-09 00:00:00,24400.0,retrait,,local,False,aucune
fbbd2037,CLI-00502,2026-07-09 00:00:00,15600.0,depot,,local,False,aucune
fa5472a0,CLI-00135,2026-07-09 00:00:00,30700.0,remboursement_credit,,local,False,aucune
5c69455c,CLI-00325,2026-07-09 00:00:00,62800.0,retrait,,local,False,aucune
65165dbf,CLI-00088,2026-07-09 00:00:00,40000.0,decaissement_credit,,local,False,aucune
d05e111c,CLI-00521,2026-07-09 00:00:00,155400.0,depot,,regional_uemoa,False,aucune
0938094f,CLI-00485,2026-07-09 00:00:00,10000.0,retrait,,regional_uemoa,False,aucune
4ac7cf6c,CLI-00578,2026-07-09 00:00:00,13400.0,depot,,local,False,aucune
3613a112,CLI-00088,2026-07-09 00:00:00,46100.0,depot,,regional_uemoa,False,aucune
397ebab2,CLI-00646,2026-07-09 00:00:00,5800.0,transfert_sortant,CLI-00424,local,False,aucune
a731f495,CLI-00364,2026-07-09 00:00:00,14100.0,remboursement_credit,,local,False,aucune
b9795f6c,CLI-00442,2026-07-09 00:00:00,170200.0,depot,,local,False,aucune
efae0bf4,CLI-00188,2026-07-09 00:00:00,41400.0,retrait,,local,False,aucune
30cabbad,CLI-00451,2026-07-09 00:00:00,51900.0,remboursement_credit,,local,False,aucune
96612e88,CLI-00016,2026-07-09 00:00:00,43400.0,depot,,transfrontalier_sensible,False,aucune
5b26bfce,CLI-00452,2026-07-09 00:00:00,81600.0,depot,,local,False,aucune
b055f072,CLI-00364,2026-07-09 00:00:00,176400.0,retrait,,local,False,aucune
d1324aef,CLI-00186,2026-07-09 00:00:00,94700.0,remboursement_credit,,local,False,aucune
c0b11b83,CLI-00227,2026-07-10 00:00:00,61500.0,decaissement_credit,,local,False,aucune
f1bd150c,CLI-00256,2026-07-10 00:00:00,77600.0,retrait,,local,False,aucune
b450c5fd,CLI-00334,2026-07-10 00:00:00,305400.0,remboursement_credit,,local,False,aucune
2005448f,CLI-00496,2026-07-10 00:00:00,16100.0,decaissement_credit,,local,False,aucune
37abad80,CLI-00430,2026-07-10 00:00:00,51200.0,transfert_sortant,CLI-00285,regional_uemoa,False,aucune
6fd1055b,CLI-00684,2026-07-10 00:00:00,39700.0,transfert_entrant,CLI-00597,local,False,aucune
70319b5c,CLI-00673,2026-07-10 00:00:00,32900.0,transfert_sortant,CLI-00651,local,False,aucune
12101bb9,CLI-00440,2026-07-10 00:00:00,65900.0,retrait,,local,False,aucune
c3bb8d76,CLI-00120,2026-07-10 00:00:00,41600.0,retrait,,local,False,aucune
f7a7481e,CLI-00006,2026-07-10 00:00:00,5100.0,decaissement_credit,,local,False,aucune
f50ae710,CLI-00405,2026-07-10 00:00:00,4996600.0,retrait,,local,False,aucune
e34e6949,CLI-00634,2026-07-10 00:00:00,19900.0,remboursement_credit,,local,False,aucune
26450398,CLI-00522,2026-07-10 00:00:00,14000.0,transfert_sortant,CLI-00068,local,False,aucune
bc3b8d70,CLI-00779,2026-07-10 00:00:00,128600.0,transfert_sortant,CLI-00223,local,False,aucune
0a7bd629,CLI-00034,2026-07-10 00:00:00,5200.0,remboursement_credit,,local,False,aucune
a9c8f2dd,CLI-00317,2026-07-10 00:00:00,10200.0,transfert_sortant,CLI-00208,regional_uemoa,False,aucune
e83841ee,CLI-00725,2026-07-10 00:00:00,43600.0,decaissement_credit,,local,False,aucune
7aaea62b,CLI-00232,2026-07-10 00:00:00,22400.0,transfert_sortant,CLI-00075,local,False,aucune
ec453e90,CLI-00666,2026-07-10 00:00:00,189400.0,retrait,,local,False,aucune
34f97f9b,CLI-00605,2026-07-10 00:00:00,35100.0,remboursement_credit,,local,False,aucune
0f64f9ab,CLI-00132,2026-07-10 00:00:00,27000.0,depot,,regional_uemoa,False,aucune
8b31712a,CLI-00713,2026-07-10 00:00:00,19000.0,transfert_sortant,CLI-00790,transfrontalier_sensible,False,aucune
cec44cdb,CLI-00777,2026-07-10 00:00:00,123800.0,remboursement_credit,,local,False,aucune
1168f76c,CLI-00087,2026-07-10 00:00:00,19300.0,depot,,local,False,aucune
3251fdbe,CLI-00322,2026-07-10 00:00:00,10200.0,depot,,local,False,aucune
c148a81d,CLI-00047,2026-07-10 00:00:00,39800.0,retrait,,local,False,aucune
0946717b,CLI-00321,2026-07-10 00:00:00,7100.0,retrait,,local,False,aucune
ace44822,CLI-00123,2026-07-10 00:00:00,54600.0,retrait,,local,False,aucune
f1f9c1a4,CLI-00787,2026-07-10 00:00:00,7300.0,retrait,,local,False,aucune
491fb9d3,CLI-00316,2026-07-10 00:00:00,17900.0,depot,,local,False,aucune
6e5dce32,CLI-00707,2026-07-10 00:00:00,41400.0,retrait,,local,False,aucune
a5856420,CLI-00752,2026-07-10 00:00:00,540100.0,depot,,local,False,aucune
418d12c4,CLI-00585,2026-07-10 00:00:00,24300.0,remboursement_credit,,local,False,aucune
c88a7038,CLI-00177,2026-07-10 00:00:00,42200.0,remboursement_credit,,local,False,aucune
caeeed9f,CLI-00693,2026-07-10 00:00:00,28400.0,retrait,,local,False,aucune
a991f0a2,CLI-00186,2026-07-10 00:00:00,53900.0,decaissement_credit,,regional_uemoa,False,aucune
7a715b71,CLI-00629,2026-07-10 00:00:00,14000.0,depot,,transfrontalier_sensible,False,aucune
a658082f,CLI-00174,2026-07-10 00:00:00,47900.0,depot,,regional_uemoa,False,aucune
d9b0f12b,CLI-00416,2026-07-10 00:00:00,13100.0,retrait,,local,False,aucune
dbaaaa06,CLI-00416,2026-07-10 00:00:00,55900.0,retrait,,regional_uemoa,False,aucune
bbf60081,CLI-00710,2026-07-10 00:00:00,30000.0,remboursement_credit,,local,False,aucune
36816106,CLI-00539,2026-07-10 00:00:00,422700.0,retrait,,local,False,aucune
c297b440,CLI-00737,2026-07-10 00:00:00,93600.0,depot,,local,False,aucune
f0d0524c,CLI-00789,2026-07-10 00:00:00,341200.0,depot,,local,False,aucune
026ae21c,CLI-00166,2026-07-10 00:00:00,107700.0,remboursement_credit,,local,False,aucune
a0e44152,CLI-00481,2026-07-10 00:00:00,5231900.0,remboursement_credit,,local,False,aucune
9ea64405,CLI-00796,2026-07-10 00:00:00,46500.0,retrait,,local,False,aucune
c559c9b8,CLI-00549,2026-07-10 00:00:00,81300.0,decaissement_credit,,local,False,aucune
e8827603,CLI-00382,2026-07-10 00:00:00,43000.0,retrait,,local,False,aucune
2fcb446b,CLI-00043,2026-07-10 00:00:00,21400.0,remboursement_credit,,local,False,aucune
6ca4457f,CLI-00666,2026-07-10 00:00:00,14700.0,retrait,,local,False,aucune
ff733dec,CLI-00651,2026-07-10 00:00:00,52100.0,depot,,local,False,aucune
eeb456eb,CLI-00311,2026-07-10 00:00:00,28200.0,transfert_entrant,CLI-00620,local,False,aucune
54e7a6c6,CLI-00486,2026-07-10 00:00:00,10800.0,transfert_sortant,CLI-00166,local,False,aucune
1f8dab92,CLI-00343,2026-07-10 00:00:00,6400.0,retrait,,local,False,aucune
f7d5d8ce,CLI-00363,2026-07-10 00:00:00,467100.0,decaissement_credit,,local,False,aucune
cccbe9f9,CLI-00047,2026-07-10 00:00:00,261800.0,retrait,,regional_uemoa,False,aucune
62e83898,CLI-00036,2026-07-10 00:00:00,48200.0,remboursement_credit,,regional_uemoa,False,aucune
79646184,CLI-00394,2026-07-10 00:00:00,40900.0,depot,,local,False,aucune
27abce11,CLI-00308,2026-07-11 00:00:00,97200.0,decaissement_credit,,local,False,aucune
69ac0ab6,CLI-00730,2026-07-11 00:00:00,93000.0,transfert_sortant,CLI-00648,local,False,aucune
d858a70d,CLI-00612,2026-07-11 00:00:00,61500.0,transfert_entrant,CLI-00545,regional_uemoa,False,aucune
e7b3b215,CLI-00241,2026-07-11 00:00:00,38100.0,retrait,,regional_uemoa,False,aucune
1cd82fb2,CLI-00261,2026-07-11 00:00:00,52800.0,depot,,local,False,aucune
13d49cdb,CLI-00323,2026-07-11 00:00:00,34600.0,transfert_entrant,CLI-00003,local,False,aucune
ba9ac140,CLI-00260,2026-07-11 00:00:00,439900.0,remboursement_credit,,local,False,aucune
720c775b,CLI-00369,2026-07-11 00:00:00,88900.0,transfert_entrant,CLI-00364,local,False,aucune
b5a70d43,CLI-00652,2026-07-11 00:00:00,35300.0,retrait,,local,False,aucune
d30c7972,CLI-00715,2026-07-11 00:00:00,25200.0,transfert_entrant,CLI-00709,local,False,aucune
515dd86d,CLI-00273,2026-07-11 00:00:00,176700.0,retrait,,local,False,aucune
ed0e340b,CLI-00014,2026-07-11 00:00:00,8900.0,depot,,local,False,aucune
e4335a97,CLI-00374,2026-07-11 00:00:00,15600.0,transfert_sortant,CLI-00265,transfrontalier_sensible,False,aucune
a042d91f,CLI-00348,2026-07-11 00:00:00,20300.0,transfert_sortant,CLI-00288,regional_uemoa,False,aucune
e95eaf2a,CLI-00389,2026-07-11 00:00:00,36000.0,depot,,local,False,aucune
fac51d6a,CLI-00347,2026-07-11 00:00:00,177800.0,retrait,,local,False,aucune
feab1d72,CLI-00014,2026-07-11 00:00:00,217200.0,retrait,,local,False,aucune
0c5bb494,CLI-00709,2026-07-11 00:00:00,79600.0,transfert_sortant,CLI-00242,local,False,aucune
2eee6459,CLI-00334,2026-07-11 00:00:00,37300.0,retrait,,local,False,aucune
f2b9c0d7,CLI-00721,2026-07-11 00:00:00,5851400.0,depot,,local,False,aucune
943ec562,CLI-00722,2026-07-11 00:00:00,35000.0,transfert_sortant,CLI-00057,local,False,aucune
8d49315f,CLI-00290,2026-07-11 00:00:00,74000.0,transfert_sortant,CLI-00540,local,False,aucune
36d8dd2e,CLI-00290,2026-07-11 00:00:00,21900.0,retrait,,local,False,aucune
75a393cb,CLI-00638,2026-07-11 00:00:00,32500.0,depot,,local,False,aucune
1f94a5db,CLI-00281,2026-07-11 00:00:00,582900.0,depot,,transfrontalier_sensible,False,aucune
947ea218,CLI-00284,2026-07-11 00:00:00,15100.0,depot,,local,False,aucune
dc6e3fed,CLI-00070,2026-07-11 00:00:00,8189400.0,transfert_sortant,,local,True,structuring
b4f756c8,CLI-00461,2026-07-11 00:00:00,77900.0,depot,,local,False,aucune
7965933c,CLI-00083,2026-07-11 00:00:00,6539600.0,retrait,,regional_uemoa,False,aucune
2d32f069,CLI-00471,2026-07-11 00:00:00,7000.0,remboursement_credit,,local,False,aucune
e6e6dc26,CLI-00465,2026-07-11 00:00:00,7300.0,retrait,,regional_uemoa,False,aucune
ebab47f5,CLI-00409,2026-07-11 00:00:00,26500.0,remboursement_credit,,local,False,aucune
f481c313,CLI-00695,2026-07-11 00:00:00,99500.0,depot,,transfrontalier_sensible,False,aucune
a5e59e24,CLI-00212,2026-07-11 00:00:00,225400.0,depot,,local,False,aucune
93117e0a,CLI-00658,2026-07-11 00:00:00,24800.0,transfert_entrant,CLI-00452,regional_uemoa,False,aucune
3f8cbf1a,CLI-00151,2026-07-11 00:00:00,15300.0,remboursement_credit,,local,False,aucune
50c9ed17,CLI-00065,2026-07-11 00:00:00,58500.0,remboursement_credit,,local,False,aucune
ae5a7c07,CLI-00127,2026-07-11 00:00:00,21300.0,depot,,local,False,aucune
27206174,CLI-00154,2026-07-11 00:00:00,42100.0,depot,,local,False,aucune
b9a2a806,CLI-00065,2026-07-11 00:00:00,156400.0,retrait,,local,False,aucune
7acbf82b,CLI-00119,2026-07-11 00:00:00,311400.0,transfert_sortant,CLI-00529,local,False,aucune
52d76498,CLI-00194,2026-07-11 00:00:00,298600.0,depot,,local,False,aucune
38260dee,CLI-00453,2026-07-11 00:00:00,23600.0,transfert_sortant,CLI-00757,local,False,aucune
1be7e094,CLI-00223,2026-07-11 00:00:00,209200.0,depot,,local,False,aucune
62f738ad,CLI-00194,2026-07-11 00:00:00,14000.0,retrait,,regional_uemoa,False,aucune
13b402d1,CLI-00158,2026-07-11 00:00:00,9500.0,depot,,local,False,aucune
cd7143eb,CLI-00756,2026-07-11 00:00:00,66600.0,depot,,local,False,aucune
1f432d4a,CLI-00188,2026-07-11 00:00:00,384400.0,decaissement_credit,,transfrontalier_sensible,False,aucune
3c967671,CLI-00537,2026-07-11 00:00:00,912400.0,decaissement_credit,,local,False,aucune
b1f99290,CLI-00694,2026-07-11 00:00:00,101900.0,depot,,local,False,aucune
b8388155,CLI-00041,2026-07-11 00:00:00,17300.0,retrait,,local,False,aucune
96da5c0f,CLI-00541,2026-07-11 00:00:00,120300.0,transfert_sortant,CLI-00393,local,False,aucune
ffe000e0,CLI-00591,2026-07-11 00:00:00,31000.0,depot,,local,False,aucune
6e8f6dd6,CLI-00105,2026-07-11 00:00:00,100900.0,retrait,,transfrontalier_sensible,False,aucune
8ab3b3f6,CLI-00395,2026-07-11 00:00:00,77400.0,retrait,,regional_uemoa,False,aucune
536055d2,CLI-00137,2026-07-11 00:00:00,146800.0,depot,,regional_uemoa,False,aucune
6f914b54,CLI-00781,2026-07-11 00:00:00,16600.0,transfert_sortant,CLI-00424,local,False,aucune
045a5eb9,CLI-00630,2026-07-12 00:00:00,41300.0,transfert_sortant,CLI-00645,local,False,aucune
30557a22,CLI-00665,2026-07-12 00:00:00,45500.0,retrait,,local,False,aucune
c4051adf,CLI-00026,2026-07-12 00:00:00,10700.0,retrait,,local,False,aucune
0e4a57b1,CLI-00572,2026-07-12 00:00:00,113000.0,retrait,,local,False,aucune
cd4496df,CLI-00181,2026-07-12 00:00:00,329400.0,depot,,transfrontalier_sensible,False,aucune
246db836,CLI-00462,2026-07-12 00:00:00,29000.0,retrait,,local,False,aucune
c12fb89f,CLI-00461,2026-07-12 00:00:00,3700.0,transfert_sortant,CLI-00537,local,False,aucune
4c7e1483,CLI-00737,2026-07-12 00:00:00,35000.0,retrait,,transfrontalier_sensible,False,aucune
564c46a6,CLI-00269,2026-07-12 00:00:00,11100.0,depot,,transfrontalier_sensible,False,aucune
cd1cf70b,CLI-00187,2026-07-12 00:00:00,96000.0,retrait,,local,False,aucune
47247773,CLI-00626,2026-07-12 00:00:00,47200.0,depot,,regional_uemoa,False,aucune
dd6245ec,CLI-00651,2026-07-12 00:00:00,5500.0,retrait,,local,False,aucune
655d5526,CLI-00343,2026-07-12 00:00:00,128800.0,decaissement_credit,,local,False,aucune
9ecd60c3,CLI-00497,2026-07-12 00:00:00,33600.0,remboursement_credit,,local,False,aucune
0dd2fa58,CLI-00070,2026-07-12 00:00:00,4000.0,retrait,,local,False,aucune
dc9204fb,CLI-00673,2026-07-12 00:00:00,211800.0,depot,,local,False,aucune
929086a7,CLI-00312,2026-07-12 00:00:00,80900.0,remboursement_credit,,local,False,aucune
412c38dc,CLI-00106,2026-07-12 00:00:00,78600.0,transfert_entrant,CLI-00666,local,False,aucune
5afb7bba,CLI-00000,2026-07-12 00:00:00,76700.0,depot,,local,False,aucune
73b5bbae,CLI-00773,2026-07-12 00:00:00,59200.0,depot,,local,False,aucune
6c519248,CLI-00533,2026-07-12 00:00:00,139600.0,decaissement_credit,,local,False,aucune
53b3b073,CLI-00299,2026-07-12 00:00:00,101200.0,retrait,,local,False,aucune
6222021e,CLI-00297,2026-07-12 00:00:00,46600.0,transfert_sortant,CLI-00084,regional_uemoa,False,aucune
fd5fd624,CLI-00116,2026-07-12 00:00:00,72900.0,decaissement_credit,,local,False,aucune
4cc545f1,CLI-00092,2026-07-12 00:00:00,31400.0,decaissement_credit,,local,False,aucune
6489cfcd,CLI-00529,2026-07-12 00:00:00,7400.0,transfert_sortant,CLI-00762,local,False,aucune
07b79972,CLI-00007,2026-07-12 00:00:00,32800.0,retrait,,regional_uemoa,False,aucune
9de4126f,CLI-00322,2026-07-12 00:00:00,14900.0,transfert_sortant,CLI-00302,local,False,aucune
cb3f87d0,CLI-00553,2026-07-12 00:00:00,275900.0,decaissement_credit,,local,False,aucune
cddca131,CLI-00559,2026-07-12 00:00:00,27500.0,remboursement_credit,,local,False,aucune
686ef3a9,CLI-00084,2026-07-12 00:00:00,52900.0,remboursement_credit,,regional_uemoa,False,aucune
75545426,CLI-00292,2026-07-12 00:00:00,69200.0,depot,,local,False,aucune
2faeb49a,CLI-00767,2026-07-12 00:00:00,10800.0,transfert_sortant,CLI-00107,local,False,aucune
995d9344,CLI-00669,2026-07-12 00:00:00,108000.0,transfert_entrant,CLI-00551,local,False,aucune
06e5703b,CLI-00147,2026-07-12 00:00:00,34800.0,remboursement_credit,,regional_uemoa,False,aucune
730ecffc,CLI-00782,2026-07-12 00:00:00,24000.0,retrait,,local,False,aucune
f3b6c922,CLI-00486,2026-07-12 00:00:00,15300.0,remboursement_credit,,local,False,aucune
9b6991cb,CLI-00485,2026-07-12 00:00:00,200300.0,remboursement_credit,,local,False,aucune
8ef38e93,CLI-00570,2026-07-12 00:00:00,131900.0,transfert_entrant,CLI-00173,local,False,aucune
6d6bd458,CLI-00265,2026-07-12 00:00:00,23600.0,remboursement_credit,,local,False,aucune
3de95b00,CLI-00736,2026-07-12 00:00:00,101700.0,retrait,,regional_uemoa,False,aucune
5413bd69,CLI-00385,2026-07-12 00:00:00,80900.0,depot,,transfrontalier_sensible,False,aucune
74ee7b0f,CLI-00370,2026-07-12 00:00:00,8500.0,depot,,local,False,aucune
6119c13f,CLI-00019,2026-07-12 00:00:00,6500.0,remboursement_credit,,regional_uemoa,False,aucune
9ce44f11,CLI-00262,2026-07-12 00:00:00,135700.0,retrait,,local,False,aucune
c033d1e5,CLI-00601,2026-07-12 00:00:00,67200.0,depot,,regional_uemoa,False,aucune
98d45add,CLI-00416,2026-07-12 00:00:00,38200.0,retrait,,local,False,aucune
156e18ab,CLI-00031,2026-07-12 00:00:00,26200.0,retrait,,local,False,aucune
0d99c863,CLI-00376,2026-07-12 00:00:00,198700.0,remboursement_credit,,local,False,aucune
6e9ef29b,CLI-00590,2026-07-12 00:00:00,7000.0,transfert_entrant,CLI-00007,local,False,aucune
589ba54d,CLI-00250,2026-07-12 00:00:00,178200.0,transfert_sortant,CLI-00628,local,False,aucune
a5fa5102,CLI-00700,2026-07-12 00:00:00,175200.0,remboursement_credit,,local,False,aucune
0c2e69fc,CLI-00392,2026-07-12 00:00:00,33600.0,depot,,local,False,aucune
211fab8b,CLI-00215,2026-07-12 00:00:00,61100.0,transfert_entrant,CLI-00488,transfrontalier_sensible,False,aucune
de738d10,CLI-00402,2026-07-12 00:00:00,14500.0,depot,,local,False,aucune
f76d5fec,CLI-00296,2026-07-13 00:00:00,63900.0,decaissement_credit,,local,False,aucune
71aae597,CLI-00131,2026-07-13 00:00:00,19000.0,retrait,,local,False,aucune
b65c4a13,CLI-00255,2026-07-13 00:00:00,15900.0,transfert_sortant,CLI-00178,local,False,aucune
c25ba3ec,CLI-00172,2026-07-13 00:00:00,50300.0,retrait,,local,False,aucune
cdc87517,CLI-00296,2026-07-13 00:00:00,19000.0,transfert_sortant,CLI-00703,transfrontalier_sensible,False,aucune
15d04355,CLI-00597,2026-07-13 00:00:00,139000.0,transfert_sortant,CLI-00298,local,False,aucune
22116731,CLI-00470,2026-07-13 00:00:00,29900.0,retrait,,local,False,aucune
ad95f08a,CLI-00475,2026-07-13 00:00:00,156300.0,transfert_sortant,CLI-00458,local,False,aucune
42b6c236,CLI-00293,2026-07-13 00:00:00,46300.0,retrait,,local,False,aucune
6b3cf143,CLI-00249,2026-07-13 00:00:00,30600.0,remboursement_credit,,local,False,aucune
34b27d1a,CLI-00134,2026-07-13 00:00:00,51200.0,transfert_sortant,CLI-00429,local,False,aucune
5ce127f6,CLI-00008,2026-07-13 00:00:00,15300.0,transfert_entrant,CLI-00458,regional_uemoa,False,aucune
ec8103a3,CLI-00410,2026-07-13 00:00:00,46300.0,remboursement_credit,,local,False,aucune
806db1b0,CLI-00417,2026-07-13 00:00:00,30800.0,remboursement_credit,,local,False,aucune
28088bf3,CLI-00570,2026-07-13 00:00:00,22100.0,transfert_sortant,CLI-00022,local,False,aucune
06578107,CLI-00722,2026-07-13 00:00:00,21400.0,retrait,,local,False,aucune
08e0f874,CLI-00412,2026-07-13 00:00:00,70600.0,retrait,,transfrontalier_sensible,False,aucune
4c68e38e,CLI-00071,2026-07-13 00:00:00,222300.0,depot,,local,False,aucune
e6bae961,CLI-00159,2026-07-13 00:00:00,34400.0,depot,,local,False,aucune
99e7d354,CLI-00377,2026-07-13 00:00:00,693100.0,depot,,local,False,aucune
f701aaee,CLI-00634,2026-07-13 00:00:00,14100.0,retrait,,local,False,aucune
b8874907,CLI-00076,2026-07-13 00:00:00,54100.0,depot,,regional_uemoa,False,aucune
e8b518e0,CLI-00503,2026-07-13 00:00:00,11600.0,depot,,local,False,aucune
32595488,CLI-00381,2026-07-13 00:00:00,166000.0,transfert_entrant,CLI-00588,local,False,aucune
82b15c23,CLI-00075,2026-07-13 00:00:00,99500.0,retrait,,local,False,aucune
f1dab9a3,CLI-00564,2026-07-13 00:00:00,8500.0,depot,,local,False,aucune
15403d45,CLI-00035,2026-07-13 00:00:00,14400.0,depot,,local,False,aucune
accd5ba5,CLI-00058,2026-07-13 00:00:00,51400.0,remboursement_credit,,local,False,aucune
f33d8321,CLI-00039,2026-07-13 00:00:00,27000.0,depot,,local,False,aucune
13fe9582,CLI-00703,2026-07-13 00:00:00,24800.0,depot,,local,False,aucune
b5efc6a9,CLI-00394,2026-07-13 00:00:00,94700.0,depot,,regional_uemoa,False,aucune
95dd3004,CLI-00668,2026-07-13 00:00:00,4222500.0,transfert_sortant,,local,True,reactivation_dormant
b544f3c0,CLI-00739,2026-07-13 00:00:00,8300.0,decaissement_credit,,local,False,aucune
02f84e10,CLI-00027,2026-07-13 00:00:00,140300.0,retrait,,local,False,aucune
16f1d9cc,CLI-00391,2026-07-13 00:00:00,99100.0,transfert_entrant,CLI-00477,local,False,aucune
4ca9b9d6,CLI-00540,2026-07-13 00:00:00,4400.0,decaissement_credit,,transfrontalier_sensible,False,aucune
c17b5092,CLI-00191,2026-07-13 00:00:00,5000.0,depot,,local,False,aucune
77c6c300,CLI-00791,2026-07-13 00:00:00,109500.0,retrait,,local,False,aucune
518eff09,CLI-00440,2026-07-13 00:00:00,125300.0,decaissement_credit,,local,False,aucune
1b5dfb6d,CLI-00443,2026-07-13 00:00:00,5000.0,depot,,local,False,aucune
ade22a97,CLI-00299,2026-07-13 00:00:00,47700.0,retrait,,local,False,aucune
a44a6e3b,CLI-00243,2026-07-13 00:00:00,35700.0,remboursement_credit,,transfrontalier_sensible,False,aucune
fc81da32,CLI-00675,2026-07-13 00:00:00,719300.0,retrait,,local,False,aucune
02dfd11e,CLI-00050,2026-07-13 00:00:00,16600.0,retrait,,local,False,aucune
b58ef457,CLI-00432,2026-07-13 00:00:00,292900.0,remboursement_credit,,regional_uemoa,False,aucune
39b9efba,CLI-00359,2026-07-13 00:00:00,36600.0,decaissement_credit,,local,False,aucune
af01dcef,CLI-00620,2026-07-13 00:00:00,18200.0,retrait,,local,False,aucune
897e325a,CLI-00524,2026-07-13 00:00:00,34300.0,depot,,local,False,aucune
f1d427ab,CLI-00594,2026-07-13 00:00:00,86100.0,transfert_sortant,CLI-00270,local,False,aucune
9192eef1,CLI-00321,2026-07-13 00:00:00,15300.0,decaissement_credit,,local,False,aucune
0e309d28,CLI-00258,2026-07-13 00:00:00,11100.0,depot,,local,False,aucune
6878a7f8,CLI-00579,2026-07-13 00:00:00,11400.0,retrait,,local,False,aucune
1c1898dd,CLI-00116,2026-07-13 00:00:00,8000.0,remboursement_credit,,local,False,aucune
dd4982d4,CLI-00567,2026-07-13 00:00:00,42300.0,depot,,local,False,aucune
6e3e27a9,CLI-00578,2026-07-13 00:00:00,31400.0,depot,,local,False,aucune
c01cdb69,CLI-00613,2026-07-13 00:00:00,16800.0,depot,,local,False,aucune
34cf1989,CLI-00271,2026-07-13 00:00:00,47900.0,transfert_entrant,CLI-00398,local,False,aucune
64aa61f9,CLI-00297,2026-07-13 00:00:00,589700.0,remboursement_credit,,transfrontalier_sensible,False,aucune
0180853f,CLI-00289,2026-07-14 00:00:00,72800.0,retrait,,local,False,aucune
fe91ebec,CLI-00150,2026-07-14 00:00:00,22600.0,transfert_entrant,CLI-00758,local,False,aucune
39c7ae2b,CLI-00765,2026-07-14 00:00:00,58400.0,transfert_sortant,CLI-00203,local,False,aucune
99c55c2c,CLI-00564,2026-07-14 00:00:00,89500.0,retrait,,local,False,aucune
63a3760b,CLI-00086,2026-07-14 00:00:00,72900.0,remboursement_credit,,local,False,aucune
47a6b0a7,CLI-00012,2026-07-14 00:00:00,69900.0,decaissement_credit,,local,False,aucune
2d90e743,CLI-00323,2026-07-14 00:00:00,16900.0,retrait,,local,False,aucune
20f83501,CLI-00312,2026-07-14 00:00:00,71200.0,depot,,local,False,aucune
db911045,CLI-00643,2026-07-14 00:00:00,25000.0,transfert_entrant,CLI-00090,local,False,aucune
7224bf02,CLI-00303,2026-07-14 00:00:00,11100.0,depot,,transfrontalier_sensible,False,aucune
50e32002,CLI-00724,2026-07-14 00:00:00,96600.0,depot,,local,False,aucune
0bf2b097,CLI-00099,2026-07-14 00:00:00,4614300.0,transfert_entrant,CLI-00672,local,False,aucune
0488c701,CLI-00137,2026-07-14 00:00:00,4300.0,retrait,,local,False,aucune
9be5ef28,CLI-00637,2026-07-14 00:00:00,242100.0,transfert_entrant,CLI-00272,regional_uemoa,False,aucune
7a1e6df2,CLI-00612,2026-07-14 00:00:00,54400.0,depot,,local,False,aucune
ca68636b,CLI-00135,2026-07-14 00:00:00,90700.0,remboursement_credit,,local,False,aucune
ece23684,CLI-00334,2026-07-14 00:00:00,63900.0,transfert_sortant,CLI-00315,local,False,aucune
e03f4752,CLI-00151,2026-07-14 00:00:00,9100.0,retrait,,regional_uemoa,False,aucune
356c26dc,CLI-00185,2026-07-14 00:00:00,104800.0,remboursement_credit,,regional_uemoa,False,aucune
26a9ebac,CLI-00279,2026-07-14 00:00:00,21000.0,transfert_sortant,CLI-00127,local,False,aucune
9b891f29,CLI-00791,2026-07-14 00:00:00,5100.0,depot,,local,False,aucune
2ce87ab8,CLI-00713,2026-07-14 00:00:00,13500.0,transfert_sortant,CLI-00107,local,False,aucune
ac84d35c,CLI-00687,2026-07-14 00:00:00,197100.0,depot,,local,False,aucune
ff74ed1f,CLI-00183,2026-07-14 00:00:00,9200.0,depot,,regional_uemoa,False,aucune
46b150e6,CLI-00798,2026-07-14 00:00:00,62200.0,retrait,,local,False,aucune
d94fa12d,CLI-00067,2026-07-14 00:00:00,395100.0,remboursement_credit,,regional_uemoa,False,aucune
92fb119f,CLI-00628,2026-07-14 00:00:00,71300.0,retrait,,local,False,aucune
76c33690,CLI-00428,2026-07-14 00:00:00,63000.0,depot,,local,False,aucune
77c5d2e1,CLI-00367,2026-07-14 00:00:00,49000.0,remboursement_credit,,local,False,aucune
ebba8fa7,CLI-00020,2026-07-14 00:00:00,47100.0,depot,,local,False,aucune
95137c55,CLI-00059,2026-07-14 00:00:00,68300.0,transfert_entrant,CLI-00363,local,False,aucune
23878c06,CLI-00155,2026-07-14 00:00:00,21800.0,depot,,local,False,aucune
01d598ba,CLI-00625,2026-07-14 00:00:00,5500.0,transfert_entrant,CLI-00091,regional_uemoa,False,aucune
1ef97938,CLI-00617,2026-07-14 00:00:00,24100.0,depot,,local,False,aucune
01296c89,CLI-00286,2026-07-14 00:00:00,347500.0,transfert_sortant,CLI-00074,local,False,aucune
31073658,CLI-00490,2026-07-14 00:00:00,28500.0,retrait,,transfrontalier_sensible,False,aucune
c8e3d8c2,CLI-00575,2026-07-14 00:00:00,2600.0,retrait,,local,False,aucune
c333448b,CLI-00154,2026-07-14 00:00:00,33500.0,depot,,local,False,aucune
726c725c,CLI-00021,2026-07-14 00:00:00,17800.0,depot,,local,False,aucune
b38aed83,CLI-00435,2026-07-14 00:00:00,56900.0,retrait,,local,False,aucune
81889c66,CLI-00175,2026-07-14 00:00:00,67300.0,depot,,local,False,aucune
e1602dea,CLI-00487,2026-07-14 00:00:00,30500.0,decaissement_credit,,local,False,aucune
e00e1712,CLI-00122,2026-07-15 00:00:00,6118200.0,depot,,local,False,aucune
9eb54f8f,CLI-00123,2026-07-15 00:00:00,76100.0,depot,,local,False,aucune
928ea9a0,CLI-00032,2026-07-15 00:00:00,37300.0,retrait,,regional_uemoa,False,aucune
05316697,CLI-00231,2026-07-15 00:00:00,170600.0,depot,,local,False,aucune
1dab87c9,CLI-00441,2026-07-15 00:00:00,200700.0,retrait,,local,False,aucune
308f9838,CLI-00585,2026-07-15 00:00:00,3100.0,transfert_entrant,CLI-00329,local,False,aucune
0a31ff88,CLI-00446,2026-07-15 00:00:00,188400.0,depot,,local,False,aucune
eee07e90,CLI-00276,2026-07-15 00:00:00,96400.0,depot,,local,False,aucune
e7685607,CLI-00190,2026-07-15 00:00:00,20500.0,depot,,transfrontalier_sensible,False,aucune
0199d867,CLI-00070,2026-07-15 00:00:00,8719400.0,depot,,local,True,structuring
86a962c2,CLI-00726,2026-07-15 00:00:00,80700.0,retrait,,local,False,aucune
8c4c7400,CLI-00754,2026-07-15 00:00:00,13500.0,retrait,,local,False,aucune
d7b9e064,CLI-00436,2026-07-15 00:00:00,32100.0,depot,,local,False,aucune
5f07da91,CLI-00706,2026-07-15 00:00:00,41000.0,remboursement_credit,,regional_uemoa,False,aucune
ea515ad4,CLI-00696,2026-07-15 00:00:00,94600.0,decaissement_credit,,local,False,aucune
9c260bfa,CLI-00070,2026-07-15 00:00:00,8956100.0,depot,,local,True,structuring
a2dd9f46,CLI-00360,2026-07-15 00:00:00,7800.0,remboursement_credit,,local,False,aucune
b4390cce,CLI-00256,2026-07-15 00:00:00,35600.0,transfert_sortant,CLI-00751,transfrontalier_sensible,False,aucune
65444782,CLI-00176,2026-07-15 00:00:00,33300.0,transfert_sortant,CLI-00422,local,False,aucune
a641d2d7,CLI-00690,2026-07-15 00:00:00,435500.0,depot,,regional_uemoa,False,aucune
fe4be185,CLI-00765,2026-07-15 00:00:00,141200.0,transfert_sortant,CLI-00091,regional_uemoa,False,aucune
ebdcd819,CLI-00332,2026-07-15 00:00:00,107200.0,decaissement_credit,,regional_uemoa,False,aucune
43ee91f6,CLI-00650,2026-07-15 00:00:00,26900.0,transfert_sortant,CLI-00004,local,False,aucune
55beec4f,CLI-00375,2026-07-15 00:00:00,71200.0,retrait,,local,False,aucune
21d804aa,CLI-00598,2026-07-15 00:00:00,3000.0,depot,,local,False,aucune
c2aea3f9,CLI-00767,2026-07-15 00:00:00,445000.0,transfert_sortant,CLI-00344,local,False,aucune
759a676d,CLI-00163,2026-07-15 00:00:00,22700.0,transfert_entrant,CLI-00567,local,False,aucune
fac5bac2,CLI-00597,2026-07-15 00:00:00,156000.0,transfert_entrant,CLI-00789,local,False,aucune
da56c6da,CLI-00198,2026-07-15 00:00:00,21800.0,transfert_sortant,CLI-00702,local,False,aucune
8ee0c23a,CLI-00422,2026-07-15 00:00:00,10800.0,transfert_entrant,CLI-00249,local,False,aucune
1f1ab44c,CLI-00009,2026-07-15 00:00:00,218400.0,depot,,local,False,aucune
1aabe6cf,CLI-00653,2026-07-15 00:00:00,69700.0,transfert_sortant,CLI-00311,local,False,aucune
3b9041aa,CLI-00701,2026-07-15 00:00:00,123100.0,depot,,regional_uemoa,False,aucune
670e6dd3,CLI-00240,2026-07-15 00:00:00,4200.0,transfert_sortant,CLI-00343,local,False,aucune
810bddf6,CLI-00471,2026-07-15 00:00:00,13000.0,remboursement_credit,,local,False,aucune
579c5485,CLI-00759,2026-07-15 00:00:00,227000.0,remboursement_credit,,regional_uemoa,False,aucune
7b626918,CLI-00615,2026-07-15 00:00:00,346800.0,depot,,local,False,aucune
4d44de0f,CLI-00085,2026-07-15 00:00:00,12400.0,retrait,,local,False,aucune
44dd941f,CLI-00150,2026-07-16 00:00:00,16300.0,depot,,local,False,aucune
a3cc9fa6,CLI-00778,2026-07-16 00:00:00,24500.0,depot,,local,False,aucune
d1996941,CLI-00790,2026-07-16 00:00:00,8700.0,transfert_sortant,CLI-00031,local,False,aucune
77596aad,CLI-00203,2026-07-16 00:00:00,16500.0,retrait,,local,False,aucune
9e190b96,CLI-00076,2026-07-16 00:00:00,121200.0,depot,,local,False,aucune
6b2b0dcd,CLI-00029,2026-07-16 00:00:00,63600.0,remboursement_credit,,local,False,aucune
c2377aa6,CLI-00766,2026-07-16 00:00:00,4400.0,depot,,local,False,aucune
2c086518,CLI-00000,2026-07-16 00:00:00,13300.0,depot,,local,False,aucune
5f58e0c2,CLI-00063,2026-07-16 00:00:00,69400.0,remboursement_credit,,local,False,aucune
f936049a,CLI-00253,2026-07-16 00:00:00,19700.0,retrait,,local,False,aucune
c24306cb,CLI-00041,2026-07-16 00:00:00,27000.0,retrait,,regional_uemoa,False,aucune
811d83c4,CLI-00021,2026-07-16 00:00:00,49400.0,retrait,,local,False,aucune
ef04e09d,CLI-00162,2026-07-16 00:00:00,16700.0,retrait,,local,False,aucune
28efa2f5,CLI-00223,2026-07-16 00:00:00,116000.0,retrait,,local,False,aucune
67d3e3bc,CLI-00770,2026-07-16 00:00:00,17000.0,depot,,local,False,aucune
6c228836,CLI-00111,2026-07-16 00:00:00,183400.0,depot,,local,False,aucune
3e76f0d2,CLI-00095,2026-07-16 00:00:00,52100.0,transfert_entrant,CLI-00203,local,False,aucune
5a51b731,CLI-00793,2026-07-16 00:00:00,23600.0,remboursement_credit,,local,False,aucune
583cf0e7,CLI-00133,2026-07-16 00:00:00,358100.0,retrait,,local,False,aucune
3d642e8d,CLI-00763,2026-07-16 00:00:00,8500.0,depot,,transfrontalier_sensible,False,aucune
2f35c94c,CLI-00108,2026-07-16 00:00:00,21500.0,transfert_entrant,CLI-00474,regional_uemoa,False,aucune
d3348c56,CLI-00647,2026-07-16 00:00:00,1200.0,remboursement_credit,,local,False,aucune
a38600c6,CLI-00532,2026-07-16 00:00:00,143600.0,transfert_sortant,CLI-00199,local,False,aucune
9170c1d6,CLI-00711,2026-07-16 00:00:00,74100.0,depot,,local,False,aucune
644ee996,CLI-00326,2026-07-16 00:00:00,12300.0,transfert_entrant,CLI-00132,local,False,aucune
9a2602ee,CLI-00517,2026-07-16 00:00:00,47300.0,retrait,,local,False,aucune
9e99aa11,CLI-00532,2026-07-16 00:00:00,125400.0,decaissement_credit,,local,False,aucune
1fcbd3a7,CLI-00572,2026-07-16 00:00:00,163500.0,transfert_entrant,CLI-00346,regional_uemoa,False,aucune
7c55745a,CLI-00430,2026-07-16 00:00:00,7000.0,transfert_sortant,CLI-00678,local,False,aucune
a1763554,CLI-00369,2026-07-16 00:00:00,9100.0,retrait,,local,False,aucune
d53cea26,CLI-00343,2026-07-16 00:00:00,240600.0,depot,,regional_uemoa,False,aucune
c586daa1,CLI-00519,2026-07-16 00:00:00,324900.0,transfert_entrant,CLI-00363,local,False,aucune
bf2c4152,CLI-00496,2026-07-16 00:00:00,173800.0,transfert_entrant,CLI-00781,local,False,aucune
903a41a2,CLI-00488,2026-07-16 00:00:00,122800.0,retrait,,local,False,aucune
058e8554,CLI-00642,2026-07-16 00:00:00,155400.0,depot,,local,False,aucune
09b16b49,CLI-00484,2026-07-16 00:00:00,15100.0,decaissement_credit,,local,False,aucune
4e2a6ca3,CLI-00643,2026-07-16 00:00:00,6300.0,retrait,,local,False,aucune
39386ab1,CLI-00665,2026-07-16 00:00:00,223900.0,retrait,,local,False,aucune
6af06506,CLI-00628,2026-07-16 00:00:00,217900.0,transfert_sortant,CLI-00195,local,False,aucune
278f2683,CLI-00350,2026-07-16 00:00:00,52900.0,depot,,local,False,aucune
8d640697,CLI-00466,2026-07-16 00:00:00,61700.0,depot,,local,False,aucune
abbdb930,CLI-00559,2026-07-16 00:00:00,103500.0,retrait,,local,False,aucune
9047342d,CLI-00668,2026-07-16 00:00:00,10600.0,depot,,local,False,aucune
4bb4b43d,CLI-00466,2026-07-16 00:00:00,21000.0,transfert_sortant,CLI-00044,regional_uemoa,False,aucune
6a3b0eca,CLI-00478,2026-07-16 00:00:00,16100.0,depot,,regional_uemoa,False,aucune
fb4e4437,CLI-00462,2026-07-16 00:00:00,32000.0,depot,,regional_uemoa,False,aucune
80b6a8b3,CLI-00470,2026-07-16 00:00:00,42300.0,depot,,regional_uemoa,False,aucune
ac892b8a,CLI-00521,2026-07-17 00:00:00,15000.0,retrait,,local,False,aucune
46ecad35,CLI-00677,2026-07-17 00:00:00,36400.0,transfert_sortant,CLI-00141,local,False,aucune
0309f193,CLI-00409,2026-07-17 00:00:00,250700.0,transfert_entrant,CLI-00595,local,False,aucune
3d653573,CLI-00625,2026-07-17 00:00:00,78500.0,retrait,,local,False,aucune
06d17fb6,CLI-00124,2026-07-17 00:00:00,75400.0,decaissement_credit,,local,False,aucune
cfabd0d7,CLI-00533,2026-07-17 00:00:00,24000.0,retrait,,local,False,aucune
158856b7,CLI-00622,2026-07-17 00:00:00,11900.0,transfert_sortant,CLI-00089,regional_uemoa,False,aucune
82526d0f,CLI-00367,2026-07-17 00:00:00,32700.0,transfert_entrant,CLI-00270,local,False,aucune
f5806d2e,CLI-00126,2026-07-17 00:00:00,66100.0,depot,,local,False,aucune
f7befd15,CLI-00390,2026-07-17 00:00:00,60500.0,retrait,,local,False,aucune
49e02709,CLI-00245,2026-07-17 00:00:00,222800.0,depot,,local,False,aucune
b0b59aa7,CLI-00238,2026-07-17 00:00:00,33800.0,retrait,,local,False,aucune
014f99eb,CLI-00405,2026-07-17 00:00:00,16400.0,depot,,regional_uemoa,False,aucune
c6baae33,CLI-00777,2026-07-17 00:00:00,21400.0,transfert_sortant,CLI-00478,local,False,aucune
c9e89c49,CLI-00091,2026-07-17 00:00:00,4400.0,retrait,,transfrontalier_sensible,False,aucune
0f86ab54,CLI-00100,2026-07-17 00:00:00,89900.0,retrait,,regional_uemoa,False,aucune
b9a2dee4,CLI-00280,2026-07-17 00:00:00,54200.0,retrait,,local,False,aucune
16c1dca9,CLI-00382,2026-07-17 00:00:00,11500.0,retrait,,local,False,aucune
0c76e8e7,CLI-00037,2026-07-17 00:00:00,100700.0,depot,,local,False,aucune
10deb467,CLI-00111,2026-07-17 00:00:00,18900.0,transfert_sortant,CLI-00525,regional_uemoa,False,aucune
291f5b3a,CLI-00402,2026-07-17 00:00:00,149000.0,decaissement_credit,,local,False,aucune
e3d015b5,CLI-00738,2026-07-17 00:00:00,68100.0,retrait,,regional_uemoa,False,aucune
cee81913,CLI-00030,2026-07-17 00:00:00,27500.0,retrait,,local,False,aucune
81a49e4c,CLI-00541,2026-07-17 00:00:00,37300.0,remboursement_credit,,local,False,aucune
9af59527,CLI-00535,2026-07-17 00:00:00,12900.0,retrait,,local,False,aucune
3f174c5a,CLI-00674,2026-07-17 00:00:00,12600.0,retrait,,local,False,aucune
55e12f78,CLI-00670,2026-07-17 00:00:00,56600.0,remboursement_credit,,local,False,aucune
89aa7816,CLI-00058,2026-07-17 00:00:00,101600.0,retrait,,transfrontalier_sensible,False,aucune
44f4bcac,CLI-00250,2026-07-17 00:00:00,6900.0,retrait,,local,False,aucune
16ee2968,CLI-00079,2026-07-17 00:00:00,27500.0,depot,,local,False,aucune
948d5abd,CLI-00254,2026-07-17 00:00:00,39600.0,transfert_sortant,CLI-00793,regional_uemoa,False,aucune
69baad70,CLI-00015,2026-07-17 00:00:00,103000.0,depot,,local,False,aucune
8298bfc7,CLI-00764,2026-07-17 00:00:00,84300.0,decaissement_credit,,local,False,aucune
0044b672,CLI-00783,2026-07-17 00:00:00,149800.0,retrait,,local,False,aucune
c7f67fbe,CLI-00153,2026-07-17 00:00:00,429200.0,transfert_sortant,CLI-00132,regional_uemoa,False,aucune
20b464da,CLI-00371,2026-07-17 00:00:00,28800.0,transfert_sortant,CLI-00001,local,False,aucune
02da6147,CLI-00682,2026-07-17 00:00:00,233900.0,transfert_sortant,CLI-00475,transfrontalier_sensible,False,aucune
93d7732f,CLI-00313,2026-07-17 00:00:00,205000.0,remboursement_credit,,local,False,aucune
bde7876c,CLI-00507,2026-07-17 00:00:00,10200.0,depot,,local,False,aucune
ef79f756,CLI-00159,2026-07-17 00:00:00,42700.0,depot,,local,False,aucune
c7265f98,CLI-00681,2026-07-17 00:00:00,48700.0,transfert_sortant,CLI-00094,local,False,aucune
691979e0,CLI-00443,2026-07-17 00:00:00,60200.0,decaissement_credit,,local,False,aucune
8400c605,CLI-00068,2026-07-17 00:00:00,36100.0,decaissement_credit,,local,False,aucune
90723a95,CLI-00647,2026-07-17 00:00:00,7200.0,depot,,local,False,aucune
5c602871,CLI-00014,2026-07-17 00:00:00,130900.0,transfert_sortant,CLI-00586,transfrontalier_sensible,False,aucune
8fc776f4,CLI-00423,2026-07-17 00:00:00,68900.0,depot,,local,False,aucune
dd080950,CLI-00728,2026-07-17 00:00:00,82000.0,transfert_entrant,CLI-00089,local,False,aucune
77da7ba2,CLI-00062,2026-07-17 00:00:00,173900.0,retrait,,local,False,aucune
53f894a3,CLI-00173,2026-07-17 00:00:00,4600.0,transfert_sortant,CLI-00457,local,False,aucune
546ebc17,CLI-00645,2026-07-17 00:00:00,8300.0,depot,,local,False,aucune
bd2c8a21,CLI-00198,2026-07-17 00:00:00,125500.0,depot,,local,False,aucune
650917f4,CLI-00513,2026-07-17 00:00:00,184100.0,transfert_entrant,CLI-00523,local,False,aucune
9f08ff1b,CLI-00179,2026-07-18 00:00:00,6000.0,depot,,local,False,aucune
e19d5863,CLI-00266,2026-07-18 00:00:00,34100.0,transfert_sortant,CLI-00056,transfrontalier_sensible,False,aucune
736eab73,CLI-00358,2026-07-18 00:00:00,278900.0,depot,,regional_uemoa,False,aucune
60309013,CLI-00588,2026-07-18 00:00:00,43200.0,depot,,local,False,aucune
6bcfc224,CLI-00735,2026-07-18 00:00:00,288900.0,depot,,local,False,aucune
7a214da0,CLI-00704,2026-07-18 00:00:00,47300.0,retrait,,local,False,aucune
d2ba439e,CLI-00249,2026-07-18 00:00:00,22900.0,transfert_entrant,CLI-00043,local,False,aucune
ab248727,CLI-00601,2026-07-18 00:00:00,7100.0,transfert_sortant,CLI-00229,local,False,aucune
57b5d42f,CLI-00037,2026-07-18 00:00:00,19100.0,retrait,,local,False,aucune
28a3ff82,CLI-00274,2026-07-18 00:00:00,181300.0,decaissement_credit,,local,False,aucune
648139be,CLI-00595,2026-07-18 00:00:00,72400.0,depot,,local,False,aucune
4c9be332,CLI-00183,2026-07-18 00:00:00,36900.0,depot,,local,False,aucune
fb594a5c,CLI-00270,2026-07-18 00:00:00,50100.0,transfert_entrant,CLI-00334,local,False,aucune
94e2484d,CLI-00688,2026-07-18 00:00:00,73500.0,transfert_sortant,CLI-00335,local,False,aucune
d2a961df,CLI-00362,2026-07-18 00:00:00,27000.0,decaissement_credit,,local,False,aucune
d029a799,CLI-00551,2026-07-18 00:00:00,5497500.0,retrait,,regional_uemoa,False,aucune
b9379ce2,CLI-00169,2026-07-18 00:00:00,23400.0,remboursement_credit,,local,False,aucune
7e2091df,CLI-00550,2026-07-18 00:00:00,13400.0,depot,,local,False,aucune
e7b1fe5c,CLI-00280,2026-07-18 00:00:00,36000.0,remboursement_credit,,local,False,aucune
13eff85a,CLI-00684,2026-07-18 00:00:00,96800.0,remboursement_credit,,local,False,aucune
50d3f2b5,CLI-00315,2026-07-18 00:00:00,18400.0,decaissement_credit,,transfrontalier_sensible,False,aucune
b5646334,CLI-00769,2026-07-18 00:00:00,37300.0,depot,,local,False,aucune
6c0a9ef6,CLI-00741,2026-07-18 00:00:00,58000.0,depot,,regional_uemoa,False,aucune
e005612a,CLI-00294,2026-07-18 00:00:00,66500.0,depot,,local,False,aucune
d61a008e,CLI-00204,2026-07-18 00:00:00,42200.0,remboursement_credit,,local,False,aucune
4c96869c,CLI-00071,2026-07-18 00:00:00,2600.0,depot,,local,False,aucune
ac49844d,CLI-00525,2026-07-18 00:00:00,26900.0,depot,,local,False,aucune
091a7aa0,CLI-00532,2026-07-18 00:00:00,218500.0,depot,,local,False,aucune
22f0c6a4,CLI-00722,2026-07-18 00:00:00,7500.0,retrait,,local,False,aucune
30612e8f,CLI-00534,2026-07-18 00:00:00,111700.0,decaissement_credit,,local,False,aucune
05285876,CLI-00113,2026-07-18 00:00:00,13900.0,transfert_sortant,CLI-00063,local,False,aucune
8c446a2f,CLI-00073,2026-07-18 00:00:00,12700.0,transfert_sortant,CLI-00207,local,False,aucune
26de320a,CLI-00410,2026-07-18 00:00:00,38800.0,decaissement_credit,,regional_uemoa,False,aucune
d80af1e3,CLI-00210,2026-07-18 00:00:00,28300.0,retrait,,local,False,aucune
de0957aa,CLI-00684,2026-07-18 00:00:00,122700.0,remboursement_credit,,regional_uemoa,False,aucune
bd22a068,CLI-00075,2026-07-18 00:00:00,369600.0,remboursement_credit,,local,False,aucune
e84021ce,CLI-00616,2026-07-18 00:00:00,166300.0,remboursement_credit,,local,False,aucune
8218e679,CLI-00213,2026-07-18 00:00:00,26300.0,depot,,regional_uemoa,False,aucune
9688ad04,CLI-00130,2026-07-18 00:00:00,3847500.0,retrait,,local,True,reactivation_dormant
89d97b48,CLI-00139,2026-07-18 00:00:00,52200.0,decaissement_credit,,local,False,aucune
27cd1cd2,CLI-00636,2026-07-18 00:00:00,8800.0,transfert_entrant,CLI-00425,local,False,aucune
91a7a223,CLI-00609,2026-07-18 00:00:00,150200.0,retrait,,local,False,aucune
b38a0ae4,CLI-00539,2026-07-18 00:00:00,53400.0,depot,,local,False,aucune
be267233,CLI-00340,2026-07-18 00:00:00,211200.0,depot,,local,False,aucune
398f652a,CLI-00296,2026-07-18 00:00:00,22900.0,retrait,,regional_uemoa,False,aucune
4f2ea73c,CLI-00703,2026-07-18 00:00:00,99000.0,depot,,local,False,aucune
0f3ec18d,CLI-00068,2026-07-18 00:00:00,113800.0,retrait,,local,False,aucune
af5d622e,CLI-00755,2026-07-18 00:00:00,36200.0,depot,,local,False,aucune
80adf1fd,CLI-00244,2026-07-19 00:00:00,28000.0,depot,,local,False,aucune
f56b2c46,CLI-00386,2026-07-19 00:00:00,352000.0,depot,,local,False,aucune
1c178a90,CLI-00251,2026-07-19 00:00:00,12600.0,decaissement_credit,,local,False,aucune
59afb2bb,CLI-00781,2026-07-19 00:00:00,56400.0,transfert_sortant,CLI-00614,local,False,aucune
f9c3ba70,CLI-00564,2026-07-19 00:00:00,64900.0,retrait,,local,False,aucune
2c9580f6,CLI-00773,2026-07-19 00:00:00,40000.0,remboursement_credit,,local,False,aucune
76ad44e5,CLI-00242,2026-07-19 00:00:00,134500.0,remboursement_credit,,local,False,aucune
1f023498,CLI-00466,2026-07-19 00:00:00,26800.0,depot,,local,False,aucune
bb0f00fb,CLI-00757,2026-07-19 00:00:00,156700.0,retrait,,local,False,aucune
757cb94a,CLI-00186,2026-07-19 00:00:00,462600.0,retrait,,local,False,aucune
5ff1b441,CLI-00148,2026-07-19 00:00:00,15000.0,transfert_sortant,CLI-00026,local,False,aucune
38b4ff6a,CLI-00141,2026-07-19 00:00:00,107900.0,decaissement_credit,,local,False,aucune
02ed8f13,CLI-00136,2026-07-19 00:00:00,49000.0,depot,,local,False,aucune
1519c90f,CLI-00697,2026-07-19 00:00:00,8500.0,retrait,,regional_uemoa,False,aucune
59d38e90,CLI-00132,2026-07-19 00:00:00,81700.0,transfert_sortant,CLI-00635,local,False,aucune
18f47779,CLI-00518,2026-07-19 00:00:00,52000.0,transfert_entrant,CLI-00418,local,False,aucune
6ff19b62,CLI-00519,2026-07-19 00:00:00,75500.0,depot,,local,False,aucune
1ba13d5d,CLI-00126,2026-07-19 00:00:00,84700.0,depot,,regional_uemoa,False,aucune
18350576,CLI-00208,2026-07-19 00:00:00,206400.0,transfert_sortant,CLI-00579,local,False,aucune
58cd5e33,CLI-00674,2026-07-19 00:00:00,83500.0,transfert_entrant,CLI-00735,local,False,aucune
0130f6ec,CLI-00534,2026-07-19 00:00:00,5400.0,depot,,regional_uemoa,False,aucune
0561153d,CLI-00774,2026-07-19 00:00:00,69300.0,depot,,local,False,aucune
ff076e20,CLI-00403,2026-07-19 00:00:00,219700.0,retrait,,local,False,aucune
ab68e3db,CLI-00104,2026-07-19 00:00:00,180600.0,retrait,,local,False,aucune
6d4a8b83,CLI-00673,2026-07-19 00:00:00,24400.0,remboursement_credit,,local,False,aucune
31d3135b,CLI-00544,2026-07-19 00:00:00,20000.0,retrait,,regional_uemoa,False,aucune
63f3c30c,CLI-00546,2026-07-19 00:00:00,64600.0,decaissement_credit,,transfrontalier_sensible,False,aucune
6adf9eaf,CLI-00098,2026-07-19 00:00:00,147400.0,remboursement_credit,,local,False,aucune
06930070,CLI-00098,2026-07-19 00:00:00,20800.0,retrait,,local,False,aucune
7611dbfe,CLI-00233,2026-07-19 00:00:00,5500.0,transfert_sortant,CLI-00760,local,False,aucune
f05c1d64,CLI-00090,2026-07-19 00:00:00,37300.0,transfert_sortant,CLI-00595,local,False,aucune
8809d9c9,CLI-00237,2026-07-19 00:00:00,19500.0,remboursement_credit,,regional_uemoa,False,aucune
5b9edaab,CLI-00558,2026-07-19 00:00:00,18900.0,retrait,,local,False,aucune
1e0e073c,CLI-00395,2026-07-19 00:00:00,457400.0,transfert_sortant,CLI-00062,local,False,aucune
3b1d385a,CLI-00240,2026-07-19 00:00:00,21400.0,depot,,local,False,aucune
2ea338bd,CLI-00669,2026-07-19 00:00:00,60100.0,depot,,local,False,aucune
9777b199,CLI-00080,2026-07-19 00:00:00,316300.0,depot,,local,False,aucune
ae5f1fa9,CLI-00066,2026-07-19 00:00:00,10400.0,transfert_sortant,CLI-00067,local,False,aucune
28c5d286,CLI-00468,2026-07-19 00:00:00,283600.0,retrait,,regional_uemoa,False,aucune
33d52667,CLI-00013,2026-07-19 00:00:00,42300.0,depot,,local,False,aucune
4f2c2e65,CLI-00053,2026-07-19 00:00:00,10300.0,decaissement_credit,,regional_uemoa,False,aucune
2e95dae1,CLI-00626,2026-07-19 00:00:00,25000.0,depot,,local,False,aucune
9d9cb18b,CLI-00622,2026-07-19 00:00:00,139600.0,transfert_sortant,CLI-00068,regional_uemoa,False,aucune
388c4c0a,CLI-00654,2026-07-19 00:00:00,274900.0,depot,,local,False,aucune
6410e171,CLI-00326,2026-07-19 00:00:00,13700.0,remboursement_credit,,local,False,aucune
27575f0e,CLI-00296,2026-07-19 00:00:00,255800.0,depot,,transfrontalier_sensible,False,aucune
847ea6ad,CLI-00324,2026-07-19 00:00:00,12000.0,retrait,,local,False,aucune
6018d651,CLI-00575,2026-07-19 00:00:00,16800.0,retrait,,local,False,aucune
42f8a72f,CLI-00609,2026-07-19 00:00:00,159200.0,depot,,regional_uemoa,False,aucune
9626dc22,CLI-00724,2026-07-19 00:00:00,73100.0,retrait,,local,False,aucune
c6fb8eee,CLI-00607,2026-07-19 00:00:00,126800.0,remboursement_credit,,local,False,aucune
71bcd2df,CLI-00262,2026-07-19 00:00:00,32800.0,depot,,regional_uemoa,False,aucune
b6f1105a,CLI-00044,2026-07-19 00:00:00,63400.0,depot,,local,False,aucune
6cc2f352,CLI-00332,2026-07-19 00:00:00,6600.0,transfert_sortant,CLI-00619,local,False,aucune
a77703cb,CLI-00606,2026-07-19 00:00:00,585300.0,retrait,,local,False,aucune
4755a83c,CLI-00311,2026-07-19 00:00:00,123100.0,depot,,local,False,aucune
8f11b9a7,CLI-00307,2026-07-19 00:00:00,592200.0,remboursement_credit,,transfrontalier_sensible,False,aucune
ac70df91,CLI-00592,2026-07-19 00:00:00,89800.0,transfert_entrant,CLI-00545,local,False,aucune
8ae490c4,CLI-00043,2026-07-19 00:00:00,87600.0,remboursement_credit,,local,False,aucune
1758aa44,CLI-00590,2026-07-19 00:00:00,32600.0,depot,,local,False,aucune
f6222b66,CLI-00574,2026-07-19 00:00:00,50600.0,depot,,local,False,aucune
924d07dd,CLI-00279,2026-07-20 00:00:00,6900.0,depot,,regional_uemoa,False,aucune
4ab2c309,CLI-00234,2026-07-20 00:00:00,37200.0,decaissement_credit,,local,False,aucune
b99693b0,CLI-00616,2026-07-20 00:00:00,58800.0,retrait,,local,False,aucune
1671fea6,CLI-00746,2026-07-20 00:00:00,381700.0,retrait,,local,False,aucune
9a20b2f7,CLI-00612,2026-07-20 00:00:00,14600.0,decaissement_credit,,local,False,aucune
84035edc,CLI-00037,2026-07-20 00:00:00,183200.0,depot,,local,False,aucune
589aa031,CLI-00550,2026-07-20 00:00:00,63600.0,depot,,local,False,aucune
a5173bef,CLI-00279,2026-07-20 00:00:00,35000.0,depot,,local,False,aucune
dfb45cba,CLI-00283,2026-07-20 00:00:00,31000.0,transfert_sortant,CLI-00185,regional_uemoa,False,aucune
82404e69,CLI-00098,2026-07-20 00:00:00,4800.0,depot,,local,False,aucune
e90b8bc2,CLI-00225,2026-07-20 00:00:00,11000.0,retrait,,local,False,aucune
4f38a015,CLI-00018,2026-07-20 00:00:00,17500.0,transfert_sortant,CLI-00796,local,False,aucune
29e484d0,CLI-00226,2026-07-20 00:00:00,308000.0,remboursement_credit,,local,False,aucune
fef05fd0,CLI-00773,2026-07-20 00:00:00,101700.0,retrait,,local,False,aucune
b5c9ec3c,CLI-00606,2026-07-20 00:00:00,26900.0,retrait,,local,False,aucune
f42d07f7,CLI-00111,2026-07-20 00:00:00,70300.0,depot,,local,False,aucune
be4860a8,CLI-00328,2026-07-20 00:00:00,42600.0,decaissement_credit,,regional_uemoa,False,aucune
42c993a9,CLI-00646,2026-07-20 00:00:00,13700.0,depot,,local,False,aucune
fc9d192c,CLI-00313,2026-07-20 00:00:00,14800.0,depot,,local,False,aucune
356b13ea,CLI-00179,2026-07-20 00:00:00,107400.0,decaissement_credit,,local,False,aucune
25a5549f,CLI-00647,2026-07-20 00:00:00,11400.0,retrait,,local,False,aucune
3f3bd8e3,CLI-00477,2026-07-20 00:00:00,10700.0,decaissement_credit,,local,False,aucune
487df544,CLI-00306,2026-07-20 00:00:00,190200.0,transfert_sortant,CLI-00156,local,False,aucune
2d320294,CLI-00463,2026-07-20 00:00:00,20100.0,remboursement_credit,,local,False,aucune
2fdd194b,CLI-00306,2026-07-20 00:00:00,18900.0,depot,,local,False,aucune
683d8644,CLI-00003,2026-07-20 00:00:00,42000.0,transfert_sortant,CLI-00009,regional_uemoa,False,aucune
6e1c82e9,CLI-00692,2026-07-20 00:00:00,66400.0,depot,,local,False,aucune
ca9b31a7,CLI-00522,2026-07-20 00:00:00,20400.0,depot,,local,False,aucune
578da842,CLI-00764,2026-07-20 00:00:00,142200.0,transfert_sortant,CLI-00247,local,False,aucune
edb46e0e,CLI-00497,2026-07-20 00:00:00,103100.0,depot,,local,False,aucune
32f23903,CLI-00188,2026-07-20 00:00:00,23000.0,retrait,,local,False,aucune
9464dbe9,CLI-00010,2026-07-20 00:00:00,61700.0,remboursement_credit,,local,False,aucune
3bb134c9,CLI-00439,2026-07-20 00:00:00,39300.0,depot,,local,False,aucune
611c2400,CLI-00436,2026-07-20 00:00:00,170500.0,transfert_sortant,CLI-00011,local,False,aucune
29f9da62,CLI-00634,2026-07-20 00:00:00,28700.0,remboursement_credit,,local,False,aucune
c4d3739f,CLI-00133,2026-07-20 00:00:00,587700.0,transfert_entrant,CLI-00795,local,False,aucune
ff280ab4,CLI-00634,2026-07-20 00:00:00,49900.0,depot,,regional_uemoa,False,aucune
cd6279f3,CLI-00700,2026-07-20 00:00:00,3825600.0,retrait,,local,True,reactivation_dormant
1ca1a2b7,CLI-00235,2026-07-20 00:00:00,82400.0,transfert_entrant,CLI-00648,local,False,aucune
bdc988ad,CLI-00494,2026-07-20 00:00:00,18800.0,transfert_sortant,CLI-00723,local,False,aucune
9431cd7f,CLI-00550,2026-07-20 00:00:00,130100.0,remboursement_credit,,local,False,aucune
17d0c891,CLI-00311,2026-07-20 00:00:00,85800.0,remboursement_credit,,local,False,aucune
0f2d5225,CLI-00562,2026-07-20 00:00:00,84900.0,retrait,,local,False,aucune
195da0c1,CLI-00670,2026-07-20 00:00:00,52600.0,depot,,local,False,aucune
c92028c5,CLI-00041,2026-07-20 00:00:00,46000.0,transfert_entrant,CLI-00175,local,False,aucune
23ddb9ed,CLI-00711,2026-07-20 00:00:00,242600.0,depot,,local,False,aucune
dcb5bb0f,CLI-00262,2026-07-20 00:00:00,4638100.0,transfert_entrant,CLI-00197,local,False,aucune
3128e9f7,CLI-00243,2026-07-20 00:00:00,61300.0,transfert_entrant,CLI-00256,local,False,aucune
412489ba,CLI-00366,2026-07-20 00:00:00,15900.0,decaissement_credit,,local,False,aucune
a2e47b56,CLI-00566,2026-07-20 00:00:00,138700.0,depot,,local,False,aucune
1ece97ca,CLI-00062,2026-07-20 00:00:00,268800.0,depot,,local,False,aucune
d5c3ff14,CLI-00077,2026-07-20 00:00:00,93200.0,retrait,,local,False,aucune
91852650,CLI-00567,2026-07-20 00:00:00,74400.0,depot,,local,False,aucune
0f7b5605,CLI-00598,2026-07-20 00:00:00,19800.0,retrait,,local,False,aucune
c8ea715a,CLI-00576,2026-07-20 00:00:00,19900.0,depot,,local,False,aucune
a9a29c0b,CLI-00258,2026-07-20 00:00:00,92300.0,depot,,regional_uemoa,False,aucune
05f70d5f,CLI-00563,2026-07-20 00:00:00,24800.0,remboursement_credit,,transfrontalier_sensible,False,aucune
082bd697,CLI-00588,2026-07-20 00:00:00,65600.0,transfert_sortant,CLI-00770,local,False,aucune
c1c97477,CLI-00086,2026-07-20 00:00:00,37100.0,transfert_sortant,CLI-00181,local,False,aucune
172e3818,CLI-00583,2026-07-20 00:00:00,104700.0,transfert_entrant,CLI-00428,local,False,aucune
d9eb0049,CLI-00554,2026-07-21 00:00:00,122300.0,transfert_sortant,CLI-00303,local,False,aucune
c9783748,CLI-00513,2026-07-21 00:00:00,67600.0,depot,,local,False,aucune
62e4ee14,CLI-00367,2026-07-21 00:00:00,180600.0,retrait,,local,False,aucune
06173d5a,CLI-00799,2026-07-21 00:00:00,6200.0,retrait,,local,False,aucune
d5006b38,CLI-00330,2026-07-21 00:00:00,40900.0,decaissement_credit,,regional_uemoa,False,aucune
ed31b0a5,CLI-00383,2026-07-21 00:00:00,29300.0,depot,,local,False,aucune
db1f01a8,CLI-00731,2026-07-21 00:00:00,36900.0,transfert_entrant,CLI-00238,local,False,aucune
6b6aea8d,CLI-00636,2026-07-21 00:00:00,330700.0,transfert_sortant,CLI-00067,local,False,aucune
da51b8a8,CLI-00331,2026-07-21 00:00:00,22600.0,retrait,,transfrontalier_sensible,False,aucune
2ae6c406,CLI-00121,2026-07-21 00:00:00,70800.0,transfert_entrant,CLI-00743,local,False,aucune
b4c774ce,CLI-00623,2026-07-21 00:00:00,17000.0,remboursement_credit,,regional_uemoa,False,aucune
349c07d7,CLI-00018,2026-07-21 00:00:00,16700.0,retrait,,local,False,aucune
ed317b36,CLI-00584,2026-07-21 00:00:00,115300.0,retrait,,local,False,aucune
d47f5186,CLI-00019,2026-07-21 00:00:00,19000.0,transfert_entrant,CLI-00056,local,False,aucune
3295982c,CLI-00633,2026-07-21 00:00:00,24100.0,retrait,,local,False,aucune
68e52191,CLI-00138,2026-07-21 00:00:00,42000.0,transfert_entrant,CLI-00349,local,False,aucune
1769a3bf,CLI-00503,2026-07-21 00:00:00,59600.0,decaissement_credit,,local,False,aucune
b562cfc7,CLI-00725,2026-07-21 00:00:00,60300.0,retrait,,local,False,aucune
b8d8ede9,CLI-00063,2026-07-21 00:00:00,32200.0,transfert_entrant,CLI-00293,regional_uemoa,False,aucune
26a482a3,CLI-00173,2026-07-21 00:00:00,21200.0,transfert_entrant,CLI-00329,local,False,aucune
15e8ee3a,CLI-00740,2026-07-21 00:00:00,15500.0,depot,,local,False,aucune
b87a94f4,CLI-00407,2026-07-21 00:00:00,4392100.0,retrait,,local,True,reactivation_dormant
0a04252c,CLI-00062,2026-07-21 00:00:00,125800.0,remboursement_credit,,regional_uemoa,False,aucune
4ffc24e5,CLI-00462,2026-07-21 00:00:00,53700.0,retrait,,transfrontalier_sensible,False,aucune
21c2177b,CLI-00688,2026-07-21 00:00:00,174900.0,retrait,,local,False,aucune
c5c20c32,CLI-00688,2026-07-21 00:00:00,78900.0,decaissement_credit,,local,False,aucune
1ecb195b,CLI-00758,2026-07-21 00:00:00,47500.0,depot,,local,False,aucune
bbd7bf8c,CLI-00688,2026-07-21 00:00:00,9200.0,decaissement_credit,,local,False,aucune
3bb7a9af,CLI-00256,2026-07-21 00:00:00,5100.0,transfert_entrant,CLI-00596,transfrontalier_sensible,False,aucune
5931560d,CLI-00437,2026-07-21 00:00:00,151900.0,remboursement_credit,,regional_uemoa,False,aucune
c64755bf,CLI-00448,2026-07-21 00:00:00,82900.0,depot,,local,False,aucune
3b73eebe,CLI-00301,2026-07-21 00:00:00,150500.0,depot,,local,False,aucune
2cebf384,CLI-00059,2026-07-21 00:00:00,18100.0,depot,,local,False,aucune
b3262267,CLI-00729,2026-07-21 00:00:00,5100.0,depot,,regional_uemoa,False,aucune
b501ef11,CLI-00188,2026-07-21 00:00:00,39400.0,decaissement_credit,,local,False,aucune
380d06cb,CLI-00713,2026-07-21 00:00:00,9900.0,depot,,regional_uemoa,False,aucune
010876a4,CLI-00188,2026-07-21 00:00:00,30100.0,transfert_entrant,CLI-00225,local,False,aucune
5fec6591,CLI-00218,2026-07-21 00:00:00,6860300.0,depot,,local,True,layering
8f1486c7,CLI-00639,2026-07-21 00:00:00,4700.0,remboursement_credit,,local,False,aucune
678f6f8b,CLI-00019,2026-07-21 00:00:00,393900.0,retrait,,local,False,aucune
96149558,CLI-00782,2026-07-21 00:00:00,500100.0,depot,,transfrontalier_sensible,False,aucune
57f28619,CLI-00143,2026-07-21 00:00:00,34600.0,decaissement_credit,,regional_uemoa,False,aucune
b3db18b4,CLI-00068,2026-07-21 00:00:00,37700.0,retrait,,local,False,aucune
f2c18149,CLI-00270,2026-07-21 00:00:00,331300.0,remboursement_credit,,local,False,aucune
33acc62e,CLI-00065,2026-07-21 00:00:00,40100.0,depot,,local,False,aucune
88868cc9,CLI-00209,2026-07-21 00:00:00,14800.0,remboursement_credit,,local,False,aucune
c43c2b67,CLI-00400,2026-07-21 00:00:00,6000.0,remboursement_credit,,local,False,aucune
f30169b2,CLI-00774,2026-07-21 00:00:00,7100.0,retrait,,local,False,aucune
49c58ac4,CLI-00542,2026-07-21 00:00:00,292500.0,transfert_sortant,CLI-00686,local,False,aucune
e17c4d27,CLI-00399,2026-07-21 00:00:00,11200.0,transfert_entrant,CLI-00079,regional_uemoa,False,aucune
4efcf68c,CLI-00534,2026-07-21 00:00:00,87800.0,transfert_sortant,CLI-00412,local,False,aucune
95034e46,CLI-00610,2026-07-21 00:00:00,13800.0,retrait,,local,False,aucune
f91bd6fa,CLI-00793,2026-07-21 00:00:00,122300.0,remboursement_credit,,local,False,aucune
3b80f6a3,CLI-00400,2026-07-21 00:00:00,28700.0,depot,,local,False,aucune
dc761999,CLI-00369,2026-07-21 00:00:00,33800.0,transfert_sortant,CLI-00057,local,False,aucune
36e3bf1a,CLI-00601,2026-07-21 00:00:00,197300.0,depot,,local,False,aucune
a7023010,CLI-00552,2026-07-21 00:00:00,144200.0,depot,,regional_uemoa,False,aucune
1fc51590,CLI-00218,2026-07-21 03:00:00,2084200.0,transfert_sortant,CLI-00457,local,True,layering
7ce7cda7,CLI-00218,2026-07-21 06:00:00,1359500.0,transfert_sortant,CLI-00076,local,True,layering
36dea3b5,CLI-00258,2026-07-22 00:00:00,93000.0,transfert_sortant,CLI-00042,local,False,aucune
6b9ca98c,CLI-00727,2026-07-22 00:00:00,5100.0,depot,,local,False,aucune
d785b368,CLI-00391,2026-07-22 00:00:00,43400.0,remboursement_credit,,local,False,aucune
c4e83bf9,CLI-00589,2026-07-22 00:00:00,36100.0,retrait,,local,False,aucune
41c849c6,CLI-00498,2026-07-22 00:00:00,157200.0,retrait,,local,False,aucune
dff8569b,CLI-00189,2026-07-22 00:00:00,8200.0,depot,,local,False,aucune
7781f9f1,CLI-00225,2026-07-22 00:00:00,26400.0,decaissement_credit,,regional_uemoa,False,aucune
69cc866e,CLI-00228,2026-07-22 00:00:00,27400.0,remboursement_credit,,local,False,aucune
6a1edd71,CLI-00190,2026-07-22 00:00:00,99500.0,remboursement_credit,,local,False,aucune
dab97662,CLI-00502,2026-07-22 00:00:00,137900.0,decaissement_credit,,local,False,aucune
09492de1,CLI-00622,2026-07-22 00:00:00,84100.0,transfert_sortant,CLI-00599,local,False,aucune
b7103d22,CLI-00695,2026-07-22 00:00:00,67800.0,retrait,,transfrontalier_sensible,False,aucune
ff3c0c00,CLI-00760,2026-07-22 00:00:00,44000.0,retrait,,local,False,aucune
3e6801b6,CLI-00574,2026-07-22 00:00:00,11600.0,retrait,,local,False,aucune
887bb7f3,CLI-00657,2026-07-22 00:00:00,73800.0,decaissement_credit,,regional_uemoa,False,aucune
785902e2,CLI-00391,2026-07-22 00:00:00,59600.0,depot,,local,False,aucune
fa14b732,CLI-00353,2026-07-22 00:00:00,13400.0,remboursement_credit,,local,False,aucune
ca87c0ac,CLI-00172,2026-07-22 00:00:00,152100.0,retrait,,regional_uemoa,False,aucune
93a34440,CLI-00597,2026-07-22 00:00:00,46700.0,remboursement_credit,,local,False,aucune
231ab3ee,CLI-00238,2026-07-22 00:00:00,7965300.0,depot,,regional_uemoa,False,aucune
bf700b05,CLI-00463,2026-07-22 00:00:00,143800.0,depot,,regional_uemoa,False,aucune
ad40fd8c,CLI-00717,2026-07-22 00:00:00,17400.0,depot,,local,False,aucune
3ca325cb,CLI-00395,2026-07-22 00:00:00,416400.0,depot,,local,False,aucune
94cd3059,CLI-00350,2026-07-22 00:00:00,122100.0,transfert_entrant,CLI-00614,local,False,aucune
a5be845f,CLI-00067,2026-07-22 00:00:00,22100.0,transfert_sortant,CLI-00574,local,False,aucune
a66a2b2a,CLI-00603,2026-07-22 00:00:00,716800.0,depot,,local,False,aucune
0a977412,CLI-00092,2026-07-22 00:00:00,31300.0,remboursement_credit,,local,False,aucune
8775bb30,CLI-00306,2026-07-22 00:00:00,121600.0,retrait,,transfrontalier_sensible,False,aucune
99310ccd,CLI-00349,2026-07-22 00:00:00,5400.0,retrait,,local,False,aucune
1af5fa1b,CLI-00729,2026-07-22 00:00:00,12700.0,transfert_entrant,CLI-00755,local,False,aucune
39c8ddfb,CLI-00079,2026-07-22 00:00:00,3635600.0,transfert_sortant,CLI-00244,local,False,aucune
adad7188,CLI-00157,2026-07-22 00:00:00,41900.0,depot,,local,False,aucune
bd0f01c0,CLI-00218,2026-07-22 00:00:00,1358700.0,transfert_sortant,CLI-00258,local,True,layering
937ebd5b,CLI-00232,2026-07-22 00:00:00,38400.0,depot,,local,False,aucune
03a857ab,CLI-00482,2026-07-22 00:00:00,88800.0,retrait,,local,False,aucune
2e7381ca,CLI-00641,2026-07-22 00:00:00,30200.0,transfert_entrant,CLI-00533,local,False,aucune
4e6a9933,CLI-00271,2026-07-22 00:00:00,130200.0,transfert_sortant,CLI-00333,local,False,aucune
cef68421,CLI-00781,2026-07-22 00:00:00,54400.0,retrait,,local,False,aucune
6ff68052,CLI-00627,2026-07-22 00:00:00,294000.0,decaissement_credit,,local,False,aucune
918c2153,CLI-00028,2026-07-22 00:00:00,91500.0,remboursement_credit,,local,False,aucune
62ad692c,CLI-00245,2026-07-22 00:00:00,18200.0,retrait,,regional_uemoa,False,aucune
44c24cd5,CLI-00795,2026-07-22 00:00:00,83700.0,depot,,local,False,aucune
81cc56a8,CLI-00384,2026-07-22 00:00:00,75800.0,retrait,,local,False,aucune
4bab7347,CLI-00026,2026-07-22 00:00:00,9700.0,depot,,regional_uemoa,False,aucune
dd676635,CLI-00107,2026-07-22 00:00:00,11300.0,remboursement_credit,,local,False,aucune
c666f88d,CLI-00438,2026-07-22 00:00:00,257100.0,retrait,,regional_uemoa,False,aucune
fbf513d8,CLI-00634,2026-07-22 00:00:00,52600.0,retrait,,local,False,aucune
bacf30e8,CLI-00420,2026-07-22 00:00:00,26600.0,remboursement_credit,,local,False,aucune
fb5f7459,CLI-00130,2026-07-22 00:00:00,13700.0,transfert_sortant,CLI-00046,local,False,aucune
a4d7876e,CLI-00205,2026-07-22 00:00:00,147300.0,depot,,local,False,aucune
63f57f26,CLI-00716,2026-07-22 00:00:00,15500.0,depot,,local,False,aucune
4ae3808e,CLI-00514,2026-07-22 00:00:00,128000.0,retrait,,local,False,aucune
9ba525f2,CLI-00326,2026-07-22 00:00:00,29400.0,depot,,local,False,aucune
1993ac50,CLI-00023,2026-07-22 00:00:00,54700.0,retrait,,local,False,aucune
344d7aa2,CLI-00681,2026-07-22 00:00:00,54800.0,remboursement_credit,,local,False,aucune
1a574c1d,CLI-00637,2026-07-22 00:00:00,29900.0,depot,,regional_uemoa,False,aucune
e87b8c2f,CLI-00507,2026-07-22 00:00:00,24700.0,depot,,local,False,aucune
60462413,CLI-00138,2026-07-22 00:00:00,107900.0,transfert_sortant,CLI-00212,local,False,aucune
9aeae3a8,CLI-00045,2026-07-22 00:00:00,83100.0,retrait,,local,False,aucune
3aceaaed,CLI-00253,2026-07-22 00:00:00,37400.0,retrait,,local,False,aucune
791fb758,CLI-00207,2026-07-22 00:00:00,77800.0,remboursement_credit,,regional_uemoa,False,aucune
2de88e4c,CLI-00011,2026-07-22 00:00:00,78700.0,retrait,,local,False,aucune
a06c2547,CLI-00330,2026-07-22 00:00:00,28800.0,retrait,,local,False,aucune
a024eaf1,CLI-00608,2026-07-22 00:00:00,45400.0,depot,,local,False,aucune
671e005b,CLI-00208,2026-07-22 00:00:00,10400.0,depot,,local,False,aucune
90f16be9,CLI-00362,2026-07-22 00:00:00,51200.0,transfert_entrant,CLI-00537,local,False,aucune
57bbdc18,CLI-00513,2026-07-22 00:00:00,38100.0,depot,,transfrontalier_sensible,False,aucune
95478f8e,CLI-00218,2026-07-22 21:00:00,1710100.0,transfert_sortant,CLI-00196,local,True,layering
f09ccfea,CLI-00067,2026-07-23 00:00:00,56300.0,retrait,,local,False,aucune
a256aa67,CLI-00571,2026-07-23 00:00:00,4100.0,remboursement_credit,,local,False,aucune
e3d384da,CLI-00612,2026-07-23 00:00:00,29700.0,depot,,local,False,aucune
669c5065,CLI-00599,2026-07-23 00:00:00,20400.0,retrait,,local,False,aucune
f7274135,CLI-00123,2026-07-23 00:00:00,5100.0,retrait,,local,False,aucune
49a46920,CLI-00655,2026-07-23 00:00:00,33400.0,transfert_sortant,CLI-00477,local,False,aucune
61fd4337,CLI-00000,2026-07-23 00:00:00,76000.0,retrait,,local,False,aucune
e5212b78,CLI-00174,2026-07-23 00:00:00,13300.0,depot,,local,False,aucune
9b8c458a,CLI-00674,2026-07-23 00:00:00,32400.0,retrait,,regional_uemoa,False,aucune
0ec65b72,CLI-00504,2026-07-23 00:00:00,387100.0,transfert_entrant,CLI-00559,local,False,aucune
b36bd963,CLI-00092,2026-07-23 00:00:00,149100.0,depot,,regional_uemoa,False,aucune
72f4eb01,CLI-00543,2026-07-23 00:00:00,3800.0,retrait,,local,False,aucune
07238f51,CLI-00072,2026-07-23 00:00:00,44600.0,depot,,local,False,aucune
b7454747,CLI-00666,2026-07-23 00:00:00,25700.0,remboursement_credit,,local,False,aucune
5c0c6adb,CLI-00608,2026-07-23 00:00:00,58900.0,transfert_sortant,CLI-00252,local,False,aucune
989b7e81,CLI-00150,2026-07-23 00:00:00,39200.0,retrait,,local,False,aucune
29a42239,CLI-00634,2026-07-23 00:00:00,83100.0,remboursement_credit,,local,False,aucune
10e132d9,CLI-00150,2026-07-23 00:00:00,130200.0,decaissement_credit,,local,False,aucune
a69687e0,CLI-00769,2026-07-23 00:00:00,49100.0,retrait,,local,False,aucune
ab62537c,CLI-00030,2026-07-23 00:00:00,47300.0,depot,,local,False,aucune
347c890c,CLI-00053,2026-07-23 00:00:00,119800.0,retrait,,local,False,aucune
c275e030,CLI-00068,2026-07-23 00:00:00,96700.0,depot,,local,False,aucune
40997799,CLI-00609,2026-07-23 00:00:00,6103100.0,retrait,,local,False,aucune
cfab8618,CLI-00155,2026-07-23 00:00:00,49400.0,retrait,,local,False,aucune
5b7ae4ef,CLI-00538,2026-07-23 00:00:00,75900.0,depot,,local,False,aucune
96229221,CLI-00671,2026-07-23 00:00:00,33200.0,depot,,local,False,aucune
3dc19645,CLI-00083,2026-07-23 00:00:00,7811600.0,depot,,transfrontalier_sensible,False,aucune
c6e8f1cb,CLI-00602,2026-07-23 00:00:00,378400.0,depot,,local,False,aucune
53f30ee6,CLI-00485,2026-07-23 00:00:00,48000.0,transfert_entrant,CLI-00526,local,False,aucune
2d76045f,CLI-00149,2026-07-23 00:00:00,13000.0,retrait,,local,False,aucune
4bb41f3c,CLI-00448,2026-07-23 00:00:00,132500.0,transfert_entrant,CLI-00525,local,False,aucune
f1a8d691,CLI-00460,2026-07-23 00:00:00,28600.0,remboursement_credit,,transfrontalier_sensible,False,aucune
02709f8f,CLI-00368,2026-07-23 00:00:00,8537400.0,transfert_sortant,CLI-00768,local,False,aucune
fe399a9e,CLI-00251,2026-07-23 00:00:00,133700.0,depot,,local,False,aucune
89d7834e,CLI-00743,2026-07-23 00:00:00,58400.0,remboursement_credit,,local,False,aucune
b09ec367,CLI-00323,2026-07-23 00:00:00,13800.0,transfert_entrant,CLI-00325,local,False,aucune
64e73e71,CLI-00286,2026-07-23 00:00:00,23900.0,retrait,,local,False,aucune
430dd0bb,CLI-00262,2026-07-23 00:00:00,19400.0,transfert_sortant,CLI-00764,local,False,aucune
7f3e744d,CLI-00444,2026-07-23 00:00:00,9400.0,depot,,local,False,aucune
098a6ee6,CLI-00318,2026-07-23 00:00:00,11200.0,depot,,local,False,aucune
e741e4f9,CLI-00745,2026-07-23 00:00:00,50400.0,depot,,local,False,aucune
b0d1334d,CLI-00434,2026-07-23 00:00:00,26500.0,retrait,,regional_uemoa,False,aucune
47ecebac,CLI-00189,2026-07-23 00:00:00,24000.0,remboursement_credit,,local,False,aucune
bea25b93,CLI-00229,2026-07-23 00:00:00,97500.0,retrait,,local,False,aucune
3fed12f9,CLI-00314,2026-07-23 00:00:00,43000.0,remboursement_credit,,local,False,aucune
e5f47b89,CLI-00314,2026-07-23 00:00:00,39800.0,remboursement_credit,,local,False,aucune
2fdc147d,CLI-00226,2026-07-23 00:00:00,153100.0,retrait,,local,False,aucune
8864d667,CLI-00220,2026-07-23 00:00:00,135800.0,depot,,local,False,aucune
d35f27c0,CLI-00217,2026-07-23 00:00:00,38800.0,remboursement_credit,,regional_uemoa,False,aucune
62c7082f,CLI-00714,2026-07-23 00:00:00,28500.0,transfert_entrant,CLI-00054,local,False,aucune
a20deb83,CLI-00690,2026-07-23 00:00:00,81300.0,retrait,,local,False,aucune
76c0e2ca,CLI-00354,2026-07-23 00:00:00,27900.0,transfert_sortant,CLI-00252,local,False,aucune
ea22c7cd,CLI-00203,2026-07-23 00:00:00,40700.0,remboursement_credit,,local,False,aucune
bd3b57d4,CLI-00310,2026-07-23 00:00:00,154000.0,retrait,,local,False,aucune
7067a177,CLI-00578,2026-07-24 00:00:00,60900.0,retrait,,regional_uemoa,False,aucune
6ae4ee5b,CLI-00664,2026-07-24 00:00:00,23400.0,transfert_sortant,CLI-00003,local,False,aucune
f3a43008,CLI-00494,2026-07-24 00:00:00,129800.0,decaissement_credit,,transfrontalier_sensible,False,aucune
7d55d220,CLI-00589,2026-07-24 00:00:00,24100.0,retrait,,local,False,aucune
3857da10,CLI-00752,2026-07-24 00:00:00,66800.0,depot,,local,False,aucune
ca746c38,CLI-00062,2026-07-24 00:00:00,40000.0,decaissement_credit,,transfrontalier_sensible,False,aucune
1eddf1fa,CLI-00439,2026-07-24 00:00:00,47900.0,retrait,,local,False,aucune
9c6df678,CLI-00066,2026-07-24 00:00:00,5100.0,transfert_entrant,CLI-00310,local,False,aucune
bf2b050c,CLI-00570,2026-07-24 00:00:00,21800.0,remboursement_credit,,local,False,aucune
32bb1968,CLI-00074,2026-07-24 00:00:00,25100.0,depot,,local,False,aucune
42248c91,CLI-00600,2026-07-24 00:00:00,196500.0,transfert_entrant,CLI-00208,local,False,aucune
9f1dd79e,CLI-00082,2026-07-24 00:00:00,246600.0,remboursement_credit,,local,False,aucune
8bcc1957,CLI-00085,2026-07-24 00:00:00,219600.0,retrait,,local,False,aucune
e0e7e517,CLI-00554,2026-07-24 00:00:00,39400.0,depot,,local,False,aucune
4b4d0d46,CLI-00436,2026-07-24 00:00:00,15700.0,depot,,local,False,aucune
60c5a8d3,CLI-00547,2026-07-24 00:00:00,241300.0,remboursement_credit,,local,False,aucune
c0037dbe,CLI-00217,2026-07-24 00:00:00,5900.0,depot,,regional_uemoa,False,aucune
014656a3,CLI-00404,2026-07-24 00:00:00,62000.0,retrait,,local,False,aucune
20d36dc8,CLI-00515,2026-07-24 00:00:00,37500.0,depot,,local,False,aucune
4bc677a1,CLI-00207,2026-07-24 00:00:00,61400.0,transfert_entrant,CLI-00089,transfrontalier_sensible,False,aucune
14d8f568,CLI-00665,2026-07-24 00:00:00,32700.0,depot,,local,False,aucune
93a7ca54,CLI-00278,2026-07-24 00:00:00,34600.0,transfert_sortant,CLI-00645,local,False,aucune
06f61650,CLI-00248,2026-07-24 00:00:00,38200.0,remboursement_credit,,local,False,aucune
e2e2a37a,CLI-00519,2026-07-24 00:00:00,5800.0,transfert_entrant,CLI-00546,local,False,aucune
8923fd1f,CLI-00724,2026-07-24 00:00:00,96800.0,retrait,,local,False,aucune
07363bff,CLI-00183,2026-07-24 00:00:00,42100.0,transfert_sortant,CLI-00004,regional_uemoa,False,aucune
f5f37441,CLI-00603,2026-07-24 00:00:00,8000.0,depot,,local,False,aucune
c3ea5f6f,CLI-00013,2026-07-24 00:00:00,78100.0,retrait,,local,False,aucune
6395df17,CLI-00288,2026-07-24 00:00:00,19300.0,retrait,,local,False,aucune
cdf9085c,CLI-00287,2026-07-24 00:00:00,15700.0,depot,,regional_uemoa,False,aucune
53b778d8,CLI-00018,2026-07-24 00:00:00,26800.0,depot,,local,False,aucune
1e6887c4,CLI-00690,2026-07-24 00:00:00,81500.0,depot,,local,False,aucune
fc91f8d5,CLI-00212,2026-07-24 00:00:00,4763000.0,depot,,local,True,layering
e76ac47c,CLI-00614,2026-07-24 00:00:00,10200.0,transfert_entrant,CLI-00071,local,False,aucune
c04b1dd2,CLI-00338,2026-07-24 00:00:00,179400.0,depot,,local,False,aucune
160443d6,CLI-00641,2026-07-24 00:00:00,40800.0,retrait,,local,False,aucune
7699a943,CLI-00343,2026-07-24 00:00:00,95600.0,retrait,,regional_uemoa,False,aucune
6354627d,CLI-00002,2026-07-24 00:00:00,22500.0,decaissement_credit,,regional_uemoa,False,aucune
b057d234,CLI-00608,2026-07-24 00:00:00,137000.0,retrait,,local,False,aucune
642dd754,CLI-00003,2026-07-24 00:00:00,25300.0,depot,,local,False,aucune
ab464cde,CLI-00156,2026-07-24 00:00:00,37100.0,retrait,,local,False,aucune
908813bc,CLI-00003,2026-07-24 00:00:00,57000.0,retrait,,local,False,aucune
b0e4018b,CLI-00180,2026-07-24 00:00:00,55100.0,depot,,local,False,aucune
29518a15,CLI-00735,2026-07-24 00:00:00,14300.0,remboursement_credit,,local,False,aucune
3f35822f,CLI-00212,2026-07-24 10:00:00,1898300.0,transfert_sortant,CLI-00151,local,True,layering
2f29b8d1,CLI-00212,2026-07-24 18:00:00,1579200.0,transfert_sortant,CLI-00498,local,True,layering
c7260c54,CLI-00235,2026-07-25 00:00:00,750700.0,depot,,regional_uemoa,False,aucune
1e6ddc30,CLI-00317,2026-07-25 00:00:00,77200.0,retrait,,local,False,aucune
8aa97f24,CLI-00526,2026-07-25 00:00:00,47200.0,depot,,transfrontalier_sensible,False,aucune
3793e5c6,CLI-00772,2026-07-25 00:00:00,12200.0,retrait,,local,False,aucune
3fbfa6c4,CLI-00777,2026-07-25 00:00:00,252700.0,depot,,local,False,aucune
534aa4e9,CLI-00550,2026-07-25 00:00:00,26200.0,retrait,,local,False,aucune
f9348bc3,CLI-00297,2026-07-25 00:00:00,97900.0,depot,,local,False,aucune
85d6b4cc,CLI-00097,2026-07-25 00:00:00,124600.0,transfert_sortant,CLI-00562,local,False,aucune
71d49295,CLI-00035,2026-07-25 00:00:00,3348100.0,retrait,,local,True,reactivation_dormant
9b1dfcc8,CLI-00409,2026-07-25 00:00:00,23100.0,transfert_sortant,CLI-00621,regional_uemoa,False,aucune
52825d7f,CLI-00229,2026-07-25 00:00:00,219400.0,retrait,,local,False,aucune
52fee9a2,CLI-00317,2026-07-25 00:00:00,11600.0,decaissement_credit,,regional_uemoa,False,aucune
4cf61b3f,CLI-00208,2026-07-25 00:00:00,47800.0,transfert_entrant,CLI-00359,local,False,aucune
b04da28f,CLI-00208,2026-07-25 00:00:00,223600.0,retrait,,local,False,aucune
c66fdf9a,CLI-00104,2026-07-25 00:00:00,22400.0,retrait,,local,False,aucune
789b7a3f,CLI-00097,2026-07-25 00:00:00,17300.0,depot,,local,False,aucune
6e6f1232,CLI-00033,2026-07-25 00:00:00,9400.0,depot,,local,False,aucune
04820ff3,CLI-00319,2026-07-25 00:00:00,6500.0,retrait,,regional_uemoa,False,aucune
6314a7bb,CLI-00276,2026-07-25 00:00:00,29600.0,depot,,regional_uemoa,False,aucune
055c9f25,CLI-00794,2026-07-25 00:00:00,6784400.0,transfert_sortant,CLI-00601,local,False,aucune
1800d8eb,CLI-00735,2026-07-25 00:00:00,35200.0,retrait,,local,False,aucune
2d3b3677,CLI-00588,2026-07-25 00:00:00,62900.0,retrait,,local,False,aucune
8eff7477,CLI-00579,2026-07-25 00:00:00,33900.0,depot,,local,False,aucune
8af718b1,CLI-00609,2026-07-25 00:00:00,200300.0,remboursement_credit,,local,False,aucune
21a77e52,CLI-00055,2026-07-25 00:00:00,12400.0,retrait,,local,False,aucune
87a887ce,CLI-00058,2026-07-25 00:00:00,63600.0,transfert_sortant,CLI-00516,local,False,aucune
258cf998,CLI-00367,2026-07-25 00:00:00,40200.0,retrait,,local,False,aucune
500f8a61,CLI-00367,2026-07-25 00:00:00,30100.0,retrait,,transfrontalier_sensible,False,aucune
55af147f,CLI-00573,2026-07-25 00:00:00,10400.0,retrait,,local,False,aucune
a651c147,CLI-00335,2026-07-25 00:00:00,37000.0,depot,,local,False,aucune
b48d6c29,CLI-00333,2026-07-25 00:00:00,4800.0,decaissement_credit,,local,False,aucune
0373ab28,CLI-00333,2026-07-25 00:00:00,20000.0,depot,,local,False,aucune
9a42b9f9,CLI-00369,2026-07-25 00:00:00,99200.0,retrait,,local,False,aucune
231fe6e3,CLI-00018,2026-07-25 00:00:00,45200.0,remboursement_credit,,local,False,aucune
45604696,CLI-00066,2026-07-25 00:00:00,17800.0,retrait,,local,False,aucune
7486012c,CLI-00628,2026-07-25 00:00:00,17100.0,retrait,,local,False,aucune
bce90eb2,CLI-00631,2026-07-25 00:00:00,47300.0,retrait,,local,False,aucune
522f27b3,CLI-00390,2026-07-25 00:00:00,79300.0,remboursement_credit,,regional_uemoa,False,aucune
7d16476f,CLI-00669,2026-07-25 00:00:00,2900.0,depot,,local,False,aucune
76d8134f,CLI-00246,2026-07-25 00:00:00,3229100.0,transfert_sortant,,local,True,reactivation_dormant
8d87f19f,CLI-00555,2026-07-25 00:00:00,97400.0,depot,,transfrontalier_sensible,False,aucune
c9e9cb5c,CLI-00777,2026-07-25 00:00:00,4500.0,retrait,,local,False,aucune
936649a4,CLI-00079,2026-07-25 00:00:00,99300.0,remboursement_credit,,local,False,aucune
b7f6adb3,CLI-00174,2026-07-25 00:00:00,13100.0,depot,,local,False,aucune
eda4ee4b,CLI-00140,2026-07-25 00:00:00,29600.0,depot,,transfrontalier_sensible,False,aucune
51ba45f9,CLI-00693,2026-07-25 00:00:00,55400.0,transfert_entrant,CLI-00321,local,False,aucune
5090323a,CLI-00464,2026-07-25 00:00:00,59000.0,remboursement_credit,,local,False,aucune
2c3a856e,CLI-00685,2026-07-25 00:00:00,41200.0,remboursement_credit,,local,False,aucune
3ec61e36,CLI-00434,2026-07-25 00:00:00,56200.0,decaissement_credit,,local,False,aucune
e6b81d32,CLI-00136,2026-07-25 00:00:00,117300.0,retrait,,local,False,aucune
b4fdf119,CLI-00756,2026-07-25 00:00:00,69500.0,retrait,,local,False,aucune
b91cac86,CLI-00497,2026-07-25 00:00:00,7700.0,retrait,,local,False,aucune
35421977,CLI-00418,2026-07-25 00:00:00,147900.0,depot,,local,False,aucune
daa432fc,CLI-00460,2026-07-25 00:00:00,202900.0,depot,,local,False,aucune
28aa3ac2,CLI-00441,2026-07-25 00:00:00,12700.0,retrait,,regional_uemoa,False,aucune
2e7f0446,CLI-00212,2026-07-25 17:00:00,1203100.0,transfert_sortant,CLI-00708,local,True,layering
37b7af76,CLI-00100,2026-07-26 00:00:00,11600.0,decaissement_credit,,local,False,aucune
2ef38529,CLI-00216,2026-07-26 00:00:00,64400.0,depot,,local,False,aucune
6e5ea48a,CLI-00603,2026-07-26 00:00:00,95600.0,remboursement_credit,,regional_uemoa,False,aucune
37fb63e5,CLI-00279,2026-07-26 00:00:00,19200.0,depot,,regional_uemoa,False,aucune
53dd1dc0,CLI-00032,2026-07-26 00:00:00,116700.0,retrait,,local,False,aucune
d8887510,CLI-00092,2026-07-26 00:00:00,32600.0,decaissement_credit,,transfrontalier_sensible,False,aucune
5ec20a0b,CLI-00705,2026-07-26 00:00:00,83700.0,depot,,local,False,aucune
75f96975,CLI-00686,2026-07-26 00:00:00,102300.0,depot,,regional_uemoa,False,aucune
00e4c1f9,CLI-00224,2026-07-26 00:00:00,75800.0,depot,,local,False,aucune
5426affe,CLI-00796,2026-07-26 00:00:00,74400.0,remboursement_credit,,local,False,aucune
0551aafb,CLI-00253,2026-07-26 00:00:00,50000.0,transfert_sortant,CLI-00714,local,False,aucune
e9ee02e8,CLI-00225,2026-07-26 00:00:00,22600.0,depot,,local,False,aucune
0d01200c,CLI-00154,2026-07-26 00:00:00,18700.0,depot,,local,False,aucune
d8e4c653,CLI-00339,2026-07-26 00:00:00,18800.0,decaissement_credit,,local,False,aucune
791ee4fb,CLI-00549,2026-07-26 00:00:00,28000.0,retrait,,local,False,aucune
583b9830,CLI-00028,2026-07-26 00:00:00,42600.0,transfert_sortant,CLI-00303,local,False,aucune
6f53b502,CLI-00283,2026-07-26 00:00:00,25100.0,transfert_entrant,CLI-00107,local,False,aucune
c3a67c2d,CLI-00232,2026-07-26 00:00:00,24900.0,retrait,,local,False,aucune
6ec4aa65,CLI-00434,2026-07-26 00:00:00,26900.0,transfert_sortant,CLI-00124,transfrontalier_sensible,False,aucune
326c5ff8,CLI-00398,2026-07-26 00:00:00,22000.0,transfert_sortant,CLI-00095,local,False,aucune
2f322bb8,CLI-00276,2026-07-26 00:00:00,52600.0,retrait,,local,False,aucune
d25fda2a,CLI-00251,2026-07-26 00:00:00,566200.0,transfert_entrant,CLI-00453,local,False,aucune
7a947f28,CLI-00071,2026-07-26 00:00:00,32800.0,depot,,local,False,aucune
526c2223,CLI-00569,2026-07-26 00:00:00,22900.0,retrait,,local,False,aucune
b87171fe,CLI-00372,2026-07-26 00:00:00,49400.0,depot,,local,False,aucune
e3a32a2e,CLI-00147,2026-07-26 00:00:00,61000.0,decaissement_credit,,local,False,aucune
c5ab5eea,CLI-00781,2026-07-26 00:00:00,7500.0,depot,,local,False,aucune
c6ba1f11,CLI-00754,2026-07-26 00:00:00,32300.0,remboursement_credit,,local,False,aucune
6f9de2bb,CLI-00147,2026-07-26 00:00:00,28600.0,depot,,local,False,aucune
a591c805,CLI-00664,2026-07-26 00:00:00,31400.0,retrait,,local,False,aucune
748aed39,CLI-00245,2026-07-26 00:00:00,32200.0,retrait,,local,False,aucune
1697162f,CLI-00077,2026-07-26 00:00:00,12700.0,remboursement_credit,,local,False,aucune
16a09b08,CLI-00504,2026-07-26 00:00:00,57300.0,transfert_entrant,CLI-00639,local,False,aucune
9446f5ad,CLI-00391,2026-07-26 00:00:00,13900.0,depot,,local,False,aucune
3fcfc13b,CLI-00142,2026-07-26 00:00:00,313700.0,transfert_sortant,CLI-00555,local,False,aucune
a071ae0e,CLI-00266,2026-07-26 00:00:00,42000.0,transfert_entrant,CLI-00324,local,False,aucune
57b2520a,CLI-00152,2026-07-26 00:00:00,279500.0,transfert_sortant,CLI-00593,local,False,aucune
b67ef960,CLI-00778,2026-07-26 00:00:00,13800.0,retrait,,local,False,aucune
944b2fc6,CLI-00587,2026-07-26 00:00:00,20600.0,depot,,local,False,aucune
6a38037b,CLI-00187,2026-07-26 00:00:00,12800.0,remboursement_credit,,local,False,aucune
57e993a6,CLI-00285,2026-07-26 00:00:00,18400.0,transfert_entrant,CLI-00672,regional_uemoa,False,aucune
228753af,CLI-00398,2026-07-26 00:00:00,152900.0,remboursement_credit,,local,False,aucune
ea1f5f28,CLI-00091,2026-07-26 00:00:00,14400.0,depot,,local,False,aucune
b80e6898,CLI-00621,2026-07-26 00:00:00,57700.0,retrait,,local,False,aucune
0d6dd646,CLI-00375,2026-07-26 00:00:00,16500.0,depot,,local,False,aucune
88281688,CLI-00213,2026-07-26 00:00:00,20700.0,depot,,local,False,aucune
e2e114d5,CLI-00407,2026-07-26 00:00:00,29200.0,remboursement_credit,,local,False,aucune
897b34c4,CLI-00119,2026-07-26 00:00:00,96200.0,retrait,,local,False,aucune
966a3d04,CLI-00761,2026-07-26 00:00:00,18700.0,retrait,,local,False,aucune
82a541ca,CLI-00130,2026-07-26 00:00:00,146300.0,transfert_sortant,CLI-00585,local,False,aucune
1e43cf97,CLI-00405,2026-07-26 00:00:00,163700.0,retrait,,local,False,aucune
d4d77524,CLI-00415,2026-07-26 00:00:00,152100.0,remboursement_credit,,local,False,aucune
c804fc10,CLI-00019,2026-07-26 00:00:00,52000.0,retrait,,local,False,aucune
331ea95c,CLI-00173,2026-07-26 00:00:00,38500.0,retrait,,local,False,aucune
7d956054,CLI-00020,2026-07-26 00:00:00,75200.0,transfert_sortant,CLI-00075,local,False,aucune
d1d4ff0c,CLI-00474,2026-07-26 00:00:00,45800.0,transfert_sortant,CLI-00415,local,False,aucune
85718306,CLI-00293,2026-07-26 00:00:00,14300.0,retrait,,local,False,aucune
2aded953,CLI-00130,2026-07-26 00:00:00,22400.0,retrait,,local,False,aucune
d3f4b7e6,CLI-00530,2026-07-26 00:00:00,1600.0,retrait,,local,False,aucune
fb7a8eae,CLI-00333,2026-07-26 00:00:00,40900.0,transfert_entrant,CLI-00522,local,False,aucune
894023a9,CLI-00327,2026-07-26 00:00:00,89100.0,retrait,,local,False,aucune
8077cec0,CLI-00004,2026-07-26 00:00:00,464000.0,transfert_entrant,CLI-00472,local,False,aucune
6c66417e,CLI-00166,2026-07-26 00:00:00,13000.0,depot,,local,False,aucune
b828d66e,CLI-00305,2026-07-26 00:00:00,3300.0,retrait,,local,False,aucune
d1fdb269,CLI-00701,2026-07-26 00:00:00,42600.0,remboursement_credit,,regional_uemoa,False,aucune
83fbb27f,CLI-00085,2026-07-27 00:00:00,80800.0,retrait,,local,False,aucune
4003f1cf,CLI-00360,2026-07-27 00:00:00,23800.0,depot,,regional_uemoa,False,aucune
45ef2ee9,CLI-00041,2026-07-27 00:00:00,43200.0,retrait,,local,False,aucune
3c12940a,CLI-00296,2026-07-27 00:00:00,53000.0,retrait,,local,False,aucune
b67cb11c,CLI-00037,2026-07-27 00:00:00,62900.0,depot,,transfrontalier_sensible,False,aucune
6232da60,CLI-00587,2026-07-27 00:00:00,9202000.0,retrait,,regional_uemoa,False,aucune
8a0da434,CLI-00191,2026-07-27 00:00:00,12300.0,retrait,,transfrontalier_sensible,False,aucune
5ff76b7c,CLI-00790,2026-07-27 00:00:00,386500.0,transfert_sortant,CLI-00104,local,False,aucune
f23d3f7f,CLI-00598,2026-07-27 00:00:00,505600.0,depot,,regional_uemoa,False,aucune
a775ecfb,CLI-00118,2026-07-27 00:00:00,377600.0,remboursement_credit,,local,False,aucune
fb89573f,CLI-00394,2026-07-27 00:00:00,151000.0,transfert_entrant,CLI-00631,local,False,aucune
d0420926,CLI-00011,2026-07-27 00:00:00,44000.0,depot,,local,False,aucune
728a8ce5,CLI-00083,2026-07-27 00:00:00,13300.0,transfert_sortant,CLI-00476,local,False,aucune
dc83928f,CLI-00205,2026-07-27 00:00:00,233800.0,depot,,regional_uemoa,False,aucune
76123667,CLI-00090,2026-07-27 00:00:00,94300.0,remboursement_credit,,local,False,aucune
e8532592,CLI-00058,2026-07-27 00:00:00,65300.0,transfert_entrant,CLI-00267,local,False,aucune
685485ce,CLI-00444,2026-07-27 00:00:00,24000.0,transfert_entrant,CLI-00455,local,False,aucune
4e698cdf,CLI-00172,2026-07-27 00:00:00,168300.0,depot,,regional_uemoa,False,aucune
ffd6d568,CLI-00442,2026-07-27 00:00:00,37700.0,transfert_sortant,CLI-00486,local,False,aucune
7d40d043,CLI-00261,2026-07-27 00:00:00,415600.0,depot,,regional_uemoa,False,aucune
3c7d190b,CLI-00306,2026-07-27 00:00:00,166800.0,depot,,transfrontalier_sensible,False,aucune
a74e32f0,CLI-00421,2026-07-27 00:00:00,26400.0,depot,,local,False,aucune
e5c4115f,CLI-00519,2026-07-27 00:00:00,9000.0,transfert_entrant,CLI-00234,local,False,aucune
d788cc9c,CLI-00742,2026-07-27 00:00:00,71000.0,depot,,local,False,aucune
a7a63877,CLI-00578,2026-07-27 00:00:00,17400.0,depot,,local,False,aucune
51b1e291,CLI-00352,2026-07-27 00:00:00,20700.0,depot,,local,False,aucune
96bca4c6,CLI-00200,2026-07-27 00:00:00,6400.0,depot,,local,False,aucune
c3c0cd37,CLI-00548,2026-07-27 00:00:00,18200.0,retrait,,regional_uemoa,False,aucune
12491a12,CLI-00213,2026-07-27 00:00:00,59400.0,transfert_entrant,CLI-00743,local,False,aucune
12b7e5be,CLI-00213,2026-07-27 00:00:00,34500.0,transfert_sortant,CLI-00592,local,False,aucune
7ea9af6c,CLI-00736,2026-07-27 00:00:00,59500.0,depot,,local,False,aucune
40210148,CLI-00511,2026-07-27 00:00:00,25600.0,retrait,,regional_uemoa,False,aucune
3080fb4f,CLI-00401,2026-07-27 00:00:00,7000.0,decaissement_credit,,local,False,aucune
70136683,CLI-00427,2026-07-27 00:00:00,99000.0,retrait,,local,False,aucune
2ec1d1e0,CLI-00733,2026-07-27 00:00:00,33600.0,decaissement_credit,,local,False,aucune
bfc546e7,CLI-00022,2026-07-27 00:00:00,54000.0,depot,,local,False,aucune
a638a2dd,CLI-00615,2026-07-27 00:00:00,16800.0,depot,,regional_uemoa,False,aucune
19631e9d,CLI-00097,2026-07-27 00:00:00,164700.0,depot,,local,False,aucune
2e55d973,CLI-00798,2026-07-27 00:00:00,123400.0,decaissement_credit,,regional_uemoa,False,aucune
63bdbc39,CLI-00514,2026-07-27 00:00:00,13900.0,remboursement_credit,,local,False,aucune
174903ad,CLI-00536,2026-07-27 00:00:00,8500.0,transfert_entrant,CLI-00782,local,False,aucune
8588af02,CLI-00652,2026-07-27 00:00:00,60500.0,depot,,local,False,aucune
af18d615,CLI-00030,2026-07-27 00:00:00,21500.0,transfert_sortant,CLI-00445,local,False,aucune
1aea4f7a,CLI-00540,2026-07-27 00:00:00,53400.0,decaissement_credit,,local,False,aucune
8aa92053,CLI-00117,2026-07-27 00:00:00,280700.0,remboursement_credit,,local,False,aucune
0ea07650,CLI-00165,2026-07-27 00:00:00,67600.0,transfert_entrant,CLI-00231,regional_uemoa,False,aucune
b27cf3f8,CLI-00184,2026-07-27 00:00:00,13100.0,decaissement_credit,,local,False,aucune
5b3a165b,CLI-00345,2026-07-27 00:00:00,194700.0,retrait,,local,False,aucune
cb7221c9,CLI-00335,2026-07-27 00:00:00,98400.0,retrait,,local,False,aucune
3880e56f,CLI-00233,2026-07-27 00:00:00,71900.0,depot,,regional_uemoa,False,aucune
3da21078,CLI-00100,2026-07-27 00:00:00,18400.0,depot,,transfrontalier_sensible,False,aucune
dc0eb995,CLI-00094,2026-07-27 00:00:00,72600.0,retrait,,local,False,aucune
0baf3964,CLI-00515,2026-07-27 00:00:00,197700.0,depot,,local,False,aucune
d5f5e338,CLI-00711,2026-07-28 00:00:00,146800.0,transfert_entrant,CLI-00024,local,False,aucune
89e6b57e,CLI-00712,2026-07-28 00:00:00,3100.0,depot,,local,False,aucune
b77125c7,CLI-00467,2026-07-28 00:00:00,480400.0,transfert_sortant,CLI-00523,local,False,aucune
a32acfaf,CLI-00441,2026-07-28 00:00:00,34200.0,depot,,local,False,aucune
41dbbeee,CLI-00456,2026-07-28 00:00:00,312900.0,transfert_entrant,CLI-00007,local,False,aucune
a0322cbd,CLI-00646,2026-07-28 00:00:00,24200.0,depot,,local,False,aucune
b0e7c62e,CLI-00190,2026-07-28 00:00:00,19500.0,depot,,local,False,aucune
c61427b1,CLI-00457,2026-07-28 00:00:00,74500.0,remboursement_credit,,regional_uemoa,False,aucune
e332831e,CLI-00689,2026-07-28 00:00:00,241200.0,depot,,local,False,aucune
c8715359,CLI-00485,2026-07-28 00:00:00,7400.0,retrait,,regional_uemoa,False,aucune
9c9c19cc,CLI-00502,2026-07-28 00:00:00,61800.0,depot,,local,False,aucune
389d8a99,CLI-00337,2026-07-28 00:00:00,56900.0,depot,,local,False,aucune
23a88784,CLI-00623,2026-07-28 00:00:00,28900.0,depot,,local,False,aucune
5c2a4aa8,CLI-00370,2026-07-28 00:00:00,161300.0,retrait,,local,False,aucune
f35d0f9f,CLI-00601,2026-07-28 00:00:00,46400.0,depot,,local,False,aucune
8958bdc5,CLI-00301,2026-07-28 00:00:00,31800.0,retrait,,local,False,aucune
90577333,CLI-00293,2026-07-28 00:00:00,46500.0,retrait,,local,False,aucune
4c3744e1,CLI-00279,2026-07-28 00:00:00,117000.0,depot,,local,False,aucune
f1cd54f9,CLI-00014,2026-07-28 00:00:00,373800.0,depot,,local,False,aucune
80088c69,CLI-00275,2026-07-28 00:00:00,146300.0,retrait,,local,False,aucune
117add69,CLI-00354,2026-07-28 00:00:00,39600.0,transfert_sortant,CLI-00354,local,False,aucune
7a21acc5,CLI-00627,2026-07-28 00:00:00,53600.0,depot,,local,False,aucune
023c8a19,CLI-00724,2026-07-28 00:00:00,115000.0,depot,,local,False,aucune
0530b9ca,CLI-00589,2026-07-28 00:00:00,162300.0,transfert_sortant,CLI-00675,local,False,aucune
ce42fbc7,CLI-00657,2026-07-28 00:00:00,16700.0,depot,,transfrontalier_sensible,False,aucune
efb02d6a,CLI-00165,2026-07-28 00:00:00,63100.0,retrait,,regional_uemoa,False,aucune
7c3bcd1e,CLI-00482,2026-07-28 00:00:00,180100.0,remboursement_credit,,local,False,aucune
b1234c67,CLI-00363,2026-07-28 00:00:00,46800.0,retrait,,local,False,aucune
929e4d59,CLI-00583,2026-07-28 00:00:00,20500.0,transfert_sortant,CLI-00306,local,False,aucune
b6ec9631,CLI-00365,2026-07-28 00:00:00,20200.0,transfert_sortant,CLI-00757,local,False,aucune
d9ecf605,CLI-00344,2026-07-28 00:00:00,72900.0,decaissement_credit,,local,False,aucune
62944443,CLI-00483,2026-07-28 00:00:00,33400.0,retrait,,local,False,aucune
0875c5ef,CLI-00464,2026-07-28 00:00:00,85200.0,remboursement_credit,,local,False,aucune
901b392c,CLI-00029,2026-07-28 00:00:00,20800.0,depot,,local,False,aucune
2447400b,CLI-00787,2026-07-28 00:00:00,129900.0,depot,,local,False,aucune
c875e985,CLI-00578,2026-07-28 00:00:00,12300.0,depot,,local,False,aucune
4a8d6376,CLI-00058,2026-07-28 00:00:00,52200.0,decaissement_credit,,local,False,aucune
48eeca95,CLI-00161,2026-07-28 00:00:00,60200.0,depot,,regional_uemoa,False,aucune
6d1dd914,CLI-00021,2026-07-28 00:00:00,88600.0,depot,,transfrontalier_sensible,False,aucune
1a778228,CLI-00263,2026-07-28 00:00:00,126500.0,retrait,,local,False,aucune
843530b9,CLI-00774,2026-07-28 00:00:00,23300.0,transfert_entrant,CLI-00460,regional_uemoa,False,aucune
4807fe0a,CLI-00080,2026-07-28 00:00:00,17900.0,depot,,local,False,aucune
85bff618,CLI-00383,2026-07-28 00:00:00,18100.0,depot,,regional_uemoa,False,aucune
71f23c9e,CLI-00120,2026-07-28 00:00:00,9500.0,depot,,local,False,aucune
01d6ec28,CLI-00702,2026-07-28 00:00:00,85800.0,depot,,local,False,aucune
e4f33a17,CLI-00233,2026-07-28 00:00:00,17700.0,depot,,local,False,aucune
321c5761,CLI-00702,2026-07-28 00:00:00,90400.0,retrait,,local,False,aucune
4d00476a,CLI-00699,2026-07-28 00:00:00,126400.0,retrait,,transfrontalier_sensible,False,aucune
9c9c5e9d,CLI-00117,2026-07-28 00:00:00,104000.0,remboursement_credit,,local,False,aucune
dbc75534,CLI-00702,2026-07-28 00:00:00,60600.0,transfert_entrant,CLI-00751,local,False,aucune
50eaae38,CLI-00125,2026-07-28 00:00:00,24200.0,decaissement_credit,,local,False,aucune
19adb1f7,CLI-00201,2026-07-28 00:00:00,36300.0,transfert_entrant,CLI-00138,local,False,aucune
3a8def83,CLI-00394,2026-07-28 00:00:00,110300.0,retrait,,transfrontalier_sensible,False,aucune
7c05c3ff,CLI-00416,2026-07-28 00:00:00,28800.0,depot,,local,False,aucune
60dad615,CLI-00567,2026-07-28 00:00:00,40200.0,depot,,regional_uemoa,False,aucune
0c9462a6,CLI-00398,2026-07-28 00:00:00,58000.0,transfert_sortant,CLI-00469,local,False,aucune
5cf600be,CLI-00489,2026-07-29 00:00:00,35400.0,depot,,local,False,aucune
f944ba70,CLI-00545,2026-07-29 00:00:00,68400.0,transfert_sortant,CLI-00597,local,False,aucune
cabc7830,CLI-00154,2026-07-29 00:00:00,77300.0,transfert_sortant,CLI-00044,local,False,aucune
4c44b6f0,CLI-00136,2026-07-29 00:00:00,19700.0,retrait,,local,False,aucune
dd5a8d7f,CLI-00704,2026-07-29 00:00:00,157900.0,remboursement_credit,,regional_uemoa,False,aucune
d78bf3f1,CLI-00550,2026-07-29 00:00:00,13700.0,remboursement_credit,,local,False,aucune
6e8bc1e1,CLI-00073,2026-07-29 00:00:00,99200.0,transfert_sortant,CLI-00337,local,False,aucune
08e1790c,CLI-00284,2026-07-29 00:00:00,104900.0,remboursement_credit,,local,False,aucune
dd588896,CLI-00037,2026-07-29 00:00:00,67000.0,retrait,,local,False,aucune
d4a288c7,CLI-00038,2026-07-29 00:00:00,268300.0,decaissement_credit,,local,False,aucune
821c5f85,CLI-00038,2026-07-29 00:00:00,121800.0,retrait,,local,False,aucune
83b9e871,CLI-00039,2026-07-29 00:00:00,14200.0,depot,,local,False,aucune
65e645c2,CLI-00756,2026-07-29 00:00:00,24600.0,transfert_sortant,CLI-00697,local,False,aucune
96db07fc,CLI-00660,2026-07-29 00:00:00,18700.0,retrait,,local,False,aucune
12e354cd,CLI-00045,2026-07-29 00:00:00,24900.0,transfert_sortant,CLI-00545,local,False,aucune
d5f5ec95,CLI-00045,2026-07-29 00:00:00,3502500.0,retrait,,local,False,aucune
1e4c4aff,CLI-00509,2026-07-29 00:00:00,64000.0,transfert_sortant,CLI-00077,regional_uemoa,False,aucune
d663bafe,CLI-00398,2026-07-29 00:00:00,92800.0,remboursement_credit,,local,False,aucune
28fe09dd,CLI-00536,2026-07-29 00:00:00,26700.0,retrait,,local,False,aucune
25467431,CLI-00540,2026-07-29 00:00:00,45200.0,transfert_entrant,CLI-00684,local,False,aucune
c9567b6a,CLI-00313,2026-07-29 00:00:00,17900.0,depot,,local,False,aucune
f5b7d975,CLI-00306,2026-07-29 00:00:00,41400.0,retrait,,local,False,aucune
f5fd8cdf,CLI-00472,2026-07-29 00:00:00,128800.0,retrait,,local,False,aucune
b6359664,CLI-00647,2026-07-29 00:00:00,69500.0,transfert_sortant,CLI-00702,local,False,aucune
79ff9830,CLI-00301,2026-07-29 00:00:00,73300.0,transfert_entrant,CLI-00189,local,False,aucune
0df88ae2,CLI-00474,2026-07-29 00:00:00,17400.0,decaissement_credit,,local,False,aucune
95144149,CLI-00725,2026-07-29 00:00:00,35000.0,transfert_entrant,CLI-00169,local,False,aucune
7966274d,CLI-00649,2026-07-29 00:00:00,135800.0,remboursement_credit,,local,False,aucune
a32b020c,CLI-00011,2026-07-29 00:00:00,273400.0,remboursement_credit,,local,False,aucune
6488838d,CLI-00525,2026-07-29 00:00:00,31300.0,depot,,local,False,aucune
769f404e,CLI-00635,2026-07-29 00:00:00,38800.0,transfert_sortant,CLI-00619,local,False,aucune
7d0dcfa3,CLI-00528,2026-07-29 00:00:00,46800.0,decaissement_credit,,regional_uemoa,False,aucune
62b3b58b,CLI-00327,2026-07-29 00:00:00,27400.0,depot,,transfrontalier_sensible,False,aucune
d3c4681a,CLI-00702,2026-07-29 00:00:00,51800.0,transfert_sortant,CLI-00776,local,False,aucune
17045f29,CLI-00516,2026-07-29 00:00:00,53400.0,depot,,local,False,aucune
42e0faf2,CLI-00332,2026-07-29 00:00:00,86000.0,decaissement_credit,,local,False,aucune
37a0c287,CLI-00287,2026-07-29 00:00:00,157700.0,depot,,regional_uemoa,False,aucune
e0f276af,CLI-00789,2026-07-29 00:00:00,55100.0,retrait,,local,False,aucune
d9d95a72,CLI-00457,2026-07-29 00:00:00,55400.0,retrait,,local,False,aucune
72d0f2af,CLI-00674,2026-07-29 00:00:00,157900.0,decaissement_credit,,local,False,aucune
b3d15994,CLI-00539,2026-07-29 00:00:00,81000.0,depot,,local,False,aucune
c7aaec92,CLI-00023,2026-07-29 00:00:00,34000.0,remboursement_credit,,local,False,aucune
e45cf445,CLI-00267,2026-07-29 00:00:00,67800.0,retrait,,regional_uemoa,False,aucune
2cb4133f,CLI-00092,2026-07-29 00:00:00,58700.0,remboursement_credit,,regional_uemoa,False,aucune
b30b5fae,CLI-00250,2026-07-29 00:00:00,56600.0,retrait,,transfrontalier_sensible,False,aucune
042b7606,CLI-00247,2026-07-29 00:00:00,26600.0,remboursement_credit,,local,False,aucune
b687b0a8,CLI-00503,2026-07-29 00:00:00,84900.0,retrait,,local,False,aucune
17ba4f46,CLI-00766,2026-07-29 00:00:00,9900.0,retrait,,local,False,aucune
ccd22782,CLI-00368,2026-07-29 00:00:00,36500.0,retrait,,local,False,aucune
d37b3346,CLI-00578,2026-07-29 00:00:00,128500.0,retrait,,regional_uemoa,False,aucune
2dbf2722,CLI-00570,2026-07-29 00:00:00,44100.0,depot,,local,False,aucune
f7591411,CLI-00578,2026-07-29 00:00:00,74600.0,decaissement_credit,,local,False,aucune
eeb1f217,CLI-00078,2026-07-29 00:00:00,48300.0,retrait,,local,False,aucune
1ae6de15,CLI-00373,2026-07-29 00:00:00,38500.0,decaissement_credit,,local,False,aucune
cfd08cbe,CLI-00368,2026-07-29 00:00:00,705000.0,retrait,,local,False,aucune
58f487ec,CLI-00493,2026-07-29 00:00:00,77900.0,transfert_sortant,CLI-00498,local,False,aucune
abe6584e,CLI-00570,2026-07-29 00:00:00,8600.0,decaissement_credit,,local,False,aucune
e3c8f74b,CLI-00577,2026-07-29 00:00:00,14300.0,retrait,,local,False,aucune
803de556,CLI-00058,2026-07-29 00:00:00,288000.0,retrait,,local,False,aucune
c35f3b42,CLI-00520,2026-07-30 00:00:00,137900.0,depot,,local,False,aucune
11f75063,CLI-00786,2026-07-30 00:00:00,167400.0,decaissement_credit,,local,False,aucune
56d5e1a2,CLI-00092,2026-07-30 00:00:00,40000.0,depot,,local,False,aucune
d000cc4c,CLI-00561,2026-07-30 00:00:00,116300.0,depot,,local,False,aucune
c18b8c3c,CLI-00704,2026-07-30 00:00:00,82000.0,retrait,,local,False,aucune
6ca0eeca,CLI-00344,2026-07-30 00:00:00,10200.0,remboursement_credit,,regional_uemoa,False,aucune
5f562d4f,CLI-00033,2026-07-30 00:00:00,8700.0,retrait,,local,False,aucune
c6420c7c,CLI-00281,2026-07-30 00:00:00,43700.0,depot,,local,False,aucune
caadb623,CLI-00714,2026-07-30 00:00:00,157600.0,depot,,regional_uemoa,False,aucune
d56163a0,CLI-00281,2026-07-30 00:00:00,97000.0,retrait,,regional_uemoa,False,aucune
b2600ecf,CLI-00705,2026-07-30 00:00:00,67800.0,remboursement_credit,,local,False,aucune
ec258fb6,CLI-00119,2026-07-30 00:00:00,9400.0,retrait,,transfrontalier_sensible,False,aucune
3a0a1524,CLI-00029,2026-07-30 00:00:00,45200.0,remboursement_credit,,local,False,aucune
6e53ed7f,CLI-00488,2026-07-30 00:00:00,35600.0,transfert_sortant,CLI-00241,local,False,aucune
a155f575,CLI-00008,2026-07-30 00:00:00,200200.0,transfert_sortant,CLI-00698,local,False,aucune
2f7ac686,CLI-00286,2026-07-30 00:00:00,301500.0,retrait,,regional_uemoa,False,aucune
51c34604,CLI-00650,2026-07-30 00:00:00,10800.0,depot,,transfrontalier_sensible,False,aucune
6e134a2f,CLI-00665,2026-07-30 00:00:00,45300.0,retrait,,regional_uemoa,False,aucune
bea7a757,CLI-00293,2026-07-30 00:00:00,48000.0,retrait,,local,False,aucune
a54dc22a,CLI-00532,2026-07-30 00:00:00,344200.0,depot,,local,False,aucune
8c6bb69d,CLI-00468,2026-07-30 00:00:00,36700.0,depot,,local,False,aucune
e4e95d5f,CLI-00261,2026-07-30 00:00:00,179900.0,transfert_entrant,CLI-00336,local,False,aucune
24643d39,CLI-00723,2026-07-30 00:00:00,88300.0,retrait,,regional_uemoa,False,aucune
c38ff7ee,CLI-00564,2026-07-30 00:00:00,18100.0,decaissement_credit,,local,False,aucune
89d9cbcb,CLI-00113,2026-07-30 00:00:00,71300.0,transfert_entrant,CLI-00540,regional_uemoa,False,aucune
b9c3e46b,CLI-00017,2026-07-30 00:00:00,95900.0,transfert_entrant,CLI-00253,local,False,aucune
665fac52,CLI-00500,2026-07-30 00:00:00,16000.0,remboursement_credit,,local,False,aucune
89e00a94,CLI-00076,2026-07-30 00:00:00,14700.0,transfert_entrant,CLI-00516,transfrontalier_sensible,False,aucune
1ed513f8,CLI-00159,2026-07-30 00:00:00,62600.0,retrait,,local,False,aucune
98fa0a6a,CLI-00216,2026-07-30 00:00:00,39200.0,transfert_entrant,CLI-00123,local,False,aucune
9398149b,CLI-00216,2026-07-30 00:00:00,98000.0,remboursement_credit,,local,False,aucune
694f9b3f,CLI-00180,2026-07-30 00:00:00,33400.0,transfert_entrant,CLI-00077,local,False,aucune
19cd634a,CLI-00019,2026-07-30 00:00:00,82800.0,depot,,local,False,aucune
16bbf7e4,CLI-00255,2026-07-30 00:00:00,416300.0,decaissement_credit,,regional_uemoa,False,aucune
bce5eab2,CLI-00077,2026-07-30 00:00:00,35500.0,transfert_sortant,CLI-00654,local,False,aucune
74e99568,CLI-00372,2026-07-30 00:00:00,257500.0,depot,,local,False,aucune
fce0edc4,CLI-00602,2026-07-30 00:00:00,57300.0,retrait,,local,False,aucune
8ba8507f,CLI-00314,2026-07-30 00:00:00,218200.0,depot,,local,False,aucune
283d06b9,CLI-00660,2026-07-30 00:00:00,20100.0,transfert_sortant,CLI-00107,local,False,aucune
15556d35,CLI-00467,2026-07-30 00:00:00,51300.0,depot,,local,False,aucune
266dc660,CLI-00273,2026-07-30 00:00:00,84300.0,decaissement_credit,,local,False,aucune
5b4df8b8,CLI-00552,2026-07-30 00:00:00,111400.0,depot,,local,False,aucune
0d785148,CLI-00777,2026-07-30 00:00:00,195900.0,depot,,regional_uemoa,False,aucune
20185762,CLI-00255,2026-07-30 00:00:00,113300.0,retrait,,local,False,aucune
fbeeec08,CLI-00567,2026-07-30 00:00:00,204600.0,depot,,local,False,aucune
0bc6d60d,CLI-00589,2026-07-30 00:00:00,234500.0,remboursement_credit,,local,False,aucune
4ad57a65,CLI-00154,2026-07-30 00:00:00,45600.0,transfert_entrant,CLI-00111,local,False,aucune
360109e2,CLI-00000,2026-07-30 00:00:00,77000.0,transfert_sortant,CLI-00330,local,False,aucune
76d89d73,CLI-00793,2026-07-30 00:00:00,63400.0,retrait,,local,False,aucune
41d521d6,CLI-00038,2026-07-30 00:00:00,62600.0,retrait,,regional_uemoa,False,aucune
ca70d6ee,CLI-00361,2026-07-30 00:00:00,69400.0,depot,,local,False,aucune
ef730503,CLI-00670,2026-07-30 00:00:00,9600.0,transfert_sortant,CLI-00714,local,False,aucune
910145c0,CLI-00754,2026-07-30 00:00:00,16200.0,retrait,,local,False,aucune
9b93e786,CLI-00648,2026-07-30 00:00:00,41600.0,transfert_entrant,CLI-00727,regional_uemoa,False,aucune
7cbedf80,CLI-00276,2026-07-30 00:00:00,60200.0,retrait,,local,False,aucune
d3e79c99,CLI-00314,2026-07-30 00:00:00,84100.0,decaissement_credit,,local,False,aucune
c00bc4a8,CLI-00490,2026-07-30 00:00:00,418300.0,decaissement_credit,,transfrontalier_sensible,False,aucune
b6ff6707,CLI-00082,2026-07-30 00:00:00,10000.0,retrait,,local,False,aucune
cbb94bc9,CLI-00678,2026-07-30 00:00:00,317500.0,transfert_entrant,CLI-00060,local,False,aucune
4054bcfa,CLI-00705,2026-07-30 00:00:00,29600.0,retrait,,local,False,aucune
1e047260,CLI-00175,2026-07-30 00:00:00,59700.0,retrait,,local,False,aucune
bf53fb7c,CLI-00246,2026-07-31 00:00:00,120900.0,depot,,local,False,aucune
71218751,CLI-00639,2026-07-31 00:00:00,16400.0,retrait,,local,False,aucune
7446ee2e,CLI-00395,2026-07-31 00:00:00,35000.0,depot,,regional_uemoa,False,aucune
3f508736,CLI-00260,2026-07-31 00:00:00,32300.0,retrait,,local,False,aucune
546b71d2,CLI-00192,2026-07-31 00:00:00,35800.0,transfert_sortant,CLI-00715,local,False,aucune
fe9f4d32,CLI-00355,2026-07-31 00:00:00,26700.0,transfert_sortant,CLI-00686,local,False,aucune
d7081fc5,CLI-00074,2026-07-31 00:00:00,82400.0,retrait,,local,False,aucune
9b945c60,CLI-00537,2026-07-31 00:00:00,88800.0,retrait,,local,False,aucune
61558965,CLI-00086,2026-07-31 00:00:00,19500.0,decaissement_credit,,local,False,aucune
b8f7a154,CLI-00237,2026-07-31 00:00:00,68600.0,transfert_entrant,CLI-00720,transfrontalier_sensible,False,aucune
5941439a,CLI-00699,2026-07-31 00:00:00,69600.0,transfert_entrant,CLI-00399,local,False,aucune
b8d76b63,CLI-00653,2026-07-31 00:00:00,33900.0,retrait,,regional_uemoa,False,aucune
dfe6bdce,CLI-00289,2026-07-31 00:00:00,200000.0,transfert_sortant,CLI-00512,local,False,aucune
db3117ea,CLI-00360,2026-07-31 00:00:00,421500.0,depot,,regional_uemoa,False,aucune
15b8ac0c,CLI-00588,2026-07-31 00:00:00,24300.0,depot,,local,False,aucune
d3f7197a,CLI-00382,2026-07-31 00:00:00,159500.0,depot,,local,False,aucune
ba67b79a,CLI-00781,2026-07-31 00:00:00,181700.0,retrait,,local,False,aucune
557d3b4b,CLI-00387,2026-07-31 00:00:00,39500.0,transfert_sortant,CLI-00076,local,False,aucune
03c5a83f,CLI-00557,2026-07-31 00:00:00,147900.0,remboursement_credit,,local,False,aucune
64880a7f,CLI-00327,2026-07-31 00:00:00,27300.0,remboursement_credit,,local,False,aucune
e3ddf216,CLI-00309,2026-07-31 00:00:00,17900.0,depot,,local,False,aucune
2940a45b,CLI-00505,2026-07-31 00:00:00,18700.0,decaissement_credit,,local,False,aucune
59e198b1,CLI-00000,2026-07-31 00:00:00,19000.0,retrait,,regional_uemoa,False,aucune
b1ac3846,CLI-00121,2026-07-31 00:00:00,47500.0,transfert_entrant,CLI-00244,transfrontalier_sensible,False,aucune
448c8cd4,CLI-00265,2026-07-31 00:00:00,57900.0,retrait,,local,False,aucune
9849badc,CLI-00060,2026-07-31 00:00:00,38600.0,transfert_entrant,CLI-00459,local,False,aucune
8e2a435d,CLI-00109,2026-07-31 00:00:00,6300.0,depot,,local,False,aucune
5b58c7e6,CLI-00756,2026-07-31 00:00:00,9800.0,retrait,,local,False,aucune
1f2181f5,CLI-00446,2026-07-31 00:00:00,12000.0,depot,,local,False,aucune
c3453e35,CLI-00454,2026-07-31 00:00:00,194700.0,depot,,local,False,aucune
e1e57ac9,CLI-00391,2026-07-31 00:00:00,28600.0,retrait,,local,False,aucune
e37501f9,CLI-00089,2026-07-31 00:00:00,48800.0,retrait,,local,False,aucune
d6dd868a,CLI-00197,2026-07-31 00:00:00,20000.0,retrait,,local,False,aucune
15b77b88,CLI-00280,2026-07-31 00:00:00,104100.0,transfert_entrant,CLI-00295,local,False,aucune
1dc787ed,CLI-00489,2026-07-31 00:00:00,27200.0,retrait,,local,False,aucune
4adfe133,CLI-00568,2026-07-31 00:00:00,267800.0,retrait,,local,False,aucune
2a22436e,CLI-00202,2026-07-31 00:00:00,20500.0,transfert_sortant,CLI-00063,local,False,aucune
cbee9583,CLI-00092,2026-07-31 00:00:00,45700.0,depot,,local,False,aucune
2864d29f,CLI-00490,2026-07-31 00:00:00,59200.0,remboursement_credit,,local,False,aucune
fd22ca7a,CLI-00091,2026-07-31 00:00:00,95800.0,depot,,local,False,aucune
8ebad3ce,CLI-00345,2026-07-31 00:00:00,45300.0,transfert_sortant,CLI-00187,local,False,aucune
f9c1a2bf,CLI-00697,2026-07-31 00:00:00,114600.0,transfert_sortant,CLI-00415,local,False,aucune
9ac0347e,CLI-00281,2026-07-31 00:00:00,276500.0,transfert_entrant,CLI-00194,local,False,aucune
c0b22682,CLI-00031,2026-07-31 00:00:00,16600.0,depot,,local,False,aucune
e8fa9231,CLI-00193,2026-07-31 00:00:00,57400.0,retrait,,local,False,aucune
ebd060c9,CLI-00706,2026-07-31 00:00:00,28100.0,decaissement_credit,,regional_uemoa,False,aucune
898d2b50,CLI-00217,2026-07-31 00:00:00,61900.0,retrait,,regional_uemoa,False,aucune
da05e1cd,CLI-00766,2026-07-31 00:00:00,31300.0,remboursement_credit,,local,False,aucune
54fff767,CLI-00041,2026-07-31 00:00:00,21200.0,transfert_sortant,CLI-00616,local,False,aucune
6d1867c1,CLI-00569,2026-07-31 00:00:00,213500.0,retrait,,local,False,aucune
42be1072,CLI-00594,2026-07-31 00:00:00,173100.0,retrait,,regional_uemoa,False,aucune
df679722,CLI-00424,2026-07-31 00:00:00,101600.0,depot,,local,False,aucune
58f91d22,CLI-00424,2026-07-31 00:00:00,23600.0,depot,,local,False,aucune
e7b9180e,CLI-00760,2026-07-31 00:00:00,44800.0,depot,,local,False,aucune
863b2465,CLI-00130,2026-08-01 00:00:00,6900.0,remboursement_credit,,regional_uemoa,False,aucune
f9ae7799,CLI-00476,2026-08-01 00:00:00,4800.0,depot,,local,False,aucune
7e5252b3,CLI-00205,2026-08-01 00:00:00,26100.0,remboursement_credit,,local,False,aucune
b0a0f73f,CLI-00648,2026-08-01 00:00:00,202300.0,retrait,,local,False,aucune
b8a42477,CLI-00465,2026-08-01 00:00:00,12800.0,remboursement_credit,,local,False,aucune
3544b9b0,CLI-00526,2026-08-01 00:00:00,45600.0,remboursement_credit,,local,False,aucune
1a5a8f98,CLI-00123,2026-08-01 00:00:00,24400.0,retrait,,local,False,aucune
5f671121,CLI-00415,2026-08-01 00:00:00,247900.0,depot,,local,False,aucune
9ac0e92a,CLI-00371,2026-08-01 00:00:00,10500.0,transfert_entrant,CLI-00526,local,False,aucune
830d51b1,CLI-00769,2026-08-01 00:00:00,116100.0,transfert_sortant,CLI-00302,local,False,aucune
6f007b97,CLI-00413,2026-08-01 00:00:00,180600.0,depot,,local,False,aucune
ef728cbc,CLI-00305,2026-08-01 00:00:00,24500.0,remboursement_credit,,local,False,aucune
32afa07e,CLI-00306,2026-08-01 00:00:00,11300.0,transfert_sortant,CLI-00362,local,False,aucune
ee12752a,CLI-00074,2026-08-01 00:00:00,50400.0,remboursement_credit,,local,False,aucune
bb68e4f4,CLI-00581,2026-08-01 00:00:00,19200.0,depot,,local,False,aucune
1ff208ab,CLI-00295,2026-08-01 00:00:00,91800.0,retrait,,local,False,aucune
582ac49c,CLI-00777,2026-08-01 00:00:00,153300.0,retrait,,local,False,aucune
71a38555,CLI-00350,2026-08-01 00:00:00,39000.0,remboursement_credit,,local,False,aucune
3ac1c3cc,CLI-00492,2026-08-01 00:00:00,111300.0,transfert_sortant,CLI-00412,local,False,aucune
58bbe045,CLI-00235,2026-08-01 00:00:00,18800.0,retrait,,local,False,aucune
6197bba4,CLI-00083,2026-08-01 00:00:00,105900.0,depot,,local,False,aucune
369d23f0,CLI-00777,2026-08-01 00:00:00,204400.0,transfert_sortant,CLI-00311,local,False,aucune
766069ca,CLI-00736,2026-08-01 00:00:00,4500.0,depot,,local,False,aucune
58af9946,CLI-00083,2026-08-01 00:00:00,42400.0,transfert_sortant,CLI-00063,local,False,aucune
9628a449,CLI-00603,2026-08-01 00:00:00,12800.0,decaissement_credit,,local,False,aucune
acf56272,CLI-00394,2026-08-01 00:00:00,17100.0,depot,,local,False,aucune
59a07ab8,CLI-00359,2026-08-01 00:00:00,102800.0,transfert_sortant,CLI-00681,local,False,aucune
1b7afda6,CLI-00271,2026-08-01 00:00:00,33800.0,decaissement_credit,,local,False,aucune
f82881fb,CLI-00053,2026-08-01 00:00:00,36600.0,remboursement_credit,,regional_uemoa,False,aucune
a693246a,CLI-00790,2026-08-01 00:00:00,132600.0,decaissement_credit,,local,False,aucune
1fd1a4a7,CLI-00789,2026-08-01 00:00:00,24500.0,depot,,regional_uemoa,False,aucune
66b206ef,CLI-00586,2026-08-01 00:00:00,324100.0,remboursement_credit,,local,False,aucune
cdbd0795,CLI-00789,2026-08-01 00:00:00,133100.0,transfert_sortant,CLI-00563,regional_uemoa,False,aucune
ad6ca931,CLI-00052,2026-08-01 00:00:00,66700.0,remboursement_credit,,local,False,aucune
da37eb23,CLI-00354,2026-08-01 00:00:00,54500.0,retrait,,local,False,aucune
f1f2a2bd,CLI-00794,2026-08-01 00:00:00,13800.0,depot,,regional_uemoa,False,aucune
1a8bd909,CLI-00671,2026-08-01 00:00:00,50900.0,depot,,regional_uemoa,False,aucune
72d4e6bd,CLI-00430,2026-08-01 00:00:00,2500.0,transfert_sortant,CLI-00658,local,False,aucune
3d59a041,CLI-00460,2026-08-01 00:00:00,33300.0,transfert_sortant,CLI-00315,local,False,aucune
6228a4ca,CLI-00515,2026-08-01 00:00:00,18700.0,retrait,,transfrontalier_sensible,False,aucune
f2f11279,CLI-00328,2026-08-01 00:00:00,28600.0,decaissement_credit,,local,False,aucune
43aef4a6,CLI-00330,2026-08-01 00:00:00,32100.0,retrait,,regional_uemoa,False,aucune
69246498,CLI-00653,2026-08-01 00:00:00,79500.0,decaissement_credit,,regional_uemoa,False,aucune
5979f793,CLI-00687,2026-08-01 00:00:00,62000.0,remboursement_credit,,local,False,aucune
a0b1dbb3,CLI-00405,2026-08-01 00:00:00,5800.0,transfert_sortant,CLI-00105,local,False,aucune
d35beb2f,CLI-00404,2026-08-01 00:00:00,24000.0,depot,,local,False,aucune
79679c6d,CLI-00654,2026-08-01 00:00:00,265300.0,retrait,,local,False,aucune
ebbd7770,CLI-00404,2026-08-01 00:00:00,5500.0,decaissement_credit,,local,False,aucune
cf6c2cb1,CLI-00424,2026-08-01 00:00:00,67600.0,transfert_sortant,CLI-00576,local,False,aucune
999990e4,CLI-00311,2026-08-01 00:00:00,19800.0,depot,,local,False,aucune
6608634a,CLI-00022,2026-08-01 00:00:00,89000.0,depot,,local,False,aucune
4c681e9e,CLI-00239,2026-08-01 00:00:00,356800.0,decaissement_credit,,local,False,aucune
903601d2,CLI-00060,2026-08-01 00:00:00,20700.0,remboursement_credit,,local,False,aucune
f7b32abf,CLI-00337,2026-08-01 00:00:00,37000.0,retrait,,local,False,aucune
510dc349,CLI-00796,2026-08-01 00:00:00,85500.0,decaissement_credit,,local,False,aucune
0b39067d,CLI-00444,2026-08-01 00:00:00,21800.0,retrait,,regional_uemoa,False,aucune
7ff941ae,CLI-00683,2026-08-01 00:00:00,97700.0,transfert_sortant,CLI-00761,regional_uemoa,False,aucune
3d32317b,CLI-00730,2026-08-01 00:00:00,28100.0,decaissement_credit,,local,False,aucune
a7dd0501,CLI-00673,2026-08-01 00:00:00,9200.0,depot,,regional_uemoa,False,aucune
