client_id,nom_complet,profil,anciennete_compte_jours,client_a_risque
CLI-00000,Fatoumata Traore,urbain,1682,False
CLI-00001,Djeneba Coulibaly,rural,1668,False
CLI-00002,Awa Keita,urbain,1407,False
CLI-00003,Kadiatou Bah,rural,268,False
CLI-00004,Kadiatou Maiga,rural,556,False
CLI-00005,Hawa Diakite,rural,1241,False
CLI-00006,Fatoumata Keita,urbain,1823,False
CLI-00007,Souleymane Diallo,rural,1489,False
CLI-00008,Mariam Sidibe,rural,775,False
CLI-00009,Fatoumata Barry,urbain,440,False
CLI-00010,Aminata Traore,rural,1753,False
CLI-00011,Bintou Ouattara,rural,514,False
CLI-00012,Djeneba Cisse,urbain,634,False
CLI-00013,Djeneba Coulibaly,rural,1760,False
CLI-00014,Souleymane Diakite,rural,1031,False
CLI-00015,Modibo Ouattara,urbain,493,False
CLI-00016,Aminata Traore,urbain,24,False
CLI-00017,Ibrahim Diallo,rural,793,False
CLI-00018,Hawa Fofana,urbain,1799,False
CLI-00019,Seydou Barry,rural,797,False
CLI-00020,Aminata Traore,rural,1281,False
CLI-00021,Moussa Fofana,rural,472,False
CLI-00022,Mariam Kone,rural,1418,False
CLI-00023,Adama Fofana,urbain,1419,False
CLI-00024,Modibo Fofana,urbain,1116,False
CLI-00025,Awa Diallo,rural,1412,False
CLI-00026,Kadiatou Cisse,rural,1062,True
CLI-00027,Modibo Bah,rural,699,False
CLI-00028,Aminata Ouattara,urbain,1350,False
CLI-00029,Kadiatou Traore,rural,1526,False
CLI-00030,Seydou Toure,urbain,1537,False
CLI-00031,Ousmane Toure,rural,400,False
CLI-00032,Fatoumata Konate,rural,1239,False
CLI-00033,Aminata Kone,urbain,22,False
CLI-00034,Hawa Ouattara,urbain,1050,False
CLI-00035,Fatoumata Maiga,rural,1048,False
CLI-00036,Hawa Diakite,urbain,672,False
CLI-00037,Modibo Sangare,urbain,1814,False
CLI-00038,Ousmane Traore,rural,1613,False
CLI-00039,Awa Bah,rural,84,False
CLI-00040,Ibrahim Coulibaly,rural,392,False
CLI-00041,Djeneba Fofana,urbain,391,False
CLI-00042,Souleymane Bah,rural,1639,False
CLI-00043,Moussa Traore,rural,954,False
CLI-00044,Fatoumata Traore,rural,1334,False
CLI-00045,Bintou Traore,urbain,1480,False
CLI-00046,Seydou Kone,rural,1404,False
CLI-00047,Adama Traore,urbain,176,False
CLI-00048,Souleymane Diakite,rural,269,False
CLI-00049,Modibo Sanogo,urbain,730,False
CLI-00050,Djeneba Barry,rural,627,False
CLI-00051,Mariam Diakite,rural,1367,False
CLI-00052,Moussa Barry,urbain,297,False
CLI-00053,Seydou Toure,urbain,687,False
CLI-00054,Seydou Coulibaly,rural,443,False
CLI-00055,Amadou Ouattara,rural,356,False
CLI-00056,Aminata Toure,urbain,327,False
CLI-00057,Ibrahim Diallo,urbain,368,False
CLI-00058,Djeneba Cisse,rural,1036,False
CLI-00059,Souleymane Diakite,rural,757,False
CLI-00060,Adama Barry,urbain,802,False
CLI-00061,Djeneba Bah,urbain,882,False
CLI-00062,Moussa Kone,urbain,1356,False
CLI-00063,Bintou Maiga,rural,1574,False
CLI-00064,Kadiatou Ouattara,rural,967,False
CLI-00065,Aissata Cisse,urbain,1177,False
CLI-00066,Adama Diakite,urbain,1351,False
CLI-00067,Moussa Ouattara,urbain,1264,False
CLI-00068,Fatoumata Konate,rural,258,False
CLI-00069,Seydou Traore,rural,1794,False
CLI-00070,Modibo Konate,urbain,313,False
CLI-00071,Mariam Sangare,rural,760,False
CLI-00072,Seydou Kone,urbain,1196,False
CLI-00073,Ibrahim Kone,rural,745,False
CLI-00074,Souleymane Cisse,urbain,455,False
CLI-00075,Seydou Keita,urbain,1686,False
CLI-00076,Aissata Keita,rural,144,False
CLI-00077,Ousmane Maiga,rural,460,False
CLI-00078,Boubacar Keita,urbain,1812,False
CLI-00079,Souleymane Fofana,rural,1335,False
CLI-00080,Adama Diallo,rural,172,False
CLI-00081,Kadiatou Ouattara,urbain,1380,False
CLI-00082,Ibrahim Konate,urbain,1769,False
CLI-00083,Modibo Kone,rural,191,False
CLI-00084,Awa Diakite,rural,764,False
CLI-00085,Souleymane Maiga,rural,862,False
CLI-00086,Fatoumata Traore,rural,252,False
CLI-00087,Aissata Sangare,rural,378,False
CLI-00088,Djeneba Traore,rural,329,False
CLI-00089,Modibo Toure,urbain,350,False
CLI-00090,Kadiatou Diallo,rural,745,False
CLI-00091,Modibo Cisse,urbain,854,False
CLI-00092,Hawa Keita,rural,445,False
CLI-00093,Moussa Barry,rural,538,False
CLI-00094,Adama Maiga,urbain,362,False
CLI-00095,Aissata Fofana,urbain,1455,False
CLI-00096,Ousmane Keita,rural,398,False
CLI-00097,Souleymane Traore,rural,1657,False
CLI-00098,Awa Diallo,rural,990,False
CLI-00099,Ibrahim Fofana,rural,1467,False
CLI-00100,Modibo Traore,rural,1166,False
CLI-00101,Mariam Traore,rural,496,False
CLI-00102,Modibo Sangare,rural,1103,False
CLI-00103,Amadou Ouattara,rural,511,False
CLI-00104,Modibo Konate,urbain,229,False
CLI-00105,Modibo Cisse,urbain,476,False
CLI-00106,Modibo Sidibe,rural,513,False
CLI-00107,Awa Sangare,rural,259,False
CLI-00108,Seydou Diarra,rural,57,False
CLI-00109,Souleymane Diallo,rural,1723,False
CLI-00110,Ousmane Maiga,urbain,944,False
CLI-00111,Modibo Sangare,urbain,742,False
CLI-00112,Boubacar Diarra,urbain,1698,True
CLI-00113,Seydou Barry,urbain,421,False
CLI-00114,Aminata Sanogo,urbain,744,False
CLI-00115,Boubacar Konate,urbain,1547,False
CLI-00116,Amadou Keita,rural,1158,False
CLI-00117,Ibrahim Diakite,rural,737,False
CLI-00118,Ousmane Toure,rural,478,False
CLI-00119,Ibrahim Fofana,rural,78,False
CLI-00120,Kadiatou Ouattara,rural,168,False
CLI-00121,Souleymane Sanogo,urbain,308,False
CLI-00122,Awa Konate,urbain,1438,False
CLI-00123,Seydou Kone,rural,1172,False
CLI-00124,Hawa Toure,rural,799,False
CLI-00125,Boubacar Barry,rural,1432,False
CLI-00126,Fatoumata Keita,rural,306,False
CLI-00127,Djeneba Coulibaly,urbain,396,True
CLI-00128,Boubacar Sidibe,rural,725,False
CLI-00129,Awa Sanogo,urbain,1675,False
CLI-00130,Boubacar Keita,rural,1126,False
CLI-00131,Aminata Cisse,rural,1555,False
CLI-00132,Fatoumata Toure,rural,464,False
CLI-00133,Boubacar Fofana,urbain,1550,False
CLI-00134,Modibo Sidibe,urbain,146,False
CLI-00135,Aissata Bah,rural,427,False
CLI-00136,Boubacar Kone,urbain,961,False
CLI-00137,Amadou Kone,rural,106,False
CLI-00138,Moussa Konate,urbain,1568,False
CLI-00139,Kadiatou Keita,rural,1585,False
CLI-00140,Bintou Cisse,rural,995,False
CLI-00141,Mariam Sidibe,urbain,568,False
CLI-00142,Ousmane Bah,rural,194,False
CLI-00143,Kadiatou Konate,rural,1135,False
CLI-00144,Bintou Kone,rural,988,False
CLI-00145,Hawa Kone,rural,1390,False
CLI-00146,Amadou Barry,urbain,1105,False
CLI-00147,Ousmane Kone,urbain,247,False
CLI-00148,Modibo Barry,urbain,235,False
CLI-00149,Fatoumata Coulibaly,rural,1428,False
CLI-00150,Hawa Diallo,rural,302,False
CLI-00151,Aissata Coulibaly,rural,1713,False
CLI-00152,Adama Fofana,rural,206,False
CLI-00153,Aissata Sidibe,rural,1333,False
CLI-00154,Kadiatou Diakite,urbain,1780,False
CLI-00155,Awa Sanogo,urbain,813,False
CLI-00156,Ibrahim Sidibe,urbain,117,False
CLI-00157,Boubacar Fofana,rural,1601,False
CLI-00158,Aminata Barry,rural,354,False
CLI-00159,Modibo Sidibe,rural,969,False
CLI-00160,Bintou Kone,rural,1797,False
CLI-00161,Awa Sidibe,rural,1363,False
CLI-00162,Kadiatou Ouattara,rural,98,False
CLI-00163,Kadiatou Sangare,rural,1500,False
CLI-00164,Kadiatou Barry,urbain,306,False
CLI-00165,Modibo Sanogo,rural,1371,False
CLI-00166,Aissata Sanogo,urbain,1138,False
CLI-00167,Mariam Coulibaly,rural,536,False
CLI-00168,Moussa Bah,rural,781,False
CLI-00169,Amadou Traore,rural,228,False
CLI-00170,Fatoumata Coulibaly,rural,1801,False
CLI-00171,Fatoumata Sidibe,rural,446,False
CLI-00172,Djeneba Konate,rural,573,False
CLI-00173,Djeneba Konate,urbain,925,False
CLI-00174,Souleymane Kone,rural,1232,False
CLI-00175,Seydou Toure,urbain,929,False
CLI-00176,Souleymane Diallo,rural,929,False
CLI-00177,Ibrahim Sanogo,rural,1069,False
CLI-00178,Adama Diarra,rural,1567,False
CLI-00179,Aminata Sanogo,rural,730,False
CLI-00180,Adama Sanogo,urbain,1521,False
CLI-00181,Ibrahim Cisse,urbain,1439,False
CLI-00182,Seydou Keita,urbain,1754,False
CLI-00183,Souleymane Fofana,rural,1667,False
CLI-00184,Seydou Sanogo,rural,1459,False
CLI-00185,Seydou Fofana,urbain,461,False
CLI-00186,Ibrahim Fofana,rural,1416,False
CLI-00187,Moussa Coulibaly,rural,1348,False
CLI-00188,Ousmane Toure,rural,538,False
CLI-00189,Aissata Diakite,urbain,1242,False
CLI-00190,Souleymane Diarra,urbain,472,False
CLI-00191,Awa Keita,urbain,961,False
CLI-00192,Boubacar Sangare,urbain,1457,False
CLI-00193,Moussa Sidibe,rural,356,False
CLI-00194,Bintou Keita,urbain,624,False
CLI-00195,Fatoumata Fofana,rural,1454,False
CLI-00196,Moussa Keita,urbain,836,False
CLI-00197,Ibrahim Diarra,rural,1753,False
CLI-00198,Moussa Barry,urbain,29,False
CLI-00199,Bintou Keita,rural,1321,False
CLI-00200,Moussa Diakite,rural,1488,False
CLI-00201,Adama Maiga,rural,1676,False
CLI-00202,Seydou Sanogo,rural,298,False
CLI-00203,Souleymane Ouattara,rural,1796,False
CLI-00204,Seydou Kone,urbain,725,False
CLI-00205,Ousmane Bah,rural,652,False
CLI-00206,Djeneba Ouattara,urbain,658,False
CLI-00207,Bintou Keita,rural,1170,False
CLI-00208,Ousmane Maiga,urbain,1208,False
CLI-00209,Modibo Keita,rural,872,False
CLI-00210,Ousmane Toure,urbain,143,False
CLI-00211,Souleymane Diakite,rural,1800,False
CLI-00212,Modibo Toure,rural,417,False
CLI-00213,Seydou Coulibaly,urbain,184,False
CLI-00214,Djeneba Keita,rural,1096,False
CLI-00215,Ousmane Ouattara,rural,761,False
CLI-00216,Fatoumata Diarra,urbain,1129,False
CLI-00217,Fatoumata Konate,urbain,1599,False
CLI-00218,Seydou Traore,rural,191,False
CLI-00219,Adama Kone,rural,529,False
CLI-00220,Ibrahim Diallo,urbain,949,False
CLI-00221,Seydou Diallo,urbain,1440,False
CLI-00222,Souleymane Ouattara,urbain,1102,False
CLI-00223,Mariam Ouattara,rural,707,False
CLI-00224,Souleymane Diakite,urbain,1119,False
CLI-00225,Aissata Diallo,rural,1788,False
CLI-00226,Modibo Diallo,urbain,883,False
CLI-00227,Boubacar Coulibaly,rural,1614,False
CLI-00228,Aminata Sanogo,urbain,1426,False
CLI-00229,Mariam Diarra,rural,560,False
CLI-00230,Seydou Konate,rural,466,False
CLI-00231,Hawa Sangare,urbain,1409,False
CLI-00232,Amadou Maiga,rural,390,False
CLI-00233,Djeneba Coulibaly,urbain,624,False
CLI-00234,Seydou Diallo,rural,441,False
CLI-00235,Souleymane Maiga,urbain,1112,False
CLI-00236,Awa Bah,rural,547,False
CLI-00237,Kadiatou Traore,rural,1206,False
CLI-00238,Aissata Sidibe,rural,1707,False
CLI-00239,Awa Diakite,rural,1516,False
CLI-00240,Ibrahim Cisse,rural,1730,False
CLI-00241,Boubacar Ouattara,urbain,59,False
CLI-00242,Fatoumata Sidibe,urbain,839,False
CLI-00243,Awa Diarra,urbain,413,False
CLI-00244,Awa Cisse,rural,1676,False
CLI-00245,Fatoumata Kone,rural,1303,False
CLI-00246,Djeneba Toure,rural,594,False
CLI-00247,Kadiatou Sanogo,urbain,1034,False
CLI-00248,Modibo Cisse,urbain,1110,False
CLI-00249,Amadou Kone,rural,912,False
CLI-00250,Mariam Keita,urbain,873,False
CLI-00251,Seydou Diarra,rural,114,False
CLI-00252,Mariam Keita,rural,833,False
CLI-00253,Aissata Barry,rural,645,False
CLI-00254,Awa Diallo,rural,1496,False
CLI-00255,Ibrahim Barry,urbain,1580,False
CLI-00256,Souleymane Konate,urbain,1373,False
CLI-00257,Fatoumata Maiga,rural,70,False
CLI-00258,Mariam Sidibe,rural,1537,False
CLI-00259,Boubacar Coulibaly,urbain,732,False
CLI-00260,Modibo Maiga,urbain,768,False
CLI-00261,Mariam Cisse,urbain,1725,False
CLI-00262,Aissata Kone,rural,1584,False
CLI-00263,Adama Cisse,urbain,107,False
CLI-00264,Bintou Maiga,rural,666,False
CLI-00265,Boubacar Diarra,urbain,1371,False
CLI-00266,Seydou Bah,rural,990,False
CLI-00267,Moussa Fofana,urbain,481,False
CLI-00268,Awa Diarra,rural,964,False
CLI-00269,Boubacar Traore,rural,1583,False
CLI-00270,Aissata Cisse,urbain,419,False
CLI-00271,Amadou Sangare,urbain,1365,False
CLI-00272,Ibrahim Maiga,rural,1344,False
CLI-00273,Bintou Keita,urbain,1618,False
CLI-00274,Kadiatou Konate,urbain,554,False
CLI-00275,Seydou Kone,rural,405,False
CLI-00276,Seydou Cisse,rural,1006,False
CLI-00277,Modibo Kone,rural,976,False
CLI-00278,Fatoumata Sidibe,urbain,756,False
CLI-00279,Fatoumata Ouattara,rural,1425,False
CLI-00280,Ousmane Bah,rural,1461,False
CLI-00281,Seydou Barry,urbain,459,False
CLI-00282,Souleymane Barry,urbain,1454,False
CLI-00283,Seydou Sanogo,urbain,432,False
CLI-00284,Kadiatou Sangare,urbain,752,False
CLI-00285,Adama Ouattara,urbain,64,False
CLI-00286,Ibrahim Diakite,urbain,631,False
CLI-00287,Boubacar Barry,urbain,1749,False
CLI-00288,Aminata Fofana,rural,816,False
CLI-00289,Seydou Kone,rural,1300,False
CLI-00290,Modibo Keita,rural,210,False
CLI-00291,Ousmane Konate,urbain,1165,False
CLI-00292,Bintou Ouattara,rural,687,False
CLI-00293,Aissata Sidibe,rural,1361,False
CLI-00294,Aminata Coulibaly,rural,1694,False
CLI-00295,Aminata Diallo,rural,977,False
CLI-00296,Hawa Ouattara,rural,201,False
CLI-00297,Kadiatou Maiga,urbain,876,False
CLI-00298,Aissata Traore,urbain,237,False
CLI-00299,Amadou Sidibe,rural,828,False
CLI-00300,Moussa Konate,rural,125,False
CLI-00301,Modibo Konate,rural,1174,False
CLI-00302,Amadou Bah,urbain,576,False
CLI-00303,Adama Kone,urbain,379,False
CLI-00304,Aminata Coulibaly,rural,46,False
CLI-00305,Ibrahim Sangare,urbain,1622,False
CLI-00306,Aissata Toure,rural,1530,False
CLI-00307,Aminata Bah,rural,1484,False
CLI-00308,Aissata Bah,urbain,120,False
CLI-00309,Fatoumata Traore,rural,647,False
CLI-00310,Awa Fofana,rural,1773,False
CLI-00311,Souleymane Toure,rural,1062,False
CLI-00312,Ibrahim Sangare,urbain,247,False
CLI-00313,Aissata Coulibaly,urbain,270,False
CLI-00314,Ousmane Sangare,urbain,491,False
CLI-00315,Awa Konate,rural,1774,False
CLI-00316,Djeneba Barry,rural,321,False
CLI-00317,Djeneba Sanogo,urbain,1649,False
CLI-00318,Adama Maiga,rural,1242,False
CLI-00319,Djeneba Konate,urbain,1683,False
CLI-00320,Aissata Traore,urbain,1510,False
CLI-00321,Fatoumata Diallo,rural,616,False
CLI-00322,Awa Toure,urbain,1513,False
CLI-00323,Adama Toure,rural,321,False
CLI-00324,Bintou Ouattara,rural,541,False
CLI-00325,Ousmane Ouattara,rural,398,False
CLI-00326,Ousmane Ouattara,rural,256,False
CLI-00327,Amadou Fofana,urbain,177,False
CLI-00328,Ibrahim Sanogo,urbain,354,False
CLI-00329,Aminata Fofana,urbain,232,False
CLI-00330,Aminata Sidibe,urbain,703,False
CLI-00331,Moussa Cisse,rural,144,False
CLI-00332,Aissata Diakite,rural,125,False
CLI-00333,Modibo Maiga,urbain,1806,False
CLI-00334,Seydou Fofana,urbain,173,False
CLI-00335,Modibo Diallo,rural,149,False
CLI-00336,Bintou Maiga,rural,69,False
CLI-00337,Aissata Diarra,rural,254,False
CLI-00338,Mariam Maiga,rural,970,False
CLI-00339,Bintou Keita,urbain,1512,False
CLI-00340,Awa Ouattara,rural,1345,False
CLI-00341,Aissata Diarra,urbain,1065,False
CLI-00342,Awa Bah,urbain,168,False
CLI-00343,Aminata Ouattara,urbain,1416,False
CLI-00344,Adama Coulibaly,rural,82,False
CLI-00345,Ousmane Konate,rural,1156,True
CLI-00346,Bintou Keita,urbain,755,False
CLI-00347,Adama Maiga,urbain,1611,False
CLI-00348,Mariam Cisse,rural,571,False
CLI-00349,Ibrahim Ouattara,urbain,1170,False
CLI-00350,Aminata Diarra,rural,811,False
CLI-00351,Amadou Keita,urbain,960,False
CLI-00352,Aissata Sidibe,rural,1714,False
CLI-00353,Kadiatou Bah,rural,1305,False
CLI-00354,Bintou Coulibaly,rural,765,False
CLI-00355,Bintou Sanogo,rural,824,False
CLI-00356,Ibrahim Kone,rural,1290,False
CLI-00357,Adama Ouattara,rural,641,False
CLI-00358,Fatoumata Diarra,rural,318,False
CLI-00359,Djeneba Diarra,urbain,861,False
CLI-00360,Hawa Sanogo,rural,138,False
CLI-00361,Adama Konate,urbain,322,False
CLI-00362,Ousmane Ouattara,urbain,776,False
CLI-00363,Adama Keita,rural,1456,False
CLI-00364,Ibrahim Keita,rural,1429,False
CLI-00365,Aminata Diallo,urbain,486,False
CLI-00366,Seydou Traore,urbain,778,False
CLI-00367,Aissata Sidibe,rural,292,False
CLI-00368,Amadou Barry,urbain,1381,False
CLI-00369,Djeneba Bah,rural,460,False
CLI-00370,Moussa Fofana,rural,1462,False
CLI-00371,Awa Fofana,urbain,1539,False
CLI-00372,Kadiatou Sidibe,rural,1262,False
CLI-00373,Moussa Sangare,urbain,612,False
CLI-00374,Hawa Traore,rural,1739,False
CLI-00375,Fatoumata Diarra,urbain,1256,False
CLI-00376,Djeneba Coulibaly,rural,1183,False
CLI-00377,Djeneba Sangare,rural,1565,False
CLI-00378,Moussa Toure,rural,1610,False
CLI-00379,Ousmane Traore,rural,155,False
CLI-00380,Amadou Sanogo,urbain,1610,False
CLI-00381,Adama Bah,rural,1399,False
CLI-00382,Bintou Cisse,rural,388,False
CLI-00383,Ousmane Konate,rural,571,False
CLI-00384,Amadou Sidibe,rural,1377,False
CLI-00385,Ibrahim Coulibaly,urbain,407,False
CLI-00386,Fatoumata Kone,rural,833,False
CLI-00387,Modibo Sanogo,urbain,1261,False
CLI-00388,Adama Sanogo,rural,1192,False
CLI-00389,Ibrahim Traore,urbain,1661,False
CLI-00390,Djeneba Sidibe,rural,216,False
CLI-00391,Mariam Coulibaly,rural,548,False
CLI-00392,Moussa Sangare,urbain,1797,False
CLI-00393,Boubacar Cisse,urbain,1044,True
CLI-00394,Souleymane Keita,urbain,465,False
CLI-00395,Hawa Fofana,rural,539,False
CLI-00396,Amadou Cisse,rural,628,False
CLI-00397,Mariam Barry,urbain,1018,False
CLI-00398,Aissata Diakite,rural,530,False
CLI-00399,Aissata Fofana,urbain,1140,False
CLI-00400,Bintou Ouattara,rural,820,True
CLI-00401,Djeneba Konate,rural,1119,False
CLI-00402,Aissata Barry,urbain,295,False
CLI-00403,Bintou Maiga,urbain,1143,False
CLI-00404,Seydou Fofana,rural,1688,False
CLI-00405,Aminata Bah,rural,259,False
CLI-00406,Kadiatou Keita,urbain,607,False
CLI-00407,Ibrahim Cisse,rural,1270,False
CLI-00408,Adama Coulibaly,rural,1132,False
CLI-00409,Amadou Barry,rural,1236,False
CLI-00410,Mariam Fofana,urbain,1027,False
CLI-00411,Ousmane Diakite,urbain,1250,False
CLI-00412,Aissata Konate,rural,1117,False
CLI-00413,Ibrahim Ouattara,rural,149,False
CLI-00414,Amadou Diallo,rural,1374,False
CLI-00415,Souleymane Kone,rural,823,False
CLI-00416,Bintou Keita,rural,108,False
CLI-00417,Ibrahim Maiga,rural,755,False
CLI-00418,Aissata Diakite,urbain,802,False
CLI-00419,Aminata Sidibe,rural,171,False
CLI-00420,Adama Fofana,rural,1817,False
CLI-00421,Souleymane Keita,rural,417,False
CLI-00422,Djeneba Barry,urbain,613,False
CLI-00423,Boubacar Fofana,urbain,813,False
CLI-00424,Kadiatou Sidibe,rural,1521,False
CLI-00425,Mariam Barry,urbain,1359,False
CLI-00426,Hawa Diallo,rural,1410,False
CLI-00427,Modibo Barry,rural,444,False
CLI-00428,Amadou Kone,urbain,1545,False
CLI-00429,Souleymane Coulibaly,rural,1516,False
CLI-00430,Fatoumata Diakite,rural,854,False
CLI-00431,Djeneba Maiga,rural,1002,False
CLI-00432,Modibo Barry,rural,82,False
CLI-00433,Ibrahim Maiga,urbain,1391,False
CLI-00434,Kadiatou Fofana,rural,1754,False
CLI-00435,Ibrahim Diarra,rural,870,False
CLI-00436,Boubacar Traore,rural,993,False
CLI-00437,Adama Kone,rural,918,False
CLI-00438,Fatoumata Coulibaly,rural,164,False
CLI-00439,Kadiatou Traore,rural,1136,False
CLI-00440,Bintou Keita,urbain,1320,False
CLI-00441,Aissata Maiga,rural,1694,False
CLI-00442,Ibrahim Barry,rural,1697,False
CLI-00443,Seydou Konate,rural,905,False
CLI-00444,Aminata Ouattara,rural,1750,False
CLI-00445,Awa Barry,rural,971,False
CLI-00446,Aissata Ouattara,urbain,1177,False
CLI-00447,Bintou Konate,rural,1104,False
CLI-00448,Aminata Coulibaly,urbain,1822,False
CLI-00449,Aissata Barry,urbain,1349,False
CLI-00450,Bintou Toure,rural,232,False
CLI-00451,Adama Sidibe,rural,145,False
CLI-00452,Seydou Diallo,rural,756,False
CLI-00453,Amadou Diakite,urbain,948,False
CLI-00454,Boubacar Fofana,rural,1225,False
CLI-00455,Aminata Diallo,urbain,886,False
CLI-00456,Ibrahim Sangare,urbain,946,False
CLI-00457,Awa Keita,urbain,1683,False
CLI-00458,Hawa Keita,rural,621,False
CLI-00459,Fatoumata Diakite,urbain,908,False
CLI-00460,Djeneba Toure,rural,1023,False
CLI-00461,Ibrahim Bah,rural,862,False
CLI-00462,Djeneba Konate,rural,1767,False
CLI-00463,Kadiatou Diakite,urbain,1756,False
CLI-00464,Amadou Toure,rural,943,False
CLI-00465,Bintou Traore,urbain,830,False
CLI-00466,Ibrahim Traore,rural,1081,False
CLI-00467,Boubacar Diarra,urbain,342,False
CLI-00468,Mariam Barry,rural,786,False
CLI-00469,Adama Traore,rural,407,False
CLI-00470,Djeneba Diarra,urbain,275,False
CLI-00471,Modibo Diallo,rural,187,False
CLI-00472,Kadiatou Bah,rural,1077,False
CLI-00473,Seydou Cisse,rural,16,False
CLI-00474,Awa Maiga,rural,1184,False
CLI-00475,Modibo Cisse,rural,796,False
CLI-00476,Hawa Fofana,rural,678,False
CLI-00477,Amadou Maiga,rural,1407,False
CLI-00478,Awa Traore,urbain,990,False
CLI-00479,Fatoumata Ouattara,rural,1342,False
CLI-00480,Aissata Maiga,rural,1299,False
CLI-00481,Modibo Maiga,rural,73,False
CLI-00482,Ousmane Sidibe,rural,405,False
CLI-00483,Modibo Diakite,urbain,1046,False
CLI-00484,Seydou Diarra,urbain,1780,False
CLI-00485,Ousmane Traore,urbain,294,False
CLI-00486,Moussa Bah,rural,206,False
CLI-00487,Aminata Toure,rural,1718,False
CLI-00488,Djeneba Diallo,rural,1764,False
CLI-00489,Boubacar Fofana,rural,317,False
CLI-00490,Adama Toure,rural,742,False
CLI-00491,Hawa Ouattara,urbain,1149,True
CLI-00492,Djeneba Sidibe,rural,368,False
CLI-00493,Boubacar Traore,rural,605,False
CLI-00494,Aissata Barry,rural,730,False
CLI-00495,Kadiatou Keita,rural,1176,False
CLI-00496,Ibrahim Toure,rural,572,False
CLI-00497,Moussa Cisse,rural,761,False
CLI-00498,Adama Keita,urbain,539,False
CLI-00499,Kadiatou Traore,rural,1389,False
CLI-00500,Ibrahim Maiga,rural,291,True
CLI-00501,Awa Sidibe,rural,432,False
CLI-00502,Bintou Cisse,urbain,467,False
CLI-00503,Hawa Bah,rural,1654,False
CLI-00504,Ousmane Sanogo,urbain,1724,False
CLI-00505,Seydou Cisse,urbain,920,False
CLI-00506,Aminata Toure,rural,298,False
CLI-00507,Ousmane Toure,urbain,1383,False
CLI-00508,Ousmane Sidibe,rural,905,False
CLI-00509,Ousmane Ouattara,urbain,1553,False
CLI-00510,Bintou Keita,rural,666,False
CLI-00511,Djeneba Diarra,urbain,1822,False
CLI-00512,Hawa Diakite,rural,1475,False
CLI-00513,Modibo Ouattara,rural,420,False
CLI-00514,Bintou Bah,rural,1328,False
CLI-00515,Fatoumata Coulibaly,urbain,534,False
CLI-00516,Hawa Cisse,rural,648,False
CLI-00517,Fatoumata Sanogo,rural,468,False
CLI-00518,Seydou Konate,urbain,1249,False
CLI-00519,Boubacar Sidibe,urbain,490,False
CLI-00520,Moussa Kone,rural,1171,False
CLI-00521,Ibrahim Toure,rural,1069,False
CLI-00522,Mariam Keita,rural,1373,False
CLI-00523,Modibo Ouattara,urbain,1813,False
CLI-00524,Aissata Ouattara,rural,30,False
CLI-00525,Aissata Sangare,urbain,1807,False
CLI-00526,Adama Cisse,rural,212,False
CLI-00527,Ibrahim Diallo,rural,968,False
CLI-00528,Adama Cisse,rural,632,False
CLI-00529,Adama Diarra,rural,1171,False
CLI-00530,Boubacar Konate,urbain,1321,False
CLI-00531,Ibrahim Cisse,rural,1571,False
CLI-00532,Ibrahim Sidibe,rural,742,False
CLI-00533,Aissata Diakite,urbain,1703,False
CLI-00534,Boubacar Keita,urbain,598,False
CLI-00535,Ibrahim Barry,urbain,383,False
CLI-00536,Seydou Fofana,rural,701,False
CLI-00537,Ibrahim Coulibaly,rural,971,False
CLI-00538,Aminata Maiga,urbain,1224,False
CLI-00539,Amadou Sidibe,rural,1522,False
CLI-00540,Souleymane Keita,rural,421,False
CLI-00541,Amadou Kone,urbain,563,False
CLI-00542,Mariam Kone,rural,1714,False
CLI-00543,Mariam Sanogo,rural,811,True
CLI-00544,Modibo Sangare,urbain,452,False
CLI-00545,Amadou Barry,urbain,1798,False
CLI-00546,Kadiatou Ouattara,rural,827,False
CLI-00547,Boubacar Cisse,rural,1797,False
CLI-00548,Aminata Maiga,rural,1678,False
CLI-00549,Souleymane Sanogo,rural,1655,False
CLI-00550,Modibo Diallo,urbain,1068,False
CLI-00551,Kadiatou Sidibe,urbain,1460,False
CLI-00552,Modibo Konate,rural,1753,False
CLI-00553,Aissata Bah,rural,502,False
CLI-00554,Bintou Sangare,urbain,83,False
CLI-00555,Aminata Konate,rural,595,False
CLI-00556,Djeneba Diarra,rural,1167,False
CLI-00557,Hawa Kone,rural,1005,False
CLI-00558,Modibo Diallo,urbain,160,False
CLI-00559,Hawa Diarra,rural,1030,True
CLI-00560,Aminata Diallo,urbain,330,False
CLI-00561,Amadou Diallo,rural,929,False
CLI-00562,Seydou Diarra,urbain,1057,False
CLI-00563,Mariam Sangare,rural,1167,False
CLI-00564,Adama Keita,rural,761,False
CLI-00565,Ousmane Traore,rural,754,False
CLI-00566,Ousmane Coulibaly,rural,1243,False
CLI-00567,Ousmane Konate,rural,1371,False
CLI-00568,Awa Barry,rural,1477,False
CLI-00569,Boubacar Fofana,rural,618,False
CLI-00570,Bintou Ouattara,rural,782,False
CLI-00571,Kadiatou Diarra,urbain,613,False
CLI-00572,Aissata Konate,rural,969,False
CLI-00573,Amadou Sidibe,urbain,245,False
CLI-00574,Amadou Ouattara,urbain,793,False
CLI-00575,Moussa Barry,rural,356,False
CLI-00576,Adama Barry,urbain,978,False
CLI-00577,Aminata Maiga,urbain,1554,False
CLI-00578,Adama Keita,urbain,1798,False
CLI-00579,Fatoumata Keita,rural,822,False
CLI-00580,Fatoumata Barry,rural,116,False
CLI-00581,Hawa Coulibaly,rural,427,False
CLI-00582,Fatoumata Diarra,rural,204,False
CLI-00583,Amadou Bah,urbain,1389,False
CLI-00584,Kadiatou Diarra,urbain,1797,False
CLI-00585,Adama Toure,rural,1017,False
CLI-00586,Souleymane Sanogo,urbain,335,False
CLI-00587,Fatoumata Coulibaly,rural,53,False
CLI-00588,Hawa Bah,urbain,1781,False
CLI-00589,Hawa Bah,rural,587,False
CLI-00590,Modibo Coulibaly,urbain,217,False
CLI-00591,Adama Keita,urbain,335,False
CLI-00592,Ousmane Barry,rural,477,False
CLI-00593,Bintou Maiga,rural,1202,False
CLI-00594,Aissata Sangare,urbain,1629,False
CLI-00595,Modibo Sanogo,rural,512,False
CLI-00596,Boubacar Fofana,rural,1258,False
CLI-00597,Modibo Fofana,urbain,132,False
CLI-00598,Awa Traore,rural,33,False
CLI-00599,Awa Coulibaly,rural,114,False
CLI-00600,Awa Ouattara,rural,1685,False
CLI-00601,Modibo Toure,rural,1067,False
CLI-00602,Djeneba Coulibaly,urbain,1472,True
CLI-00603,Ibrahim Coulibaly,rural,54,False
CLI-00604,Modibo Sangare,rural,55,False
CLI-00605,Aminata Kone,rural,1551,False
CLI-00606,Aissata Diarra,urbain,200,False
CLI-00607,Aminata Ouattara,rural,296,False
CLI-00608,Bintou Traore,urbain,954,False
CLI-00609,Hawa Coulibaly,urbain,1112,False
CLI-00610,Hawa Diallo,urbain,429,False
CLI-00611,Seydou Sanogo,urbain,819,True
CLI-00612,Modibo Toure,urbain,1236,True
CLI-00613,Moussa Diakite,urbain,816,False
CLI-00614,Souleymane Sanogo,rural,707,False
CLI-00615,Awa Diakite,urbain,144,False
CLI-00616,Ousmane Fofana,rural,832,False
CLI-00617,Ousmane Sidibe,rural,1467,False
CLI-00618,Fatoumata Ouattara,urbain,1149,False
CLI-00619,Ibrahim Konate,urbain,1631,False
CLI-00620,Kadiatou Barry,urbain,243,False
CLI-00621,Seydou Barry,rural,34,False
CLI-00622,Ibrahim Sanogo,rural,1007,False
CLI-00623,Kadiatou Cisse,rural,338,False
CLI-00624,Boubacar Toure,rural,1090,False
CLI-00625,Ousmane Diakite,rural,1651,False
CLI-00626,Moussa Cisse,rural,625,False
CLI-00627,Moussa Bah,rural,1009,False
CLI-00628,Aminata Toure,urbain,1248,False
CLI-00629,Moussa Diakite,rural,286,False
CLI-00630,Djeneba Konate,urbain,1639,False
CLI-00631,Aissata Sangare,urbain,382,False
CLI-00632,Kadiatou Sangare,rural,1477,False
CLI-00633,Moussa Sanogo,rural,1209,False
CLI-00634,Mariam Coulibaly,rural,270,False
CLI-00635,Souleymane Diallo,urbain,1326,False
CLI-00636,Ousmane Sidibe,rural,370,False
CLI-00637,Aissata Fofana,rural,1099,False
CLI-00638,Modibo Coulibaly,urbain,1752,False
CLI-00639,Bintou Barry,urbain,1740,False
CLI-00640,Souleymane Diakite,rural,1591,False
CLI-00641,Adama Keita,rural,909,False
CLI-00642,Hawa Bah,rural,1027,False
CLI-00643,Seydou Sidibe,rural,558,False
CLI-00644,Djeneba Kone,rural,1681,False
CLI-00645,Aissata Traore,rural,878,False
CLI-00646,Seydou Bah,urbain,1411,False
CLI-00647,Aminata Barry,rural,665,False
CLI-00648,Bintou Maiga,urbain,1355,False
CLI-00649,Hawa Diallo,rural,421,False
CLI-00650,Seydou Coulibaly,urbain,1343,False
CLI-00651,Awa Traore,urbain,98,False
CLI-00652,Mariam Traore,urbain,204,False
CLI-00653,Modibo Toure,urbain,652,False
CLI-00654,Aminata Sanogo,rural,887,False
CLI-00655,Aminata Diallo,rural,1302,False
CLI-00656,Djeneba Barry,rural,664,False
CLI-00657,Awa Konate,rural,48,False
CLI-00658,Fatoumata Toure,urbain,603,False
CLI-00659,Aissata Keita,rural,809,False
CLI-00660,Mariam Diakite,urbain,999,False
CLI-00661,Djeneba Coulibaly,rural,1180,False
CLI-00662,Amadou Traore,rural,463,False
CLI-00663,Mariam Traore,rural,1119,False
CLI-00664,Boubacar Ouattara,urbain,1158,False
CLI-00665,Souleymane Kone,urbain,1420,False
CLI-00666,Aminata Fofana,rural,959,False
CLI-00667,Hawa Diarra,rural,1482,False
CLI-00668,Adama Maiga,urbain,416,False
CLI-00669,Ibrahim Diallo,rural,1303,False
CLI-00670,Bintou Bah,urbain,97,False
CLI-00671,Awa Cisse,rural,201,False
CLI-00672,Awa Konate,rural,1580,False
CLI-00673,Fatoumata Sangare,rural,874,False
CLI-00674,Awa Barry,rural,1138,False
CLI-00675,Djeneba Coulibaly,rural,1107,False
CLI-00676,Boubacar Konate,rural,1272,False
CLI-00677,Fatoumata Sidibe,urbain,459,False
CLI-00678,Aminata Toure,rural,337,False
CLI-00679,Adama Sidibe,rural,92,False
CLI-00680,Djeneba Kone,rural,1580,False
CLI-00681,Ibrahim Traore,rural,419,False
CLI-00682,Bintou Coulibaly,rural,1056,False
CLI-00683,Bintou Kone,rural,838,False
CLI-00684,Mariam Sidibe,urbain,308,False
CLI-00685,Modibo Ouattara,rural,764,False
CLI-00686,Kadiatou Kone,urbain,165,False
CLI-00687,Boubacar Traore,rural,334,False
CLI-00688,Seydou Diallo,urbain,267,False
CLI-00689,Modibo Keita,rural,1507,False
CLI-00690,Bintou Toure,rural,1042,True
CLI-00691,Modibo Konate,urbain,1690,False
CLI-00692,Adama Traore,urbain,804,False
CLI-00693,Bintou Coulibaly,urbain,379,False
CLI-00694,Fatoumata Sidibe,rural,1116,False
CLI-00695,Ousmane Sidibe,urbain,1697,False
CLI-00696,Souleymane Keita,urbain,978,False
CLI-00697,Boubacar Diakite,urbain,47,False
CLI-00698,Amadou Konate,rural,564,False
CLI-00699,Fatoumata Ouattara,urbain,1689,False
CLI-00700,Aminata Keita,urbain,953,False
CLI-00701,Awa Toure,urbain,1737,False
CLI-00702,Mariam Toure,rural,936,False
CLI-00703,Mariam Coulibaly,rural,36,False
CLI-00704,Ibrahim Sanogo,urbain,1595,False
CLI-00705,Boubacar Toure,rural,1396,False
CLI-00706,Amadou Bah,urbain,1309,False
CLI-00707,Boubacar Konate,rural,1771,False
CLI-00708,Seydou Ouattara,rural,370,True
CLI-00709,Seydou Cisse,urbain,1654,False
CLI-00710,Souleymane Diarra,rural,436,False
CLI-00711,Aminata Toure,rural,1771,False
CLI-00712,Djeneba Maiga,urbain,361,False
CLI-00713,Djeneba Coulibaly,urbain,1011,True
CLI-00714,Adama Toure,urbain,1443,False
CLI-00715,Modibo Bah,rural,156,False
CLI-00716,Aminata Konate,rural,135,False
CLI-00717,Seydou Traore,urbain,1553,False
CLI-00718,Ousmane Konate,rural,124,False
CLI-00719,Boubacar Konate,rural,1126,False
CLI-00720,Ibrahim Ouattara,rural,1713,False
CLI-00721,Adama Cisse,rural,1127,False
CLI-00722,Hawa Sangare,urbain,885,False
CLI-00723,Ibrahim Kone,urbain,770,False
CLI-00724,Modibo Sanogo,urbain,1170,False
CLI-00725,Ibrahim Traore,rural,1050,False
CLI-00726,Souleymane Coulibaly,rural,923,False
CLI-00727,Fatoumata Kone,rural,292,False
CLI-00728,Seydou Traore,rural,1214,False
CLI-00729,Awa Bah,rural,1353,False
CLI-00730,Djeneba Diallo,rural,1298,False
CLI-00731,Kadiatou Traore,rural,150,False
CLI-00732,Adama Bah,rural,1287,False
CLI-00733,Djeneba Sangare,urbain,1335,False
CLI-00734,Mariam Diakite,rural,346,False
CLI-00735,Souleymane Traore,rural,1551,False
CLI-00736,Djeneba Kone,urbain,963,False
CLI-00737,Moussa Diallo,urbain,870,False
CLI-00738,Djeneba Cisse,urbain,1323,False
CLI-00739,Adama Fofana,rural,937,False
CLI-00740,Modibo Konate,urbain,1000,False
CLI-00741,Djeneba Toure,rural,580,False
CLI-00742,Awa Diallo,rural,1694,False
CLI-00743,Ousmane Sanogo,rural,1769,False
CLI-00744,Modibo Toure,rural,251,False
CLI-00745,Moussa Sanogo,rural,1341,False
CLI-00746,Aminata Cisse,rural,57,False
CLI-00747,Aissata Ouattara,urbain,682,False
CLI-00748,Aissata Konate,rural,1770,False
CLI-00749,Ibrahim Traore,rural,331,False
CLI-00750,Bintou Coulibaly,rural,697,False
CLI-00751,Ibrahim Ouattara,rural,412,False
CLI-00752,Fatoumata Keita,rural,1333,False
CLI-00753,Adama Fofana,rural,854,False
CLI-00754,Aminata Konate,rural,1088,False
CLI-00755,Kadiatou Kone,urbain,1721,False
CLI-00756,Djeneba Bah,urbain,958,False
CLI-00757,Moussa Maiga,rural,1343,False
CLI-00758,Ibrahim Barry,urbain,192,False
CLI-00759,Djeneba Ouattara,urbain,404,False
CLI-00760,Mariam Coulibaly,urbain,1728,False
CLI-00761,Aminata Toure,urbain,1570,False
CLI-00762,Bintou Toure,urbain,1203,False
CLI-00763,Adama Bah,urbain,699,False
CLI-00764,Moussa Sanogo,urbain,376,False
CLI-00765,Modibo Konate,rural,1556,False
CLI-00766,Awa Barry,rural,1436,False
CLI-00767,Seydou Sanogo,rural,452,False
CLI-00768,Ibrahim Bah,rural,1082,False
CLI-00769,Moussa Barry,rural,1134,False
CLI-00770,Awa Diallo,rural,879,False
CLI-00771,Bintou Diarra,rural,1692,False
CLI-00772,Amadou Maiga,rural,239,False
CLI-00773,Souleymane Diakite,urbain,481,False
CLI-00774,Hawa Kone,rural,187,False
CLI-00775,Bintou Coulibaly,rural,1269,False
CLI-00776,Kadiatou Keita,urbain,1180,False
CLI-00777,Ibrahim Diakite,urbain,1802,False
CLI-00778,Ousmane Kone,urbain,996,False
CLI-00779,Hawa Sanogo,urbain,287,False
CLI-00780,Hawa Coulibaly,urbain,831,False
CLI-00781,Awa Sangare,rural,175,False
CLI-00782,Ibrahim Keita,rural,1229,False
CLI-00783,Ibrahim Sidibe,rural,1235,False
CLI-00784,Seydou Fofana,urbain,1567,False
CLI-00785,Boubacar Coulibaly,urbain,629,False
CLI-00786,Amadou Diakite,rural,576,False
CLI-00787,Souleymane Diallo,rural,143,False
CLI-00788,Aminata Ouattara,rural,766,False
CLI-00789,Amadou Traore,rural,875,False
CLI-00790,Fatoumata Maiga,rural,1380,False
CLI-00791,Seydou Diarra,rural,1379,False
CLI-00792,Djeneba Diarra,urbain,268,False
CLI-00793,Modibo Traore,rural,531,False
CLI-00794,Kadiatou Cisse,urbain,940,False
CLI-00795,Aissata Kone,urbain,621,False
CLI-00796,Bintou Fofana,rural,61,False
CLI-00797,Seydou Maiga,rural,1545,False
CLI-00798,Aissata Ouattara,urbain,1338,False
CLI-00799,Kadiatou Cisse,rural,956,False
AMLSIM-CLI-0,,I,365,
AMLSIM-CLI-1,,I,365,
AMLSIM-CLI-2,,I,365,
AMLSIM-CLI-3,,I,365,
AMLSIM-CLI-4,,I,365,
AMLSIM-CLI-5,,I,365,
AMLSIM-CLI-6,,I,365,
AMLSIM-CLI-7,,I,365,
AMLSIM-CLI-8,,I,365,
AMLSIM-CLI-9,,I,365,
AMLSIM-CLI-10,,I,365,
AMLSIM-CLI-11,,I,365,
AMLSIM-CLI-12,,I,365,
AMLSIM-CLI-13,,I,365,
AMLSIM-CLI-14,,I,365,
AMLSIM-CLI-15,,I,365,
AMLSIM-CLI-16,,I,365,
AMLSIM-CLI-17,,I,365,
AMLSIM-CLI-18,,I,365,
AMLSIM-CLI-19,,I,365,
AMLSIM-CLI-20,,I,365,
AMLSIM-CLI-21,,I,365,
AMLSIM-CLI-22,,I,365,
AMLSIM-CLI-23,,I,365,
AMLSIM-CLI-24,,I,365,
AMLSIM-CLI-25,,I,365,
AMLSIM-CLI-26,,I,365,
AMLSIM-CLI-27,,I,365,
AMLSIM-CLI-28,,I,365,
AMLSIM-CLI-29,,I,365,
AMLSIM-CLI-30,,I,365,
AMLSIM-CLI-31,,I,365,
AMLSIM-CLI-32,,I,365,
AMLSIM-CLI-33,,I,365,
AMLSIM-CLI-34,,I,365,
AMLSIM-CLI-35,,I,365,
AMLSIM-CLI-36,,I,365,
AMLSIM-CLI-37,,I,365,
AMLSIM-CLI-38,,I,365,
AMLSIM-CLI-39,,I,365,
AMLSIM-CLI-40,,I,365,
AMLSIM-CLI-41,,I,365,
AMLSIM-CLI-42,,I,365,
AMLSIM-CLI-43,,I,365,
AMLSIM-CLI-44,,I,365,
AMLSIM-CLI-45,,I,365,
AMLSIM-CLI-46,,I,365,
AMLSIM-CLI-47,,I,365,
AMLSIM-CLI-48,,I,365,
AMLSIM-CLI-49,,I,365,
AMLSIM-CLI-50,,I,365,
AMLSIM-CLI-51,,I,365,
AMLSIM-CLI-52,,I,365,
AMLSIM-CLI-53,,I,365,
AMLSIM-CLI-54,,I,365,
AMLSIM-CLI-55,,I,365,
AMLSIM-CLI-56,,I,365,
AMLSIM-CLI-57,,I,365,
AMLSIM-CLI-58,,I,365,
AMLSIM-CLI-59,,I,365,
AMLSIM-CLI-60,,I,365,
AMLSIM-CLI-61,,I,365,
AMLSIM-CLI-62,,I,365,
AMLSIM-CLI-63,,I,365,
AMLSIM-CLI-64,,I,365,
AMLSIM-CLI-65,,I,365,
AMLSIM-CLI-66,,I,365,
AMLSIM-CLI-67,,I,365,
AMLSIM-CLI-68,,I,365,
AMLSIM-CLI-69,,I,365,
AMLSIM-CLI-70,,I,365,
AMLSIM-CLI-71,,I,365,
AMLSIM-CLI-72,,I,365,
AMLSIM-CLI-73,,I,365,
AMLSIM-CLI-74,,I,365,
AMLSIM-CLI-75,,I,365,
AMLSIM-CLI-76,,I,365,
AMLSIM-CLI-77,,I,365,
AMLSIM-CLI-78,,I,365,
AMLSIM-CLI-79,,I,365,
AMLSIM-CLI-80,,I,365,
AMLSIM-CLI-81,,I,365,
AMLSIM-CLI-82,,I,365,
AMLSIM-CLI-83,,I,365,
AMLSIM-CLI-84,,I,365,
AMLSIM-CLI-85,,I,365,
AMLSIM-CLI-86,,I,365,
AMLSIM-CLI-87,,I,365,
AMLSIM-CLI-88,,I,365,
AMLSIM-CLI-89,,I,365,
AMLSIM-CLI-90,,I,365,
AMLSIM-CLI-91,,I,365,
AMLSIM-CLI-92,,I,365,
AMLSIM-CLI-93,,I,365,
AMLSIM-CLI-94,,I,365,
AMLSIM-CLI-95,,I,365,
AMLSIM-CLI-96,,I,365,
AMLSIM-CLI-97,,I,365,
AMLSIM-CLI-98,,I,365,
AMLSIM-CLI-99,,I,365,
AMLSIM-CLI-100,,I,365,
AMLSIM-CLI-101,,I,365,
AMLSIM-CLI-102,,I,365,
AMLSIM-CLI-103,,I,365,
AMLSIM-CLI-104,,I,365,
AMLSIM-CLI-105,,I,365,
AMLSIM-CLI-106,,I,365,
AMLSIM-CLI-107,,I,365,
AMLSIM-CLI-108,,I,365,
AMLSIM-CLI-109,,I,365,
AMLSIM-CLI-110,,I,365,
AMLSIM-CLI-111,,I,365,
AMLSIM-CLI-112,,I,365,
AMLSIM-CLI-113,,I,365,
AMLSIM-CLI-114,,I,365,
AMLSIM-CLI-115,,I,365,
AMLSIM-CLI-116,,I,365,
AMLSIM-CLI-117,,I,365,
AMLSIM-CLI-118,,I,365,
AMLSIM-CLI-119,,I,365,
AMLSIM-CLI-120,,I,365,
AMLSIM-CLI-121,,I,365,
AMLSIM-CLI-122,,I,365,
AMLSIM-CLI-123,,I,365,
AMLSIM-CLI-124,,I,365,
AMLSIM-CLI-125,,I,365,
AMLSIM-CLI-126,,I,365,
AMLSIM-CLI-127,,I,365,
AMLSIM-CLI-128,,I,365,
AMLSIM-CLI-129,,I,365,
AMLSIM-CLI-130,,I,365,
AMLSIM-CLI-131,,I,365,
AMLSIM-CLI-132,,I,365,
AMLSIM-CLI-133,,I,365,
AMLSIM-CLI-134,,I,365,
AMLSIM-CLI-135,,I,365,
AMLSIM-CLI-136,,I,365,
AMLSIM-CLI-137,,I,365,
AMLSIM-CLI-138,,I,365,
AMLSIM-CLI-139,,I,365,
AMLSIM-CLI-140,,I,365,
AMLSIM-CLI-141,,I,365,
AMLSIM-CLI-142,,I,365,
AMLSIM-CLI-143,,I,365,
AMLSIM-CLI-144,,I,365,
AMLSIM-CLI-145,,I,365,
AMLSIM-CLI-146,,I,365,
AMLSIM-CLI-147,,I,365,
AMLSIM-CLI-148,,I,365,
AMLSIM-CLI-149,,I,365,
AMLSIM-CLI-150,,I,365,
AMLSIM-CLI-151,,I,365,
AMLSIM-CLI-152,,I,365,
AMLSIM-CLI-153,,I,365,
AMLSIM-CLI-154,,I,365,
AMLSIM-CLI-155,,I,365,
AMLSIM-CLI-156,,I,365,
AMLSIM-CLI-157,,I,365,
AMLSIM-CLI-158,,I,365,
AMLSIM-CLI-159,,I,365,
AMLSIM-CLI-160,,I,365,
AMLSIM-CLI-161,,I,365,
AMLSIM-CLI-162,,I,365,
AMLSIM-CLI-163,,I,365,
AMLSIM-CLI-164,,I,365,
AMLSIM-CLI-165,,I,365,
AMLSIM-CLI-166,,I,365,
AMLSIM-CLI-167,,I,365,
AMLSIM-CLI-168,,I,365,
AMLSIM-CLI-169,,I,365,
AMLSIM-CLI-170,,I,365,
AMLSIM-CLI-171,,I,365,
AMLSIM-CLI-172,,I,365,
AMLSIM-CLI-173,,I,365,
AMLSIM-CLI-174,,I,365,
AMLSIM-CLI-175,,I,365,
AMLSIM-CLI-176,,I,365,
AMLSIM-CLI-177,,I,365,
AMLSIM-CLI-178,,I,365,
AMLSIM-CLI-179,,I,365,
AMLSIM-CLI-180,,I,365,
AMLSIM-CLI-181,,I,365,
AMLSIM-CLI-182,,I,365,
AMLSIM-CLI-183,,I,365,
AMLSIM-CLI-184,,I,365,
AMLSIM-CLI-185,,I,365,
AMLSIM-CLI-186,,I,365,
AMLSIM-CLI-187,,I,365,
AMLSIM-CLI-188,,I,365,
AMLSIM-CLI-189,,I,365,
AMLSIM-CLI-190,,I,365,
AMLSIM-CLI-191,,I,365,
AMLSIM-CLI-192,,I,365,
AMLSIM-CLI-193,,I,365,
AMLSIM-CLI-194,,I,365,
AMLSIM-CLI-195,,I,365,
AMLSIM-CLI-196,,I,365,
AMLSIM-CLI-197,,I,365,
AMLSIM-CLI-198,,I,365,
AMLSIM-CLI-199,,I,365,
AMLSIM-CLI-200,,I,365,
AMLSIM-CLI-201,,I,365,
AMLSIM-CLI-202,,I,365,
AMLSIM-CLI-203,,I,365,
AMLSIM-CLI-204,,I,365,
AMLSIM-CLI-205,,I,365,
AMLSIM-CLI-206,,I,365,
AMLSIM-CLI-207,,I,365,
AMLSIM-CLI-208,,I,365,
AMLSIM-CLI-209,,I,365,
AMLSIM-CLI-210,,I,365,
AMLSIM-CLI-211,,I,365,
AMLSIM-CLI-212,,I,365,
AMLSIM-CLI-213,,I,365,
AMLSIM-CLI-214,,I,365,
AMLSIM-CLI-215,,I,365,
AMLSIM-CLI-216,,I,365,
AMLSIM-CLI-217,,I,365,
AMLSIM-CLI-218,,I,365,
AMLSIM-CLI-219,,I,365,
AMLSIM-CLI-220,,I,365,
AMLSIM-CLI-221,,I,365,
AMLSIM-CLI-222,,I,365,
AMLSIM-CLI-223,,I,365,
AMLSIM-CLI-224,,I,365,
AMLSIM-CLI-225,,I,365,
AMLSIM-CLI-226,,I,365,
AMLSIM-CLI-227,,I,365,
AMLSIM-CLI-228,,I,365,
AMLSIM-CLI-229,,I,365,
AMLSIM-CLI-230,,I,365,
AMLSIM-CLI-231,,I,365,
AMLSIM-CLI-232,,I,365,
AMLSIM-CLI-233,,I,365,
AMLSIM-CLI-234,,I,365,
AMLSIM-CLI-235,,I,365,
AMLSIM-CLI-236,,I,365,
AMLSIM-CLI-237,,I,365,
AMLSIM-CLI-238,,I,365,
AMLSIM-CLI-239,,I,365,
AMLSIM-CLI-240,,I,365,
AMLSIM-CLI-241,,I,365,
AMLSIM-CLI-242,,I,365,
AMLSIM-CLI-243,,I,365,
AMLSIM-CLI-244,,I,365,
AMLSIM-CLI-245,,I,365,
AMLSIM-CLI-246,,I,365,
AMLSIM-CLI-247,,I,365,
AMLSIM-CLI-248,,I,365,
AMLSIM-CLI-249,,I,365,
AMLSIM-CLI-250,,I,365,
AMLSIM-CLI-251,,I,365,
AMLSIM-CLI-252,,I,365,
AMLSIM-CLI-253,,I,365,
AMLSIM-CLI-254,,I,365,
AMLSIM-CLI-255,,I,365,
AMLSIM-CLI-256,,I,365,
AMLSIM-CLI-257,,I,365,
AMLSIM-CLI-258,,I,365,
AMLSIM-CLI-259,,I,365,
AMLSIM-CLI-260,,I,365,
AMLSIM-CLI-261,,I,365,
AMLSIM-CLI-262,,I,365,
AMLSIM-CLI-263,,I,365,
AMLSIM-CLI-264,,I,365,
AMLSIM-CLI-265,,I,365,
AMLSIM-CLI-266,,I,365,
AMLSIM-CLI-267,,I,365,
AMLSIM-CLI-268,,I,365,
AMLSIM-CLI-269,,I,365,
AMLSIM-CLI-270,,I,365,
AMLSIM-CLI-271,,I,365,
AMLSIM-CLI-272,,I,365,
AMLSIM-CLI-273,,I,365,
AMLSIM-CLI-274,,I,365,
AMLSIM-CLI-275,,I,365,
AMLSIM-CLI-276,,I,365,
AMLSIM-CLI-277,,I,365,
AMLSIM-CLI-278,,I,365,
AMLSIM-CLI-279,,I,365,
AMLSIM-CLI-280,,I,365,
AMLSIM-CLI-281,,I,365,
AMLSIM-CLI-282,,I,365,
AMLSIM-CLI-283,,I,365,
AMLSIM-CLI-284,,I,365,
AMLSIM-CLI-285,,I,365,
AMLSIM-CLI-286,,I,365,
AMLSIM-CLI-287,,I,365,
AMLSIM-CLI-288,,I,365,
AMLSIM-CLI-289,,I,365,
AMLSIM-CLI-290,,I,365,
AMLSIM-CLI-291,,I,365,
AMLSIM-CLI-292,,I,365,
AMLSIM-CLI-293,,I,365,
AMLSIM-CLI-294,,I,365,
AMLSIM-CLI-295,,I,365,
AMLSIM-CLI-296,,I,365,
AMLSIM-CLI-297,,I,365,
AMLSIM-CLI-298,,I,365,
AMLSIM-CLI-299,,I,365,
AMLSIM-CLI-300,,I,365,
AMLSIM-CLI-301,,I,365,
AMLSIM-CLI-302,,I,365,
AMLSIM-CLI-303,,I,365,
AMLSIM-CLI-304,,I,365,
AMLSIM-CLI-305,,I,365,
AMLSIM-CLI-306,,I,365,
AMLSIM-CLI-307,,I,365,
AMLSIM-CLI-308,,I,365,
AMLSIM-CLI-309,,I,365,
AMLSIM-CLI-310,,I,365,
AMLSIM-CLI-311,,I,365,
AMLSIM-CLI-312,,I,365,
AMLSIM-CLI-313,,I,365,
AMLSIM-CLI-314,,I,365,
AMLSIM-CLI-315,,I,365,
AMLSIM-CLI-316,,I,365,
AMLSIM-CLI-317,,I,365,
AMLSIM-CLI-318,,I,365,
AMLSIM-CLI-319,,I,365,
AMLSIM-CLI-320,,I,365,
AMLSIM-CLI-321,,I,365,
AMLSIM-CLI-322,,I,365,
AMLSIM-CLI-323,,I,365,
AMLSIM-CLI-324,,I,365,
AMLSIM-CLI-325,,I,365,
AMLSIM-CLI-326,,I,365,
AMLSIM-CLI-327,,I,365,
AMLSIM-CLI-328,,I,365,
AMLSIM-CLI-329,,I,365,
AMLSIM-CLI-330,,I,365,
AMLSIM-CLI-331,,I,365,
AMLSIM-CLI-332,,I,365,
AMLSIM-CLI-333,,I,365,
AMLSIM-CLI-334,,I,365,
AMLSIM-CLI-335,,I,365,
AMLSIM-CLI-336,,I,365,
AMLSIM-CLI-337,,I,365,
AMLSIM-CLI-338,,I,365,
AMLSIM-CLI-339,,I,365,
AMLSIM-CLI-340,,I,365,
AMLSIM-CLI-341,,I,365,
AMLSIM-CLI-342,,I,365,
AMLSIM-CLI-343,,I,365,
AMLSIM-CLI-344,,I,365,
AMLSIM-CLI-345,,I,365,
AMLSIM-CLI-346,,I,365,
AMLSIM-CLI-347,,I,365,
AMLSIM-CLI-348,,I,365,
AMLSIM-CLI-349,,I,365,
AMLSIM-CLI-350,,I,365,
AMLSIM-CLI-351,,I,365,
AMLSIM-CLI-352,,I,365,
AMLSIM-CLI-353,,I,365,
AMLSIM-CLI-354,,I,365,
AMLSIM-CLI-355,,I,365,
AMLSIM-CLI-356,,I,365,
AMLSIM-CLI-357,,I,365,
AMLSIM-CLI-358,,I,365,
AMLSIM-CLI-359,,I,365,
AMLSIM-CLI-360,,I,365,
AMLSIM-CLI-361,,I,365,
AMLSIM-CLI-362,,I,365,
AMLSIM-CLI-363,,I,365,
AMLSIM-CLI-364,,I,365,
AMLSIM-CLI-365,,I,365,
AMLSIM-CLI-366,,I,365,
AMLSIM-CLI-367,,I,365,
AMLSIM-CLI-368,,I,365,
AMLSIM-CLI-369,,I,365,
AMLSIM-CLI-370,,I,365,
AMLSIM-CLI-371,,I,365,
AMLSIM-CLI-372,,I,365,
AMLSIM-CLI-373,,I,365,
AMLSIM-CLI-374,,I,365,
AMLSIM-CLI-375,,I,365,
AMLSIM-CLI-376,,I,365,
AMLSIM-CLI-377,,I,365,
AMLSIM-CLI-378,,I,365,
AMLSIM-CLI-379,,I,365,
AMLSIM-CLI-380,,I,365,
AMLSIM-CLI-381,,I,365,
AMLSIM-CLI-382,,I,365,
AMLSIM-CLI-383,,I,365,
AMLSIM-CLI-384,,I,365,
AMLSIM-CLI-385,,I,365,
AMLSIM-CLI-386,,I,365,
AMLSIM-CLI-387,,I,365,
AMLSIM-CLI-388,,I,365,
AMLSIM-CLI-389,,I,365,
AMLSIM-CLI-390,,I,365,
AMLSIM-CLI-391,,I,365,
AMLSIM-CLI-392,,I,365,
AMLSIM-CLI-393,,I,365,
AMLSIM-CLI-394,,I,365,
AMLSIM-CLI-395,,I,365,
AMLSIM-CLI-396,,I,365,
AMLSIM-CLI-397,,I,365,
AMLSIM-CLI-398,,I,365,
AMLSIM-CLI-399,,I,365,
AMLSIM-CLI-400,,I,365,
AMLSIM-CLI-401,,I,365,
AMLSIM-CLI-402,,I,365,
AMLSIM-CLI-403,,I,365,
AMLSIM-CLI-404,,I,365,
AMLSIM-CLI-405,,I,365,
AMLSIM-CLI-406,,I,365,
AMLSIM-CLI-407,,I,365,
AMLSIM-CLI-408,,I,365,
AMLSIM-CLI-409,,I,365,
AMLSIM-CLI-410,,I,365,
AMLSIM-CLI-411,,I,365,
AMLSIM-CLI-412,,I,365,
AMLSIM-CLI-413,,I,365,
AMLSIM-CLI-414,,I,365,
AMLSIM-CLI-415,,I,365,
AMLSIM-CLI-416,,I,365,
AMLSIM-CLI-417,,I,365,
AMLSIM-CLI-418,,I,365,
AMLSIM-CLI-419,,I,365,
AMLSIM-CLI-420,,I,365,
AMLSIM-CLI-421,,I,365,
AMLSIM-CLI-422,,I,365,
AMLSIM-CLI-423,,I,365,
AMLSIM-CLI-424,,I,365,
AMLSIM-CLI-425,,I,365,
AMLSIM-CLI-426,,I,365,
AMLSIM-CLI-427,,I,365,
AMLSIM-CLI-428,,I,365,
AMLSIM-CLI-429,,I,365,
AMLSIM-CLI-430,,I,365,
AMLSIM-CLI-431,,I,365,
AMLSIM-CLI-432,,I,365,
AMLSIM-CLI-433,,I,365,
AMLSIM-CLI-434,,I,365,
AMLSIM-CLI-435,,I,365,
AMLSIM-CLI-436,,I,365,
AMLSIM-CLI-437,,I,365,
AMLSIM-CLI-438,,I,365,
AMLSIM-CLI-439,,I,365,
AMLSIM-CLI-440,,I,365,
AMLSIM-CLI-441,,I,365,
AMLSIM-CLI-442,,I,365,
AMLSIM-CLI-443,,I,365,
AMLSIM-CLI-444,,I,365,
AMLSIM-CLI-445,,I,365,
AMLSIM-CLI-446,,I,365,
AMLSIM-CLI-447,,I,365,
AMLSIM-CLI-448,,I,365,
AMLSIM-CLI-449,,I,365,
AMLSIM-CLI-450,,I,365,
AMLSIM-CLI-451,,I,365,
AMLSIM-CLI-452,,I,365,
AMLSIM-CLI-453,,I,365,
AMLSIM-CLI-454,,I,365,
AMLSIM-CLI-455,,I,365,
AMLSIM-CLI-456,,I,365,
AMLSIM-CLI-457,,I,365,
AMLSIM-CLI-458,,I,365,
AMLSIM-CLI-459,,I,365,
AMLSIM-CLI-460,,I,365,
AMLSIM-CLI-461,,I,365,
AMLSIM-CLI-462,,I,365,
AMLSIM-CLI-463,,I,365,
AMLSIM-CLI-464,,I,365,
AMLSIM-CLI-465,,I,365,
AMLSIM-CLI-466,,I,365,
AMLSIM-CLI-467,,I,365,
AMLSIM-CLI-468,,I,365,
AMLSIM-CLI-469,,I,365,
AMLSIM-CLI-470,,I,365,
AMLSIM-CLI-471,,I,365,
AMLSIM-CLI-472,,I,365,
AMLSIM-CLI-473,,I,365,
AMLSIM-CLI-474,,I,365,
AMLSIM-CLI-475,,I,365,
AMLSIM-CLI-476,,I,365,
AMLSIM-CLI-477,,I,365,
AMLSIM-CLI-478,,I,365,
AMLSIM-CLI-479,,I,365,
AMLSIM-CLI-480,,I,365,
AMLSIM-CLI-481,,I,365,
AMLSIM-CLI-482,,I,365,
AMLSIM-CLI-483,,I,365,
AMLSIM-CLI-484,,I,365,
AMLSIM-CLI-485,,I,365,
AMLSIM-CLI-486,,I,365,
AMLSIM-CLI-487,,I,365,
AMLSIM-CLI-488,,I,365,
AMLSIM-CLI-489,,I,365,
AMLSIM-CLI-490,,I,365,
AMLSIM-CLI-491,,I,365,
AMLSIM-CLI-492,,I,365,
AMLSIM-CLI-493,,I,365,
AMLSIM-CLI-494,,I,365,
AMLSIM-CLI-495,,I,365,
AMLSIM-CLI-496,,I,365,
AMLSIM-CLI-497,,I,365,
AMLSIM-CLI-498,,I,365,
AMLSIM-CLI-499,,I,365,
AMLSIM-CLI-500,,I,365,
AMLSIM-CLI-501,,I,365,
AMLSIM-CLI-502,,I,365,
AMLSIM-CLI-503,,I,365,
AMLSIM-CLI-504,,I,365,
AMLSIM-CLI-505,,I,365,
AMLSIM-CLI-506,,I,365,
AMLSIM-CLI-507,,I,365,
AMLSIM-CLI-508,,I,365,
AMLSIM-CLI-509,,I,365,
AMLSIM-CLI-510,,I,365,
AMLSIM-CLI-511,,I,365,
AMLSIM-CLI-512,,I,365,
AMLSIM-CLI-513,,I,365,
AMLSIM-CLI-514,,I,365,
AMLSIM-CLI-515,,I,365,
AMLSIM-CLI-516,,I,365,
AMLSIM-CLI-517,,I,365,
AMLSIM-CLI-518,,I,365,
AMLSIM-CLI-519,,I,365,
AMLSIM-CLI-520,,I,365,
AMLSIM-CLI-521,,I,365,
AMLSIM-CLI-522,,I,365,
AMLSIM-CLI-523,,I,365,
AMLSIM-CLI-524,,I,365,
AMLSIM-CLI-525,,I,365,
AMLSIM-CLI-526,,I,365,
AMLSIM-CLI-527,,I,365,
AMLSIM-CLI-528,,I,365,
AMLSIM-CLI-529,,I,365,
AMLSIM-CLI-530,,I,365,
AMLSIM-CLI-531,,I,365,
AMLSIM-CLI-532,,I,365,
AMLSIM-CLI-533,,I,365,
AMLSIM-CLI-534,,I,365,
AMLSIM-CLI-535,,I,365,
AMLSIM-CLI-536,,I,365,
AMLSIM-CLI-537,,I,365,
AMLSIM-CLI-538,,I,365,
AMLSIM-CLI-539,,I,365,
AMLSIM-CLI-540,,I,365,
AMLSIM-CLI-541,,I,365,
AMLSIM-CLI-542,,I,365,
AMLSIM-CLI-543,,I,365,
AMLSIM-CLI-544,,I,365,
AMLSIM-CLI-545,,I,365,
AMLSIM-CLI-546,,I,365,
AMLSIM-CLI-547,,I,365,
AMLSIM-CLI-548,,I,365,
AMLSIM-CLI-549,,I,365,
AMLSIM-CLI-550,,I,365,
AMLSIM-CLI-551,,I,365,
AMLSIM-CLI-552,,I,365,
AMLSIM-CLI-553,,I,365,
AMLSIM-CLI-554,,I,365,
AMLSIM-CLI-555,,I,365,
AMLSIM-CLI-556,,I,365,
AMLSIM-CLI-557,,I,365,
AMLSIM-CLI-558,,I,365,
AMLSIM-CLI-559,,I,365,
AMLSIM-CLI-560,,I,365,
AMLSIM-CLI-561,,I,365,
AMLSIM-CLI-562,,I,365,
AMLSIM-CLI-563,,I,365,
AMLSIM-CLI-564,,I,365,
AMLSIM-CLI-565,,I,365,
AMLSIM-CLI-566,,I,365,
AMLSIM-CLI-567,,I,365,
AMLSIM-CLI-568,,I,365,
AMLSIM-CLI-569,,I,365,
AMLSIM-CLI-570,,I,365,
AMLSIM-CLI-571,,I,365,
AMLSIM-CLI-572,,I,365,
AMLSIM-CLI-573,,I,365,
AMLSIM-CLI-574,,I,365,
AMLSIM-CLI-575,,I,365,
AMLSIM-CLI-576,,I,365,
AMLSIM-CLI-577,,I,365,
AMLSIM-CLI-578,,I,365,
AMLSIM-CLI-579,,I,365,
AMLSIM-CLI-580,,I,365,
AMLSIM-CLI-581,,I,365,
AMLSIM-CLI-582,,I,365,
AMLSIM-CLI-583,,I,365,
AMLSIM-CLI-584,,I,365,
AMLSIM-CLI-585,,I,365,
AMLSIM-CLI-586,,I,365,
AMLSIM-CLI-587,,I,365,
AMLSIM-CLI-588,,I,365,
AMLSIM-CLI-589,,I,365,
AMLSIM-CLI-590,,I,365,
AMLSIM-CLI-591,,I,365,
AMLSIM-CLI-592,,I,365,
AMLSIM-CLI-593,,I,365,
AMLSIM-CLI-594,,I,365,
AMLSIM-CLI-595,,I,365,
AMLSIM-CLI-596,,I,365,
AMLSIM-CLI-597,,I,365,
AMLSIM-CLI-598,,I,365,
AMLSIM-CLI-599,,I,365,
AMLSIM-CLI-600,,I,365,
AMLSIM-CLI-601,,I,365,
AMLSIM-CLI-602,,I,365,
AMLSIM-CLI-603,,I,365,
AMLSIM-CLI-604,,I,365,
AMLSIM-CLI-605,,I,365,
AMLSIM-CLI-606,,I,365,
AMLSIM-CLI-607,,I,365,
AMLSIM-CLI-608,,I,365,
AMLSIM-CLI-609,,I,365,
AMLSIM-CLI-610,,I,365,
AMLSIM-CLI-611,,I,365,
AMLSIM-CLI-612,,I,365,
AMLSIM-CLI-613,,I,365,
AMLSIM-CLI-614,,I,365,
AMLSIM-CLI-615,,I,365,
AMLSIM-CLI-616,,I,365,
AMLSIM-CLI-617,,I,365,
AMLSIM-CLI-618,,I,365,
AMLSIM-CLI-619,,I,365,
AMLSIM-CLI-620,,I,365,
AMLSIM-CLI-621,,I,365,
AMLSIM-CLI-622,,I,365,
AMLSIM-CLI-623,,I,365,
AMLSIM-CLI-624,,I,365,
AMLSIM-CLI-625,,I,365,
AMLSIM-CLI-626,,I,365,
AMLSIM-CLI-627,,I,365,
AMLSIM-CLI-628,,I,365,
AMLSIM-CLI-629,,I,365,
AMLSIM-CLI-630,,I,365,
AMLSIM-CLI-631,,I,365,
AMLSIM-CLI-632,,I,365,
AMLSIM-CLI-633,,I,365,
AMLSIM-CLI-634,,I,365,
AMLSIM-CLI-635,,I,365,
AMLSIM-CLI-636,,I,365,
AMLSIM-CLI-637,,I,365,
AMLSIM-CLI-638,,I,365,
AMLSIM-CLI-639,,I,365,
AMLSIM-CLI-640,,I,365,
AMLSIM-CLI-641,,I,365,
AMLSIM-CLI-642,,I,365,
AMLSIM-CLI-643,,I,365,
AMLSIM-CLI-644,,I,365,
AMLSIM-CLI-645,,I,365,
AMLSIM-CLI-646,,I,365,
AMLSIM-CLI-647,,I,365,
AMLSIM-CLI-648,,I,365,
AMLSIM-CLI-649,,I,365,
AMLSIM-CLI-650,,I,365,
AMLSIM-CLI-651,,I,365,
AMLSIM-CLI-652,,I,365,
AMLSIM-CLI-653,,I,365,
AMLSIM-CLI-654,,I,365,
AMLSIM-CLI-655,,I,365,
AMLSIM-CLI-656,,I,365,
AMLSIM-CLI-657,,I,365,
AMLSIM-CLI-658,,I,365,
AMLSIM-CLI-659,,I,365,
AMLSIM-CLI-660,,I,365,
AMLSIM-CLI-661,,I,365,
AMLSIM-CLI-662,,I,365,
AMLSIM-CLI-663,,I,365,
AMLSIM-CLI-664,,I,365,
AMLSIM-CLI-665,,I,365,
AMLSIM-CLI-666,,I,365,
AMLSIM-CLI-667,,I,365,
AMLSIM-CLI-668,,I,365,
AMLSIM-CLI-669,,I,365,
AMLSIM-CLI-670,,I,365,
AMLSIM-CLI-671,,I,365,
AMLSIM-CLI-672,,I,365,
AMLSIM-CLI-673,,I,365,
AMLSIM-CLI-674,,I,365,
AMLSIM-CLI-675,,I,365,
AMLSIM-CLI-676,,I,365,
AMLSIM-CLI-677,,I,365,
AMLSIM-CLI-678,,I,365,
AMLSIM-CLI-679,,I,365,
AMLSIM-CLI-680,,I,365,
AMLSIM-CLI-681,,I,365,
AMLSIM-CLI-682,,I,365,
AMLSIM-CLI-683,,I,365,
AMLSIM-CLI-684,,I,365,
AMLSIM-CLI-685,,I,365,
AMLSIM-CLI-686,,I,365,
AMLSIM-CLI-687,,I,365,
AMLSIM-CLI-688,,I,365,
AMLSIM-CLI-689,,I,365,
AMLSIM-CLI-690,,I,365,
AMLSIM-CLI-691,,I,365,
AMLSIM-CLI-692,,I,365,
AMLSIM-CLI-693,,I,365,
AMLSIM-CLI-694,,I,365,
AMLSIM-CLI-695,,I,365,
AMLSIM-CLI-696,,I,365,
AMLSIM-CLI-697,,I,365,
AMLSIM-CLI-698,,I,365,
AMLSIM-CLI-699,,I,365,
AMLSIM-CLI-700,,I,365,
AMLSIM-CLI-701,,I,365,
AMLSIM-CLI-702,,I,365,
AMLSIM-CLI-703,,I,365,
AMLSIM-CLI-704,,I,365,
AMLSIM-CLI-705,,I,365,
AMLSIM-CLI-706,,I,365,
AMLSIM-CLI-707,,I,365,
AMLSIM-CLI-708,,I,365,
AMLSIM-CLI-709,,I,365,
AMLSIM-CLI-710,,I,365,
AMLSIM-CLI-711,,I,365,
AMLSIM-CLI-712,,I,365,
AMLSIM-CLI-713,,I,365,
AMLSIM-CLI-714,,I,365,
AMLSIM-CLI-715,,I,365,
AMLSIM-CLI-716,,I,365,
AMLSIM-CLI-717,,I,365,
AMLSIM-CLI-718,,I,365,
AMLSIM-CLI-719,,I,365,
AMLSIM-CLI-720,,I,365,
AMLSIM-CLI-721,,I,365,
AMLSIM-CLI-722,,I,365,
AMLSIM-CLI-723,,I,365,
AMLSIM-CLI-724,,I,365,
AMLSIM-CLI-725,,I,365,
AMLSIM-CLI-726,,I,365,
AMLSIM-CLI-727,,I,365,
AMLSIM-CLI-728,,I,365,
AMLSIM-CLI-729,,I,365,
AMLSIM-CLI-730,,I,365,
AMLSIM-CLI-731,,I,365,
AMLSIM-CLI-732,,I,365,
AMLSIM-CLI-733,,I,365,
AMLSIM-CLI-734,,I,365,
AMLSIM-CLI-735,,I,365,
AMLSIM-CLI-736,,I,365,
AMLSIM-CLI-737,,I,365,
AMLSIM-CLI-738,,I,365,
AMLSIM-CLI-739,,I,365,
AMLSIM-CLI-740,,I,365,
AMLSIM-CLI-741,,I,365,
AMLSIM-CLI-742,,I,365,
AMLSIM-CLI-743,,I,365,
AMLSIM-CLI-744,,I,365,
AMLSIM-CLI-745,,I,365,
AMLSIM-CLI-746,,I,365,
AMLSIM-CLI-747,,I,365,
AMLSIM-CLI-748,,I,365,
AMLSIM-CLI-749,,I,365,
AMLSIM-CLI-750,,I,365,
AMLSIM-CLI-751,,I,365,
AMLSIM-CLI-752,,I,365,
AMLSIM-CLI-753,,I,365,
AMLSIM-CLI-754,,I,365,
AMLSIM-CLI-755,,I,365,
AMLSIM-CLI-756,,I,365,
AMLSIM-CLI-757,,I,365,
AMLSIM-CLI-758,,I,365,
AMLSIM-CLI-759,,I,365,
AMLSIM-CLI-760,,I,365,
AMLSIM-CLI-761,,I,365,
AMLSIM-CLI-762,,I,365,
AMLSIM-CLI-763,,I,365,
AMLSIM-CLI-764,,I,365,
AMLSIM-CLI-765,,I,365,
AMLSIM-CLI-766,,I,365,
AMLSIM-CLI-767,,I,365,
AMLSIM-CLI-768,,I,365,
AMLSIM-CLI-769,,I,365,
AMLSIM-CLI-770,,I,365,
AMLSIM-CLI-771,,I,365,
AMLSIM-CLI-772,,I,365,
AMLSIM-CLI-773,,I,365,
AMLSIM-CLI-774,,I,365,
AMLSIM-CLI-775,,I,365,
AMLSIM-CLI-776,,I,365,
AMLSIM-CLI-777,,I,365,
AMLSIM-CLI-778,,I,365,
AMLSIM-CLI-779,,I,365,
AMLSIM-CLI-780,,I,365,
AMLSIM-CLI-781,,I,365,
AMLSIM-CLI-782,,I,365,
AMLSIM-CLI-783,,I,365,
AMLSIM-CLI-784,,I,365,
AMLSIM-CLI-785,,I,365,
AMLSIM-CLI-786,,I,365,
AMLSIM-CLI-787,,I,365,
AMLSIM-CLI-788,,I,365,
AMLSIM-CLI-789,,I,365,
AMLSIM-CLI-790,,I,365,
AMLSIM-CLI-791,,I,365,
AMLSIM-CLI-792,,I,365,
AMLSIM-CLI-793,,I,365,
AMLSIM-CLI-794,,I,365,
AMLSIM-CLI-795,,I,365,
AMLSIM-CLI-796,,I,365,
AMLSIM-CLI-797,,I,365,
AMLSIM-CLI-798,,I,365,
AMLSIM-CLI-799,,I,365,
AMLSIM-CLI-800,,I,365,
AMLSIM-CLI-801,,I,365,
AMLSIM-CLI-802,,I,365,
AMLSIM-CLI-803,,I,365,
AMLSIM-CLI-804,,I,365,
AMLSIM-CLI-805,,I,365,
AMLSIM-CLI-806,,I,365,
AMLSIM-CLI-807,,I,365,
AMLSIM-CLI-808,,I,365,
AMLSIM-CLI-809,,I,365,
AMLSIM-CLI-810,,I,365,
AMLSIM-CLI-811,,I,365,
AMLSIM-CLI-812,,I,365,
AMLSIM-CLI-813,,I,365,
AMLSIM-CLI-814,,I,365,
AMLSIM-CLI-815,,I,365,
AMLSIM-CLI-816,,I,365,
AMLSIM-CLI-817,,I,365,
AMLSIM-CLI-818,,I,365,
AMLSIM-CLI-819,,I,365,
AMLSIM-CLI-820,,I,365,
AMLSIM-CLI-821,,I,365,
AMLSIM-CLI-822,,I,365,
AMLSIM-CLI-823,,I,365,
AMLSIM-CLI-824,,I,365,
AMLSIM-CLI-825,,I,365,
AMLSIM-CLI-826,,I,365,
AMLSIM-CLI-827,,I,365,
AMLSIM-CLI-828,,I,365,
AMLSIM-CLI-829,,I,365,
AMLSIM-CLI-830,,I,365,
AMLSIM-CLI-831,,I,365,
AMLSIM-CLI-832,,I,365,
AMLSIM-CLI-833,,I,365,
AMLSIM-CLI-834,,I,365,
AMLSIM-CLI-835,,I,365,
AMLSIM-CLI-836,,I,365,
AMLSIM-CLI-837,,I,365,
AMLSIM-CLI-838,,I,365,
AMLSIM-CLI-839,,I,365,
AMLSIM-CLI-840,,I,365,
AMLSIM-CLI-841,,I,365,
AMLSIM-CLI-842,,I,365,
AMLSIM-CLI-843,,I,365,
AMLSIM-CLI-844,,I,365,
AMLSIM-CLI-845,,I,365,
AMLSIM-CLI-846,,I,365,
AMLSIM-CLI-847,,I,365,
AMLSIM-CLI-848,,I,365,
AMLSIM-CLI-849,,I,365,
AMLSIM-CLI-850,,I,365,
AMLSIM-CLI-851,,I,365,
AMLSIM-CLI-852,,I,365,
AMLSIM-CLI-853,,I,365,
AMLSIM-CLI-854,,I,365,
AMLSIM-CLI-855,,I,365,
AMLSIM-CLI-856,,I,365,
AMLSIM-CLI-857,,I,365,
AMLSIM-CLI-858,,I,365,
AMLSIM-CLI-859,,I,365,
AMLSIM-CLI-860,,I,365,
AMLSIM-CLI-861,,I,365,
AMLSIM-CLI-862,,I,365,
AMLSIM-CLI-863,,I,365,
AMLSIM-CLI-864,,I,365,
AMLSIM-CLI-865,,I,365,
AMLSIM-CLI-866,,I,365,
AMLSIM-CLI-867,,I,365,
AMLSIM-CLI-868,,I,365,
AMLSIM-CLI-869,,I,365,
AMLSIM-CLI-870,,I,365,
AMLSIM-CLI-871,,I,365,
AMLSIM-CLI-872,,I,365,
AMLSIM-CLI-873,,I,365,
AMLSIM-CLI-874,,I,365,
AMLSIM-CLI-875,,I,365,
AMLSIM-CLI-876,,I,365,
AMLSIM-CLI-877,,I,365,
AMLSIM-CLI-878,,I,365,
AMLSIM-CLI-879,,I,365,
AMLSIM-CLI-880,,I,365,
AMLSIM-CLI-881,,I,365,
AMLSIM-CLI-882,,I,365,
AMLSIM-CLI-883,,I,365,
AMLSIM-CLI-884,,I,365,
AMLSIM-CLI-885,,I,365,
AMLSIM-CLI-886,,I,365,
AMLSIM-CLI-887,,I,365,
AMLSIM-CLI-888,,I,365,
AMLSIM-CLI-889,,I,365,
AMLSIM-CLI-890,,I,365,
AMLSIM-CLI-891,,I,365,
AMLSIM-CLI-892,,I,365,
AMLSIM-CLI-893,,I,365,
AMLSIM-CLI-894,,I,365,
AMLSIM-CLI-895,,I,365,
AMLSIM-CLI-896,,I,365,
AMLSIM-CLI-897,,I,365,
AMLSIM-CLI-898,,I,365,
AMLSIM-CLI-899,,I,365,
AMLSIM-CLI-900,,I,365,
AMLSIM-CLI-901,,I,365,
AMLSIM-CLI-902,,I,365,
AMLSIM-CLI-903,,I,365,
AMLSIM-CLI-904,,I,365,
AMLSIM-CLI-905,,I,365,
AMLSIM-CLI-906,,I,365,
AMLSIM-CLI-907,,I,365,
AMLSIM-CLI-908,,I,365,
AMLSIM-CLI-909,,I,365,
AMLSIM-CLI-910,,I,365,
AMLSIM-CLI-911,,I,365,
AMLSIM-CLI-912,,I,365,
AMLSIM-CLI-913,,I,365,
AMLSIM-CLI-914,,I,365,
AMLSIM-CLI-915,,I,365,
AMLSIM-CLI-916,,I,365,
AMLSIM-CLI-917,,I,365,
AMLSIM-CLI-918,,I,365,
AMLSIM-CLI-919,,I,365,
AMLSIM-CLI-920,,I,365,
AMLSIM-CLI-921,,I,365,
AMLSIM-CLI-922,,I,365,
AMLSIM-CLI-923,,I,365,
AMLSIM-CLI-924,,I,365,
AMLSIM-CLI-925,,I,365,
AMLSIM-CLI-926,,I,365,
AMLSIM-CLI-927,,I,365,
AMLSIM-CLI-928,,I,365,
AMLSIM-CLI-929,,I,365,
AMLSIM-CLI-930,,I,365,
AMLSIM-CLI-931,,I,365,
AMLSIM-CLI-932,,I,365,
AMLSIM-CLI-933,,I,365,
AMLSIM-CLI-934,,I,365,
AMLSIM-CLI-935,,I,365,
AMLSIM-CLI-936,,I,365,
AMLSIM-CLI-937,,I,365,
AMLSIM-CLI-938,,I,365,
AMLSIM-CLI-939,,I,365,
AMLSIM-CLI-940,,I,365,
AMLSIM-CLI-941,,I,365,
AMLSIM-CLI-942,,I,365,
AMLSIM-CLI-943,,I,365,
AMLSIM-CLI-944,,I,365,
AMLSIM-CLI-945,,I,365,
AMLSIM-CLI-946,,I,365,
AMLSIM-CLI-947,,I,365,
AMLSIM-CLI-948,,I,365,
AMLSIM-CLI-949,,I,365,
AMLSIM-CLI-950,,I,365,
AMLSIM-CLI-951,,I,365,
AMLSIM-CLI-952,,I,365,
AMLSIM-CLI-953,,I,365,
AMLSIM-CLI-954,,I,365,
AMLSIM-CLI-955,,I,365,
AMLSIM-CLI-956,,I,365,
AMLSIM-CLI-957,,I,365,
AMLSIM-CLI-958,,I,365,
AMLSIM-CLI-959,,I,365,
AMLSIM-CLI-960,,I,365,
AMLSIM-CLI-961,,I,365,
AMLSIM-CLI-962,,I,365,
AMLSIM-CLI-963,,I,365,
AMLSIM-CLI-964,,I,365,
AMLSIM-CLI-965,,I,365,
AMLSIM-CLI-966,,I,365,
AMLSIM-CLI-967,,I,365,
AMLSIM-CLI-968,,I,365,
AMLSIM-CLI-969,,I,365,
AMLSIM-CLI-970,,I,365,
AMLSIM-CLI-971,,I,365,
AMLSIM-CLI-972,,I,365,
AMLSIM-CLI-973,,I,365,
AMLSIM-CLI-974,,I,365,
AMLSIM-CLI-975,,I,365,
AMLSIM-CLI-976,,I,365,
AMLSIM-CLI-977,,I,365,
AMLSIM-CLI-978,,I,365,
AMLSIM-CLI-979,,I,365,
AMLSIM-CLI-980,,I,365,
AMLSIM-CLI-981,,I,365,
AMLSIM-CLI-982,,I,365,
AMLSIM-CLI-983,,I,365,
AMLSIM-CLI-984,,I,365,
AMLSIM-CLI-985,,I,365,
AMLSIM-CLI-986,,I,365,
AMLSIM-CLI-987,,I,365,
AMLSIM-CLI-988,,I,365,
AMLSIM-CLI-989,,I,365,
AMLSIM-CLI-990,,I,365,
AMLSIM-CLI-991,,I,365,
AMLSIM-CLI-992,,I,365,
AMLSIM-CLI-993,,I,365,
AMLSIM-CLI-994,,I,365,
AMLSIM-CLI-995,,I,365,
AMLSIM-CLI-996,,I,365,
AMLSIM-CLI-997,,I,365,
AMLSIM-CLI-998,,I,365,
AMLSIM-CLI-999,,I,365,
AMLSIM-CLI-1000,,I,365,
AMLSIM-CLI-1001,,I,365,
AMLSIM-CLI-1002,,I,365,
AMLSIM-CLI-1003,,I,365,
AMLSIM-CLI-1004,,I,365,
AMLSIM-CLI-1005,,I,365,
AMLSIM-CLI-1006,,I,365,
AMLSIM-CLI-1007,,I,365,
AMLSIM-CLI-1008,,I,365,
AMLSIM-CLI-1009,,I,365,
AMLSIM-CLI-1010,,I,365,
AMLSIM-CLI-1011,,I,365,
AMLSIM-CLI-1012,,I,365,
AMLSIM-CLI-1013,,I,365,
AMLSIM-CLI-1014,,I,365,
AMLSIM-CLI-1015,,I,365,
AMLSIM-CLI-1016,,I,365,
AMLSIM-CLI-1017,,I,365,
AMLSIM-CLI-1018,,I,365,
AMLSIM-CLI-1019,,I,365,
AMLSIM-CLI-1020,,I,365,
AMLSIM-CLI-1021,,I,365,
AMLSIM-CLI-1022,,I,365,
AMLSIM-CLI-1023,,I,365,
AMLSIM-CLI-1024,,I,365,
AMLSIM-CLI-1025,,I,365,
AMLSIM-CLI-1026,,I,365,
AMLSIM-CLI-1027,,I,365,
AMLSIM-CLI-1028,,I,365,
AMLSIM-CLI-1029,,I,365,
AMLSIM-CLI-1030,,I,365,
AMLSIM-CLI-1031,,I,365,
AMLSIM-CLI-1032,,I,365,
AMLSIM-CLI-1033,,I,365,
AMLSIM-CLI-1034,,I,365,
AMLSIM-CLI-1035,,I,365,
AMLSIM-CLI-1036,,I,365,
AMLSIM-CLI-1037,,I,365,
AMLSIM-CLI-1038,,I,365,
AMLSIM-CLI-1039,,I,365,
AMLSIM-CLI-1040,,I,365,
AMLSIM-CLI-1041,,I,365,
AMLSIM-CLI-1042,,I,365,
AMLSIM-CLI-1043,,I,365,
AMLSIM-CLI-1044,,I,365,
AMLSIM-CLI-1045,,I,365,
AMLSIM-CLI-1046,,I,365,
AMLSIM-CLI-1047,,I,365,
AMLSIM-CLI-1048,,I,365,
AMLSIM-CLI-1049,,I,365,
AMLSIM-CLI-1050,,I,365,
AMLSIM-CLI-1051,,I,365,
AMLSIM-CLI-1052,,I,365,
AMLSIM-CLI-1053,,I,365,
AMLSIM-CLI-1054,,I,365,
AMLSIM-CLI-1055,,I,365,
AMLSIM-CLI-1056,,I,365,
AMLSIM-CLI-1057,,I,365,
AMLSIM-CLI-1058,,I,365,
AMLSIM-CLI-1059,,I,365,
AMLSIM-CLI-1060,,I,365,
AMLSIM-CLI-1061,,I,365,
AMLSIM-CLI-1062,,I,365,
AMLSIM-CLI-1063,,I,365,
AMLSIM-CLI-1064,,I,365,
AMLSIM-CLI-1065,,I,365,
AMLSIM-CLI-1066,,I,365,
AMLSIM-CLI-1067,,I,365,
AMLSIM-CLI-1068,,I,365,
AMLSIM-CLI-1069,,I,365,
AMLSIM-CLI-1070,,I,365,
AMLSIM-CLI-1071,,I,365,
AMLSIM-CLI-1072,,I,365,
AMLSIM-CLI-1073,,I,365,
AMLSIM-CLI-1074,,I,365,
AMLSIM-CLI-1075,,I,365,
AMLSIM-CLI-1076,,I,365,
AMLSIM-CLI-1077,,I,365,
AMLSIM-CLI-1078,,I,365,
AMLSIM-CLI-1079,,I,365,
AMLSIM-CLI-1080,,I,365,
AMLSIM-CLI-1081,,I,365,
AMLSIM-CLI-1082,,I,365,
AMLSIM-CLI-1083,,I,365,
AMLSIM-CLI-1084,,I,365,
AMLSIM-CLI-1085,,I,365,
AMLSIM-CLI-1086,,I,365,
AMLSIM-CLI-1087,,I,365,
AMLSIM-CLI-1088,,I,365,
AMLSIM-CLI-1089,,I,365,
AMLSIM-CLI-1090,,I,365,
AMLSIM-CLI-1091,,I,365,
AMLSIM-CLI-1092,,I,365,
AMLSIM-CLI-1093,,I,365,
AMLSIM-CLI-1094,,I,365,
AMLSIM-CLI-1095,,I,365,
AMLSIM-CLI-1096,,I,365,
AMLSIM-CLI-1097,,I,365,
AMLSIM-CLI-1098,,I,365,
AMLSIM-CLI-1099,,I,365,
AMLSIM-CLI-1100,,I,365,
AMLSIM-CLI-1101,,I,365,
AMLSIM-CLI-1102,,I,365,
AMLSIM-CLI-1103,,I,365,
AMLSIM-CLI-1104,,I,365,
AMLSIM-CLI-1105,,I,365,
AMLSIM-CLI-1106,,I,365,
AMLSIM-CLI-1107,,I,365,
AMLSIM-CLI-1108,,I,365,
AMLSIM-CLI-1109,,I,365,
AMLSIM-CLI-1110,,I,365,
AMLSIM-CLI-1111,,I,365,
AMLSIM-CLI-1112,,I,365,
AMLSIM-CLI-1113,,I,365,
AMLSIM-CLI-1114,,I,365,
AMLSIM-CLI-1115,,I,365,
AMLSIM-CLI-1116,,I,365,
AMLSIM-CLI-1117,,I,365,
AMLSIM-CLI-1118,,I,365,
AMLSIM-CLI-1119,,I,365,
AMLSIM-CLI-1120,,I,365,
AMLSIM-CLI-1121,,I,365,
AMLSIM-CLI-1122,,I,365,
AMLSIM-CLI-1123,,I,365,
AMLSIM-CLI-1124,,I,365,
AMLSIM-CLI-1125,,I,365,
AMLSIM-CLI-1126,,I,365,
AMLSIM-CLI-1127,,I,365,
AMLSIM-CLI-1128,,I,365,
AMLSIM-CLI-1129,,I,365,
AMLSIM-CLI-1130,,I,365,
AMLSIM-CLI-1131,,I,365,
AMLSIM-CLI-1132,,I,365,
AMLSIM-CLI-1133,,I,365,
AMLSIM-CLI-1134,,I,365,
AMLSIM-CLI-1135,,I,365,
AMLSIM-CLI-1136,,I,365,
AMLSIM-CLI-1137,,I,365,
AMLSIM-CLI-1138,,I,365,
AMLSIM-CLI-1139,,I,365,
AMLSIM-CLI-1140,,I,365,
AMLSIM-CLI-1141,,I,365,
AMLSIM-CLI-1142,,I,365,
AMLSIM-CLI-1143,,I,365,
AMLSIM-CLI-1144,,I,365,
AMLSIM-CLI-1145,,I,365,
AMLSIM-CLI-1146,,I,365,
AMLSIM-CLI-1147,,I,365,
AMLSIM-CLI-1148,,I,365,
AMLSIM-CLI-1149,,I,365,
AMLSIM-CLI-1150,,I,365,
AMLSIM-CLI-1151,,I,365,
AMLSIM-CLI-1152,,I,365,
AMLSIM-CLI-1153,,I,365,
AMLSIM-CLI-1154,,I,365,
AMLSIM-CLI-1155,,I,365,
AMLSIM-CLI-1156,,I,365,
AMLSIM-CLI-1157,,I,365,
AMLSIM-CLI-1158,,I,365,
AMLSIM-CLI-1159,,I,365,
AMLSIM-CLI-1160,,I,365,
AMLSIM-CLI-1161,,I,365,
AMLSIM-CLI-1162,,I,365,
AMLSIM-CLI-1163,,I,365,
AMLSIM-CLI-1164,,I,365,
AMLSIM-CLI-1165,,I,365,
AMLSIM-CLI-1166,,I,365,
AMLSIM-CLI-1167,,I,365,
AMLSIM-CLI-1168,,I,365,
AMLSIM-CLI-1169,,I,365,
AMLSIM-CLI-1170,,I,365,
AMLSIM-CLI-1171,,I,365,
AMLSIM-CLI-1172,,I,365,
AMLSIM-CLI-1173,,I,365,
AMLSIM-CLI-1174,,I,365,
AMLSIM-CLI-1175,,I,365,
AMLSIM-CLI-1176,,I,365,
AMLSIM-CLI-1177,,I,365,
AMLSIM-CLI-1178,,I,365,
AMLSIM-CLI-1179,,I,365,
AMLSIM-CLI-1180,,I,365,
AMLSIM-CLI-1181,,I,365,
AMLSIM-CLI-1182,,I,365,
AMLSIM-CLI-1183,,I,365,
AMLSIM-CLI-1184,,I,365,
AMLSIM-CLI-1185,,I,365,
AMLSIM-CLI-1186,,I,365,
AMLSIM-CLI-1187,,I,365,
AMLSIM-CLI-1188,,I,365,
AMLSIM-CLI-1189,,I,365,
AMLSIM-CLI-1190,,I,365,
AMLSIM-CLI-1191,,I,365,
AMLSIM-CLI-1192,,I,365,
AMLSIM-CLI-1193,,I,365,
AMLSIM-CLI-1194,,I,365,
AMLSIM-CLI-1195,,I,365,
AMLSIM-CLI-1196,,I,365,
AMLSIM-CLI-1197,,I,365,
AMLSIM-CLI-1198,,I,365,
AMLSIM-CLI-1199,,I,365,
AMLSIM-CLI-1200,,I,365,
AMLSIM-CLI-1201,,I,365,
AMLSIM-CLI-1202,,I,365,
AMLSIM-CLI-1203,,I,365,
AMLSIM-CLI-1204,,I,365,
AMLSIM-CLI-1205,,I,365,
AMLSIM-CLI-1206,,I,365,
AMLSIM-CLI-1207,,I,365,
AMLSIM-CLI-1208,,I,365,
AMLSIM-CLI-1209,,I,365,
AMLSIM-CLI-1210,,I,365,
AMLSIM-CLI-1211,,I,365,
AMLSIM-CLI-1212,,I,365,
AMLSIM-CLI-1213,,I,365,
AMLSIM-CLI-1214,,I,365,
AMLSIM-CLI-1215,,I,365,
AMLSIM-CLI-1216,,I,365,
AMLSIM-CLI-1217,,I,365,
AMLSIM-CLI-1218,,I,365,
AMLSIM-CLI-1219,,I,365,
AMLSIM-CLI-1220,,I,365,
AMLSIM-CLI-1221,,I,365,
AMLSIM-CLI-1222,,I,365,
AMLSIM-CLI-1223,,I,365,
AMLSIM-CLI-1224,,I,365,
AMLSIM-CLI-1225,,I,365,
AMLSIM-CLI-1226,,I,365,
AMLSIM-CLI-1227,,I,365,
AMLSIM-CLI-1228,,I,365,
AMLSIM-CLI-1229,,I,365,
AMLSIM-CLI-1230,,I,365,
AMLSIM-CLI-1231,,I,365,
AMLSIM-CLI-1232,,I,365,
AMLSIM-CLI-1233,,I,365,
AMLSIM-CLI-1234,,I,365,
AMLSIM-CLI-1235,,I,365,
AMLSIM-CLI-1236,,I,365,
AMLSIM-CLI-1237,,I,365,
AMLSIM-CLI-1238,,I,365,
AMLSIM-CLI-1239,,I,365,
AMLSIM-CLI-1240,,I,365,
AMLSIM-CLI-1241,,I,365,
AMLSIM-CLI-1242,,I,365,
AMLSIM-CLI-1243,,I,365,
AMLSIM-CLI-1244,,I,365,
AMLSIM-CLI-1245,,I,365,
AMLSIM-CLI-1246,,I,365,
AMLSIM-CLI-1247,,I,365,
AMLSIM-CLI-1248,,I,365,
AMLSIM-CLI-1249,,I,365,
AMLSIM-CLI-1250,,I,365,
AMLSIM-CLI-1251,,I,365,
AMLSIM-CLI-1252,,I,365,
AMLSIM-CLI-1253,,I,365,
AMLSIM-CLI-1254,,I,365,
AMLSIM-CLI-1255,,I,365,
AMLSIM-CLI-1256,,I,365,
AMLSIM-CLI-1257,,I,365,
AMLSIM-CLI-1258,,I,365,
AMLSIM-CLI-1259,,I,365,
AMLSIM-CLI-1260,,I,365,
AMLSIM-CLI-1261,,I,365,
AMLSIM-CLI-1262,,I,365,
AMLSIM-CLI-1263,,I,365,
AMLSIM-CLI-1264,,I,365,
AMLSIM-CLI-1265,,I,365,
AMLSIM-CLI-1266,,I,365,
AMLSIM-CLI-1267,,I,365,
AMLSIM-CLI-1268,,I,365,
AMLSIM-CLI-1269,,I,365,
AMLSIM-CLI-1270,,I,365,
AMLSIM-CLI-1271,,I,365,
AMLSIM-CLI-1272,,I,365,
AMLSIM-CLI-1273,,I,365,
AMLSIM-CLI-1274,,I,365,
AMLSIM-CLI-1275,,I,365,
AMLSIM-CLI-1276,,I,365,
AMLSIM-CLI-1277,,I,365,
AMLSIM-CLI-1278,,I,365,
AMLSIM-CLI-1279,,I,365,
AMLSIM-CLI-1280,,I,365,
AMLSIM-CLI-1281,,I,365,
AMLSIM-CLI-1282,,I,365,
AMLSIM-CLI-1283,,I,365,
AMLSIM-CLI-1284,,I,365,
AMLSIM-CLI-1285,,I,365,
AMLSIM-CLI-1286,,I,365,
AMLSIM-CLI-1287,,I,365,
AMLSIM-CLI-1288,,I,365,
AMLSIM-CLI-1289,,I,365,
AMLSIM-CLI-1290,,I,365,
AMLSIM-CLI-1291,,I,365,
AMLSIM-CLI-1292,,I,365,
AMLSIM-CLI-1293,,I,365,
AMLSIM-CLI-1294,,I,365,
AMLSIM-CLI-1295,,I,365,
AMLSIM-CLI-1296,,I,365,
AMLSIM-CLI-1297,,I,365,
AMLSIM-CLI-1298,,I,365,
AMLSIM-CLI-1299,,I,365,
AMLSIM-CLI-1300,,I,365,
AMLSIM-CLI-1301,,I,365,
AMLSIM-CLI-1302,,I,365,
AMLSIM-CLI-1303,,I,365,
AMLSIM-CLI-1304,,I,365,
AMLSIM-CLI-1305,,I,365,
AMLSIM-CLI-1306,,I,365,
AMLSIM-CLI-1307,,I,365,
AMLSIM-CLI-1308,,I,365,
AMLSIM-CLI-1309,,I,365,
AMLSIM-CLI-1310,,I,365,
AMLSIM-CLI-1311,,I,365,
AMLSIM-CLI-1312,,I,365,
AMLSIM-CLI-1313,,I,365,
AMLSIM-CLI-1314,,I,365,
AMLSIM-CLI-1315,,I,365,
AMLSIM-CLI-1316,,I,365,
AMLSIM-CLI-1317,,I,365,
AMLSIM-CLI-1318,,I,365,
AMLSIM-CLI-1319,,I,365,
AMLSIM-CLI-1320,,I,365,
AMLSIM-CLI-1321,,I,365,
AMLSIM-CLI-1322,,I,365,
AMLSIM-CLI-1323,,I,365,
AMLSIM-CLI-1324,,I,365,
AMLSIM-CLI-1325,,I,365,
AMLSIM-CLI-1326,,I,365,
AMLSIM-CLI-1327,,I,365,
AMLSIM-CLI-1328,,I,365,
AMLSIM-CLI-1329,,I,365,
AMLSIM-CLI-1330,,I,365,
AMLSIM-CLI-1331,,I,365,
AMLSIM-CLI-1332,,I,365,
AMLSIM-CLI-1333,,I,365,
AMLSIM-CLI-1334,,I,365,
AMLSIM-CLI-1335,,I,365,
AMLSIM-CLI-1336,,I,365,
AMLSIM-CLI-1337,,I,365,
AMLSIM-CLI-1338,,I,365,
AMLSIM-CLI-1339,,I,365,
AMLSIM-CLI-1340,,I,365,
AMLSIM-CLI-1341,,I,365,
AMLSIM-CLI-1342,,I,365,
AMLSIM-CLI-1343,,I,365,
AMLSIM-CLI-1344,,I,365,
AMLSIM-CLI-1345,,I,365,
AMLSIM-CLI-1346,,I,365,
AMLSIM-CLI-1347,,I,365,
AMLSIM-CLI-1348,,I,365,
AMLSIM-CLI-1349,,I,365,
AMLSIM-CLI-1350,,I,365,
AMLSIM-CLI-1351,,I,365,
AMLSIM-CLI-1352,,I,365,
AMLSIM-CLI-1353,,I,365,
AMLSIM-CLI-1354,,I,365,
AMLSIM-CLI-1355,,I,365,
AMLSIM-CLI-1356,,I,365,
AMLSIM-CLI-1357,,I,365,
AMLSIM-CLI-1358,,I,365,
AMLSIM-CLI-1359,,I,365,
AMLSIM-CLI-1360,,I,365,
AMLSIM-CLI-1361,,I,365,
AMLSIM-CLI-1362,,I,365,
AMLSIM-CLI-1363,,I,365,
AMLSIM-CLI-1364,,I,365,
AMLSIM-CLI-1365,,I,365,
AMLSIM-CLI-1366,,I,365,
AMLSIM-CLI-1367,,I,365,
AMLSIM-CLI-1368,,I,365,
AMLSIM-CLI-1369,,I,365,
AMLSIM-CLI-1370,,I,365,
AMLSIM-CLI-1371,,I,365,
AMLSIM-CLI-1372,,I,365,
AMLSIM-CLI-1373,,I,365,
AMLSIM-CLI-1374,,I,365,
AMLSIM-CLI-1375,,I,365,
AMLSIM-CLI-1376,,I,365,
AMLSIM-CLI-1377,,I,365,
AMLSIM-CLI-1378,,I,365,
AMLSIM-CLI-1379,,I,365,
AMLSIM-CLI-1380,,I,365,
AMLSIM-CLI-1381,,I,365,
AMLSIM-CLI-1382,,I,365,
AMLSIM-CLI-1383,,I,365,
AMLSIM-CLI-1384,,I,365,
AMLSIM-CLI-1385,,I,365,
AMLSIM-CLI-1386,,I,365,
AMLSIM-CLI-1387,,I,365,
AMLSIM-CLI-1388,,I,365,
AMLSIM-CLI-1389,,I,365,
AMLSIM-CLI-1390,,I,365,
AMLSIM-CLI-1391,,I,365,
AMLSIM-CLI-1392,,I,365,
AMLSIM-CLI-1393,,I,365,
AMLSIM-CLI-1394,,I,365,
AMLSIM-CLI-1395,,I,365,
AMLSIM-CLI-1396,,I,365,
AMLSIM-CLI-1397,,I,365,
AMLSIM-CLI-1398,,I,365,
AMLSIM-CLI-1399,,I,365,
AMLSIM-CLI-1400,,I,365,
AMLSIM-CLI-1401,,I,365,
AMLSIM-CLI-1402,,I,365,
AMLSIM-CLI-1403,,I,365,
AMLSIM-CLI-1404,,I,365,
AMLSIM-CLI-1405,,I,365,
AMLSIM-CLI-1406,,I,365,
AMLSIM-CLI-1407,,I,365,
AMLSIM-CLI-1408,,I,365,
AMLSIM-CLI-1409,,I,365,
AMLSIM-CLI-1410,,I,365,
AMLSIM-CLI-1411,,I,365,
AMLSIM-CLI-1412,,I,365,
AMLSIM-CLI-1413,,I,365,
AMLSIM-CLI-1414,,I,365,
AMLSIM-CLI-1415,,I,365,
AMLSIM-CLI-1416,,I,365,
AMLSIM-CLI-1417,,I,365,
AMLSIM-CLI-1418,,I,365,
AMLSIM-CLI-1419,,I,365,
AMLSIM-CLI-1420,,I,365,
AMLSIM-CLI-1421,,I,365,
AMLSIM-CLI-1422,,I,365,
AMLSIM-CLI-1423,,I,365,
AMLSIM-CLI-1424,,I,365,
AMLSIM-CLI-1425,,I,365,
AMLSIM-CLI-1426,,I,365,
AMLSIM-CLI-1427,,I,365,
AMLSIM-CLI-1428,,I,365,
AMLSIM-CLI-1429,,I,365,
AMLSIM-CLI-1430,,I,365,
AMLSIM-CLI-1431,,I,365,
AMLSIM-CLI-1432,,I,365,
AMLSIM-CLI-1433,,I,365,
AMLSIM-CLI-1434,,I,365,
AMLSIM-CLI-1435,,I,365,
AMLSIM-CLI-1436,,I,365,
AMLSIM-CLI-1437,,I,365,
AMLSIM-CLI-1438,,I,365,
AMLSIM-CLI-1439,,I,365,
AMLSIM-CLI-1440,,I,365,
AMLSIM-CLI-1441,,I,365,
AMLSIM-CLI-1442,,I,365,
AMLSIM-CLI-1443,,I,365,
AMLSIM-CLI-1444,,I,365,
AMLSIM-CLI-1445,,I,365,
AMLSIM-CLI-1446,,I,365,
AMLSIM-CLI-1447,,I,365,
AMLSIM-CLI-1448,,I,365,
AMLSIM-CLI-1449,,I,365,
AMLSIM-CLI-1450,,I,365,
AMLSIM-CLI-1451,,I,365,
AMLSIM-CLI-1452,,I,365,
AMLSIM-CLI-1453,,I,365,
AMLSIM-CLI-1454,,I,365,
AMLSIM-CLI-1455,,I,365,
AMLSIM-CLI-1456,,I,365,
AMLSIM-CLI-1457,,I,365,
AMLSIM-CLI-1458,,I,365,
AMLSIM-CLI-1459,,I,365,
AMLSIM-CLI-1460,,I,365,
AMLSIM-CLI-1461,,I,365,
AMLSIM-CLI-1462,,I,365,
AMLSIM-CLI-1463,,I,365,
AMLSIM-CLI-1464,,I,365,
AMLSIM-CLI-1465,,I,365,
AMLSIM-CLI-1466,,I,365,
AMLSIM-CLI-1467,,I,365,
AMLSIM-CLI-1468,,I,365,
AMLSIM-CLI-1469,,I,365,
AMLSIM-CLI-1470,,I,365,
AMLSIM-CLI-1471,,I,365,
AMLSIM-CLI-1472,,I,365,
AMLSIM-CLI-1473,,I,365,
AMLSIM-CLI-1474,,I,365,
AMLSIM-CLI-1475,,I,365,
AMLSIM-CLI-1476,,I,365,
AMLSIM-CLI-1477,,I,365,
AMLSIM-CLI-1478,,I,365,
AMLSIM-CLI-1479,,I,365,
AMLSIM-CLI-1480,,I,365,
AMLSIM-CLI-1481,,I,365,
AMLSIM-CLI-1482,,I,365,
AMLSIM-CLI-1483,,I,365,
AMLSIM-CLI-1484,,I,365,
AMLSIM-CLI-1485,,I,365,
AMLSIM-CLI-1486,,I,365,
AMLSIM-CLI-1487,,I,365,
AMLSIM-CLI-1488,,I,365,
AMLSIM-CLI-1489,,I,365,
AMLSIM-CLI-1490,,I,365,
AMLSIM-CLI-1491,,I,365,
AMLSIM-CLI-1492,,I,365,
AMLSIM-CLI-1493,,I,365,
AMLSIM-CLI-1494,,I,365,
AMLSIM-CLI-1495,,I,365,
AMLSIM-CLI-1496,,I,365,
AMLSIM-CLI-1497,,I,365,
AMLSIM-CLI-1498,,I,365,
AMLSIM-CLI-1499,,I,365,
AMLSIM-CLI-1500,,I,365,
AMLSIM-CLI-1501,,I,365,
AMLSIM-CLI-1502,,I,365,
AMLSIM-CLI-1503,,I,365,
AMLSIM-CLI-1504,,I,365,
AMLSIM-CLI-1505,,I,365,
AMLSIM-CLI-1506,,I,365,
AMLSIM-CLI-1507,,I,365,
AMLSIM-CLI-1508,,I,365,
AMLSIM-CLI-1509,,I,365,
AMLSIM-CLI-1510,,I,365,
AMLSIM-CLI-1511,,I,365,
AMLSIM-CLI-1512,,I,365,
AMLSIM-CLI-1513,,I,365,
AMLSIM-CLI-1514,,I,365,
AMLSIM-CLI-1515,,I,365,
AMLSIM-CLI-1516,,I,365,
AMLSIM-CLI-1517,,I,365,
AMLSIM-CLI-1518,,I,365,
AMLSIM-CLI-1519,,I,365,
AMLSIM-CLI-1520,,I,365,
AMLSIM-CLI-1521,,I,365,
AMLSIM-CLI-1522,,I,365,
AMLSIM-CLI-1523,,I,365,
AMLSIM-CLI-1524,,I,365,
AMLSIM-CLI-1525,,I,365,
AMLSIM-CLI-1526,,I,365,
AMLSIM-CLI-1527,,I,365,
AMLSIM-CLI-1528,,I,365,
AMLSIM-CLI-1529,,I,365,
AMLSIM-CLI-1530,,I,365,
AMLSIM-CLI-1531,,I,365,
AMLSIM-CLI-1532,,I,365,
AMLSIM-CLI-1533,,I,365,
AMLSIM-CLI-1534,,I,365,
AMLSIM-CLI-1535,,I,365,
AMLSIM-CLI-1536,,I,365,
AMLSIM-CLI-1537,,I,365,
AMLSIM-CLI-1538,,I,365,
AMLSIM-CLI-1539,,I,365,
AMLSIM-CLI-1540,,I,365,
AMLSIM-CLI-1541,,I,365,
AMLSIM-CLI-1542,,I,365,
AMLSIM-CLI-1543,,I,365,
AMLSIM-CLI-1544,,I,365,
AMLSIM-CLI-1545,,I,365,
AMLSIM-CLI-1546,,I,365,
AMLSIM-CLI-1547,,I,365,
AMLSIM-CLI-1548,,I,365,
AMLSIM-CLI-1549,,I,365,
AMLSIM-CLI-1550,,I,365,
AMLSIM-CLI-1551,,I,365,
AMLSIM-CLI-1552,,I,365,
AMLSIM-CLI-1553,,I,365,
AMLSIM-CLI-1554,,I,365,
AMLSIM-CLI-1555,,I,365,
AMLSIM-CLI-1556,,I,365,
AMLSIM-CLI-1557,,I,365,
AMLSIM-CLI-1558,,I,365,
AMLSIM-CLI-1559,,I,365,
AMLSIM-CLI-1560,,I,365,
AMLSIM-CLI-1561,,I,365,
AMLSIM-CLI-1562,,I,365,
AMLSIM-CLI-1563,,I,365,
AMLSIM-CLI-1564,,I,365,
AMLSIM-CLI-1565,,I,365,
AMLSIM-CLI-1566,,I,365,
AMLSIM-CLI-1567,,I,365,
AMLSIM-CLI-1568,,I,365,
AMLSIM-CLI-1569,,I,365,
AMLSIM-CLI-1570,,I,365,
AMLSIM-CLI-1571,,I,365,
AMLSIM-CLI-1572,,I,365,
AMLSIM-CLI-1573,,I,365,
AMLSIM-CLI-1574,,I,365,
AMLSIM-CLI-1575,,I,365,
AMLSIM-CLI-1576,,I,365,
AMLSIM-CLI-1577,,I,365,
AMLSIM-CLI-1578,,I,365,
AMLSIM-CLI-1579,,I,365,
AMLSIM-CLI-1580,,I,365,
AMLSIM-CLI-1581,,I,365,
AMLSIM-CLI-1582,,I,365,
AMLSIM-CLI-1583,,I,365,
AMLSIM-CLI-1584,,I,365,
AMLSIM-CLI-1585,,I,365,
AMLSIM-CLI-1586,,I,365,
AMLSIM-CLI-1587,,I,365,
AMLSIM-CLI-1588,,I,365,
AMLSIM-CLI-1589,,I,365,
AMLSIM-CLI-1590,,I,365,
AMLSIM-CLI-1591,,I,365,
AMLSIM-CLI-1592,,I,365,
AMLSIM-CLI-1593,,I,365,
AMLSIM-CLI-1594,,I,365,
AMLSIM-CLI-1595,,I,365,
AMLSIM-CLI-1596,,I,365,
AMLSIM-CLI-1597,,I,365,
AMLSIM-CLI-1598,,I,365,
AMLSIM-CLI-1599,,I,365,
AMLSIM-CLI-1600,,I,365,
AMLSIM-CLI-1601,,I,365,
AMLSIM-CLI-1602,,I,365,
AMLSIM-CLI-1603,,I,365,
AMLSIM-CLI-1604,,I,365,
AMLSIM-CLI-1605,,I,365,
AMLSIM-CLI-1606,,I,365,
AMLSIM-CLI-1607,,I,365,
AMLSIM-CLI-1608,,I,365,
AMLSIM-CLI-1609,,I,365,
AMLSIM-CLI-1610,,I,365,
AMLSIM-CLI-1611,,I,365,
AMLSIM-CLI-1612,,I,365,
AMLSIM-CLI-1613,,I,365,
AMLSIM-CLI-1614,,I,365,
AMLSIM-CLI-1615,,I,365,
AMLSIM-CLI-1616,,I,365,
AMLSIM-CLI-1617,,I,365,
AMLSIM-CLI-1618,,I,365,
AMLSIM-CLI-1619,,I,365,
AMLSIM-CLI-1620,,I,365,
AMLSIM-CLI-1621,,I,365,
AMLSIM-CLI-1622,,I,365,
AMLSIM-CLI-1623,,I,365,
AMLSIM-CLI-1624,,I,365,
AMLSIM-CLI-1625,,I,365,
AMLSIM-CLI-1626,,I,365,
AMLSIM-CLI-1627,,I,365,
AMLSIM-CLI-1628,,I,365,
AMLSIM-CLI-1629,,I,365,
AMLSIM-CLI-1630,,I,365,
AMLSIM-CLI-1631,,I,365,
AMLSIM-CLI-1632,,I,365,
AMLSIM-CLI-1633,,I,365,
AMLSIM-CLI-1634,,I,365,
AMLSIM-CLI-1635,,I,365,
AMLSIM-CLI-1636,,I,365,
AMLSIM-CLI-1637,,I,365,
AMLSIM-CLI-1638,,I,365,
AMLSIM-CLI-1639,,I,365,
AMLSIM-CLI-1640,,I,365,
AMLSIM-CLI-1641,,I,365,
AMLSIM-CLI-1642,,I,365,
AMLSIM-CLI-1643,,I,365,
AMLSIM-CLI-1644,,I,365,
AMLSIM-CLI-1645,,I,365,
AMLSIM-CLI-1646,,I,365,
AMLSIM-CLI-1647,,I,365,
AMLSIM-CLI-1648,,I,365,
AMLSIM-CLI-1649,,I,365,
AMLSIM-CLI-1650,,I,365,
AMLSIM-CLI-1651,,I,365,
AMLSIM-CLI-1652,,I,365,
AMLSIM-CLI-1653,,I,365,
AMLSIM-CLI-1654,,I,365,
AMLSIM-CLI-1655,,I,365,
AMLSIM-CLI-1656,,I,365,
AMLSIM-CLI-1657,,I,365,
AMLSIM-CLI-1658,,I,365,
AMLSIM-CLI-1659,,I,365,
AMLSIM-CLI-1660,,I,365,
AMLSIM-CLI-1661,,I,365,
AMLSIM-CLI-1662,,I,365,
AMLSIM-CLI-1663,,I,365,
AMLSIM-CLI-1664,,I,365,
AMLSIM-CLI-1665,,I,365,
AMLSIM-CLI-1666,,I,365,
AMLSIM-CLI-1667,,I,365,
AMLSIM-CLI-1668,,I,365,
AMLSIM-CLI-1669,,I,365,
AMLSIM-CLI-1670,,I,365,
AMLSIM-CLI-1671,,I,365,
AMLSIM-CLI-1672,,I,365,
AMLSIM-CLI-1673,,I,365,
AMLSIM-CLI-1674,,I,365,
AMLSIM-CLI-1675,,I,365,
AMLSIM-CLI-1676,,I,365,
AMLSIM-CLI-1677,,I,365,
AMLSIM-CLI-1678,,I,365,
AMLSIM-CLI-1679,,I,365,
AMLSIM-CLI-1680,,I,365,
AMLSIM-CLI-1681,,I,365,
AMLSIM-CLI-1682,,I,365,
AMLSIM-CLI-1683,,I,365,
AMLSIM-CLI-1684,,I,365,
AMLSIM-CLI-1685,,I,365,
AMLSIM-CLI-1686,,I,365,
AMLSIM-CLI-1687,,I,365,
AMLSIM-CLI-1688,,I,365,
AMLSIM-CLI-1689,,I,365,
AMLSIM-CLI-1690,,I,365,
AMLSIM-CLI-1691,,I,365,
AMLSIM-CLI-1692,,I,365,
AMLSIM-CLI-1693,,I,365,
AMLSIM-CLI-1694,,I,365,
AMLSIM-CLI-1695,,I,365,
AMLSIM-CLI-1696,,I,365,
AMLSIM-CLI-1697,,I,365,
AMLSIM-CLI-1698,,I,365,
AMLSIM-CLI-1699,,I,365,
AMLSIM-CLI-1700,,I,365,
AMLSIM-CLI-1701,,I,365,
AMLSIM-CLI-1702,,I,365,
AMLSIM-CLI-1703,,I,365,
AMLSIM-CLI-1704,,I,365,
AMLSIM-CLI-1705,,I,365,
AMLSIM-CLI-1706,,I,365,
AMLSIM-CLI-1707,,I,365,
AMLSIM-CLI-1708,,I,365,
AMLSIM-CLI-1709,,I,365,
AMLSIM-CLI-1710,,I,365,
AMLSIM-CLI-1711,,I,365,
AMLSIM-CLI-1712,,I,365,
AMLSIM-CLI-1713,,I,365,
AMLSIM-CLI-1714,,I,365,
AMLSIM-CLI-1715,,I,365,
AMLSIM-CLI-1716,,I,365,
AMLSIM-CLI-1717,,I,365,
AMLSIM-CLI-1718,,I,365,
AMLSIM-CLI-1719,,I,365,
AMLSIM-CLI-1720,,I,365,
AMLSIM-CLI-1721,,I,365,
AMLSIM-CLI-1722,,I,365,
AMLSIM-CLI-1723,,I,365,
AMLSIM-CLI-1724,,I,365,
AMLSIM-CLI-1725,,I,365,
AMLSIM-CLI-1726,,I,365,
AMLSIM-CLI-1727,,I,365,
AMLSIM-CLI-1728,,I,365,
AMLSIM-CLI-1729,,I,365,
AMLSIM-CLI-1730,,I,365,
AMLSIM-CLI-1731,,I,365,
AMLSIM-CLI-1732,,I,365,
AMLSIM-CLI-1733,,I,365,
AMLSIM-CLI-1734,,I,365,
AMLSIM-CLI-1735,,I,365,
AMLSIM-CLI-1736,,I,365,
AMLSIM-CLI-1737,,I,365,
AMLSIM-CLI-1738,,I,365,
AMLSIM-CLI-1739,,I,365,
AMLSIM-CLI-1740,,I,365,
AMLSIM-CLI-1741,,I,365,
AMLSIM-CLI-1742,,I,365,
AMLSIM-CLI-1743,,I,365,
AMLSIM-CLI-1744,,I,365,
AMLSIM-CLI-1745,,I,365,
AMLSIM-CLI-1746,,I,365,
AMLSIM-CLI-1747,,I,365,
AMLSIM-CLI-1748,,I,365,
AMLSIM-CLI-1749,,I,365,
AMLSIM-CLI-1750,,I,365,
AMLSIM-CLI-1751,,I,365,
AMLSIM-CLI-1752,,I,365,
AMLSIM-CLI-1753,,I,365,
AMLSIM-CLI-1754,,I,365,
AMLSIM-CLI-1755,,I,365,
AMLSIM-CLI-1756,,I,365,
AMLSIM-CLI-1757,,I,365,
AMLSIM-CLI-1758,,I,365,
AMLSIM-CLI-1759,,I,365,
AMLSIM-CLI-1760,,I,365,
AMLSIM-CLI-1761,,I,365,
AMLSIM-CLI-1762,,I,365,
AMLSIM-CLI-1763,,I,365,
AMLSIM-CLI-1764,,I,365,
AMLSIM-CLI-1765,,I,365,
AMLSIM-CLI-1766,,I,365,
AMLSIM-CLI-1767,,I,365,
AMLSIM-CLI-1768,,I,365,
AMLSIM-CLI-1769,,I,365,
AMLSIM-CLI-1770,,I,365,
AMLSIM-CLI-1771,,I,365,
AMLSIM-CLI-1772,,I,365,
AMLSIM-CLI-1773,,I,365,
AMLSIM-CLI-1774,,I,365,
AMLSIM-CLI-1775,,I,365,
AMLSIM-CLI-1776,,I,365,
AMLSIM-CLI-1777,,I,365,
AMLSIM-CLI-1778,,I,365,
AMLSIM-CLI-1779,,I,365,
AMLSIM-CLI-1780,,I,365,
AMLSIM-CLI-1781,,I,365,
AMLSIM-CLI-1782,,I,365,
AMLSIM-CLI-1783,,I,365,
AMLSIM-CLI-1784,,I,365,
AMLSIM-CLI-1785,,I,365,
AMLSIM-CLI-1786,,I,365,
AMLSIM-CLI-1787,,I,365,
AMLSIM-CLI-1788,,I,365,
AMLSIM-CLI-1789,,I,365,
AMLSIM-CLI-1790,,I,365,
AMLSIM-CLI-1791,,I,365,
AMLSIM-CLI-1792,,I,365,
AMLSIM-CLI-1793,,I,365,
AMLSIM-CLI-1794,,I,365,
AMLSIM-CLI-1795,,I,365,
AMLSIM-CLI-1796,,I,365,
AMLSIM-CLI-1797,,I,365,
AMLSIM-CLI-1798,,I,365,
AMLSIM-CLI-1799,,I,365,
AMLSIM-CLI-1800,,I,365,
AMLSIM-CLI-1801,,I,365,
AMLSIM-CLI-1802,,I,365,
AMLSIM-CLI-1803,,I,365,
AMLSIM-CLI-1804,,I,365,
AMLSIM-CLI-1805,,I,365,
AMLSIM-CLI-1806,,I,365,
AMLSIM-CLI-1807,,I,365,
AMLSIM-CLI-1808,,I,365,
AMLSIM-CLI-1809,,I,365,
AMLSIM-CLI-1810,,I,365,
AMLSIM-CLI-1811,,I,365,
AMLSIM-CLI-1812,,I,365,
AMLSIM-CLI-1813,,I,365,
AMLSIM-CLI-1814,,I,365,
AMLSIM-CLI-1815,,I,365,
AMLSIM-CLI-1816,,I,365,
AMLSIM-CLI-1817,,I,365,
AMLSIM-CLI-1818,,I,365,
AMLSIM-CLI-1819,,I,365,
AMLSIM-CLI-1820,,I,365,
AMLSIM-CLI-1821,,I,365,
AMLSIM-CLI-1822,,I,365,
AMLSIM-CLI-1823,,I,365,
AMLSIM-CLI-1824,,I,365,
AMLSIM-CLI-1825,,I,365,
AMLSIM-CLI-1826,,I,365,
AMLSIM-CLI-1827,,I,365,
AMLSIM-CLI-1828,,I,365,
AMLSIM-CLI-1829,,I,365,
AMLSIM-CLI-1830,,I,365,
AMLSIM-CLI-1831,,I,365,
AMLSIM-CLI-1832,,I,365,
AMLSIM-CLI-1833,,I,365,
AMLSIM-CLI-1834,,I,365,
AMLSIM-CLI-1835,,I,365,
AMLSIM-CLI-1836,,I,365,
AMLSIM-CLI-1837,,I,365,
AMLSIM-CLI-1838,,I,365,
AMLSIM-CLI-1839,,I,365,
AMLSIM-CLI-1840,,I,365,
AMLSIM-CLI-1841,,I,365,
AMLSIM-CLI-1842,,I,365,
AMLSIM-CLI-1843,,I,365,
AMLSIM-CLI-1844,,I,365,
AMLSIM-CLI-1845,,I,365,
AMLSIM-CLI-1846,,I,365,
AMLSIM-CLI-1847,,I,365,
AMLSIM-CLI-1848,,I,365,
AMLSIM-CLI-1849,,I,365,
AMLSIM-CLI-1850,,I,365,
AMLSIM-CLI-1851,,I,365,
AMLSIM-CLI-1852,,I,365,
AMLSIM-CLI-1853,,I,365,
AMLSIM-CLI-1854,,I,365,
AMLSIM-CLI-1855,,I,365,
AMLSIM-CLI-1856,,I,365,
AMLSIM-CLI-1857,,I,365,
AMLSIM-CLI-1858,,I,365,
AMLSIM-CLI-1859,,I,365,
AMLSIM-CLI-1860,,I,365,
AMLSIM-CLI-1861,,I,365,
AMLSIM-CLI-1862,,I,365,
AMLSIM-CLI-1863,,I,365,
AMLSIM-CLI-1864,,I,365,
AMLSIM-CLI-1865,,I,365,
AMLSIM-CLI-1866,,I,365,
AMLSIM-CLI-1867,,I,365,
AMLSIM-CLI-1868,,I,365,
AMLSIM-CLI-1869,,I,365,
AMLSIM-CLI-1870,,I,365,
AMLSIM-CLI-1871,,I,365,
AMLSIM-CLI-1872,,I,365,
AMLSIM-CLI-1873,,I,365,
AMLSIM-CLI-1874,,I,365,
AMLSIM-CLI-1875,,I,365,
AMLSIM-CLI-1876,,I,365,
AMLSIM-CLI-1877,,I,365,
AMLSIM-CLI-1878,,I,365,
AMLSIM-CLI-1879,,I,365,
AMLSIM-CLI-1880,,I,365,
AMLSIM-CLI-1881,,I,365,
AMLSIM-CLI-1882,,I,365,
AMLSIM-CLI-1883,,I,365,
AMLSIM-CLI-1884,,I,365,
AMLSIM-CLI-1885,,I,365,
AMLSIM-CLI-1886,,I,365,
AMLSIM-CLI-1887,,I,365,
AMLSIM-CLI-1888,,I,365,
AMLSIM-CLI-1889,,I,365,
AMLSIM-CLI-1890,,I,365,
AMLSIM-CLI-1891,,I,365,
AMLSIM-CLI-1892,,I,365,
AMLSIM-CLI-1893,,I,365,
AMLSIM-CLI-1894,,I,365,
AMLSIM-CLI-1895,,I,365,
AMLSIM-CLI-1896,,I,365,
AMLSIM-CLI-1897,,I,365,
AMLSIM-CLI-1898,,I,365,
AMLSIM-CLI-1899,,I,365,
AMLSIM-CLI-1900,,I,365,
AMLSIM-CLI-1901,,I,365,
AMLSIM-CLI-1902,,I,365,
AMLSIM-CLI-1903,,I,365,
AMLSIM-CLI-1904,,I,365,
AMLSIM-CLI-1905,,I,365,
AMLSIM-CLI-1906,,I,365,
AMLSIM-CLI-1907,,I,365,
AMLSIM-CLI-1908,,I,365,
AMLSIM-CLI-1909,,I,365,
AMLSIM-CLI-1910,,I,365,
AMLSIM-CLI-1911,,I,365,
AMLSIM-CLI-1912,,I,365,
AMLSIM-CLI-1913,,I,365,
AMLSIM-CLI-1914,,I,365,
AMLSIM-CLI-1915,,I,365,
AMLSIM-CLI-1916,,I,365,
AMLSIM-CLI-1917,,I,365,
AMLSIM-CLI-1918,,I,365,
AMLSIM-CLI-1919,,I,365,
AMLSIM-CLI-1920,,I,365,
AMLSIM-CLI-1921,,I,365,
AMLSIM-CLI-1922,,I,365,
AMLSIM-CLI-1923,,I,365,
AMLSIM-CLI-1924,,I,365,
AMLSIM-CLI-1925,,I,365,
AMLSIM-CLI-1926,,I,365,
AMLSIM-CLI-1927,,I,365,
AMLSIM-CLI-1928,,I,365,
AMLSIM-CLI-1929,,I,365,
AMLSIM-CLI-1930,,I,365,
AMLSIM-CLI-1931,,I,365,
AMLSIM-CLI-1932,,I,365,
AMLSIM-CLI-1933,,I,365,
AMLSIM-CLI-1934,,I,365,
AMLSIM-CLI-1935,,I,365,
AMLSIM-CLI-1936,,I,365,
AMLSIM-CLI-1937,,I,365,
AMLSIM-CLI-1938,,I,365,
AMLSIM-CLI-1939,,I,365,
AMLSIM-CLI-1940,,I,365,
AMLSIM-CLI-1941,,I,365,
AMLSIM-CLI-1942,,I,365,
AMLSIM-CLI-1943,,I,365,
AMLSIM-CLI-1944,,I,365,
AMLSIM-CLI-1945,,I,365,
AMLSIM-CLI-1946,,I,365,
AMLSIM-CLI-1947,,I,365,
AMLSIM-CLI-1948,,I,365,
AMLSIM-CLI-1949,,I,365,
AMLSIM-CLI-1950,,I,365,
AMLSIM-CLI-1951,,I,365,
AMLSIM-CLI-1952,,I,365,
AMLSIM-CLI-1953,,I,365,
AMLSIM-CLI-1954,,I,365,
AMLSIM-CLI-1955,,I,365,
AMLSIM-CLI-1956,,I,365,
AMLSIM-CLI-1957,,I,365,
AMLSIM-CLI-1958,,I,365,
AMLSIM-CLI-1959,,I,365,
AMLSIM-CLI-1960,,I,365,
AMLSIM-CLI-1961,,I,365,
AMLSIM-CLI-1962,,I,365,
AMLSIM-CLI-1963,,I,365,
AMLSIM-CLI-1964,,I,365,
AMLSIM-CLI-1965,,I,365,
AMLSIM-CLI-1966,,I,365,
AMLSIM-CLI-1967,,I,365,
AMLSIM-CLI-1968,,I,365,
AMLSIM-CLI-1969,,I,365,
AMLSIM-CLI-1970,,I,365,
AMLSIM-CLI-1971,,I,365,
AMLSIM-CLI-1972,,I,365,
AMLSIM-CLI-1973,,I,365,
AMLSIM-CLI-1974,,I,365,
AMLSIM-CLI-1975,,I,365,
AMLSIM-CLI-1976,,I,365,
AMLSIM-CLI-1977,,I,365,
AMLSIM-CLI-1978,,I,365,
AMLSIM-CLI-1979,,I,365,
AMLSIM-CLI-1980,,I,365,
AMLSIM-CLI-1981,,I,365,
AMLSIM-CLI-1982,,I,365,
AMLSIM-CLI-1983,,I,365,
AMLSIM-CLI-1984,,I,365,
AMLSIM-CLI-1985,,I,365,
AMLSIM-CLI-1986,,I,365,
AMLSIM-CLI-1987,,I,365,
AMLSIM-CLI-1988,,I,365,
AMLSIM-CLI-1989,,I,365,
AMLSIM-CLI-1990,,I,365,
AMLSIM-CLI-1991,,I,365,
AMLSIM-CLI-1992,,I,365,
AMLSIM-CLI-1993,,I,365,
AMLSIM-CLI-1994,,I,365,
AMLSIM-CLI-1995,,I,365,
AMLSIM-CLI-1996,,I,365,
AMLSIM-CLI-1997,,I,365,
AMLSIM-CLI-1998,,I,365,
AMLSIM-CLI-1999,,I,365,
AMLSIM-CLI-2000,,I,365,
AMLSIM-CLI-2001,,I,365,
AMLSIM-CLI-2002,,I,365,
AMLSIM-CLI-2003,,I,365,
AMLSIM-CLI-2004,,I,365,
AMLSIM-CLI-2005,,I,365,
AMLSIM-CLI-2006,,I,365,
AMLSIM-CLI-2007,,I,365,
AMLSIM-CLI-2008,,I,365,
AMLSIM-CLI-2009,,I,365,
AMLSIM-CLI-2010,,I,365,
AMLSIM-CLI-2011,,I,365,
AMLSIM-CLI-2012,,I,365,
AMLSIM-CLI-2013,,I,365,
AMLSIM-CLI-2014,,I,365,
AMLSIM-CLI-2015,,I,365,
AMLSIM-CLI-2016,,I,365,
AMLSIM-CLI-2017,,I,365,
AMLSIM-CLI-2018,,I,365,
AMLSIM-CLI-2019,,I,365,
AMLSIM-CLI-2020,,I,365,
AMLSIM-CLI-2021,,I,365,
AMLSIM-CLI-2022,,I,365,
AMLSIM-CLI-2023,,I,365,
AMLSIM-CLI-2024,,I,365,
AMLSIM-CLI-2025,,I,365,
AMLSIM-CLI-2026,,I,365,
AMLSIM-CLI-2027,,I,365,
AMLSIM-CLI-2028,,I,365,
AMLSIM-CLI-2029,,I,365,
AMLSIM-CLI-2030,,I,365,
AMLSIM-CLI-2031,,I,365,
AMLSIM-CLI-2032,,I,365,
AMLSIM-CLI-2033,,I,365,
AMLSIM-CLI-2034,,I,365,
AMLSIM-CLI-2035,,I,365,
AMLSIM-CLI-2036,,I,365,
AMLSIM-CLI-2037,,I,365,
AMLSIM-CLI-2038,,I,365,
AMLSIM-CLI-2039,,I,365,
AMLSIM-CLI-2040,,I,365,
AMLSIM-CLI-2041,,I,365,
AMLSIM-CLI-2042,,I,365,
AMLSIM-CLI-2043,,I,365,
AMLSIM-CLI-2044,,I,365,
AMLSIM-CLI-2045,,I,365,
AMLSIM-CLI-2046,,I,365,
AMLSIM-CLI-2047,,I,365,
AMLSIM-CLI-2048,,I,365,
AMLSIM-CLI-2049,,I,365,
AMLSIM-CLI-2050,,I,365,
AMLSIM-CLI-2051,,I,365,
AMLSIM-CLI-2052,,I,365,
AMLSIM-CLI-2053,,I,365,
AMLSIM-CLI-2054,,I,365,
AMLSIM-CLI-2055,,I,365,
AMLSIM-CLI-2056,,I,365,
AMLSIM-CLI-2057,,I,365,
AMLSIM-CLI-2058,,I,365,
AMLSIM-CLI-2059,,I,365,
AMLSIM-CLI-2060,,I,365,
AMLSIM-CLI-2061,,I,365,
AMLSIM-CLI-2062,,I,365,
AMLSIM-CLI-2063,,I,365,
AMLSIM-CLI-2064,,I,365,
AMLSIM-CLI-2065,,I,365,
AMLSIM-CLI-2066,,I,365,
AMLSIM-CLI-2067,,I,365,
AMLSIM-CLI-2068,,I,365,
AMLSIM-CLI-2069,,I,365,
AMLSIM-CLI-2070,,I,365,
AMLSIM-CLI-2071,,I,365,
AMLSIM-CLI-2072,,I,365,
AMLSIM-CLI-2073,,I,365,
AMLSIM-CLI-2074,,I,365,
AMLSIM-CLI-2075,,I,365,
AMLSIM-CLI-2076,,I,365,
AMLSIM-CLI-2077,,I,365,
AMLSIM-CLI-2078,,I,365,
AMLSIM-CLI-2079,,I,365,
AMLSIM-CLI-2080,,I,365,
AMLSIM-CLI-2081,,I,365,
AMLSIM-CLI-2082,,I,365,
AMLSIM-CLI-2083,,I,365,
AMLSIM-CLI-2084,,I,365,
AMLSIM-CLI-2085,,I,365,
AMLSIM-CLI-2086,,I,365,
AMLSIM-CLI-2087,,I,365,
AMLSIM-CLI-2088,,I,365,
AMLSIM-CLI-2089,,I,365,
AMLSIM-CLI-2090,,I,365,
AMLSIM-CLI-2091,,I,365,
AMLSIM-CLI-2092,,I,365,
AMLSIM-CLI-2093,,I,365,
AMLSIM-CLI-2094,,I,365,
AMLSIM-CLI-2095,,I,365,
AMLSIM-CLI-2096,,I,365,
AMLSIM-CLI-2097,,I,365,
AMLSIM-CLI-2098,,I,365,
AMLSIM-CLI-2099,,I,365,
AMLSIM-CLI-2100,,I,365,
AMLSIM-CLI-2101,,I,365,
AMLSIM-CLI-2102,,I,365,
AMLSIM-CLI-2103,,I,365,
AMLSIM-CLI-2104,,I,365,
AMLSIM-CLI-2105,,I,365,
AMLSIM-CLI-2106,,I,365,
AMLSIM-CLI-2107,,I,365,
AMLSIM-CLI-2108,,I,365,
AMLSIM-CLI-2109,,I,365,
AMLSIM-CLI-2110,,I,365,
AMLSIM-CLI-2111,,I,365,
AMLSIM-CLI-2112,,I,365,
AMLSIM-CLI-2113,,I,365,
AMLSIM-CLI-2114,,I,365,
AMLSIM-CLI-2115,,I,365,
AMLSIM-CLI-2116,,I,365,
AMLSIM-CLI-2117,,I,365,
AMLSIM-CLI-2118,,I,365,
AMLSIM-CLI-2119,,I,365,
AMLSIM-CLI-2120,,I,365,
AMLSIM-CLI-2121,,I,365,
AMLSIM-CLI-2122,,I,365,
AMLSIM-CLI-2123,,I,365,
AMLSIM-CLI-2124,,I,365,
AMLSIM-CLI-2125,,I,365,
AMLSIM-CLI-2126,,I,365,
AMLSIM-CLI-2127,,I,365,
AMLSIM-CLI-2128,,I,365,
AMLSIM-CLI-2129,,I,365,
AMLSIM-CLI-2130,,I,365,
AMLSIM-CLI-2131,,I,365,
AMLSIM-CLI-2132,,I,365,
AMLSIM-CLI-2133,,I,365,
AMLSIM-CLI-2134,,I,365,
AMLSIM-CLI-2135,,I,365,
AMLSIM-CLI-2136,,I,365,
AMLSIM-CLI-2137,,I,365,
AMLSIM-CLI-2138,,I,365,
AMLSIM-CLI-2139,,I,365,
AMLSIM-CLI-2140,,I,365,
AMLSIM-CLI-2141,,I,365,
AMLSIM-CLI-2142,,I,365,
AMLSIM-CLI-2143,,I,365,
AMLSIM-CLI-2144,,I,365,
AMLSIM-CLI-2145,,I,365,
AMLSIM-CLI-2146,,I,365,
AMLSIM-CLI-2147,,I,365,
AMLSIM-CLI-2148,,I,365,
AMLSIM-CLI-2149,,I,365,
AMLSIM-CLI-2150,,I,365,
AMLSIM-CLI-2151,,I,365,
AMLSIM-CLI-2152,,I,365,
AMLSIM-CLI-2153,,I,365,
AMLSIM-CLI-2154,,I,365,
AMLSIM-CLI-2155,,I,365,
AMLSIM-CLI-2156,,I,365,
AMLSIM-CLI-2157,,I,365,
AMLSIM-CLI-2158,,I,365,
AMLSIM-CLI-2159,,I,365,
AMLSIM-CLI-2160,,I,365,
AMLSIM-CLI-2161,,I,365,
AMLSIM-CLI-2162,,I,365,
AMLSIM-CLI-2163,,I,365,
AMLSIM-CLI-2164,,I,365,
AMLSIM-CLI-2165,,I,365,
AMLSIM-CLI-2166,,I,365,
AMLSIM-CLI-2167,,I,365,
AMLSIM-CLI-2168,,I,365,
AMLSIM-CLI-2169,,I,365,
AMLSIM-CLI-2170,,I,365,
AMLSIM-CLI-2171,,I,365,
AMLSIM-CLI-2172,,I,365,
AMLSIM-CLI-2173,,I,365,
AMLSIM-CLI-2174,,I,365,
AMLSIM-CLI-2175,,I,365,
AMLSIM-CLI-2176,,I,365,
AMLSIM-CLI-2177,,I,365,
AMLSIM-CLI-2178,,I,365,
AMLSIM-CLI-2179,,I,365,
AMLSIM-CLI-2180,,I,365,
AMLSIM-CLI-2181,,I,365,
AMLSIM-CLI-2182,,I,365,
AMLSIM-CLI-2183,,I,365,
AMLSIM-CLI-2184,,I,365,
AMLSIM-CLI-2185,,I,365,
AMLSIM-CLI-2186,,I,365,
AMLSIM-CLI-2187,,I,365,
AMLSIM-CLI-2188,,I,365,
AMLSIM-CLI-2189,,I,365,
AMLSIM-CLI-2190,,I,365,
AMLSIM-CLI-2191,,I,365,
AMLSIM-CLI-2192,,I,365,
AMLSIM-CLI-2193,,I,365,
AMLSIM-CLI-2194,,I,365,
AMLSIM-CLI-2195,,I,365,
AMLSIM-CLI-2196,,I,365,
AMLSIM-CLI-2197,,I,365,
AMLSIM-CLI-2198,,I,365,
AMLSIM-CLI-2199,,I,365,
AMLSIM-CLI-2200,,I,365,
AMLSIM-CLI-2201,,I,365,
AMLSIM-CLI-2202,,I,365,
AMLSIM-CLI-2203,,I,365,
AMLSIM-CLI-2204,,I,365,
AMLSIM-CLI-2205,,I,365,
AMLSIM-CLI-2206,,I,365,
AMLSIM-CLI-2207,,I,365,
AMLSIM-CLI-2208,,I,365,
AMLSIM-CLI-2209,,I,365,
AMLSIM-CLI-2210,,I,365,
AMLSIM-CLI-2211,,I,365,
AMLSIM-CLI-2212,,I,365,
AMLSIM-CLI-2213,,I,365,
AMLSIM-CLI-2214,,I,365,
AMLSIM-CLI-2215,,I,365,
AMLSIM-CLI-2216,,I,365,
AMLSIM-CLI-2217,,I,365,
AMLSIM-CLI-2218,,I,365,
AMLSIM-CLI-2219,,I,365,
AMLSIM-CLI-2220,,I,365,
AMLSIM-CLI-2221,,I,365,
AMLSIM-CLI-2222,,I,365,
AMLSIM-CLI-2223,,I,365,
AMLSIM-CLI-2224,,I,365,
AMLSIM-CLI-2225,,I,365,
AMLSIM-CLI-2226,,I,365,
AMLSIM-CLI-2227,,I,365,
AMLSIM-CLI-2228,,I,365,
AMLSIM-CLI-2229,,I,365,
AMLSIM-CLI-2230,,I,365,
AMLSIM-CLI-2231,,I,365,
AMLSIM-CLI-2232,,I,365,
AMLSIM-CLI-2233,,I,365,
AMLSIM-CLI-2234,,I,365,
AMLSIM-CLI-2235,,I,365,
AMLSIM-CLI-2236,,I,365,
AMLSIM-CLI-2237,,I,365,
AMLSIM-CLI-2238,,I,365,
AMLSIM-CLI-2239,,I,365,
AMLSIM-CLI-2240,,I,365,
AMLSIM-CLI-2241,,I,365,
AMLSIM-CLI-2242,,I,365,
AMLSIM-CLI-2243,,I,365,
AMLSIM-CLI-2244,,I,365,
AMLSIM-CLI-2245,,I,365,
AMLSIM-CLI-2246,,I,365,
AMLSIM-CLI-2247,,I,365,
AMLSIM-CLI-2248,,I,365,
AMLSIM-CLI-2249,,I,365,
AMLSIM-CLI-2250,,I,365,
AMLSIM-CLI-2251,,I,365,
AMLSIM-CLI-2252,,I,365,
AMLSIM-CLI-2253,,I,365,
AMLSIM-CLI-2254,,I,365,
AMLSIM-CLI-2255,,I,365,
AMLSIM-CLI-2256,,I,365,
AMLSIM-CLI-2257,,I,365,
AMLSIM-CLI-2258,,I,365,
AMLSIM-CLI-2259,,I,365,
AMLSIM-CLI-2260,,I,365,
AMLSIM-CLI-2261,,I,365,
AMLSIM-CLI-2262,,I,365,
AMLSIM-CLI-2263,,I,365,
AMLSIM-CLI-2264,,I,365,
AMLSIM-CLI-2265,,I,365,
AMLSIM-CLI-2266,,I,365,
AMLSIM-CLI-2267,,I,365,
AMLSIM-CLI-2268,,I,365,
AMLSIM-CLI-2269,,I,365,
AMLSIM-CLI-2270,,I,365,
AMLSIM-CLI-2271,,I,365,
AMLSIM-CLI-2272,,I,365,
AMLSIM-CLI-2273,,I,365,
AMLSIM-CLI-2274,,I,365,
AMLSIM-CLI-2275,,I,365,
AMLSIM-CLI-2276,,I,365,
AMLSIM-CLI-2277,,I,365,
AMLSIM-CLI-2278,,I,365,
AMLSIM-CLI-2279,,I,365,
AMLSIM-CLI-2280,,I,365,
AMLSIM-CLI-2281,,I,365,
AMLSIM-CLI-2282,,I,365,
AMLSIM-CLI-2283,,I,365,
AMLSIM-CLI-2284,,I,365,
AMLSIM-CLI-2285,,I,365,
AMLSIM-CLI-2286,,I,365,
AMLSIM-CLI-2287,,I,365,
AMLSIM-CLI-2288,,I,365,
AMLSIM-CLI-2289,,I,365,
AMLSIM-CLI-2290,,I,365,
AMLSIM-CLI-2291,,I,365,
AMLSIM-CLI-2292,,I,365,
AMLSIM-CLI-2293,,I,365,
AMLSIM-CLI-2294,,I,365,
AMLSIM-CLI-2295,,I,365,
AMLSIM-CLI-2296,,I,365,
AMLSIM-CLI-2297,,I,365,
AMLSIM-CLI-2298,,I,365,
AMLSIM-CLI-2299,,I,365,
AMLSIM-CLI-2300,,I,365,
AMLSIM-CLI-2301,,I,365,
AMLSIM-CLI-2302,,I,365,
AMLSIM-CLI-2303,,I,365,
AMLSIM-CLI-2304,,I,365,
AMLSIM-CLI-2305,,I,365,
AMLSIM-CLI-2306,,I,365,
AMLSIM-CLI-2307,,I,365,
AMLSIM-CLI-2308,,I,365,
AMLSIM-CLI-2309,,I,365,
AMLSIM-CLI-2310,,I,365,
AMLSIM-CLI-2311,,I,365,
AMLSIM-CLI-2312,,I,365,
AMLSIM-CLI-2313,,I,365,
AMLSIM-CLI-2314,,I,365,
AMLSIM-CLI-2315,,I,365,
AMLSIM-CLI-2316,,I,365,
AMLSIM-CLI-2317,,I,365,
AMLSIM-CLI-2318,,I,365,
AMLSIM-CLI-2319,,I,365,
AMLSIM-CLI-2320,,I,365,
AMLSIM-CLI-2321,,I,365,
AMLSIM-CLI-2322,,I,365,
AMLSIM-CLI-2323,,I,365,
AMLSIM-CLI-2324,,I,365,
AMLSIM-CLI-2325,,I,365,
AMLSIM-CLI-2326,,I,365,
AMLSIM-CLI-2327,,I,365,
AMLSIM-CLI-2328,,I,365,
AMLSIM-CLI-2329,,I,365,
AMLSIM-CLI-2330,,I,365,
AMLSIM-CLI-2331,,I,365,
AMLSIM-CLI-2332,,I,365,
AMLSIM-CLI-2333,,I,365,
AMLSIM-CLI-2334,,I,365,
AMLSIM-CLI-2335,,I,365,
AMLSIM-CLI-2336,,I,365,
AMLSIM-CLI-2337,,I,365,
AMLSIM-CLI-2338,,I,365,
AMLSIM-CLI-2339,,I,365,
AMLSIM-CLI-2340,,I,365,
AMLSIM-CLI-2341,,I,365,
AMLSIM-CLI-2342,,I,365,
AMLSIM-CLI-2343,,I,365,
AMLSIM-CLI-2344,,I,365,
AMLSIM-CLI-2345,,I,365,
AMLSIM-CLI-2346,,I,365,
AMLSIM-CLI-2347,,I,365,
AMLSIM-CLI-2348,,I,365,
AMLSIM-CLI-2349,,I,365,
AMLSIM-CLI-2350,,I,365,
AMLSIM-CLI-2351,,I,365,
AMLSIM-CLI-2352,,I,365,
AMLSIM-CLI-2353,,I,365,
AMLSIM-CLI-2354,,I,365,
AMLSIM-CLI-2355,,I,365,
AMLSIM-CLI-2356,,I,365,
AMLSIM-CLI-2357,,I,365,
AMLSIM-CLI-2358,,I,365,
AMLSIM-CLI-2359,,I,365,
AMLSIM-CLI-2360,,I,365,
AMLSIM-CLI-2361,,I,365,
AMLSIM-CLI-2362,,I,365,
AMLSIM-CLI-2363,,I,365,
AMLSIM-CLI-2364,,I,365,
AMLSIM-CLI-2365,,I,365,
AMLSIM-CLI-2366,,I,365,
AMLSIM-CLI-2367,,I,365,
AMLSIM-CLI-2368,,I,365,
AMLSIM-CLI-2369,,I,365,
AMLSIM-CLI-2370,,I,365,
AMLSIM-CLI-2371,,I,365,
AMLSIM-CLI-2372,,I,365,
AMLSIM-CLI-2373,,I,365,
AMLSIM-CLI-2374,,I,365,
AMLSIM-CLI-2375,,I,365,
AMLSIM-CLI-2376,,I,365,
AMLSIM-CLI-2377,,I,365,
AMLSIM-CLI-2378,,I,365,
AMLSIM-CLI-2379,,I,365,
AMLSIM-CLI-2380,,I,365,
AMLSIM-CLI-2381,,I,365,
AMLSIM-CLI-2382,,I,365,
AMLSIM-CLI-2383,,I,365,
AMLSIM-CLI-2384,,I,365,
AMLSIM-CLI-2385,,I,365,
AMLSIM-CLI-2386,,I,365,
AMLSIM-CLI-2387,,I,365,
AMLSIM-CLI-2388,,I,365,
AMLSIM-CLI-2389,,I,365,
AMLSIM-CLI-2390,,I,365,
AMLSIM-CLI-2391,,I,365,
AMLSIM-CLI-2392,,I,365,
AMLSIM-CLI-2393,,I,365,
AMLSIM-CLI-2394,,I,365,
AMLSIM-CLI-2395,,I,365,
AMLSIM-CLI-2396,,I,365,
AMLSIM-CLI-2397,,I,365,
AMLSIM-CLI-2398,,I,365,
AMLSIM-CLI-2399,,I,365,
AMLSIM-CLI-2400,,I,365,
AMLSIM-CLI-2401,,I,365,
AMLSIM-CLI-2402,,I,365,
AMLSIM-CLI-2403,,I,365,
AMLSIM-CLI-2404,,I,365,
AMLSIM-CLI-2405,,I,365,
AMLSIM-CLI-2406,,I,365,
AMLSIM-CLI-2407,,I,365,
AMLSIM-CLI-2408,,I,365,
AMLSIM-CLI-2409,,I,365,
AMLSIM-CLI-2410,,I,365,
AMLSIM-CLI-2411,,I,365,
AMLSIM-CLI-2412,,I,365,
AMLSIM-CLI-2413,,I,365,
AMLSIM-CLI-2414,,I,365,
AMLSIM-CLI-2415,,I,365,
AMLSIM-CLI-2416,,I,365,
AMLSIM-CLI-2417,,I,365,
AMLSIM-CLI-2418,,I,365,
AMLSIM-CLI-2419,,I,365,
AMLSIM-CLI-2420,,I,365,
AMLSIM-CLI-2421,,I,365,
AMLSIM-CLI-2422,,I,365,
AMLSIM-CLI-2423,,I,365,
AMLSIM-CLI-2424,,I,365,
AMLSIM-CLI-2425,,I,365,
AMLSIM-CLI-2426,,I,365,
AMLSIM-CLI-2427,,I,365,
AMLSIM-CLI-2428,,I,365,
AMLSIM-CLI-2429,,I,365,
AMLSIM-CLI-2430,,I,365,
AMLSIM-CLI-2431,,I,365,
AMLSIM-CLI-2432,,I,365,
AMLSIM-CLI-2433,,I,365,
AMLSIM-CLI-2434,,I,365,
AMLSIM-CLI-2435,,I,365,
AMLSIM-CLI-2436,,I,365,
AMLSIM-CLI-2437,,I,365,
AMLSIM-CLI-2438,,I,365,
AMLSIM-CLI-2439,,I,365,
AMLSIM-CLI-2440,,I,365,
AMLSIM-CLI-2441,,I,365,
AMLSIM-CLI-2442,,I,365,
AMLSIM-CLI-2443,,I,365,
AMLSIM-CLI-2444,,I,365,
AMLSIM-CLI-2445,,I,365,
AMLSIM-CLI-2446,,I,365,
AMLSIM-CLI-2447,,I,365,
AMLSIM-CLI-2448,,I,365,
AMLSIM-CLI-2449,,I,365,
AMLSIM-CLI-2450,,I,365,
AMLSIM-CLI-2451,,I,365,
AMLSIM-CLI-2452,,I,365,
AMLSIM-CLI-2453,,I,365,
AMLSIM-CLI-2454,,I,365,
AMLSIM-CLI-2455,,I,365,
AMLSIM-CLI-2456,,I,365,
AMLSIM-CLI-2457,,I,365,
AMLSIM-CLI-2458,,I,365,
AMLSIM-CLI-2459,,I,365,
AMLSIM-CLI-2460,,I,365,
AMLSIM-CLI-2461,,I,365,
AMLSIM-CLI-2462,,I,365,
AMLSIM-CLI-2463,,I,365,
AMLSIM-CLI-2464,,I,365,
AMLSIM-CLI-2465,,I,365,
AMLSIM-CLI-2466,,I,365,
AMLSIM-CLI-2467,,I,365,
AMLSIM-CLI-2468,,I,365,
AMLSIM-CLI-2469,,I,365,
AMLSIM-CLI-2470,,I,365,
AMLSIM-CLI-2471,,I,365,
AMLSIM-CLI-2472,,I,365,
AMLSIM-CLI-2473,,I,365,
AMLSIM-CLI-2474,,I,365,
AMLSIM-CLI-2475,,I,365,
AMLSIM-CLI-2476,,I,365,
AMLSIM-CLI-2477,,I,365,
AMLSIM-CLI-2478,,I,365,
AMLSIM-CLI-2479,,I,365,
AMLSIM-CLI-2480,,I,365,
AMLSIM-CLI-2481,,I,365,
AMLSIM-CLI-2482,,I,365,
AMLSIM-CLI-2483,,I,365,
AMLSIM-CLI-2484,,I,365,
AMLSIM-CLI-2485,,I,365,
AMLSIM-CLI-2486,,I,365,
AMLSIM-CLI-2487,,I,365,
AMLSIM-CLI-2488,,I,365,
AMLSIM-CLI-2489,,I,365,
AMLSIM-CLI-2490,,I,365,
AMLSIM-CLI-2491,,I,365,
AMLSIM-CLI-2492,,I,365,
AMLSIM-CLI-2493,,I,365,
AMLSIM-CLI-2494,,I,365,
AMLSIM-CLI-2495,,I,365,
AMLSIM-CLI-2496,,I,365,
AMLSIM-CLI-2497,,I,365,
AMLSIM-CLI-2498,,I,365,
AMLSIM-CLI-2499,,I,365,
AMLSIM-CLI-2500,,I,365,
AMLSIM-CLI-2501,,I,365,
AMLSIM-CLI-2502,,I,365,
AMLSIM-CLI-2503,,I,365,
AMLSIM-CLI-2504,,I,365,
AMLSIM-CLI-2505,,I,365,
AMLSIM-CLI-2506,,I,365,
AMLSIM-CLI-2507,,I,365,
AMLSIM-CLI-2508,,I,365,
AMLSIM-CLI-2509,,I,365,
AMLSIM-CLI-2510,,I,365,
AMLSIM-CLI-2511,,I,365,
AMLSIM-CLI-2512,,I,365,
AMLSIM-CLI-2513,,I,365,
AMLSIM-CLI-2514,,I,365,
AMLSIM-CLI-2515,,I,365,
AMLSIM-CLI-2516,,I,365,
AMLSIM-CLI-2517,,I,365,
AMLSIM-CLI-2518,,I,365,
AMLSIM-CLI-2519,,I,365,
AMLSIM-CLI-2520,,I,365,
AMLSIM-CLI-2521,,I,365,
AMLSIM-CLI-2522,,I,365,
AMLSIM-CLI-2523,,I,365,
AMLSIM-CLI-2524,,I,365,
AMLSIM-CLI-2525,,I,365,
AMLSIM-CLI-2526,,I,365,
AMLSIM-CLI-2527,,I,365,
AMLSIM-CLI-2528,,I,365,
AMLSIM-CLI-2529,,I,365,
AMLSIM-CLI-2530,,I,365,
AMLSIM-CLI-2531,,I,365,
AMLSIM-CLI-2532,,I,365,
AMLSIM-CLI-2533,,I,365,
AMLSIM-CLI-2534,,I,365,
AMLSIM-CLI-2535,,I,365,
AMLSIM-CLI-2536,,I,365,
AMLSIM-CLI-2537,,I,365,
AMLSIM-CLI-2538,,I,365,
AMLSIM-CLI-2539,,I,365,
AMLSIM-CLI-2540,,I,365,
AMLSIM-CLI-2541,,I,365,
AMLSIM-CLI-2542,,I,365,
AMLSIM-CLI-2543,,I,365,
AMLSIM-CLI-2544,,I,365,
AMLSIM-CLI-2545,,I,365,
AMLSIM-CLI-2546,,I,365,
AMLSIM-CLI-2547,,I,365,
AMLSIM-CLI-2548,,I,365,
AMLSIM-CLI-2549,,I,365,
AMLSIM-CLI-2550,,I,365,
AMLSIM-CLI-2551,,I,365,
AMLSIM-CLI-2552,,I,365,
AMLSIM-CLI-2553,,I,365,
AMLSIM-CLI-2554,,I,365,
AMLSIM-CLI-2555,,I,365,
AMLSIM-CLI-2556,,I,365,
AMLSIM-CLI-2557,,I,365,
AMLSIM-CLI-2558,,I,365,
AMLSIM-CLI-2559,,I,365,
AMLSIM-CLI-2560,,I,365,
AMLSIM-CLI-2561,,I,365,
AMLSIM-CLI-2562,,I,365,
AMLSIM-CLI-2563,,I,365,
AMLSIM-CLI-2564,,I,365,
AMLSIM-CLI-2565,,I,365,
AMLSIM-CLI-2566,,I,365,
AMLSIM-CLI-2567,,I,365,
AMLSIM-CLI-2568,,I,365,
AMLSIM-CLI-2569,,I,365,
AMLSIM-CLI-2570,,I,365,
AMLSIM-CLI-2571,,I,365,
AMLSIM-CLI-2572,,I,365,
AMLSIM-CLI-2573,,I,365,
AMLSIM-CLI-2574,,I,365,
AMLSIM-CLI-2575,,I,365,
AMLSIM-CLI-2576,,I,365,
AMLSIM-CLI-2577,,I,365,
AMLSIM-CLI-2578,,I,365,
AMLSIM-CLI-2579,,I,365,
AMLSIM-CLI-2580,,I,365,
AMLSIM-CLI-2581,,I,365,
AMLSIM-CLI-2582,,I,365,
AMLSIM-CLI-2583,,I,365,
AMLSIM-CLI-2584,,I,365,
AMLSIM-CLI-2585,,I,365,
AMLSIM-CLI-2586,,I,365,
AMLSIM-CLI-2587,,I,365,
AMLSIM-CLI-2588,,I,365,
AMLSIM-CLI-2589,,I,365,
AMLSIM-CLI-2590,,I,365,
AMLSIM-CLI-2591,,I,365,
AMLSIM-CLI-2592,,I,365,
AMLSIM-CLI-2593,,I,365,
AMLSIM-CLI-2594,,I,365,
AMLSIM-CLI-2595,,I,365,
AMLSIM-CLI-2596,,I,365,
AMLSIM-CLI-2597,,I,365,
AMLSIM-CLI-2598,,I,365,
AMLSIM-CLI-2599,,I,365,
AMLSIM-CLI-2600,,I,365,
AMLSIM-CLI-2601,,I,365,
AMLSIM-CLI-2602,,I,365,
AMLSIM-CLI-2603,,I,365,
AMLSIM-CLI-2604,,I,365,
AMLSIM-CLI-2605,,I,365,
AMLSIM-CLI-2606,,I,365,
AMLSIM-CLI-2607,,I,365,
AMLSIM-CLI-2608,,I,365,
AMLSIM-CLI-2609,,I,365,
AMLSIM-CLI-2610,,I,365,
AMLSIM-CLI-2611,,I,365,
AMLSIM-CLI-2612,,I,365,
AMLSIM-CLI-2613,,I,365,
AMLSIM-CLI-2614,,I,365,
AMLSIM-CLI-2615,,I,365,
AMLSIM-CLI-2616,,I,365,
AMLSIM-CLI-2617,,I,365,
AMLSIM-CLI-2618,,I,365,
AMLSIM-CLI-2619,,I,365,
AMLSIM-CLI-2620,,I,365,
AMLSIM-CLI-2621,,I,365,
AMLSIM-CLI-2622,,I,365,
AMLSIM-CLI-2623,,I,365,
AMLSIM-CLI-2624,,I,365,
AMLSIM-CLI-2625,,I,365,
AMLSIM-CLI-2626,,I,365,
AMLSIM-CLI-2627,,I,365,
AMLSIM-CLI-2628,,I,365,
AMLSIM-CLI-2629,,I,365,
AMLSIM-CLI-2630,,I,365,
AMLSIM-CLI-2631,,I,365,
AMLSIM-CLI-2632,,I,365,
AMLSIM-CLI-2633,,I,365,
AMLSIM-CLI-2634,,I,365,
AMLSIM-CLI-2635,,I,365,
AMLSIM-CLI-2636,,I,365,
AMLSIM-CLI-2637,,I,365,
AMLSIM-CLI-2638,,I,365,
AMLSIM-CLI-2639,,I,365,
AMLSIM-CLI-2640,,I,365,
AMLSIM-CLI-2641,,I,365,
AMLSIM-CLI-2642,,I,365,
AMLSIM-CLI-2643,,I,365,
AMLSIM-CLI-2644,,I,365,
AMLSIM-CLI-2645,,I,365,
AMLSIM-CLI-2646,,I,365,
AMLSIM-CLI-2647,,I,365,
AMLSIM-CLI-2648,,I,365,
AMLSIM-CLI-2649,,I,365,
AMLSIM-CLI-2650,,I,365,
AMLSIM-CLI-2651,,I,365,
AMLSIM-CLI-2652,,I,365,
AMLSIM-CLI-2653,,I,365,
AMLSIM-CLI-2654,,I,365,
AMLSIM-CLI-2655,,I,365,
AMLSIM-CLI-2656,,I,365,
AMLSIM-CLI-2657,,I,365,
AMLSIM-CLI-2658,,I,365,
AMLSIM-CLI-2659,,I,365,
AMLSIM-CLI-2660,,I,365,
AMLSIM-CLI-2661,,I,365,
AMLSIM-CLI-2662,,I,365,
AMLSIM-CLI-2663,,I,365,
AMLSIM-CLI-2664,,I,365,
AMLSIM-CLI-2665,,I,365,
AMLSIM-CLI-2666,,I,365,
AMLSIM-CLI-2667,,I,365,
AMLSIM-CLI-2668,,I,365,
AMLSIM-CLI-2669,,I,365,
AMLSIM-CLI-2670,,I,365,
AMLSIM-CLI-2671,,I,365,
AMLSIM-CLI-2672,,I,365,
AMLSIM-CLI-2673,,I,365,
AMLSIM-CLI-2674,,I,365,
AMLSIM-CLI-2675,,I,365,
AMLSIM-CLI-2676,,I,365,
AMLSIM-CLI-2677,,I,365,
AMLSIM-CLI-2678,,I,365,
AMLSIM-CLI-2679,,I,365,
AMLSIM-CLI-2680,,I,365,
AMLSIM-CLI-2681,,I,365,
AMLSIM-CLI-2682,,I,365,
AMLSIM-CLI-2683,,I,365,
AMLSIM-CLI-2684,,I,365,
AMLSIM-CLI-2685,,I,365,
AMLSIM-CLI-2686,,I,365,
AMLSIM-CLI-2687,,I,365,
AMLSIM-CLI-2688,,I,365,
AMLSIM-CLI-2689,,I,365,
AMLSIM-CLI-2690,,I,365,
AMLSIM-CLI-2691,,I,365,
AMLSIM-CLI-2692,,I,365,
AMLSIM-CLI-2693,,I,365,
AMLSIM-CLI-2694,,I,365,
AMLSIM-CLI-2695,,I,365,
AMLSIM-CLI-2696,,I,365,
AMLSIM-CLI-2697,,I,365,
AMLSIM-CLI-2698,,I,365,
AMLSIM-CLI-2699,,I,365,
AMLSIM-CLI-2700,,I,365,
AMLSIM-CLI-2701,,I,365,
AMLSIM-CLI-2702,,I,365,
AMLSIM-CLI-2703,,I,365,
AMLSIM-CLI-2704,,I,365,
AMLSIM-CLI-2705,,I,365,
AMLSIM-CLI-2706,,I,365,
AMLSIM-CLI-2707,,I,365,
AMLSIM-CLI-2708,,I,365,
AMLSIM-CLI-2709,,I,365,
AMLSIM-CLI-2710,,I,365,
AMLSIM-CLI-2711,,I,365,
AMLSIM-CLI-2712,,I,365,
AMLSIM-CLI-2713,,I,365,
AMLSIM-CLI-2714,,I,365,
AMLSIM-CLI-2715,,I,365,
AMLSIM-CLI-2716,,I,365,
AMLSIM-CLI-2717,,I,365,
AMLSIM-CLI-2718,,I,365,
AMLSIM-CLI-2719,,I,365,
AMLSIM-CLI-2720,,I,365,
AMLSIM-CLI-2721,,I,365,
AMLSIM-CLI-2722,,I,365,
AMLSIM-CLI-2723,,I,365,
AMLSIM-CLI-2724,,I,365,
AMLSIM-CLI-2725,,I,365,
AMLSIM-CLI-2726,,I,365,
AMLSIM-CLI-2727,,I,365,
AMLSIM-CLI-2728,,I,365,
AMLSIM-CLI-2729,,I,365,
AMLSIM-CLI-2730,,I,365,
AMLSIM-CLI-2731,,I,365,
AMLSIM-CLI-2732,,I,365,
AMLSIM-CLI-2733,,I,365,
AMLSIM-CLI-2734,,I,365,
AMLSIM-CLI-2735,,I,365,
AMLSIM-CLI-2736,,I,365,
AMLSIM-CLI-2737,,I,365,
AMLSIM-CLI-2738,,I,365,
AMLSIM-CLI-2739,,I,365,
AMLSIM-CLI-2740,,I,365,
AMLSIM-CLI-2741,,I,365,
AMLSIM-CLI-2742,,I,365,
AMLSIM-CLI-2743,,I,365,
AMLSIM-CLI-2744,,I,365,
AMLSIM-CLI-2745,,I,365,
AMLSIM-CLI-2746,,I,365,
AMLSIM-CLI-2747,,I,365,
AMLSIM-CLI-2748,,I,365,
AMLSIM-CLI-2749,,I,365,
AMLSIM-CLI-2750,,I,365,
AMLSIM-CLI-2751,,I,365,
AMLSIM-CLI-2752,,I,365,
AMLSIM-CLI-2753,,I,365,
AMLSIM-CLI-2754,,I,365,
AMLSIM-CLI-2755,,I,365,
AMLSIM-CLI-2756,,I,365,
AMLSIM-CLI-2757,,I,365,
AMLSIM-CLI-2758,,I,365,
AMLSIM-CLI-2759,,I,365,
AMLSIM-CLI-2760,,I,365,
AMLSIM-CLI-2761,,I,365,
AMLSIM-CLI-2762,,I,365,
AMLSIM-CLI-2763,,I,365,
AMLSIM-CLI-2764,,I,365,
AMLSIM-CLI-2765,,I,365,
AMLSIM-CLI-2766,,I,365,
AMLSIM-CLI-2767,,I,365,
AMLSIM-CLI-2768,,I,365,
AMLSIM-CLI-2769,,I,365,
AMLSIM-CLI-2770,,I,365,
AMLSIM-CLI-2771,,I,365,
AMLSIM-CLI-2772,,I,365,
AMLSIM-CLI-2773,,I,365,
AMLSIM-CLI-2774,,I,365,
AMLSIM-CLI-2775,,I,365,
AMLSIM-CLI-2776,,I,365,
AMLSIM-CLI-2777,,I,365,
AMLSIM-CLI-2778,,I,365,
AMLSIM-CLI-2779,,I,365,
AMLSIM-CLI-2780,,I,365,
AMLSIM-CLI-2781,,I,365,
AMLSIM-CLI-2782,,I,365,
AMLSIM-CLI-2783,,I,365,
AMLSIM-CLI-2784,,I,365,
AMLSIM-CLI-2785,,I,365,
AMLSIM-CLI-2786,,I,365,
AMLSIM-CLI-2787,,I,365,
AMLSIM-CLI-2788,,I,365,
AMLSIM-CLI-2789,,I,365,
AMLSIM-CLI-2790,,I,365,
AMLSIM-CLI-2791,,I,365,
AMLSIM-CLI-2792,,I,365,
AMLSIM-CLI-2793,,I,365,
AMLSIM-CLI-2794,,I,365,
AMLSIM-CLI-2795,,I,365,
AMLSIM-CLI-2796,,I,365,
AMLSIM-CLI-2797,,I,365,
AMLSIM-CLI-2798,,I,365,
AMLSIM-CLI-2799,,I,365,
AMLSIM-CLI-2800,,I,365,
AMLSIM-CLI-2801,,I,365,
AMLSIM-CLI-2802,,I,365,
AMLSIM-CLI-2803,,I,365,
AMLSIM-CLI-2804,,I,365,
AMLSIM-CLI-2805,,I,365,
AMLSIM-CLI-2806,,I,365,
AMLSIM-CLI-2807,,I,365,
AMLSIM-CLI-2808,,I,365,
AMLSIM-CLI-2809,,I,365,
AMLSIM-CLI-2810,,I,365,
AMLSIM-CLI-2811,,I,365,
AMLSIM-CLI-2812,,I,365,
AMLSIM-CLI-2813,,I,365,
AMLSIM-CLI-2814,,I,365,
AMLSIM-CLI-2815,,I,365,
AMLSIM-CLI-2816,,I,365,
AMLSIM-CLI-2817,,I,365,
AMLSIM-CLI-2818,,I,365,
AMLSIM-CLI-2819,,I,365,
AMLSIM-CLI-2820,,I,365,
AMLSIM-CLI-2821,,I,365,
AMLSIM-CLI-2822,,I,365,
AMLSIM-CLI-2823,,I,365,
AMLSIM-CLI-2824,,I,365,
AMLSIM-CLI-2825,,I,365,
AMLSIM-CLI-2826,,I,365,
AMLSIM-CLI-2827,,I,365,
AMLSIM-CLI-2828,,I,365,
AMLSIM-CLI-2829,,I,365,
AMLSIM-CLI-2830,,I,365,
AMLSIM-CLI-2831,,I,365,
AMLSIM-CLI-2832,,I,365,
AMLSIM-CLI-2833,,I,365,
AMLSIM-CLI-2834,,I,365,
AMLSIM-CLI-2835,,I,365,
AMLSIM-CLI-2836,,I,365,
AMLSIM-CLI-2837,,I,365,
AMLSIM-CLI-2838,,I,365,
AMLSIM-CLI-2839,,I,365,
AMLSIM-CLI-2840,,I,365,
AMLSIM-CLI-2841,,I,365,
AMLSIM-CLI-2842,,I,365,
AMLSIM-CLI-2843,,I,365,
AMLSIM-CLI-2844,,I,365,
AMLSIM-CLI-2845,,I,365,
AMLSIM-CLI-2846,,I,365,
AMLSIM-CLI-2847,,I,365,
AMLSIM-CLI-2848,,I,365,
AMLSIM-CLI-2849,,I,365,
AMLSIM-CLI-2850,,I,365,
AMLSIM-CLI-2851,,I,365,
AMLSIM-CLI-2852,,I,365,
AMLSIM-CLI-2853,,I,365,
AMLSIM-CLI-2854,,I,365,
AMLSIM-CLI-2855,,I,365,
AMLSIM-CLI-2856,,I,365,
AMLSIM-CLI-2857,,I,365,
AMLSIM-CLI-2858,,I,365,
AMLSIM-CLI-2859,,I,365,
AMLSIM-CLI-2860,,I,365,
AMLSIM-CLI-2861,,I,365,
AMLSIM-CLI-2862,,I,365,
AMLSIM-CLI-2863,,I,365,
AMLSIM-CLI-2864,,I,365,
AMLSIM-CLI-2865,,I,365,
AMLSIM-CLI-2866,,I,365,
AMLSIM-CLI-2867,,I,365,
AMLSIM-CLI-2868,,I,365,
AMLSIM-CLI-2869,,I,365,
AMLSIM-CLI-2870,,I,365,
AMLSIM-CLI-2871,,I,365,
AMLSIM-CLI-2872,,I,365,
AMLSIM-CLI-2873,,I,365,
AMLSIM-CLI-2874,,I,365,
AMLSIM-CLI-2875,,I,365,
AMLSIM-CLI-2876,,I,365,
AMLSIM-CLI-2877,,I,365,
AMLSIM-CLI-2878,,I,365,
AMLSIM-CLI-2879,,I,365,
AMLSIM-CLI-2880,,I,365,
AMLSIM-CLI-2881,,I,365,
AMLSIM-CLI-2882,,I,365,
AMLSIM-CLI-2883,,I,365,
AMLSIM-CLI-2884,,I,365,
AMLSIM-CLI-2885,,I,365,
AMLSIM-CLI-2886,,I,365,
AMLSIM-CLI-2887,,I,365,
AMLSIM-CLI-2888,,I,365,
AMLSIM-CLI-2889,,I,365,
AMLSIM-CLI-2890,,I,365,
AMLSIM-CLI-2891,,I,365,
AMLSIM-CLI-2892,,I,365,
AMLSIM-CLI-2893,,I,365,
AMLSIM-CLI-2894,,I,365,
AMLSIM-CLI-2895,,I,365,
AMLSIM-CLI-2896,,I,365,
AMLSIM-CLI-2897,,I,365,
AMLSIM-CLI-2898,,I,365,
AMLSIM-CLI-2899,,I,365,
AMLSIM-CLI-2900,,I,365,
AMLSIM-CLI-2901,,I,365,
AMLSIM-CLI-2902,,I,365,
AMLSIM-CLI-2903,,I,365,
AMLSIM-CLI-2904,,I,365,
AMLSIM-CLI-2905,,I,365,
AMLSIM-CLI-2906,,I,365,
AMLSIM-CLI-2907,,I,365,
AMLSIM-CLI-2908,,I,365,
AMLSIM-CLI-2909,,I,365,
AMLSIM-CLI-2910,,I,365,
AMLSIM-CLI-2911,,I,365,
AMLSIM-CLI-2912,,I,365,
AMLSIM-CLI-2913,,I,365,
AMLSIM-CLI-2914,,I,365,
AMLSIM-CLI-2915,,I,365,
AMLSIM-CLI-2916,,I,365,
AMLSIM-CLI-2917,,I,365,
AMLSIM-CLI-2918,,I,365,
AMLSIM-CLI-2919,,I,365,
AMLSIM-CLI-2920,,I,365,
AMLSIM-CLI-2921,,I,365,
AMLSIM-CLI-2922,,I,365,
AMLSIM-CLI-2923,,I,365,
AMLSIM-CLI-2924,,I,365,
AMLSIM-CLI-2925,,I,365,
AMLSIM-CLI-2926,,I,365,
AMLSIM-CLI-2927,,I,365,
AMLSIM-CLI-2928,,I,365,
AMLSIM-CLI-2929,,I,365,
AMLSIM-CLI-2930,,I,365,
AMLSIM-CLI-2931,,I,365,
AMLSIM-CLI-2932,,I,365,
AMLSIM-CLI-2933,,I,365,
AMLSIM-CLI-2934,,I,365,
AMLSIM-CLI-2935,,I,365,
AMLSIM-CLI-2936,,I,365,
AMLSIM-CLI-2937,,I,365,
AMLSIM-CLI-2938,,I,365,
AMLSIM-CLI-2939,,I,365,
AMLSIM-CLI-2940,,I,365,
AMLSIM-CLI-2941,,I,365,
AMLSIM-CLI-2942,,I,365,
AMLSIM-CLI-2943,,I,365,
AMLSIM-CLI-2944,,I,365,
AMLSIM-CLI-2945,,I,365,
AMLSIM-CLI-2946,,I,365,
AMLSIM-CLI-2947,,I,365,
AMLSIM-CLI-2948,,I,365,
AMLSIM-CLI-2949,,I,365,
AMLSIM-CLI-2950,,I,365,
AMLSIM-CLI-2951,,I,365,
AMLSIM-CLI-2952,,I,365,
AMLSIM-CLI-2953,,I,365,
AMLSIM-CLI-2954,,I,365,
AMLSIM-CLI-2955,,I,365,
AMLSIM-CLI-2956,,I,365,
AMLSIM-CLI-2957,,I,365,
AMLSIM-CLI-2958,,I,365,
AMLSIM-CLI-2959,,I,365,
AMLSIM-CLI-2960,,I,365,
AMLSIM-CLI-2961,,I,365,
AMLSIM-CLI-2962,,I,365,
AMLSIM-CLI-2963,,I,365,
AMLSIM-CLI-2964,,I,365,
AMLSIM-CLI-2965,,I,365,
AMLSIM-CLI-2966,,I,365,
AMLSIM-CLI-2967,,I,365,
AMLSIM-CLI-2968,,I,365,
AMLSIM-CLI-2969,,I,365,
AMLSIM-CLI-2970,,I,365,
AMLSIM-CLI-2971,,I,365,
AMLSIM-CLI-2972,,I,365,
AMLSIM-CLI-2973,,I,365,
AMLSIM-CLI-2974,,I,365,
AMLSIM-CLI-2975,,I,365,
AMLSIM-CLI-2976,,I,365,
AMLSIM-CLI-2977,,I,365,
AMLSIM-CLI-2978,,I,365,
AMLSIM-CLI-2979,,I,365,
AMLSIM-CLI-2980,,I,365,
AMLSIM-CLI-2981,,I,365,
AMLSIM-CLI-2982,,I,365,
AMLSIM-CLI-2983,,I,365,
AMLSIM-CLI-2984,,I,365,
AMLSIM-CLI-2985,,I,365,
AMLSIM-CLI-2986,,I,365,
AMLSIM-CLI-2987,,I,365,
AMLSIM-CLI-2988,,I,365,
AMLSIM-CLI-2989,,I,365,
AMLSIM-CLI-2990,,I,365,
AMLSIM-CLI-2991,,I,365,
AMLSIM-CLI-2992,,I,365,
AMLSIM-CLI-2993,,I,365,
AMLSIM-CLI-2994,,I,365,
AMLSIM-CLI-2995,,I,365,
AMLSIM-CLI-2996,,I,365,
AMLSIM-CLI-2997,,I,365,
AMLSIM-CLI-2998,,I,365,
AMLSIM-CLI-2999,,I,365,
AMLSIM-CLI-3000,,I,365,
AMLSIM-CLI-3001,,I,365,
AMLSIM-CLI-3002,,I,365,
AMLSIM-CLI-3003,,I,365,
AMLSIM-CLI-3004,,I,365,
AMLSIM-CLI-3005,,I,365,
AMLSIM-CLI-3006,,I,365,
AMLSIM-CLI-3007,,I,365,
AMLSIM-CLI-3008,,I,365,
AMLSIM-CLI-3009,,I,365,
AMLSIM-CLI-3010,,I,365,
AMLSIM-CLI-3011,,I,365,
AMLSIM-CLI-3012,,I,365,
AMLSIM-CLI-3013,,I,365,
AMLSIM-CLI-3014,,I,365,
AMLSIM-CLI-3015,,I,365,
AMLSIM-CLI-3016,,I,365,
AMLSIM-CLI-3017,,I,365,
AMLSIM-CLI-3018,,I,365,
AMLSIM-CLI-3019,,I,365,
AMLSIM-CLI-3020,,I,365,
AMLSIM-CLI-3021,,I,365,
AMLSIM-CLI-3022,,I,365,
AMLSIM-CLI-3023,,I,365,
AMLSIM-CLI-3024,,I,365,
AMLSIM-CLI-3025,,I,365,
AMLSIM-CLI-3026,,I,365,
AMLSIM-CLI-3027,,I,365,
AMLSIM-CLI-3028,,I,365,
AMLSIM-CLI-3029,,I,365,
AMLSIM-CLI-3030,,I,365,
AMLSIM-CLI-3031,,I,365,
AMLSIM-CLI-3032,,I,365,
AMLSIM-CLI-3033,,I,365,
AMLSIM-CLI-3034,,I,365,
AMLSIM-CLI-3035,,I,365,
AMLSIM-CLI-3036,,I,365,
AMLSIM-CLI-3037,,I,365,
AMLSIM-CLI-3038,,I,365,
AMLSIM-CLI-3039,,I,365,
AMLSIM-CLI-3040,,I,365,
AMLSIM-CLI-3041,,I,365,
AMLSIM-CLI-3042,,I,365,
AMLSIM-CLI-3043,,I,365,
AMLSIM-CLI-3044,,I,365,
AMLSIM-CLI-3045,,I,365,
AMLSIM-CLI-3046,,I,365,
AMLSIM-CLI-3047,,I,365,
AMLSIM-CLI-3048,,I,365,
AMLSIM-CLI-3049,,I,365,
AMLSIM-CLI-3050,,I,365,
AMLSIM-CLI-3051,,I,365,
AMLSIM-CLI-3052,,I,365,
AMLSIM-CLI-3053,,I,365,
AMLSIM-CLI-3054,,I,365,
AMLSIM-CLI-3055,,I,365,
AMLSIM-CLI-3056,,I,365,
AMLSIM-CLI-3057,,I,365,
AMLSIM-CLI-3058,,I,365,
AMLSIM-CLI-3059,,I,365,
AMLSIM-CLI-3060,,I,365,
AMLSIM-CLI-3061,,I,365,
AMLSIM-CLI-3062,,I,365,
AMLSIM-CLI-3063,,I,365,
AMLSIM-CLI-3064,,I,365,
AMLSIM-CLI-3065,,I,365,
AMLSIM-CLI-3066,,I,365,
AMLSIM-CLI-3067,,I,365,
AMLSIM-CLI-3068,,I,365,
AMLSIM-CLI-3069,,I,365,
AMLSIM-CLI-3070,,I,365,
AMLSIM-CLI-3071,,I,365,
AMLSIM-CLI-3072,,I,365,
AMLSIM-CLI-3073,,I,365,
AMLSIM-CLI-3074,,I,365,
AMLSIM-CLI-3075,,I,365,
AMLSIM-CLI-3076,,I,365,
AMLSIM-CLI-3077,,I,365,
AMLSIM-CLI-3078,,I,365,
AMLSIM-CLI-3079,,I,365,
AMLSIM-CLI-3080,,I,365,
AMLSIM-CLI-3081,,I,365,
AMLSIM-CLI-3082,,I,365,
AMLSIM-CLI-3083,,I,365,
AMLSIM-CLI-3084,,I,365,
AMLSIM-CLI-3085,,I,365,
AMLSIM-CLI-3086,,I,365,
AMLSIM-CLI-3087,,I,365,
AMLSIM-CLI-3088,,I,365,
AMLSIM-CLI-3089,,I,365,
AMLSIM-CLI-3090,,I,365,
AMLSIM-CLI-3091,,I,365,
AMLSIM-CLI-3092,,I,365,
AMLSIM-CLI-3093,,I,365,
AMLSIM-CLI-3094,,I,365,
AMLSIM-CLI-3095,,I,365,
AMLSIM-CLI-3096,,I,365,
AMLSIM-CLI-3097,,I,365,
AMLSIM-CLI-3098,,I,365,
AMLSIM-CLI-3099,,I,365,
AMLSIM-CLI-3100,,I,365,
AMLSIM-CLI-3101,,I,365,
AMLSIM-CLI-3102,,I,365,
AMLSIM-CLI-3103,,I,365,
AMLSIM-CLI-3104,,I,365,
AMLSIM-CLI-3105,,I,365,
AMLSIM-CLI-3106,,I,365,
AMLSIM-CLI-3107,,I,365,
AMLSIM-CLI-3108,,I,365,
AMLSIM-CLI-3109,,I,365,
AMLSIM-CLI-3110,,I,365,
AMLSIM-CLI-3111,,I,365,
AMLSIM-CLI-3112,,I,365,
AMLSIM-CLI-3113,,I,365,
AMLSIM-CLI-3114,,I,365,
AMLSIM-CLI-3115,,I,365,
AMLSIM-CLI-3116,,I,365,
AMLSIM-CLI-3117,,I,365,
AMLSIM-CLI-3118,,I,365,
AMLSIM-CLI-3119,,I,365,
AMLSIM-CLI-3120,,I,365,
AMLSIM-CLI-3121,,I,365,
AMLSIM-CLI-3122,,I,365,
AMLSIM-CLI-3123,,I,365,
AMLSIM-CLI-3124,,I,365,
AMLSIM-CLI-3125,,I,365,
AMLSIM-CLI-3126,,I,365,
AMLSIM-CLI-3127,,I,365,
AMLSIM-CLI-3128,,I,365,
AMLSIM-CLI-3129,,I,365,
AMLSIM-CLI-3130,,I,365,
AMLSIM-CLI-3131,,I,365,
AMLSIM-CLI-3132,,I,365,
AMLSIM-CLI-3133,,I,365,
AMLSIM-CLI-3134,,I,365,
AMLSIM-CLI-3135,,I,365,
AMLSIM-CLI-3136,,I,365,
AMLSIM-CLI-3137,,I,365,
AMLSIM-CLI-3138,,I,365,
AMLSIM-CLI-3139,,I,365,
AMLSIM-CLI-3140,,I,365,
AMLSIM-CLI-3141,,I,365,
AMLSIM-CLI-3142,,I,365,
AMLSIM-CLI-3143,,I,365,
AMLSIM-CLI-3144,,I,365,
AMLSIM-CLI-3145,,I,365,
AMLSIM-CLI-3146,,I,365,
AMLSIM-CLI-3147,,I,365,
AMLSIM-CLI-3148,,I,365,
AMLSIM-CLI-3149,,I,365,
AMLSIM-CLI-3150,,I,365,
AMLSIM-CLI-3151,,I,365,
AMLSIM-CLI-3152,,I,365,
AMLSIM-CLI-3153,,I,365,
AMLSIM-CLI-3154,,I,365,
AMLSIM-CLI-3155,,I,365,
AMLSIM-CLI-3156,,I,365,
AMLSIM-CLI-3157,,I,365,
AMLSIM-CLI-3158,,I,365,
AMLSIM-CLI-3159,,I,365,
AMLSIM-CLI-3160,,I,365,
AMLSIM-CLI-3161,,I,365,
AMLSIM-CLI-3162,,I,365,
AMLSIM-CLI-3163,,I,365,
AMLSIM-CLI-3164,,I,365,
AMLSIM-CLI-3165,,I,365,
AMLSIM-CLI-3166,,I,365,
AMLSIM-CLI-3167,,I,365,
AMLSIM-CLI-3168,,I,365,
AMLSIM-CLI-3169,,I,365,
AMLSIM-CLI-3170,,I,365,
AMLSIM-CLI-3171,,I,365,
AMLSIM-CLI-3172,,I,365,
AMLSIM-CLI-3173,,I,365,
AMLSIM-CLI-3174,,I,365,
AMLSIM-CLI-3175,,I,365,
AMLSIM-CLI-3176,,I,365,
AMLSIM-CLI-3177,,I,365,
AMLSIM-CLI-3178,,I,365,
AMLSIM-CLI-3179,,I,365,
AMLSIM-CLI-3180,,I,365,
AMLSIM-CLI-3181,,I,365,
AMLSIM-CLI-3182,,I,365,
AMLSIM-CLI-3183,,I,365,
AMLSIM-CLI-3184,,I,365,
AMLSIM-CLI-3185,,I,365,
AMLSIM-CLI-3186,,I,365,
AMLSIM-CLI-3187,,I,365,
AMLSIM-CLI-3188,,I,365,
AMLSIM-CLI-3189,,I,365,
AMLSIM-CLI-3190,,I,365,
AMLSIM-CLI-3191,,I,365,
AMLSIM-CLI-3192,,I,365,
AMLSIM-CLI-3193,,I,365,
AMLSIM-CLI-3194,,I,365,
AMLSIM-CLI-3195,,I,365,
AMLSIM-CLI-3196,,I,365,
AMLSIM-CLI-3197,,I,365,
AMLSIM-CLI-3198,,I,365,
AMLSIM-CLI-3199,,I,365,
AMLSIM-CLI-3200,,I,365,
AMLSIM-CLI-3201,,I,365,
AMLSIM-CLI-3202,,I,365,
AMLSIM-CLI-3203,,I,365,
AMLSIM-CLI-3204,,I,365,
AMLSIM-CLI-3205,,I,365,
AMLSIM-CLI-3206,,I,365,
AMLSIM-CLI-3207,,I,365,
AMLSIM-CLI-3208,,I,365,
AMLSIM-CLI-3209,,I,365,
AMLSIM-CLI-3210,,I,365,
AMLSIM-CLI-3211,,I,365,
AMLSIM-CLI-3212,,I,365,
AMLSIM-CLI-3213,,I,365,
AMLSIM-CLI-3214,,I,365,
AMLSIM-CLI-3215,,I,365,
AMLSIM-CLI-3216,,I,365,
AMLSIM-CLI-3217,,I,365,
AMLSIM-CLI-3218,,I,365,
AMLSIM-CLI-3219,,I,365,
AMLSIM-CLI-3220,,I,365,
AMLSIM-CLI-3221,,I,365,
AMLSIM-CLI-3222,,I,365,
AMLSIM-CLI-3223,,I,365,
AMLSIM-CLI-3224,,I,365,
AMLSIM-CLI-3225,,I,365,
AMLSIM-CLI-3226,,I,365,
AMLSIM-CLI-3227,,I,365,
AMLSIM-CLI-3228,,I,365,
AMLSIM-CLI-3229,,I,365,
AMLSIM-CLI-3230,,I,365,
AMLSIM-CLI-3231,,I,365,
AMLSIM-CLI-3232,,I,365,
AMLSIM-CLI-3233,,I,365,
AMLSIM-CLI-3234,,I,365,
AMLSIM-CLI-3235,,I,365,
AMLSIM-CLI-3236,,I,365,
AMLSIM-CLI-3237,,I,365,
AMLSIM-CLI-3238,,I,365,
AMLSIM-CLI-3239,,I,365,
AMLSIM-CLI-3240,,I,365,
AMLSIM-CLI-3241,,I,365,
AMLSIM-CLI-3242,,I,365,
AMLSIM-CLI-3243,,I,365,
AMLSIM-CLI-3244,,I,365,
AMLSIM-CLI-3245,,I,365,
AMLSIM-CLI-3246,,I,365,
AMLSIM-CLI-3247,,I,365,
AMLSIM-CLI-3248,,I,365,
AMLSIM-CLI-3249,,I,365,
AMLSIM-CLI-3250,,I,365,
AMLSIM-CLI-3251,,I,365,
AMLSIM-CLI-3252,,I,365,
AMLSIM-CLI-3253,,I,365,
AMLSIM-CLI-3254,,I,365,
AMLSIM-CLI-3255,,I,365,
AMLSIM-CLI-3256,,I,365,
AMLSIM-CLI-3257,,I,365,
AMLSIM-CLI-3258,,I,365,
AMLSIM-CLI-3259,,I,365,
AMLSIM-CLI-3260,,I,365,
AMLSIM-CLI-3261,,I,365,
AMLSIM-CLI-3262,,I,365,
AMLSIM-CLI-3263,,I,365,
AMLSIM-CLI-3264,,I,365,
AMLSIM-CLI-3265,,I,365,
AMLSIM-CLI-3266,,I,365,
AMLSIM-CLI-3267,,I,365,
AMLSIM-CLI-3268,,I,365,
AMLSIM-CLI-3269,,I,365,
AMLSIM-CLI-3270,,I,365,
AMLSIM-CLI-3271,,I,365,
AMLSIM-CLI-3272,,I,365,
AMLSIM-CLI-3273,,I,365,
AMLSIM-CLI-3274,,I,365,
AMLSIM-CLI-3275,,I,365,
AMLSIM-CLI-3276,,I,365,
AMLSIM-CLI-3277,,I,365,
AMLSIM-CLI-3278,,I,365,
AMLSIM-CLI-3279,,I,365,
AMLSIM-CLI-3280,,I,365,
AMLSIM-CLI-3281,,I,365,
AMLSIM-CLI-3282,,I,365,
AMLSIM-CLI-3283,,I,365,
AMLSIM-CLI-3284,,I,365,
AMLSIM-CLI-3285,,I,365,
AMLSIM-CLI-3286,,I,365,
AMLSIM-CLI-3287,,I,365,
AMLSIM-CLI-3288,,I,365,
AMLSIM-CLI-3289,,I,365,
AMLSIM-CLI-3290,,I,365,
AMLSIM-CLI-3291,,I,365,
AMLSIM-CLI-3292,,I,365,
AMLSIM-CLI-3293,,I,365,
AMLSIM-CLI-3294,,I,365,
AMLSIM-CLI-3295,,I,365,
AMLSIM-CLI-3296,,I,365,
AMLSIM-CLI-3297,,I,365,
AMLSIM-CLI-3298,,I,365,
AMLSIM-CLI-3299,,I,365,
AMLSIM-CLI-3300,,I,365,
AMLSIM-CLI-3301,,I,365,
AMLSIM-CLI-3302,,I,365,
AMLSIM-CLI-3303,,I,365,
AMLSIM-CLI-3304,,I,365,
AMLSIM-CLI-3305,,I,365,
AMLSIM-CLI-3306,,I,365,
AMLSIM-CLI-3307,,I,365,
AMLSIM-CLI-3308,,I,365,
AMLSIM-CLI-3309,,I,365,
AMLSIM-CLI-3310,,I,365,
AMLSIM-CLI-3311,,I,365,
AMLSIM-CLI-3312,,I,365,
AMLSIM-CLI-3313,,I,365,
AMLSIM-CLI-3314,,I,365,
AMLSIM-CLI-3315,,I,365,
AMLSIM-CLI-3316,,I,365,
AMLSIM-CLI-3317,,I,365,
AMLSIM-CLI-3318,,I,365,
AMLSIM-CLI-3319,,I,365,
AMLSIM-CLI-3320,,I,365,
AMLSIM-CLI-3321,,I,365,
AMLSIM-CLI-3322,,I,365,
AMLSIM-CLI-3323,,I,365,
AMLSIM-CLI-3324,,I,365,
AMLSIM-CLI-3325,,I,365,
AMLSIM-CLI-3326,,I,365,
AMLSIM-CLI-3327,,I,365,
AMLSIM-CLI-3328,,I,365,
AMLSIM-CLI-3329,,I,365,
AMLSIM-CLI-3330,,I,365,
AMLSIM-CLI-3331,,I,365,
AMLSIM-CLI-3332,,I,365,
AMLSIM-CLI-3333,,I,365,
AMLSIM-CLI-3334,,I,365,
AMLSIM-CLI-3335,,I,365,
AMLSIM-CLI-3336,,I,365,
AMLSIM-CLI-3337,,I,365,
AMLSIM-CLI-3338,,I,365,
AMLSIM-CLI-3339,,I,365,
AMLSIM-CLI-3340,,I,365,
AMLSIM-CLI-3341,,I,365,
AMLSIM-CLI-3342,,I,365,
AMLSIM-CLI-3343,,I,365,
AMLSIM-CLI-3344,,I,365,
AMLSIM-CLI-3345,,I,365,
AMLSIM-CLI-3346,,I,365,
AMLSIM-CLI-3347,,I,365,
AMLSIM-CLI-3348,,I,365,
AMLSIM-CLI-3349,,I,365,
AMLSIM-CLI-3350,,I,365,
AMLSIM-CLI-3351,,I,365,
AMLSIM-CLI-3352,,I,365,
AMLSIM-CLI-3353,,I,365,
AMLSIM-CLI-3354,,I,365,
AMLSIM-CLI-3355,,I,365,
AMLSIM-CLI-3356,,I,365,
AMLSIM-CLI-3357,,I,365,
AMLSIM-CLI-3358,,I,365,
AMLSIM-CLI-3359,,I,365,
AMLSIM-CLI-3360,,I,365,
AMLSIM-CLI-3361,,I,365,
AMLSIM-CLI-3362,,I,365,
AMLSIM-CLI-3363,,I,365,
AMLSIM-CLI-3364,,I,365,
AMLSIM-CLI-3365,,I,365,
AMLSIM-CLI-3366,,I,365,
AMLSIM-CLI-3367,,I,365,
AMLSIM-CLI-3368,,I,365,
AMLSIM-CLI-3369,,I,365,
AMLSIM-CLI-3370,,I,365,
AMLSIM-CLI-3371,,I,365,
AMLSIM-CLI-3372,,I,365,
AMLSIM-CLI-3373,,I,365,
AMLSIM-CLI-3374,,I,365,
AMLSIM-CLI-3375,,I,365,
AMLSIM-CLI-3376,,I,365,
AMLSIM-CLI-3377,,I,365,
AMLSIM-CLI-3378,,I,365,
AMLSIM-CLI-3379,,I,365,
AMLSIM-CLI-3380,,I,365,
AMLSIM-CLI-3381,,I,365,
AMLSIM-CLI-3382,,I,365,
AMLSIM-CLI-3383,,I,365,
AMLSIM-CLI-3384,,I,365,
AMLSIM-CLI-3385,,I,365,
AMLSIM-CLI-3386,,I,365,
AMLSIM-CLI-3387,,I,365,
AMLSIM-CLI-3388,,I,365,
AMLSIM-CLI-3389,,I,365,
AMLSIM-CLI-3390,,I,365,
AMLSIM-CLI-3391,,I,365,
AMLSIM-CLI-3392,,I,365,
AMLSIM-CLI-3393,,I,365,
AMLSIM-CLI-3394,,I,365,
AMLSIM-CLI-3395,,I,365,
AMLSIM-CLI-3396,,I,365,
AMLSIM-CLI-3397,,I,365,
AMLSIM-CLI-3398,,I,365,
AMLSIM-CLI-3399,,I,365,
AMLSIM-CLI-3400,,I,365,
AMLSIM-CLI-3401,,I,365,
AMLSIM-CLI-3402,,I,365,
AMLSIM-CLI-3403,,I,365,
AMLSIM-CLI-3404,,I,365,
AMLSIM-CLI-3405,,I,365,
AMLSIM-CLI-3406,,I,365,
AMLSIM-CLI-3407,,I,365,
AMLSIM-CLI-3408,,I,365,
AMLSIM-CLI-3409,,I,365,
AMLSIM-CLI-3410,,I,365,
AMLSIM-CLI-3411,,I,365,
AMLSIM-CLI-3412,,I,365,
AMLSIM-CLI-3413,,I,365,
AMLSIM-CLI-3414,,I,365,
AMLSIM-CLI-3415,,I,365,
AMLSIM-CLI-3416,,I,365,
AMLSIM-CLI-3417,,I,365,
AMLSIM-CLI-3418,,I,365,
AMLSIM-CLI-3419,,I,365,
AMLSIM-CLI-3420,,I,365,
AMLSIM-CLI-3421,,I,365,
AMLSIM-CLI-3422,,I,365,
AMLSIM-CLI-3423,,I,365,
AMLSIM-CLI-3424,,I,365,
AMLSIM-CLI-3425,,I,365,
AMLSIM-CLI-3426,,I,365,
AMLSIM-CLI-3427,,I,365,
AMLSIM-CLI-3428,,I,365,
AMLSIM-CLI-3429,,I,365,
AMLSIM-CLI-3430,,I,365,
AMLSIM-CLI-3431,,I,365,
AMLSIM-CLI-3432,,I,365,
AMLSIM-CLI-3433,,I,365,
AMLSIM-CLI-3434,,I,365,
AMLSIM-CLI-3435,,I,365,
AMLSIM-CLI-3436,,I,365,
AMLSIM-CLI-3437,,I,365,
AMLSIM-CLI-3438,,I,365,
AMLSIM-CLI-3439,,I,365,
AMLSIM-CLI-3440,,I,365,
AMLSIM-CLI-3441,,I,365,
AMLSIM-CLI-3442,,I,365,
AMLSIM-CLI-3443,,I,365,
AMLSIM-CLI-3444,,I,365,
AMLSIM-CLI-3445,,I,365,
AMLSIM-CLI-3446,,I,365,
AMLSIM-CLI-3447,,I,365,
AMLSIM-CLI-3448,,I,365,
AMLSIM-CLI-3449,,I,365,
AMLSIM-CLI-3450,,I,365,
AMLSIM-CLI-3451,,I,365,
AMLSIM-CLI-3452,,I,365,
AMLSIM-CLI-3453,,I,365,
AMLSIM-CLI-3454,,I,365,
AMLSIM-CLI-3455,,I,365,
AMLSIM-CLI-3456,,I,365,
AMLSIM-CLI-3457,,I,365,
AMLSIM-CLI-3458,,I,365,
AMLSIM-CLI-3459,,I,365,
AMLSIM-CLI-3460,,I,365,
AMLSIM-CLI-3461,,I,365,
AMLSIM-CLI-3462,,I,365,
AMLSIM-CLI-3463,,I,365,
AMLSIM-CLI-3464,,I,365,
AMLSIM-CLI-3465,,I,365,
AMLSIM-CLI-3466,,I,365,
AMLSIM-CLI-3467,,I,365,
AMLSIM-CLI-3468,,I,365,
AMLSIM-CLI-3469,,I,365,
AMLSIM-CLI-3470,,I,365,
AMLSIM-CLI-3471,,I,365,
AMLSIM-CLI-3472,,I,365,
AMLSIM-CLI-3473,,I,365,
AMLSIM-CLI-3474,,I,365,
AMLSIM-CLI-3475,,I,365,
AMLSIM-CLI-3476,,I,365,
AMLSIM-CLI-3477,,I,365,
AMLSIM-CLI-3478,,I,365,
AMLSIM-CLI-3479,,I,365,
AMLSIM-CLI-3480,,I,365,
AMLSIM-CLI-3481,,I,365,
AMLSIM-CLI-3482,,I,365,
AMLSIM-CLI-3483,,I,365,
AMLSIM-CLI-3484,,I,365,
AMLSIM-CLI-3485,,I,365,
AMLSIM-CLI-3486,,I,365,
AMLSIM-CLI-3487,,I,365,
AMLSIM-CLI-3488,,I,365,
AMLSIM-CLI-3489,,I,365,
AMLSIM-CLI-3490,,I,365,
AMLSIM-CLI-3491,,I,365,
AMLSIM-CLI-3492,,I,365,
AMLSIM-CLI-3493,,I,365,
AMLSIM-CLI-3494,,I,365,
AMLSIM-CLI-3495,,I,365,
AMLSIM-CLI-3496,,I,365,
AMLSIM-CLI-3497,,I,365,
AMLSIM-CLI-3498,,I,365,
AMLSIM-CLI-3499,,I,365,
AMLSIM-CLI-3500,,I,365,
AMLSIM-CLI-3501,,I,365,
AMLSIM-CLI-3502,,I,365,
AMLSIM-CLI-3503,,I,365,
AMLSIM-CLI-3504,,I,365,
AMLSIM-CLI-3505,,I,365,
AMLSIM-CLI-3506,,I,365,
AMLSIM-CLI-3507,,I,365,
AMLSIM-CLI-3508,,I,365,
AMLSIM-CLI-3509,,I,365,
AMLSIM-CLI-3510,,I,365,
AMLSIM-CLI-3511,,I,365,
AMLSIM-CLI-3512,,I,365,
AMLSIM-CLI-3513,,I,365,
AMLSIM-CLI-3514,,I,365,
AMLSIM-CLI-3515,,I,365,
AMLSIM-CLI-3516,,I,365,
AMLSIM-CLI-3517,,I,365,
AMLSIM-CLI-3518,,I,365,
AMLSIM-CLI-3519,,I,365,
AMLSIM-CLI-3520,,I,365,
AMLSIM-CLI-3521,,I,365,
AMLSIM-CLI-3522,,I,365,
AMLSIM-CLI-3523,,I,365,
AMLSIM-CLI-3524,,I,365,
AMLSIM-CLI-3525,,I,365,
AMLSIM-CLI-3526,,I,365,
AMLSIM-CLI-3527,,I,365,
AMLSIM-CLI-3528,,I,365,
AMLSIM-CLI-3529,,I,365,
AMLSIM-CLI-3530,,I,365,
AMLSIM-CLI-3531,,I,365,
AMLSIM-CLI-3532,,I,365,
AMLSIM-CLI-3533,,I,365,
AMLSIM-CLI-3534,,I,365,
AMLSIM-CLI-3535,,I,365,
AMLSIM-CLI-3536,,I,365,
AMLSIM-CLI-3537,,I,365,
AMLSIM-CLI-3538,,I,365,
AMLSIM-CLI-3539,,I,365,
AMLSIM-CLI-3540,,I,365,
AMLSIM-CLI-3541,,I,365,
AMLSIM-CLI-3542,,I,365,
AMLSIM-CLI-3543,,I,365,
AMLSIM-CLI-3544,,I,365,
AMLSIM-CLI-3545,,I,365,
AMLSIM-CLI-3546,,I,365,
AMLSIM-CLI-3547,,I,365,
AMLSIM-CLI-3548,,I,365,
AMLSIM-CLI-3549,,I,365,
AMLSIM-CLI-3550,,I,365,
AMLSIM-CLI-3551,,I,365,
AMLSIM-CLI-3552,,I,365,
AMLSIM-CLI-3553,,I,365,
AMLSIM-CLI-3554,,I,365,
AMLSIM-CLI-3555,,I,365,
AMLSIM-CLI-3556,,I,365,
AMLSIM-CLI-3557,,I,365,
AMLSIM-CLI-3558,,I,365,
AMLSIM-CLI-3559,,I,365,
AMLSIM-CLI-3560,,I,365,
AMLSIM-CLI-3561,,I,365,
AMLSIM-CLI-3562,,I,365,
AMLSIM-CLI-3563,,I,365,
AMLSIM-CLI-3564,,I,365,
AMLSIM-CLI-3565,,I,365,
AMLSIM-CLI-3566,,I,365,
AMLSIM-CLI-3567,,I,365,
AMLSIM-CLI-3568,,I,365,
AMLSIM-CLI-3569,,I,365,
AMLSIM-CLI-3570,,I,365,
AMLSIM-CLI-3571,,I,365,
AMLSIM-CLI-3572,,I,365,
AMLSIM-CLI-3573,,I,365,
AMLSIM-CLI-3574,,I,365,
AMLSIM-CLI-3575,,I,365,
AMLSIM-CLI-3576,,I,365,
AMLSIM-CLI-3577,,I,365,
AMLSIM-CLI-3578,,I,365,
AMLSIM-CLI-3579,,I,365,
AMLSIM-CLI-3580,,I,365,
AMLSIM-CLI-3581,,I,365,
AMLSIM-CLI-3582,,I,365,
AMLSIM-CLI-3583,,I,365,
AMLSIM-CLI-3584,,I,365,
AMLSIM-CLI-3585,,I,365,
AMLSIM-CLI-3586,,I,365,
AMLSIM-CLI-3587,,I,365,
AMLSIM-CLI-3588,,I,365,
AMLSIM-CLI-3589,,I,365,
AMLSIM-CLI-3590,,I,365,
AMLSIM-CLI-3591,,I,365,
AMLSIM-CLI-3592,,I,365,
AMLSIM-CLI-3593,,I,365,
AMLSIM-CLI-3594,,I,365,
AMLSIM-CLI-3595,,I,365,
AMLSIM-CLI-3596,,I,365,
AMLSIM-CLI-3597,,I,365,
AMLSIM-CLI-3598,,I,365,
AMLSIM-CLI-3599,,I,365,
AMLSIM-CLI-3600,,I,365,
AMLSIM-CLI-3601,,I,365,
AMLSIM-CLI-3602,,I,365,
AMLSIM-CLI-3603,,I,365,
AMLSIM-CLI-3604,,I,365,
AMLSIM-CLI-3605,,I,365,
AMLSIM-CLI-3606,,I,365,
AMLSIM-CLI-3607,,I,365,
AMLSIM-CLI-3608,,I,365,
AMLSIM-CLI-3609,,I,365,
AMLSIM-CLI-3610,,I,365,
AMLSIM-CLI-3611,,I,365,
AMLSIM-CLI-3612,,I,365,
AMLSIM-CLI-3613,,I,365,
AMLSIM-CLI-3614,,I,365,
AMLSIM-CLI-3615,,I,365,
AMLSIM-CLI-3616,,I,365,
AMLSIM-CLI-3617,,I,365,
AMLSIM-CLI-3618,,I,365,
AMLSIM-CLI-3619,,I,365,
AMLSIM-CLI-3620,,I,365,
AMLSIM-CLI-3621,,I,365,
AMLSIM-CLI-3622,,I,365,
AMLSIM-CLI-3623,,I,365,
AMLSIM-CLI-3624,,I,365,
AMLSIM-CLI-3625,,I,365,
AMLSIM-CLI-3626,,I,365,
AMLSIM-CLI-3627,,I,365,
AMLSIM-CLI-3628,,I,365,
AMLSIM-CLI-3629,,I,365,
AMLSIM-CLI-3630,,I,365,
AMLSIM-CLI-3631,,I,365,
AMLSIM-CLI-3632,,I,365,
AMLSIM-CLI-3633,,I,365,
AMLSIM-CLI-3634,,I,365,
AMLSIM-CLI-3635,,I,365,
AMLSIM-CLI-3636,,I,365,
AMLSIM-CLI-3637,,I,365,
AMLSIM-CLI-3638,,I,365,
AMLSIM-CLI-3639,,I,365,
AMLSIM-CLI-3640,,I,365,
AMLSIM-CLI-3641,,I,365,
AMLSIM-CLI-3642,,I,365,
AMLSIM-CLI-3643,,I,365,
AMLSIM-CLI-3644,,I,365,
AMLSIM-CLI-3645,,I,365,
AMLSIM-CLI-3646,,I,365,
AMLSIM-CLI-3647,,I,365,
AMLSIM-CLI-3648,,I,365,
AMLSIM-CLI-3649,,I,365,
AMLSIM-CLI-3650,,I,365,
AMLSIM-CLI-3651,,I,365,
AMLSIM-CLI-3652,,I,365,
AMLSIM-CLI-3653,,I,365,
AMLSIM-CLI-3654,,I,365,
AMLSIM-CLI-3655,,I,365,
AMLSIM-CLI-3656,,I,365,
AMLSIM-CLI-3657,,I,365,
AMLSIM-CLI-3658,,I,365,
AMLSIM-CLI-3659,,I,365,
AMLSIM-CLI-3660,,I,365,
AMLSIM-CLI-3661,,I,365,
AMLSIM-CLI-3662,,I,365,
AMLSIM-CLI-3663,,I,365,
AMLSIM-CLI-3664,,I,365,
AMLSIM-CLI-3665,,I,365,
AMLSIM-CLI-3666,,I,365,
AMLSIM-CLI-3667,,I,365,
AMLSIM-CLI-3668,,I,365,
AMLSIM-CLI-3669,,I,365,
AMLSIM-CLI-3670,,I,365,
AMLSIM-CLI-3671,,I,365,
AMLSIM-CLI-3672,,I,365,
AMLSIM-CLI-3673,,I,365,
AMLSIM-CLI-3674,,I,365,
AMLSIM-CLI-3675,,I,365,
AMLSIM-CLI-3676,,I,365,
AMLSIM-CLI-3677,,I,365,
AMLSIM-CLI-3678,,I,365,
AMLSIM-CLI-3679,,I,365,
AMLSIM-CLI-3680,,I,365,
AMLSIM-CLI-3681,,I,365,
AMLSIM-CLI-3682,,I,365,
AMLSIM-CLI-3683,,I,365,
AMLSIM-CLI-3684,,I,365,
AMLSIM-CLI-3685,,I,365,
AMLSIM-CLI-3686,,I,365,
AMLSIM-CLI-3687,,I,365,
AMLSIM-CLI-3688,,I,365,
AMLSIM-CLI-3689,,I,365,
AMLSIM-CLI-3690,,I,365,
AMLSIM-CLI-3691,,I,365,
AMLSIM-CLI-3692,,I,365,
AMLSIM-CLI-3693,,I,365,
AMLSIM-CLI-3694,,I,365,
AMLSIM-CLI-3695,,I,365,
AMLSIM-CLI-3696,,I,365,
AMLSIM-CLI-3697,,I,365,
AMLSIM-CLI-3698,,I,365,
AMLSIM-CLI-3699,,I,365,
AMLSIM-CLI-3700,,I,365,
AMLSIM-CLI-3701,,I,365,
AMLSIM-CLI-3702,,I,365,
AMLSIM-CLI-3703,,I,365,
AMLSIM-CLI-3704,,I,365,
AMLSIM-CLI-3705,,I,365,
AMLSIM-CLI-3706,,I,365,
AMLSIM-CLI-3707,,I,365,
AMLSIM-CLI-3708,,I,365,
AMLSIM-CLI-3709,,I,365,
AMLSIM-CLI-3710,,I,365,
AMLSIM-CLI-3711,,I,365,
AMLSIM-CLI-3712,,I,365,
AMLSIM-CLI-3713,,I,365,
AMLSIM-CLI-3714,,I,365,
AMLSIM-CLI-3715,,I,365,
AMLSIM-CLI-3716,,I,365,
AMLSIM-CLI-3717,,I,365,
AMLSIM-CLI-3718,,I,365,
AMLSIM-CLI-3719,,I,365,
AMLSIM-CLI-3720,,I,365,
AMLSIM-CLI-3721,,I,365,
AMLSIM-CLI-3722,,I,365,
AMLSIM-CLI-3723,,I,365,
AMLSIM-CLI-3724,,I,365,
AMLSIM-CLI-3725,,I,365,
AMLSIM-CLI-3726,,I,365,
AMLSIM-CLI-3727,,I,365,
AMLSIM-CLI-3728,,I,365,
AMLSIM-CLI-3729,,I,365,
AMLSIM-CLI-3730,,I,365,
AMLSIM-CLI-3731,,I,365,
AMLSIM-CLI-3732,,I,365,
AMLSIM-CLI-3733,,I,365,
AMLSIM-CLI-3734,,I,365,
AMLSIM-CLI-3735,,I,365,
AMLSIM-CLI-3736,,I,365,
AMLSIM-CLI-3737,,I,365,
AMLSIM-CLI-3738,,I,365,
AMLSIM-CLI-3739,,I,365,
AMLSIM-CLI-3740,,I,365,
AMLSIM-CLI-3741,,I,365,
AMLSIM-CLI-3742,,I,365,
AMLSIM-CLI-3743,,I,365,
AMLSIM-CLI-3744,,I,365,
AMLSIM-CLI-3745,,I,365,
AMLSIM-CLI-3746,,I,365,
AMLSIM-CLI-3747,,I,365,
AMLSIM-CLI-3748,,I,365,
AMLSIM-CLI-3749,,I,365,
AMLSIM-CLI-3750,,I,365,
AMLSIM-CLI-3751,,I,365,
AMLSIM-CLI-3752,,I,365,
AMLSIM-CLI-3753,,I,365,
AMLSIM-CLI-3754,,I,365,
AMLSIM-CLI-3755,,I,365,
AMLSIM-CLI-3756,,I,365,
AMLSIM-CLI-3757,,I,365,
AMLSIM-CLI-3758,,I,365,
AMLSIM-CLI-3759,,I,365,
AMLSIM-CLI-3760,,I,365,
AMLSIM-CLI-3761,,I,365,
AMLSIM-CLI-3762,,I,365,
AMLSIM-CLI-3763,,I,365,
AMLSIM-CLI-3764,,I,365,
AMLSIM-CLI-3765,,I,365,
AMLSIM-CLI-3766,,I,365,
AMLSIM-CLI-3767,,I,365,
AMLSIM-CLI-3768,,I,365,
AMLSIM-CLI-3769,,I,365,
AMLSIM-CLI-3770,,I,365,
AMLSIM-CLI-3771,,I,365,
AMLSIM-CLI-3772,,I,365,
AMLSIM-CLI-3773,,I,365,
AMLSIM-CLI-3774,,I,365,
AMLSIM-CLI-3775,,I,365,
AMLSIM-CLI-3776,,I,365,
AMLSIM-CLI-3777,,I,365,
AMLSIM-CLI-3778,,I,365,
AMLSIM-CLI-3779,,I,365,
AMLSIM-CLI-3780,,I,365,
AMLSIM-CLI-3781,,I,365,
AMLSIM-CLI-3782,,I,365,
AMLSIM-CLI-3783,,I,365,
AMLSIM-CLI-3784,,I,365,
AMLSIM-CLI-3785,,I,365,
AMLSIM-CLI-3786,,I,365,
AMLSIM-CLI-3787,,I,365,
AMLSIM-CLI-3788,,I,365,
AMLSIM-CLI-3789,,I,365,
AMLSIM-CLI-3790,,I,365,
AMLSIM-CLI-3791,,I,365,
AMLSIM-CLI-3792,,I,365,
AMLSIM-CLI-3793,,I,365,
AMLSIM-CLI-3794,,I,365,
AMLSIM-CLI-3795,,I,365,
AMLSIM-CLI-3796,,I,365,
AMLSIM-CLI-3797,,I,365,
AMLSIM-CLI-3798,,I,365,
AMLSIM-CLI-3799,,I,365,
AMLSIM-CLI-3800,,I,365,
AMLSIM-CLI-3801,,I,365,
AMLSIM-CLI-3802,,I,365,
AMLSIM-CLI-3803,,I,365,
AMLSIM-CLI-3804,,I,365,
AMLSIM-CLI-3805,,I,365,
AMLSIM-CLI-3806,,I,365,
AMLSIM-CLI-3807,,I,365,
AMLSIM-CLI-3808,,I,365,
AMLSIM-CLI-3809,,I,365,
AMLSIM-CLI-3810,,I,365,
AMLSIM-CLI-3811,,I,365,
AMLSIM-CLI-3812,,I,365,
AMLSIM-CLI-3813,,I,365,
AMLSIM-CLI-3814,,I,365,
AMLSIM-CLI-3815,,I,365,
AMLSIM-CLI-3816,,I,365,
AMLSIM-CLI-3817,,I,365,
AMLSIM-CLI-3818,,I,365,
AMLSIM-CLI-3819,,I,365,
AMLSIM-CLI-3820,,I,365,
AMLSIM-CLI-3821,,I,365,
AMLSIM-CLI-3822,,I,365,
AMLSIM-CLI-3823,,I,365,
AMLSIM-CLI-3824,,I,365,
AMLSIM-CLI-3825,,I,365,
AMLSIM-CLI-3826,,I,365,
AMLSIM-CLI-3827,,I,365,
AMLSIM-CLI-3828,,I,365,
AMLSIM-CLI-3829,,I,365,
AMLSIM-CLI-3830,,I,365,
AMLSIM-CLI-3831,,I,365,
AMLSIM-CLI-3832,,I,365,
AMLSIM-CLI-3833,,I,365,
AMLSIM-CLI-3834,,I,365,
AMLSIM-CLI-3835,,I,365,
AMLSIM-CLI-3836,,I,365,
AMLSIM-CLI-3837,,I,365,
AMLSIM-CLI-3838,,I,365,
AMLSIM-CLI-3839,,I,365,
AMLSIM-CLI-3840,,I,365,
AMLSIM-CLI-3841,,I,365,
AMLSIM-CLI-3842,,I,365,
AMLSIM-CLI-3843,,I,365,
AMLSIM-CLI-3844,,I,365,
AMLSIM-CLI-3845,,I,365,
AMLSIM-CLI-3846,,I,365,
AMLSIM-CLI-3847,,I,365,
AMLSIM-CLI-3848,,I,365,
AMLSIM-CLI-3849,,I,365,
AMLSIM-CLI-3850,,I,365,
AMLSIM-CLI-3851,,I,365,
AMLSIM-CLI-3852,,I,365,
AMLSIM-CLI-3853,,I,365,
AMLSIM-CLI-3854,,I,365,
AMLSIM-CLI-3855,,I,365,
AMLSIM-CLI-3856,,I,365,
AMLSIM-CLI-3857,,I,365,
AMLSIM-CLI-3858,,I,365,
AMLSIM-CLI-3859,,I,365,
AMLSIM-CLI-3860,,I,365,
AMLSIM-CLI-3861,,I,365,
AMLSIM-CLI-3862,,I,365,
AMLSIM-CLI-3863,,I,365,
AMLSIM-CLI-3864,,I,365,
AMLSIM-CLI-3865,,I,365,
AMLSIM-CLI-3866,,I,365,
AMLSIM-CLI-3867,,I,365,
AMLSIM-CLI-3868,,I,365,
AMLSIM-CLI-3869,,I,365,
AMLSIM-CLI-3870,,I,365,
AMLSIM-CLI-3871,,I,365,
AMLSIM-CLI-3872,,I,365,
AMLSIM-CLI-3873,,I,365,
AMLSIM-CLI-3874,,I,365,
AMLSIM-CLI-3875,,I,365,
AMLSIM-CLI-3876,,I,365,
AMLSIM-CLI-3877,,I,365,
AMLSIM-CLI-3878,,I,365,
AMLSIM-CLI-3879,,I,365,
AMLSIM-CLI-3880,,I,365,
AMLSIM-CLI-3881,,I,365,
AMLSIM-CLI-3882,,I,365,
AMLSIM-CLI-3883,,I,365,
AMLSIM-CLI-3884,,I,365,
AMLSIM-CLI-3885,,I,365,
AMLSIM-CLI-3886,,I,365,
AMLSIM-CLI-3887,,I,365,
AMLSIM-CLI-3888,,I,365,
AMLSIM-CLI-3889,,I,365,
AMLSIM-CLI-3890,,I,365,
AMLSIM-CLI-3891,,I,365,
AMLSIM-CLI-3892,,I,365,
AMLSIM-CLI-3893,,I,365,
AMLSIM-CLI-3894,,I,365,
AMLSIM-CLI-3895,,I,365,
AMLSIM-CLI-3896,,I,365,
AMLSIM-CLI-3897,,I,365,
AMLSIM-CLI-3898,,I,365,
AMLSIM-CLI-3899,,I,365,
AMLSIM-CLI-3900,,I,365,
AMLSIM-CLI-3901,,I,365,
AMLSIM-CLI-3902,,I,365,
AMLSIM-CLI-3903,,I,365,
AMLSIM-CLI-3904,,I,365,
AMLSIM-CLI-3905,,I,365,
AMLSIM-CLI-3906,,I,365,
AMLSIM-CLI-3907,,I,365,
AMLSIM-CLI-3908,,I,365,
AMLSIM-CLI-3909,,I,365,
AMLSIM-CLI-3910,,I,365,
AMLSIM-CLI-3911,,I,365,
AMLSIM-CLI-3912,,I,365,
AMLSIM-CLI-3913,,I,365,
AMLSIM-CLI-3914,,I,365,
AMLSIM-CLI-3915,,I,365,
AMLSIM-CLI-3916,,I,365,
AMLSIM-CLI-3917,,I,365,
AMLSIM-CLI-3918,,I,365,
AMLSIM-CLI-3919,,I,365,
AMLSIM-CLI-3920,,I,365,
AMLSIM-CLI-3921,,I,365,
AMLSIM-CLI-3922,,I,365,
AMLSIM-CLI-3923,,I,365,
AMLSIM-CLI-3924,,I,365,
AMLSIM-CLI-3925,,I,365,
AMLSIM-CLI-3926,,I,365,
AMLSIM-CLI-3927,,I,365,
AMLSIM-CLI-3928,,I,365,
AMLSIM-CLI-3929,,I,365,
AMLSIM-CLI-3930,,I,365,
AMLSIM-CLI-3931,,I,365,
AMLSIM-CLI-3932,,I,365,
AMLSIM-CLI-3933,,I,365,
AMLSIM-CLI-3934,,I,365,
AMLSIM-CLI-3935,,I,365,
AMLSIM-CLI-3936,,I,365,
AMLSIM-CLI-3937,,I,365,
AMLSIM-CLI-3938,,I,365,
AMLSIM-CLI-3939,,I,365,
AMLSIM-CLI-3940,,I,365,
AMLSIM-CLI-3941,,I,365,
AMLSIM-CLI-3942,,I,365,
AMLSIM-CLI-3943,,I,365,
AMLSIM-CLI-3944,,I,365,
AMLSIM-CLI-3945,,I,365,
AMLSIM-CLI-3946,,I,365,
AMLSIM-CLI-3947,,I,365,
AMLSIM-CLI-3948,,I,365,
AMLSIM-CLI-3949,,I,365,
AMLSIM-CLI-3950,,I,365,
AMLSIM-CLI-3951,,I,365,
AMLSIM-CLI-3952,,I,365,
AMLSIM-CLI-3953,,I,365,
AMLSIM-CLI-3954,,I,365,
AMLSIM-CLI-3955,,I,365,
AMLSIM-CLI-3956,,I,365,
AMLSIM-CLI-3957,,I,365,
AMLSIM-CLI-3958,,I,365,
AMLSIM-CLI-3959,,I,365,
AMLSIM-CLI-3960,,I,365,
AMLSIM-CLI-3961,,I,365,
AMLSIM-CLI-3962,,I,365,
AMLSIM-CLI-3963,,I,365,
AMLSIM-CLI-3964,,I,365,
AMLSIM-CLI-3965,,I,365,
AMLSIM-CLI-3966,,I,365,
AMLSIM-CLI-3967,,I,365,
AMLSIM-CLI-3968,,I,365,
AMLSIM-CLI-3969,,I,365,
AMLSIM-CLI-3970,,I,365,
AMLSIM-CLI-3971,,I,365,
AMLSIM-CLI-3972,,I,365,
AMLSIM-CLI-3973,,I,365,
AMLSIM-CLI-3974,,I,365,
AMLSIM-CLI-3975,,I,365,
AMLSIM-CLI-3976,,I,365,
AMLSIM-CLI-3977,,I,365,
AMLSIM-CLI-3978,,I,365,
AMLSIM-CLI-3979,,I,365,
AMLSIM-CLI-3980,,I,365,
AMLSIM-CLI-3981,,I,365,
AMLSIM-CLI-3982,,I,365,
AMLSIM-CLI-3983,,I,365,
AMLSIM-CLI-3984,,I,365,
AMLSIM-CLI-3985,,I,365,
AMLSIM-CLI-3986,,I,365,
AMLSIM-CLI-3987,,I,365,
AMLSIM-CLI-3988,,I,365,
AMLSIM-CLI-3989,,I,365,
AMLSIM-CLI-3990,,I,365,
AMLSIM-CLI-3991,,I,365,
AMLSIM-CLI-3992,,I,365,
AMLSIM-CLI-3993,,I,365,
AMLSIM-CLI-3994,,I,365,
AMLSIM-CLI-3995,,I,365,
AMLSIM-CLI-3996,,I,365,
AMLSIM-CLI-3997,,I,365,
AMLSIM-CLI-3998,,I,365,
AMLSIM-CLI-3999,,I,365,
AMLSIM-CLI-4000,,I,365,
AMLSIM-CLI-4001,,I,365,
AMLSIM-CLI-4002,,I,365,
AMLSIM-CLI-4003,,I,365,
AMLSIM-CLI-4004,,I,365,
AMLSIM-CLI-4005,,I,365,
AMLSIM-CLI-4006,,I,365,
AMLSIM-CLI-4007,,I,365,
AMLSIM-CLI-4008,,I,365,
AMLSIM-CLI-4009,,I,365,
AMLSIM-CLI-4010,,I,365,
AMLSIM-CLI-4011,,I,365,
AMLSIM-CLI-4012,,I,365,
AMLSIM-CLI-4013,,I,365,
AMLSIM-CLI-4014,,I,365,
AMLSIM-CLI-4015,,I,365,
AMLSIM-CLI-4016,,I,365,
AMLSIM-CLI-4017,,I,365,
AMLSIM-CLI-4018,,I,365,
AMLSIM-CLI-4019,,I,365,
AMLSIM-CLI-4020,,I,365,
AMLSIM-CLI-4021,,I,365,
AMLSIM-CLI-4022,,I,365,
AMLSIM-CLI-4023,,I,365,
AMLSIM-CLI-4024,,I,365,
AMLSIM-CLI-4025,,I,365,
AMLSIM-CLI-4026,,I,365,
AMLSIM-CLI-4027,,I,365,
AMLSIM-CLI-4028,,I,365,
AMLSIM-CLI-4029,,I,365,
AMLSIM-CLI-4030,,I,365,
AMLSIM-CLI-4031,,I,365,
AMLSIM-CLI-4032,,I,365,
AMLSIM-CLI-4033,,I,365,
AMLSIM-CLI-4034,,I,365,
AMLSIM-CLI-4035,,I,365,
AMLSIM-CLI-4036,,I,365,
AMLSIM-CLI-4037,,I,365,
AMLSIM-CLI-4038,,I,365,
AMLSIM-CLI-4039,,I,365,
AMLSIM-CLI-4040,,I,365,
AMLSIM-CLI-4041,,I,365,
AMLSIM-CLI-4042,,I,365,
AMLSIM-CLI-4043,,I,365,
AMLSIM-CLI-4044,,I,365,
AMLSIM-CLI-4045,,I,365,
AMLSIM-CLI-4046,,I,365,
AMLSIM-CLI-4047,,I,365,
AMLSIM-CLI-4048,,I,365,
AMLSIM-CLI-4049,,I,365,
AMLSIM-CLI-4050,,I,365,
AMLSIM-CLI-4051,,I,365,
AMLSIM-CLI-4052,,I,365,
AMLSIM-CLI-4053,,I,365,
AMLSIM-CLI-4054,,I,365,
AMLSIM-CLI-4055,,I,365,
AMLSIM-CLI-4056,,I,365,
AMLSIM-CLI-4057,,I,365,
AMLSIM-CLI-4058,,I,365,
AMLSIM-CLI-4059,,I,365,
AMLSIM-CLI-4060,,I,365,
AMLSIM-CLI-4061,,I,365,
AMLSIM-CLI-4062,,I,365,
AMLSIM-CLI-4063,,I,365,
AMLSIM-CLI-4064,,I,365,
AMLSIM-CLI-4065,,I,365,
AMLSIM-CLI-4066,,I,365,
AMLSIM-CLI-4067,,I,365,
AMLSIM-CLI-4068,,I,365,
AMLSIM-CLI-4069,,I,365,
AMLSIM-CLI-4070,,I,365,
AMLSIM-CLI-4071,,I,365,
AMLSIM-CLI-4072,,I,365,
AMLSIM-CLI-4073,,I,365,
AMLSIM-CLI-4074,,I,365,
AMLSIM-CLI-4075,,I,365,
AMLSIM-CLI-4076,,I,365,
AMLSIM-CLI-4077,,I,365,
AMLSIM-CLI-4078,,I,365,
AMLSIM-CLI-4079,,I,365,
AMLSIM-CLI-4080,,I,365,
AMLSIM-CLI-4081,,I,365,
AMLSIM-CLI-4082,,I,365,
AMLSIM-CLI-4083,,I,365,
AMLSIM-CLI-4084,,I,365,
AMLSIM-CLI-4085,,I,365,
AMLSIM-CLI-4086,,I,365,
AMLSIM-CLI-4087,,I,365,
AMLSIM-CLI-4088,,I,365,
AMLSIM-CLI-4089,,I,365,
AMLSIM-CLI-4090,,I,365,
AMLSIM-CLI-4091,,I,365,
AMLSIM-CLI-4092,,I,365,
AMLSIM-CLI-4093,,I,365,
AMLSIM-CLI-4094,,I,365,
AMLSIM-CLI-4095,,I,365,
AMLSIM-CLI-4096,,I,365,
AMLSIM-CLI-4097,,I,365,
AMLSIM-CLI-4098,,I,365,
AMLSIM-CLI-4099,,I,365,
AMLSIM-CLI-4100,,I,365,
AMLSIM-CLI-4101,,I,365,
AMLSIM-CLI-4102,,I,365,
AMLSIM-CLI-4103,,I,365,
AMLSIM-CLI-4104,,I,365,
AMLSIM-CLI-4105,,I,365,
AMLSIM-CLI-4106,,I,365,
AMLSIM-CLI-4107,,I,365,
AMLSIM-CLI-4108,,I,365,
AMLSIM-CLI-4109,,I,365,
AMLSIM-CLI-4110,,I,365,
AMLSIM-CLI-4111,,I,365,
AMLSIM-CLI-4112,,I,365,
AMLSIM-CLI-4113,,I,365,
AMLSIM-CLI-4114,,I,365,
AMLSIM-CLI-4115,,I,365,
AMLSIM-CLI-4116,,I,365,
AMLSIM-CLI-4117,,I,365,
AMLSIM-CLI-4118,,I,365,
AMLSIM-CLI-4119,,I,365,
AMLSIM-CLI-4120,,I,365,
AMLSIM-CLI-4121,,I,365,
AMLSIM-CLI-4122,,I,365,
AMLSIM-CLI-4123,,I,365,
AMLSIM-CLI-4124,,I,365,
AMLSIM-CLI-4125,,I,365,
AMLSIM-CLI-4126,,I,365,
AMLSIM-CLI-4127,,I,365,
AMLSIM-CLI-4128,,I,365,
AMLSIM-CLI-4129,,I,365,
AMLSIM-CLI-4130,,I,365,
AMLSIM-CLI-4131,,I,365,
AMLSIM-CLI-4132,,I,365,
AMLSIM-CLI-4133,,I,365,
AMLSIM-CLI-4134,,I,365,
AMLSIM-CLI-4135,,I,365,
AMLSIM-CLI-4136,,I,365,
AMLSIM-CLI-4137,,I,365,
AMLSIM-CLI-4138,,I,365,
AMLSIM-CLI-4139,,I,365,
AMLSIM-CLI-4140,,I,365,
AMLSIM-CLI-4141,,I,365,
AMLSIM-CLI-4142,,I,365,
AMLSIM-CLI-4143,,I,365,
AMLSIM-CLI-4144,,I,365,
AMLSIM-CLI-4145,,I,365,
AMLSIM-CLI-4146,,I,365,
AMLSIM-CLI-4147,,I,365,
AMLSIM-CLI-4148,,I,365,
AMLSIM-CLI-4149,,I,365,
AMLSIM-CLI-4150,,I,365,
AMLSIM-CLI-4151,,I,365,
AMLSIM-CLI-4152,,I,365,
AMLSIM-CLI-4153,,I,365,
AMLSIM-CLI-4154,,I,365,
AMLSIM-CLI-4155,,I,365,
AMLSIM-CLI-4156,,I,365,
AMLSIM-CLI-4157,,I,365,
AMLSIM-CLI-4158,,I,365,
AMLSIM-CLI-4159,,I,365,
AMLSIM-CLI-4160,,I,365,
AMLSIM-CLI-4161,,I,365,
AMLSIM-CLI-4162,,I,365,
AMLSIM-CLI-4163,,I,365,
AMLSIM-CLI-4164,,I,365,
AMLSIM-CLI-4165,,I,365,
AMLSIM-CLI-4166,,I,365,
AMLSIM-CLI-4167,,I,365,
AMLSIM-CLI-4168,,I,365,
AMLSIM-CLI-4169,,I,365,
AMLSIM-CLI-4170,,I,365,
AMLSIM-CLI-4171,,I,365,
AMLSIM-CLI-4172,,I,365,
AMLSIM-CLI-4173,,I,365,
AMLSIM-CLI-4174,,I,365,
AMLSIM-CLI-4175,,I,365,
AMLSIM-CLI-4176,,I,365,
AMLSIM-CLI-4177,,I,365,
AMLSIM-CLI-4178,,I,365,
AMLSIM-CLI-4179,,I,365,
AMLSIM-CLI-4180,,I,365,
AMLSIM-CLI-4181,,I,365,
AMLSIM-CLI-4182,,I,365,
AMLSIM-CLI-4183,,I,365,
AMLSIM-CLI-4184,,I,365,
AMLSIM-CLI-4185,,I,365,
AMLSIM-CLI-4186,,I,365,
AMLSIM-CLI-4187,,I,365,
AMLSIM-CLI-4188,,I,365,
AMLSIM-CLI-4189,,I,365,
AMLSIM-CLI-4190,,I,365,
AMLSIM-CLI-4191,,I,365,
AMLSIM-CLI-4192,,I,365,
AMLSIM-CLI-4193,,I,365,
AMLSIM-CLI-4194,,I,365,
AMLSIM-CLI-4195,,I,365,
AMLSIM-CLI-4196,,I,365,
AMLSIM-CLI-4197,,I,365,
AMLSIM-CLI-4198,,I,365,
AMLSIM-CLI-4199,,I,365,
AMLSIM-CLI-4200,,I,365,
AMLSIM-CLI-4201,,I,365,
AMLSIM-CLI-4202,,I,365,
AMLSIM-CLI-4203,,I,365,
AMLSIM-CLI-4204,,I,365,
AMLSIM-CLI-4205,,I,365,
AMLSIM-CLI-4206,,I,365,
AMLSIM-CLI-4207,,I,365,
AMLSIM-CLI-4208,,I,365,
AMLSIM-CLI-4209,,I,365,
AMLSIM-CLI-4210,,I,365,
AMLSIM-CLI-4211,,I,365,
AMLSIM-CLI-4212,,I,365,
AMLSIM-CLI-4213,,I,365,
AMLSIM-CLI-4214,,I,365,
AMLSIM-CLI-4215,,I,365,
AMLSIM-CLI-4216,,I,365,
AMLSIM-CLI-4217,,I,365,
AMLSIM-CLI-4218,,I,365,
AMLSIM-CLI-4219,,I,365,
AMLSIM-CLI-4220,,I,365,
AMLSIM-CLI-4221,,I,365,
AMLSIM-CLI-4222,,I,365,
AMLSIM-CLI-4223,,I,365,
AMLSIM-CLI-4224,,I,365,
AMLSIM-CLI-4225,,I,365,
AMLSIM-CLI-4226,,I,365,
AMLSIM-CLI-4227,,I,365,
AMLSIM-CLI-4228,,I,365,
AMLSIM-CLI-4229,,I,365,
AMLSIM-CLI-4230,,I,365,
AMLSIM-CLI-4231,,I,365,
AMLSIM-CLI-4232,,I,365,
AMLSIM-CLI-4233,,I,365,
AMLSIM-CLI-4234,,I,365,
AMLSIM-CLI-4235,,I,365,
AMLSIM-CLI-4236,,I,365,
AMLSIM-CLI-4237,,I,365,
AMLSIM-CLI-4238,,I,365,
AMLSIM-CLI-4239,,I,365,
AMLSIM-CLI-4240,,I,365,
AMLSIM-CLI-4241,,I,365,
AMLSIM-CLI-4242,,I,365,
AMLSIM-CLI-4243,,I,365,
AMLSIM-CLI-4244,,I,365,
AMLSIM-CLI-4245,,I,365,
AMLSIM-CLI-4246,,I,365,
AMLSIM-CLI-4247,,I,365,
AMLSIM-CLI-4248,,I,365,
AMLSIM-CLI-4249,,I,365,
AMLSIM-CLI-4250,,I,365,
AMLSIM-CLI-4251,,I,365,
AMLSIM-CLI-4252,,I,365,
AMLSIM-CLI-4253,,I,365,
AMLSIM-CLI-4254,,I,365,
AMLSIM-CLI-4255,,I,365,
AMLSIM-CLI-4256,,I,365,
AMLSIM-CLI-4257,,I,365,
AMLSIM-CLI-4258,,I,365,
AMLSIM-CLI-4259,,I,365,
AMLSIM-CLI-4260,,I,365,
AMLSIM-CLI-4261,,I,365,
AMLSIM-CLI-4262,,I,365,
AMLSIM-CLI-4263,,I,365,
AMLSIM-CLI-4264,,I,365,
AMLSIM-CLI-4265,,I,365,
AMLSIM-CLI-4266,,I,365,
AMLSIM-CLI-4267,,I,365,
AMLSIM-CLI-4268,,I,365,
AMLSIM-CLI-4269,,I,365,
AMLSIM-CLI-4270,,I,365,
AMLSIM-CLI-4271,,I,365,
AMLSIM-CLI-4272,,I,365,
AMLSIM-CLI-4273,,I,365,
AMLSIM-CLI-4274,,I,365,
AMLSIM-CLI-4275,,I,365,
AMLSIM-CLI-4276,,I,365,
AMLSIM-CLI-4277,,I,365,
AMLSIM-CLI-4278,,I,365,
AMLSIM-CLI-4279,,I,365,
AMLSIM-CLI-4280,,I,365,
AMLSIM-CLI-4281,,I,365,
AMLSIM-CLI-4282,,I,365,
AMLSIM-CLI-4283,,I,365,
AMLSIM-CLI-4284,,I,365,
AMLSIM-CLI-4285,,I,365,
AMLSIM-CLI-4286,,I,365,
AMLSIM-CLI-4287,,I,365,
AMLSIM-CLI-4288,,I,365,
AMLSIM-CLI-4289,,I,365,
AMLSIM-CLI-4290,,I,365,
AMLSIM-CLI-4291,,I,365,
AMLSIM-CLI-4292,,I,365,
AMLSIM-CLI-4293,,I,365,
AMLSIM-CLI-4294,,I,365,
AMLSIM-CLI-4295,,I,365,
AMLSIM-CLI-4296,,I,365,
AMLSIM-CLI-4297,,I,365,
AMLSIM-CLI-4298,,I,365,
AMLSIM-CLI-4299,,I,365,
AMLSIM-CLI-4300,,I,365,
AMLSIM-CLI-4301,,I,365,
AMLSIM-CLI-4302,,I,365,
AMLSIM-CLI-4303,,I,365,
AMLSIM-CLI-4304,,I,365,
AMLSIM-CLI-4305,,I,365,
AMLSIM-CLI-4306,,I,365,
AMLSIM-CLI-4307,,I,365,
AMLSIM-CLI-4308,,I,365,
AMLSIM-CLI-4309,,I,365,
AMLSIM-CLI-4310,,I,365,
AMLSIM-CLI-4311,,I,365,
AMLSIM-CLI-4312,,I,365,
AMLSIM-CLI-4313,,I,365,
AMLSIM-CLI-4314,,I,365,
AMLSIM-CLI-4315,,I,365,
AMLSIM-CLI-4316,,I,365,
AMLSIM-CLI-4317,,I,365,
AMLSIM-CLI-4318,,I,365,
AMLSIM-CLI-4319,,I,365,
AMLSIM-CLI-4320,,I,365,
AMLSIM-CLI-4321,,I,365,
AMLSIM-CLI-4322,,I,365,
AMLSIM-CLI-4323,,I,365,
AMLSIM-CLI-4324,,I,365,
AMLSIM-CLI-4325,,I,365,
AMLSIM-CLI-4326,,I,365,
AMLSIM-CLI-4327,,I,365,
AMLSIM-CLI-4328,,I,365,
AMLSIM-CLI-4329,,I,365,
AMLSIM-CLI-4330,,I,365,
AMLSIM-CLI-4331,,I,365,
AMLSIM-CLI-4332,,I,365,
AMLSIM-CLI-4333,,I,365,
AMLSIM-CLI-4334,,I,365,
AMLSIM-CLI-4335,,I,365,
AMLSIM-CLI-4336,,I,365,
AMLSIM-CLI-4337,,I,365,
AMLSIM-CLI-4338,,I,365,
AMLSIM-CLI-4339,,I,365,
AMLSIM-CLI-4340,,I,365,
AMLSIM-CLI-4341,,I,365,
AMLSIM-CLI-4342,,I,365,
AMLSIM-CLI-4343,,I,365,
AMLSIM-CLI-4344,,I,365,
AMLSIM-CLI-4345,,I,365,
AMLSIM-CLI-4346,,I,365,
AMLSIM-CLI-4347,,I,365,
AMLSIM-CLI-4348,,I,365,
AMLSIM-CLI-4349,,I,365,
AMLSIM-CLI-4350,,I,365,
AMLSIM-CLI-4351,,I,365,
AMLSIM-CLI-4352,,I,365,
AMLSIM-CLI-4353,,I,365,
AMLSIM-CLI-4354,,I,365,
AMLSIM-CLI-4355,,I,365,
AMLSIM-CLI-4356,,I,365,
AMLSIM-CLI-4357,,I,365,
AMLSIM-CLI-4358,,I,365,
AMLSIM-CLI-4359,,I,365,
AMLSIM-CLI-4360,,I,365,
AMLSIM-CLI-4361,,I,365,
AMLSIM-CLI-4362,,I,365,
AMLSIM-CLI-4363,,I,365,
AMLSIM-CLI-4364,,I,365,
AMLSIM-CLI-4365,,I,365,
AMLSIM-CLI-4366,,I,365,
AMLSIM-CLI-4367,,I,365,
AMLSIM-CLI-4368,,I,365,
AMLSIM-CLI-4369,,I,365,
AMLSIM-CLI-4370,,I,365,
AMLSIM-CLI-4371,,I,365,
AMLSIM-CLI-4372,,I,365,
AMLSIM-CLI-4373,,I,365,
AMLSIM-CLI-4374,,I,365,
AMLSIM-CLI-4375,,I,365,
AMLSIM-CLI-4376,,I,365,
AMLSIM-CLI-4377,,I,365,
AMLSIM-CLI-4378,,I,365,
AMLSIM-CLI-4379,,I,365,
AMLSIM-CLI-4380,,I,365,
AMLSIM-CLI-4381,,I,365,
AMLSIM-CLI-4382,,I,365,
AMLSIM-CLI-4383,,I,365,
AMLSIM-CLI-4384,,I,365,
AMLSIM-CLI-4385,,I,365,
AMLSIM-CLI-4386,,I,365,
AMLSIM-CLI-4387,,I,365,
AMLSIM-CLI-4388,,I,365,
AMLSIM-CLI-4389,,I,365,
AMLSIM-CLI-4390,,I,365,
AMLSIM-CLI-4391,,I,365,
AMLSIM-CLI-4392,,I,365,
AMLSIM-CLI-4393,,I,365,
AMLSIM-CLI-4394,,I,365,
AMLSIM-CLI-4395,,I,365,
AMLSIM-CLI-4396,,I,365,
AMLSIM-CLI-4397,,I,365,
AMLSIM-CLI-4398,,I,365,
AMLSIM-CLI-4399,,I,365,
AMLSIM-CLI-4400,,I,365,
AMLSIM-CLI-4401,,I,365,
AMLSIM-CLI-4402,,I,365,
AMLSIM-CLI-4403,,I,365,
AMLSIM-CLI-4404,,I,365,
AMLSIM-CLI-4405,,I,365,
AMLSIM-CLI-4406,,I,365,
AMLSIM-CLI-4407,,I,365,
AMLSIM-CLI-4408,,I,365,
AMLSIM-CLI-4409,,I,365,
AMLSIM-CLI-4410,,I,365,
AMLSIM-CLI-4411,,I,365,
AMLSIM-CLI-4412,,I,365,
AMLSIM-CLI-4413,,I,365,
AMLSIM-CLI-4414,,I,365,
AMLSIM-CLI-4415,,I,365,
AMLSIM-CLI-4416,,I,365,
AMLSIM-CLI-4417,,I,365,
AMLSIM-CLI-4418,,I,365,
AMLSIM-CLI-4419,,I,365,
AMLSIM-CLI-4420,,I,365,
AMLSIM-CLI-4421,,I,365,
AMLSIM-CLI-4422,,I,365,
AMLSIM-CLI-4423,,I,365,
AMLSIM-CLI-4424,,I,365,
AMLSIM-CLI-4425,,I,365,
AMLSIM-CLI-4426,,I,365,
AMLSIM-CLI-4427,,I,365,
AMLSIM-CLI-4428,,I,365,
AMLSIM-CLI-4429,,I,365,
AMLSIM-CLI-4430,,I,365,
AMLSIM-CLI-4431,,I,365,
AMLSIM-CLI-4432,,I,365,
AMLSIM-CLI-4433,,I,365,
AMLSIM-CLI-4434,,I,365,
AMLSIM-CLI-4435,,I,365,
AMLSIM-CLI-4436,,I,365,
AMLSIM-CLI-4437,,I,365,
AMLSIM-CLI-4438,,I,365,
AMLSIM-CLI-4439,,I,365,
AMLSIM-CLI-4440,,I,365,
AMLSIM-CLI-4441,,I,365,
AMLSIM-CLI-4442,,I,365,
AMLSIM-CLI-4443,,I,365,
AMLSIM-CLI-4444,,I,365,
AMLSIM-CLI-4445,,I,365,
AMLSIM-CLI-4446,,I,365,
AMLSIM-CLI-4447,,I,365,
AMLSIM-CLI-4448,,I,365,
AMLSIM-CLI-4449,,I,365,
AMLSIM-CLI-4450,,I,365,
AMLSIM-CLI-4451,,I,365,
AMLSIM-CLI-4452,,I,365,
AMLSIM-CLI-4453,,I,365,
AMLSIM-CLI-4454,,I,365,
AMLSIM-CLI-4455,,I,365,
AMLSIM-CLI-4456,,I,365,
AMLSIM-CLI-4457,,I,365,
AMLSIM-CLI-4458,,I,365,
AMLSIM-CLI-4459,,I,365,
AMLSIM-CLI-4460,,I,365,
AMLSIM-CLI-4461,,I,365,
AMLSIM-CLI-4462,,I,365,
AMLSIM-CLI-4463,,I,365,
AMLSIM-CLI-4464,,I,365,
AMLSIM-CLI-4465,,I,365,
AMLSIM-CLI-4466,,I,365,
AMLSIM-CLI-4467,,I,365,
AMLSIM-CLI-4468,,I,365,
AMLSIM-CLI-4469,,I,365,
AMLSIM-CLI-4470,,I,365,
AMLSIM-CLI-4471,,I,365,
AMLSIM-CLI-4472,,I,365,
AMLSIM-CLI-4473,,I,365,
AMLSIM-CLI-4474,,I,365,
AMLSIM-CLI-4475,,I,365,
AMLSIM-CLI-4476,,I,365,
AMLSIM-CLI-4477,,I,365,
AMLSIM-CLI-4478,,I,365,
AMLSIM-CLI-4479,,I,365,
AMLSIM-CLI-4480,,I,365,
AMLSIM-CLI-4481,,I,365,
AMLSIM-CLI-4482,,I,365,
AMLSIM-CLI-4483,,I,365,
AMLSIM-CLI-4484,,I,365,
AMLSIM-CLI-4485,,I,365,
AMLSIM-CLI-4486,,I,365,
AMLSIM-CLI-4487,,I,365,
AMLSIM-CLI-4488,,I,365,
AMLSIM-CLI-4489,,I,365,
AMLSIM-CLI-4490,,I,365,
AMLSIM-CLI-4491,,I,365,
AMLSIM-CLI-4492,,I,365,
AMLSIM-CLI-4493,,I,365,
AMLSIM-CLI-4494,,I,365,
AMLSIM-CLI-4495,,I,365,
AMLSIM-CLI-4496,,I,365,
AMLSIM-CLI-4497,,I,365,
AMLSIM-CLI-4498,,I,365,
AMLSIM-CLI-4499,,I,365,
AMLSIM-CLI-4500,,I,365,
AMLSIM-CLI-4501,,I,365,
AMLSIM-CLI-4502,,I,365,
AMLSIM-CLI-4503,,I,365,
AMLSIM-CLI-4504,,I,365,
AMLSIM-CLI-4505,,I,365,
AMLSIM-CLI-4506,,I,365,
AMLSIM-CLI-4507,,I,365,
AMLSIM-CLI-4508,,I,365,
AMLSIM-CLI-4509,,I,365,
AMLSIM-CLI-4510,,I,365,
AMLSIM-CLI-4511,,I,365,
AMLSIM-CLI-4512,,I,365,
AMLSIM-CLI-4513,,I,365,
AMLSIM-CLI-4514,,I,365,
AMLSIM-CLI-4515,,I,365,
AMLSIM-CLI-4516,,I,365,
AMLSIM-CLI-4517,,I,365,
AMLSIM-CLI-4518,,I,365,
AMLSIM-CLI-4519,,I,365,
AMLSIM-CLI-4520,,I,365,
AMLSIM-CLI-4521,,I,365,
AMLSIM-CLI-4522,,I,365,
AMLSIM-CLI-4523,,I,365,
AMLSIM-CLI-4524,,I,365,
AMLSIM-CLI-4525,,I,365,
AMLSIM-CLI-4526,,I,365,
AMLSIM-CLI-4527,,I,365,
AMLSIM-CLI-4528,,I,365,
AMLSIM-CLI-4529,,I,365,
AMLSIM-CLI-4530,,I,365,
AMLSIM-CLI-4531,,I,365,
AMLSIM-CLI-4532,,I,365,
AMLSIM-CLI-4533,,I,365,
AMLSIM-CLI-4534,,I,365,
AMLSIM-CLI-4535,,I,365,
AMLSIM-CLI-4536,,I,365,
AMLSIM-CLI-4537,,I,365,
AMLSIM-CLI-4538,,I,365,
AMLSIM-CLI-4539,,I,365,
AMLSIM-CLI-4540,,I,365,
AMLSIM-CLI-4541,,I,365,
AMLSIM-CLI-4542,,I,365,
AMLSIM-CLI-4543,,I,365,
AMLSIM-CLI-4544,,I,365,
AMLSIM-CLI-4545,,I,365,
AMLSIM-CLI-4546,,I,365,
AMLSIM-CLI-4547,,I,365,
AMLSIM-CLI-4548,,I,365,
AMLSIM-CLI-4549,,I,365,
AMLSIM-CLI-4550,,I,365,
AMLSIM-CLI-4551,,I,365,
AMLSIM-CLI-4552,,I,365,
AMLSIM-CLI-4553,,I,365,
AMLSIM-CLI-4554,,I,365,
AMLSIM-CLI-4555,,I,365,
AMLSIM-CLI-4556,,I,365,
AMLSIM-CLI-4557,,I,365,
AMLSIM-CLI-4558,,I,365,
AMLSIM-CLI-4559,,I,365,
AMLSIM-CLI-4560,,I,365,
AMLSIM-CLI-4561,,I,365,
AMLSIM-CLI-4562,,I,365,
AMLSIM-CLI-4563,,I,365,
AMLSIM-CLI-4564,,I,365,
AMLSIM-CLI-4565,,I,365,
AMLSIM-CLI-4566,,I,365,
AMLSIM-CLI-4567,,I,365,
AMLSIM-CLI-4568,,I,365,
AMLSIM-CLI-4569,,I,365,
AMLSIM-CLI-4570,,I,365,
AMLSIM-CLI-4571,,I,365,
AMLSIM-CLI-4572,,I,365,
AMLSIM-CLI-4573,,I,365,
AMLSIM-CLI-4574,,I,365,
AMLSIM-CLI-4575,,I,365,
AMLSIM-CLI-4576,,I,365,
AMLSIM-CLI-4577,,I,365,
AMLSIM-CLI-4578,,I,365,
AMLSIM-CLI-4579,,I,365,
AMLSIM-CLI-4580,,I,365,
AMLSIM-CLI-4581,,I,365,
AMLSIM-CLI-4582,,I,365,
AMLSIM-CLI-4583,,I,365,
AMLSIM-CLI-4584,,I,365,
AMLSIM-CLI-4585,,I,365,
AMLSIM-CLI-4586,,I,365,
AMLSIM-CLI-4587,,I,365,
AMLSIM-CLI-4588,,I,365,
AMLSIM-CLI-4589,,I,365,
AMLSIM-CLI-4590,,I,365,
AMLSIM-CLI-4591,,I,365,
AMLSIM-CLI-4592,,I,365,
AMLSIM-CLI-4593,,I,365,
AMLSIM-CLI-4594,,I,365,
AMLSIM-CLI-4595,,I,365,
AMLSIM-CLI-4596,,I,365,
AMLSIM-CLI-4597,,I,365,
AMLSIM-CLI-4598,,I,365,
AMLSIM-CLI-4599,,I,365,
AMLSIM-CLI-4600,,I,365,
AMLSIM-CLI-4601,,I,365,
AMLSIM-CLI-4602,,I,365,
AMLSIM-CLI-4603,,I,365,
AMLSIM-CLI-4604,,I,365,
AMLSIM-CLI-4605,,I,365,
AMLSIM-CLI-4606,,I,365,
AMLSIM-CLI-4607,,I,365,
AMLSIM-CLI-4608,,I,365,
AMLSIM-CLI-4609,,I,365,
AMLSIM-CLI-4610,,I,365,
AMLSIM-CLI-4611,,I,365,
AMLSIM-CLI-4612,,I,365,
AMLSIM-CLI-4613,,I,365,
AMLSIM-CLI-4614,,I,365,
AMLSIM-CLI-4615,,I,365,
AMLSIM-CLI-4616,,I,365,
AMLSIM-CLI-4617,,I,365,
AMLSIM-CLI-4618,,I,365,
AMLSIM-CLI-4619,,I,365,
AMLSIM-CLI-4620,,I,365,
AMLSIM-CLI-4621,,I,365,
AMLSIM-CLI-4622,,I,365,
AMLSIM-CLI-4623,,I,365,
AMLSIM-CLI-4624,,I,365,
AMLSIM-CLI-4625,,I,365,
AMLSIM-CLI-4626,,I,365,
AMLSIM-CLI-4627,,I,365,
AMLSIM-CLI-4628,,I,365,
AMLSIM-CLI-4629,,I,365,
AMLSIM-CLI-4630,,I,365,
AMLSIM-CLI-4631,,I,365,
AMLSIM-CLI-4632,,I,365,
AMLSIM-CLI-4633,,I,365,
AMLSIM-CLI-4634,,I,365,
AMLSIM-CLI-4635,,I,365,
AMLSIM-CLI-4636,,I,365,
AMLSIM-CLI-4637,,I,365,
AMLSIM-CLI-4638,,I,365,
AMLSIM-CLI-4639,,I,365,
AMLSIM-CLI-4640,,I,365,
AMLSIM-CLI-4641,,I,365,
AMLSIM-CLI-4642,,I,365,
AMLSIM-CLI-4643,,I,365,
AMLSIM-CLI-4644,,I,365,
AMLSIM-CLI-4645,,I,365,
AMLSIM-CLI-4646,,I,365,
AMLSIM-CLI-4647,,I,365,
AMLSIM-CLI-4648,,I,365,
AMLSIM-CLI-4649,,I,365,
AMLSIM-CLI-4650,,I,365,
AMLSIM-CLI-4651,,I,365,
AMLSIM-CLI-4652,,I,365,
AMLSIM-CLI-4653,,I,365,
AMLSIM-CLI-4654,,I,365,
AMLSIM-CLI-4655,,I,365,
AMLSIM-CLI-4656,,I,365,
AMLSIM-CLI-4657,,I,365,
AMLSIM-CLI-4658,,I,365,
AMLSIM-CLI-4659,,I,365,
AMLSIM-CLI-4660,,I,365,
AMLSIM-CLI-4661,,I,365,
AMLSIM-CLI-4662,,I,365,
AMLSIM-CLI-4663,,I,365,
AMLSIM-CLI-4664,,I,365,
AMLSIM-CLI-4665,,I,365,
AMLSIM-CLI-4666,,I,365,
AMLSIM-CLI-4667,,I,365,
AMLSIM-CLI-4668,,I,365,
AMLSIM-CLI-4669,,I,365,
AMLSIM-CLI-4670,,I,365,
AMLSIM-CLI-4671,,I,365,
AMLSIM-CLI-4672,,I,365,
AMLSIM-CLI-4673,,I,365,
AMLSIM-CLI-4674,,I,365,
AMLSIM-CLI-4675,,I,365,
AMLSIM-CLI-4676,,I,365,
AMLSIM-CLI-4677,,I,365,
AMLSIM-CLI-4678,,I,365,
AMLSIM-CLI-4679,,I,365,
AMLSIM-CLI-4680,,I,365,
AMLSIM-CLI-4681,,I,365,
AMLSIM-CLI-4682,,I,365,
AMLSIM-CLI-4683,,I,365,
AMLSIM-CLI-4684,,I,365,
AMLSIM-CLI-4685,,I,365,
AMLSIM-CLI-4686,,I,365,
AMLSIM-CLI-4687,,I,365,
AMLSIM-CLI-4688,,I,365,
AMLSIM-CLI-4689,,I,365,
AMLSIM-CLI-4690,,I,365,
AMLSIM-CLI-4691,,I,365,
AMLSIM-CLI-4692,,I,365,
AMLSIM-CLI-4693,,I,365,
AMLSIM-CLI-4694,,I,365,
AMLSIM-CLI-4695,,I,365,
AMLSIM-CLI-4696,,I,365,
AMLSIM-CLI-4697,,I,365,
AMLSIM-CLI-4698,,I,365,
AMLSIM-CLI-4699,,I,365,
AMLSIM-CLI-4700,,I,365,
AMLSIM-CLI-4701,,I,365,
AMLSIM-CLI-4702,,I,365,
AMLSIM-CLI-4703,,I,365,
AMLSIM-CLI-4704,,I,365,
AMLSIM-CLI-4705,,I,365,
AMLSIM-CLI-4706,,I,365,
AMLSIM-CLI-4707,,I,365,
AMLSIM-CLI-4708,,I,365,
AMLSIM-CLI-4709,,I,365,
AMLSIM-CLI-4710,,I,365,
AMLSIM-CLI-4711,,I,365,
AMLSIM-CLI-4712,,I,365,
AMLSIM-CLI-4713,,I,365,
AMLSIM-CLI-4714,,I,365,
AMLSIM-CLI-4715,,I,365,
AMLSIM-CLI-4716,,I,365,
AMLSIM-CLI-4717,,I,365,
AMLSIM-CLI-4718,,I,365,
AMLSIM-CLI-4719,,I,365,
AMLSIM-CLI-4720,,I,365,
AMLSIM-CLI-4721,,I,365,
AMLSIM-CLI-4722,,I,365,
AMLSIM-CLI-4723,,I,365,
AMLSIM-CLI-4724,,I,365,
AMLSIM-CLI-4725,,I,365,
AMLSIM-CLI-4726,,I,365,
AMLSIM-CLI-4727,,I,365,
AMLSIM-CLI-4728,,I,365,
AMLSIM-CLI-4729,,I,365,
AMLSIM-CLI-4730,,I,365,
AMLSIM-CLI-4731,,I,365,
AMLSIM-CLI-4732,,I,365,
AMLSIM-CLI-4733,,I,365,
AMLSIM-CLI-4734,,I,365,
AMLSIM-CLI-4735,,I,365,
AMLSIM-CLI-4736,,I,365,
AMLSIM-CLI-4737,,I,365,
AMLSIM-CLI-4738,,I,365,
AMLSIM-CLI-4739,,I,365,
AMLSIM-CLI-4740,,I,365,
AMLSIM-CLI-4741,,I,365,
AMLSIM-CLI-4742,,I,365,
AMLSIM-CLI-4743,,I,365,
AMLSIM-CLI-4744,,I,365,
AMLSIM-CLI-4745,,I,365,
AMLSIM-CLI-4746,,I,365,
AMLSIM-CLI-4747,,I,365,
AMLSIM-CLI-4748,,I,365,
AMLSIM-CLI-4749,,I,365,
AMLSIM-CLI-4750,,I,365,
AMLSIM-CLI-4751,,I,365,
AMLSIM-CLI-4752,,I,365,
AMLSIM-CLI-4753,,I,365,
AMLSIM-CLI-4754,,I,365,
AMLSIM-CLI-4755,,I,365,
AMLSIM-CLI-4756,,I,365,
AMLSIM-CLI-4757,,I,365,
AMLSIM-CLI-4758,,I,365,
AMLSIM-CLI-4759,,I,365,
AMLSIM-CLI-4760,,I,365,
AMLSIM-CLI-4761,,I,365,
AMLSIM-CLI-4762,,I,365,
AMLSIM-CLI-4763,,I,365,
AMLSIM-CLI-4764,,I,365,
AMLSIM-CLI-4765,,I,365,
AMLSIM-CLI-4766,,I,365,
AMLSIM-CLI-4767,,I,365,
AMLSIM-CLI-4768,,I,365,
AMLSIM-CLI-4769,,I,365,
AMLSIM-CLI-4770,,I,365,
AMLSIM-CLI-4771,,I,365,
AMLSIM-CLI-4772,,I,365,
AMLSIM-CLI-4773,,I,365,
AMLSIM-CLI-4774,,I,365,
AMLSIM-CLI-4775,,I,365,
AMLSIM-CLI-4776,,I,365,
AMLSIM-CLI-4777,,I,365,
AMLSIM-CLI-4778,,I,365,
AMLSIM-CLI-4779,,I,365,
AMLSIM-CLI-4780,,I,365,
AMLSIM-CLI-4781,,I,365,
AMLSIM-CLI-4782,,I,365,
AMLSIM-CLI-4783,,I,365,
AMLSIM-CLI-4784,,I,365,
AMLSIM-CLI-4785,,I,365,
AMLSIM-CLI-4786,,I,365,
AMLSIM-CLI-4787,,I,365,
AMLSIM-CLI-4788,,I,365,
AMLSIM-CLI-4789,,I,365,
AMLSIM-CLI-4790,,I,365,
AMLSIM-CLI-4791,,I,365,
AMLSIM-CLI-4792,,I,365,
AMLSIM-CLI-4793,,I,365,
AMLSIM-CLI-4794,,I,365,
AMLSIM-CLI-4795,,I,365,
AMLSIM-CLI-4796,,I,365,
AMLSIM-CLI-4797,,I,365,
AMLSIM-CLI-4798,,I,365,
AMLSIM-CLI-4799,,I,365,
AMLSIM-CLI-4800,,I,365,
AMLSIM-CLI-4801,,I,365,
AMLSIM-CLI-4802,,I,365,
AMLSIM-CLI-4803,,I,365,
AMLSIM-CLI-4804,,I,365,
AMLSIM-CLI-4805,,I,365,
AMLSIM-CLI-4806,,I,365,
AMLSIM-CLI-4807,,I,365,
AMLSIM-CLI-4808,,I,365,
AMLSIM-CLI-4809,,I,365,
AMLSIM-CLI-4810,,I,365,
AMLSIM-CLI-4811,,I,365,
AMLSIM-CLI-4812,,I,365,
AMLSIM-CLI-4813,,I,365,
AMLSIM-CLI-4814,,I,365,
AMLSIM-CLI-4815,,I,365,
AMLSIM-CLI-4816,,I,365,
AMLSIM-CLI-4817,,I,365,
AMLSIM-CLI-4818,,I,365,
AMLSIM-CLI-4819,,I,365,
AMLSIM-CLI-4820,,I,365,
AMLSIM-CLI-4821,,I,365,
AMLSIM-CLI-4822,,I,365,
AMLSIM-CLI-4823,,I,365,
AMLSIM-CLI-4824,,I,365,
AMLSIM-CLI-4825,,I,365,
AMLSIM-CLI-4826,,I,365,
AMLSIM-CLI-4827,,I,365,
AMLSIM-CLI-4828,,I,365,
AMLSIM-CLI-4829,,I,365,
AMLSIM-CLI-4830,,I,365,
AMLSIM-CLI-4831,,I,365,
AMLSIM-CLI-4832,,I,365,
AMLSIM-CLI-4833,,I,365,
AMLSIM-CLI-4834,,I,365,
AMLSIM-CLI-4835,,I,365,
AMLSIM-CLI-4836,,I,365,
AMLSIM-CLI-4837,,I,365,
AMLSIM-CLI-4838,,I,365,
AMLSIM-CLI-4839,,I,365,
AMLSIM-CLI-4840,,I,365,
AMLSIM-CLI-4841,,I,365,
AMLSIM-CLI-4842,,I,365,
AMLSIM-CLI-4843,,I,365,
AMLSIM-CLI-4844,,I,365,
AMLSIM-CLI-4845,,I,365,
AMLSIM-CLI-4846,,I,365,
AMLSIM-CLI-4847,,I,365,
AMLSIM-CLI-4848,,I,365,
AMLSIM-CLI-4849,,I,365,
AMLSIM-CLI-4850,,I,365,
AMLSIM-CLI-4851,,I,365,
AMLSIM-CLI-4852,,I,365,
AMLSIM-CLI-4853,,I,365,
AMLSIM-CLI-4854,,I,365,
AMLSIM-CLI-4855,,I,365,
AMLSIM-CLI-4856,,I,365,
AMLSIM-CLI-4857,,I,365,
AMLSIM-CLI-4858,,I,365,
AMLSIM-CLI-4859,,I,365,
AMLSIM-CLI-4860,,I,365,
AMLSIM-CLI-4861,,I,365,
AMLSIM-CLI-4862,,I,365,
AMLSIM-CLI-4863,,I,365,
AMLSIM-CLI-4864,,I,365,
AMLSIM-CLI-4865,,I,365,
AMLSIM-CLI-4866,,I,365,
AMLSIM-CLI-4867,,I,365,
AMLSIM-CLI-4868,,I,365,
AMLSIM-CLI-4869,,I,365,
AMLSIM-CLI-4870,,I,365,
AMLSIM-CLI-4871,,I,365,
AMLSIM-CLI-4872,,I,365,
AMLSIM-CLI-4873,,I,365,
AMLSIM-CLI-4874,,I,365,
AMLSIM-CLI-4875,,I,365,
AMLSIM-CLI-4876,,I,365,
AMLSIM-CLI-4877,,I,365,
AMLSIM-CLI-4878,,I,365,
AMLSIM-CLI-4879,,I,365,
AMLSIM-CLI-4880,,I,365,
AMLSIM-CLI-4881,,I,365,
AMLSIM-CLI-4882,,I,365,
AMLSIM-CLI-4883,,I,365,
AMLSIM-CLI-4884,,I,365,
AMLSIM-CLI-4885,,I,365,
AMLSIM-CLI-4886,,I,365,
AMLSIM-CLI-4887,,I,365,
AMLSIM-CLI-4888,,I,365,
AMLSIM-CLI-4889,,I,365,
AMLSIM-CLI-4890,,I,365,
AMLSIM-CLI-4891,,I,365,
AMLSIM-CLI-4892,,I,365,
AMLSIM-CLI-4893,,I,365,
AMLSIM-CLI-4894,,I,365,
AMLSIM-CLI-4895,,I,365,
AMLSIM-CLI-4896,,I,365,
AMLSIM-CLI-4897,,I,365,
AMLSIM-CLI-4898,,I,365,
AMLSIM-CLI-4899,,I,365,
AMLSIM-CLI-4900,,I,365,
AMLSIM-CLI-4901,,I,365,
AMLSIM-CLI-4902,,I,365,
AMLSIM-CLI-4903,,I,365,
AMLSIM-CLI-4904,,I,365,
AMLSIM-CLI-4905,,I,365,
AMLSIM-CLI-4906,,I,365,
AMLSIM-CLI-4907,,I,365,
AMLSIM-CLI-4908,,I,365,
AMLSIM-CLI-4909,,I,365,
AMLSIM-CLI-4910,,I,365,
AMLSIM-CLI-4911,,I,365,
AMLSIM-CLI-4912,,I,365,
AMLSIM-CLI-4913,,I,365,
AMLSIM-CLI-4914,,I,365,
AMLSIM-CLI-4915,,I,365,
AMLSIM-CLI-4916,,I,365,
AMLSIM-CLI-4917,,I,365,
AMLSIM-CLI-4918,,I,365,
AMLSIM-CLI-4919,,I,365,
AMLSIM-CLI-4920,,I,365,
AMLSIM-CLI-4921,,I,365,
AMLSIM-CLI-4922,,I,365,
AMLSIM-CLI-4923,,I,365,
AMLSIM-CLI-4924,,I,365,
AMLSIM-CLI-4925,,I,365,
AMLSIM-CLI-4926,,I,365,
AMLSIM-CLI-4927,,I,365,
AMLSIM-CLI-4928,,I,365,
AMLSIM-CLI-4929,,I,365,
AMLSIM-CLI-4930,,I,365,
AMLSIM-CLI-4931,,I,365,
AMLSIM-CLI-4932,,I,365,
AMLSIM-CLI-4933,,I,365,
AMLSIM-CLI-4934,,I,365,
AMLSIM-CLI-4935,,I,365,
AMLSIM-CLI-4936,,I,365,
AMLSIM-CLI-4937,,I,365,
AMLSIM-CLI-4938,,I,365,
AMLSIM-CLI-4939,,I,365,
AMLSIM-CLI-4940,,I,365,
AMLSIM-CLI-4941,,I,365,
AMLSIM-CLI-4942,,I,365,
AMLSIM-CLI-4943,,I,365,
AMLSIM-CLI-4944,,I,365,
AMLSIM-CLI-4945,,I,365,
AMLSIM-CLI-4946,,I,365,
AMLSIM-CLI-4947,,I,365,
AMLSIM-CLI-4948,,I,365,
AMLSIM-CLI-4949,,I,365,
AMLSIM-CLI-4950,,I,365,
AMLSIM-CLI-4951,,I,365,
AMLSIM-CLI-4952,,I,365,
AMLSIM-CLI-4953,,I,365,
AMLSIM-CLI-4954,,I,365,
AMLSIM-CLI-4955,,I,365,
AMLSIM-CLI-4956,,I,365,
AMLSIM-CLI-4957,,I,365,
AMLSIM-CLI-4958,,I,365,
AMLSIM-CLI-4959,,I,365,
AMLSIM-CLI-4960,,I,365,
AMLSIM-CLI-4961,,I,365,
AMLSIM-CLI-4962,,I,365,
AMLSIM-CLI-4963,,I,365,
AMLSIM-CLI-4964,,I,365,
AMLSIM-CLI-4965,,I,365,
AMLSIM-CLI-4966,,I,365,
AMLSIM-CLI-4967,,I,365,
AMLSIM-CLI-4968,,I,365,
AMLSIM-CLI-4969,,I,365,
AMLSIM-CLI-4970,,I,365,
AMLSIM-CLI-4971,,I,365,
AMLSIM-CLI-4972,,I,365,
AMLSIM-CLI-4973,,I,365,
AMLSIM-CLI-4974,,I,365,
AMLSIM-CLI-4975,,I,365,
AMLSIM-CLI-4976,,I,365,
AMLSIM-CLI-4977,,I,365,
AMLSIM-CLI-4978,,I,365,
AMLSIM-CLI-4979,,I,365,
AMLSIM-CLI-4980,,I,365,
AMLSIM-CLI-4981,,I,365,
AMLSIM-CLI-4982,,I,365,
AMLSIM-CLI-4983,,I,365,
AMLSIM-CLI-4984,,I,365,
AMLSIM-CLI-4985,,I,365,
AMLSIM-CLI-4986,,I,365,
AMLSIM-CLI-4987,,I,365,
AMLSIM-CLI-4988,,I,365,
AMLSIM-CLI-4989,,I,365,
AMLSIM-CLI-4990,,I,365,
AMLSIM-CLI-4991,,I,365,
AMLSIM-CLI-4992,,I,365,
AMLSIM-CLI-4993,,I,365,
AMLSIM-CLI-4994,,I,365,
AMLSIM-CLI-4995,,I,365,
AMLSIM-CLI-4996,,I,365,
AMLSIM-CLI-4997,,I,365,
AMLSIM-CLI-4998,,I,365,
AMLSIM-CLI-4999,,I,365,
AMLSIM-CLI-5000,,I,365,
AMLSIM-CLI-5001,,I,365,
AMLSIM-CLI-5002,,I,365,
AMLSIM-CLI-5003,,I,365,
AMLSIM-CLI-5004,,I,365,
AMLSIM-CLI-5005,,I,365,
AMLSIM-CLI-5006,,I,365,
AMLSIM-CLI-5007,,I,365,
AMLSIM-CLI-5008,,I,365,
AMLSIM-CLI-5009,,I,365,
AMLSIM-CLI-5010,,I,365,
AMLSIM-CLI-5011,,I,365,
AMLSIM-CLI-5012,,I,365,
AMLSIM-CLI-5013,,I,365,
AMLSIM-CLI-5014,,I,365,
AMLSIM-CLI-5015,,I,365,
AMLSIM-CLI-5016,,I,365,
AMLSIM-CLI-5017,,I,365,
AMLSIM-CLI-5018,,I,365,
AMLSIM-CLI-5019,,I,365,
AMLSIM-CLI-5020,,I,365,
AMLSIM-CLI-5021,,I,365,
AMLSIM-CLI-5022,,I,365,
AMLSIM-CLI-5023,,I,365,
AMLSIM-CLI-5024,,I,365,
AMLSIM-CLI-5025,,I,365,
AMLSIM-CLI-5026,,I,365,
AMLSIM-CLI-5027,,I,365,
AMLSIM-CLI-5028,,I,365,
AMLSIM-CLI-5029,,I,365,
AMLSIM-CLI-5030,,I,365,
AMLSIM-CLI-5031,,I,365,
AMLSIM-CLI-5032,,I,365,
AMLSIM-CLI-5033,,I,365,
AMLSIM-CLI-5034,,I,365,
AMLSIM-CLI-5035,,I,365,
AMLSIM-CLI-5036,,I,365,
AMLSIM-CLI-5037,,I,365,
AMLSIM-CLI-5038,,I,365,
AMLSIM-CLI-5039,,I,365,
AMLSIM-CLI-5040,,I,365,
AMLSIM-CLI-5041,,I,365,
AMLSIM-CLI-5042,,I,365,
AMLSIM-CLI-5043,,I,365,
AMLSIM-CLI-5044,,I,365,
AMLSIM-CLI-5045,,I,365,
AMLSIM-CLI-5046,,I,365,
AMLSIM-CLI-5047,,I,365,
AMLSIM-CLI-5048,,I,365,
AMLSIM-CLI-5049,,I,365,
AMLSIM-CLI-5050,,I,365,
AMLSIM-CLI-5051,,I,365,
AMLSIM-CLI-5052,,I,365,
AMLSIM-CLI-5053,,I,365,
AMLSIM-CLI-5054,,I,365,
AMLSIM-CLI-5055,,I,365,
AMLSIM-CLI-5056,,I,365,
AMLSIM-CLI-5057,,I,365,
AMLSIM-CLI-5058,,I,365,
AMLSIM-CLI-5059,,I,365,
AMLSIM-CLI-5060,,I,365,
AMLSIM-CLI-5061,,I,365,
AMLSIM-CLI-5062,,I,365,
AMLSIM-CLI-5063,,I,365,
AMLSIM-CLI-5064,,I,365,
AMLSIM-CLI-5065,,I,365,
AMLSIM-CLI-5066,,I,365,
AMLSIM-CLI-5067,,I,365,
AMLSIM-CLI-5068,,I,365,
AMLSIM-CLI-5069,,I,365,
AMLSIM-CLI-5070,,I,365,
AMLSIM-CLI-5071,,I,365,
AMLSIM-CLI-5072,,I,365,
AMLSIM-CLI-5073,,I,365,
AMLSIM-CLI-5074,,I,365,
AMLSIM-CLI-5075,,I,365,
AMLSIM-CLI-5076,,I,365,
AMLSIM-CLI-5077,,I,365,
AMLSIM-CLI-5078,,I,365,
AMLSIM-CLI-5079,,I,365,
AMLSIM-CLI-5080,,I,365,
AMLSIM-CLI-5081,,I,365,
AMLSIM-CLI-5082,,I,365,
AMLSIM-CLI-5083,,I,365,
AMLSIM-CLI-5084,,I,365,
AMLSIM-CLI-5085,,I,365,
AMLSIM-CLI-5086,,I,365,
AMLSIM-CLI-5087,,I,365,
AMLSIM-CLI-5088,,I,365,
AMLSIM-CLI-5089,,I,365,
AMLSIM-CLI-5090,,I,365,
AMLSIM-CLI-5091,,I,365,
AMLSIM-CLI-5092,,I,365,
AMLSIM-CLI-5093,,I,365,
AMLSIM-CLI-5094,,I,365,
AMLSIM-CLI-5095,,I,365,
AMLSIM-CLI-5096,,I,365,
AMLSIM-CLI-5097,,I,365,
AMLSIM-CLI-5098,,I,365,
AMLSIM-CLI-5099,,I,365,
AMLSIM-CLI-5100,,I,365,
AMLSIM-CLI-5101,,I,365,
AMLSIM-CLI-5102,,I,365,
AMLSIM-CLI-5103,,I,365,
AMLSIM-CLI-5104,,I,365,
AMLSIM-CLI-5105,,I,365,
AMLSIM-CLI-5106,,I,365,
AMLSIM-CLI-5107,,I,365,
AMLSIM-CLI-5108,,I,365,
AMLSIM-CLI-5109,,I,365,
AMLSIM-CLI-5110,,I,365,
AMLSIM-CLI-5111,,I,365,
AMLSIM-CLI-5112,,I,365,
AMLSIM-CLI-5113,,I,365,
AMLSIM-CLI-5114,,I,365,
AMLSIM-CLI-5115,,I,365,
AMLSIM-CLI-5116,,I,365,
AMLSIM-CLI-5117,,I,365,
AMLSIM-CLI-5118,,I,365,
AMLSIM-CLI-5119,,I,365,
AMLSIM-CLI-5120,,I,365,
AMLSIM-CLI-5121,,I,365,
AMLSIM-CLI-5122,,I,365,
AMLSIM-CLI-5123,,I,365,
AMLSIM-CLI-5124,,I,365,
AMLSIM-CLI-5125,,I,365,
AMLSIM-CLI-5126,,I,365,
AMLSIM-CLI-5127,,I,365,
AMLSIM-CLI-5128,,I,365,
AMLSIM-CLI-5129,,I,365,
AMLSIM-CLI-5130,,I,365,
AMLSIM-CLI-5131,,I,365,
AMLSIM-CLI-5132,,I,365,
AMLSIM-CLI-5133,,I,365,
AMLSIM-CLI-5134,,I,365,
AMLSIM-CLI-5135,,I,365,
AMLSIM-CLI-5136,,I,365,
AMLSIM-CLI-5137,,I,365,
AMLSIM-CLI-5138,,I,365,
AMLSIM-CLI-5139,,I,365,
AMLSIM-CLI-5140,,I,365,
AMLSIM-CLI-5141,,I,365,
AMLSIM-CLI-5142,,I,365,
AMLSIM-CLI-5143,,I,365,
AMLSIM-CLI-5144,,I,365,
AMLSIM-CLI-5145,,I,365,
AMLSIM-CLI-5146,,I,365,
AMLSIM-CLI-5147,,I,365,
AMLSIM-CLI-5148,,I,365,
AMLSIM-CLI-5149,,I,365,
AMLSIM-CLI-5150,,I,365,
AMLSIM-CLI-5151,,I,365,
AMLSIM-CLI-5152,,I,365,
AMLSIM-CLI-5153,,I,365,
AMLSIM-CLI-5154,,I,365,
AMLSIM-CLI-5155,,I,365,
AMLSIM-CLI-5156,,I,365,
AMLSIM-CLI-5157,,I,365,
AMLSIM-CLI-5158,,I,365,
AMLSIM-CLI-5159,,I,365,
AMLSIM-CLI-5160,,I,365,
AMLSIM-CLI-5161,,I,365,
AMLSIM-CLI-5162,,I,365,
AMLSIM-CLI-5163,,I,365,
AMLSIM-CLI-5164,,I,365,
AMLSIM-CLI-5165,,I,365,
AMLSIM-CLI-5166,,I,365,
AMLSIM-CLI-5167,,I,365,
AMLSIM-CLI-5168,,I,365,
AMLSIM-CLI-5169,,I,365,
AMLSIM-CLI-5170,,I,365,
AMLSIM-CLI-5171,,I,365,
AMLSIM-CLI-5172,,I,365,
AMLSIM-CLI-5173,,I,365,
AMLSIM-CLI-5174,,I,365,
AMLSIM-CLI-5175,,I,365,
AMLSIM-CLI-5176,,I,365,
AMLSIM-CLI-5177,,I,365,
AMLSIM-CLI-5178,,I,365,
AMLSIM-CLI-5179,,I,365,
AMLSIM-CLI-5180,,I,365,
AMLSIM-CLI-5181,,I,365,
AMLSIM-CLI-5182,,I,365,
AMLSIM-CLI-5183,,I,365,
AMLSIM-CLI-5184,,I,365,
AMLSIM-CLI-5185,,I,365,
AMLSIM-CLI-5186,,I,365,
AMLSIM-CLI-5187,,I,365,
AMLSIM-CLI-5188,,I,365,
AMLSIM-CLI-5189,,I,365,
AMLSIM-CLI-5190,,I,365,
AMLSIM-CLI-5191,,I,365,
AMLSIM-CLI-5192,,I,365,
AMLSIM-CLI-5193,,I,365,
AMLSIM-CLI-5194,,I,365,
AMLSIM-CLI-5195,,I,365,
AMLSIM-CLI-5196,,I,365,
AMLSIM-CLI-5197,,I,365,
AMLSIM-CLI-5198,,I,365,
AMLSIM-CLI-5199,,I,365,
AMLSIM-CLI-5200,,I,365,
AMLSIM-CLI-5201,,I,365,
AMLSIM-CLI-5202,,I,365,
AMLSIM-CLI-5203,,I,365,
AMLSIM-CLI-5204,,I,365,
AMLSIM-CLI-5205,,I,365,
AMLSIM-CLI-5206,,I,365,
AMLSIM-CLI-5207,,I,365,
AMLSIM-CLI-5208,,I,365,
AMLSIM-CLI-5209,,I,365,
AMLSIM-CLI-5210,,I,365,
AMLSIM-CLI-5211,,I,365,
AMLSIM-CLI-5212,,I,365,
AMLSIM-CLI-5213,,I,365,
AMLSIM-CLI-5214,,I,365,
AMLSIM-CLI-5215,,I,365,
AMLSIM-CLI-5216,,I,365,
AMLSIM-CLI-5217,,I,365,
AMLSIM-CLI-5218,,I,365,
AMLSIM-CLI-5219,,I,365,
AMLSIM-CLI-5220,,I,365,
AMLSIM-CLI-5221,,I,365,
AMLSIM-CLI-5222,,I,365,
AMLSIM-CLI-5223,,I,365,
AMLSIM-CLI-5224,,I,365,
AMLSIM-CLI-5225,,I,365,
AMLSIM-CLI-5226,,I,365,
AMLSIM-CLI-5227,,I,365,
AMLSIM-CLI-5228,,I,365,
AMLSIM-CLI-5229,,I,365,
AMLSIM-CLI-5230,,I,365,
AMLSIM-CLI-5231,,I,365,
AMLSIM-CLI-5232,,I,365,
AMLSIM-CLI-5233,,I,365,
AMLSIM-CLI-5234,,I,365,
AMLSIM-CLI-5235,,I,365,
AMLSIM-CLI-5236,,I,365,
AMLSIM-CLI-5237,,I,365,
AMLSIM-CLI-5238,,I,365,
AMLSIM-CLI-5239,,I,365,
AMLSIM-CLI-5240,,I,365,
AMLSIM-CLI-5241,,I,365,
AMLSIM-CLI-5242,,I,365,
AMLSIM-CLI-5243,,I,365,
AMLSIM-CLI-5244,,I,365,
AMLSIM-CLI-5245,,I,365,
AMLSIM-CLI-5246,,I,365,
AMLSIM-CLI-5247,,I,365,
AMLSIM-CLI-5248,,I,365,
AMLSIM-CLI-5249,,I,365,
AMLSIM-CLI-5250,,I,365,
AMLSIM-CLI-5251,,I,365,
AMLSIM-CLI-5252,,I,365,
AMLSIM-CLI-5253,,I,365,
AMLSIM-CLI-5254,,I,365,
AMLSIM-CLI-5255,,I,365,
AMLSIM-CLI-5256,,I,365,
AMLSIM-CLI-5257,,I,365,
AMLSIM-CLI-5258,,I,365,
AMLSIM-CLI-5259,,I,365,
AMLSIM-CLI-5260,,I,365,
AMLSIM-CLI-5261,,I,365,
AMLSIM-CLI-5262,,I,365,
AMLSIM-CLI-5263,,I,365,
AMLSIM-CLI-5264,,I,365,
AMLSIM-CLI-5265,,I,365,
AMLSIM-CLI-5266,,I,365,
AMLSIM-CLI-5267,,I,365,
AMLSIM-CLI-5268,,I,365,
AMLSIM-CLI-5269,,I,365,
AMLSIM-CLI-5270,,I,365,
AMLSIM-CLI-5271,,I,365,
AMLSIM-CLI-5272,,I,365,
AMLSIM-CLI-5273,,I,365,
AMLSIM-CLI-5274,,I,365,
AMLSIM-CLI-5275,,I,365,
AMLSIM-CLI-5276,,I,365,
AMLSIM-CLI-5277,,I,365,
AMLSIM-CLI-5278,,I,365,
AMLSIM-CLI-5279,,I,365,
AMLSIM-CLI-5280,,I,365,
AMLSIM-CLI-5281,,I,365,
AMLSIM-CLI-5282,,I,365,
AMLSIM-CLI-5283,,I,365,
AMLSIM-CLI-5284,,I,365,
AMLSIM-CLI-5285,,I,365,
AMLSIM-CLI-5286,,I,365,
AMLSIM-CLI-5287,,I,365,
AMLSIM-CLI-5288,,I,365,
AMLSIM-CLI-5289,,I,365,
AMLSIM-CLI-5290,,I,365,
AMLSIM-CLI-5291,,I,365,
AMLSIM-CLI-5292,,I,365,
AMLSIM-CLI-5293,,I,365,
AMLSIM-CLI-5294,,I,365,
AMLSIM-CLI-5295,,I,365,
AMLSIM-CLI-5296,,I,365,
AMLSIM-CLI-5297,,I,365,
AMLSIM-CLI-5298,,I,365,
AMLSIM-CLI-5299,,I,365,
AMLSIM-CLI-5300,,I,365,
AMLSIM-CLI-5301,,I,365,
AMLSIM-CLI-5302,,I,365,
AMLSIM-CLI-5303,,I,365,
AMLSIM-CLI-5304,,I,365,
AMLSIM-CLI-5305,,I,365,
AMLSIM-CLI-5306,,I,365,
AMLSIM-CLI-5307,,I,365,
AMLSIM-CLI-5308,,I,365,
AMLSIM-CLI-5309,,I,365,
AMLSIM-CLI-5310,,I,365,
AMLSIM-CLI-5311,,I,365,
AMLSIM-CLI-5312,,I,365,
AMLSIM-CLI-5313,,I,365,
AMLSIM-CLI-5314,,I,365,
AMLSIM-CLI-5315,,I,365,
AMLSIM-CLI-5316,,I,365,
AMLSIM-CLI-5317,,I,365,
AMLSIM-CLI-5318,,I,365,
AMLSIM-CLI-5319,,I,365,
AMLSIM-CLI-5320,,I,365,
AMLSIM-CLI-5321,,I,365,
AMLSIM-CLI-5322,,I,365,
AMLSIM-CLI-5323,,I,365,
AMLSIM-CLI-5324,,I,365,
AMLSIM-CLI-5325,,I,365,
AMLSIM-CLI-5326,,I,365,
AMLSIM-CLI-5327,,I,365,
AMLSIM-CLI-5328,,I,365,
AMLSIM-CLI-5329,,I,365,
AMLSIM-CLI-5330,,I,365,
AMLSIM-CLI-5331,,I,365,
AMLSIM-CLI-5332,,I,365,
AMLSIM-CLI-5333,,I,365,
AMLSIM-CLI-5334,,I,365,
AMLSIM-CLI-5335,,I,365,
AMLSIM-CLI-5336,,I,365,
AMLSIM-CLI-5337,,I,365,
AMLSIM-CLI-5338,,I,365,
AMLSIM-CLI-5339,,I,365,
AMLSIM-CLI-5340,,I,365,
AMLSIM-CLI-5341,,I,365,
AMLSIM-CLI-5342,,I,365,
AMLSIM-CLI-5343,,I,365,
AMLSIM-CLI-5344,,I,365,
AMLSIM-CLI-5345,,I,365,
AMLSIM-CLI-5346,,I,365,
AMLSIM-CLI-5347,,I,365,
AMLSIM-CLI-5348,,I,365,
AMLSIM-CLI-5349,,I,365,
AMLSIM-CLI-5350,,I,365,
AMLSIM-CLI-5351,,I,365,
AMLSIM-CLI-5352,,I,365,
AMLSIM-CLI-5353,,I,365,
AMLSIM-CLI-5354,,I,365,
AMLSIM-CLI-5355,,I,365,
AMLSIM-CLI-5356,,I,365,
AMLSIM-CLI-5357,,I,365,
AMLSIM-CLI-5358,,I,365,
AMLSIM-CLI-5359,,I,365,
AMLSIM-CLI-5360,,I,365,
AMLSIM-CLI-5361,,I,365,
AMLSIM-CLI-5362,,I,365,
AMLSIM-CLI-5363,,I,365,
AMLSIM-CLI-5364,,I,365,
AMLSIM-CLI-5365,,I,365,
AMLSIM-CLI-5366,,I,365,
AMLSIM-CLI-5367,,I,365,
AMLSIM-CLI-5368,,I,365,
AMLSIM-CLI-5369,,I,365,
AMLSIM-CLI-5370,,I,365,
AMLSIM-CLI-5371,,I,365,
AMLSIM-CLI-5372,,I,365,
AMLSIM-CLI-5373,,I,365,
AMLSIM-CLI-5374,,I,365,
AMLSIM-CLI-5375,,I,365,
AMLSIM-CLI-5376,,I,365,
AMLSIM-CLI-5377,,I,365,
AMLSIM-CLI-5378,,I,365,
AMLSIM-CLI-5379,,I,365,
AMLSIM-CLI-5380,,I,365,
AMLSIM-CLI-5381,,I,365,
AMLSIM-CLI-5382,,I,365,
AMLSIM-CLI-5383,,I,365,
AMLSIM-CLI-5384,,I,365,
AMLSIM-CLI-5385,,I,365,
AMLSIM-CLI-5386,,I,365,
AMLSIM-CLI-5387,,I,365,
AMLSIM-CLI-5388,,I,365,
AMLSIM-CLI-5389,,I,365,
AMLSIM-CLI-5390,,I,365,
AMLSIM-CLI-5391,,I,365,
AMLSIM-CLI-5392,,I,365,
AMLSIM-CLI-5393,,I,365,
AMLSIM-CLI-5394,,I,365,
AMLSIM-CLI-5395,,I,365,
AMLSIM-CLI-5396,,I,365,
AMLSIM-CLI-5397,,I,365,
AMLSIM-CLI-5398,,I,365,
AMLSIM-CLI-5399,,I,365,
AMLSIM-CLI-5400,,I,365,
AMLSIM-CLI-5401,,I,365,
AMLSIM-CLI-5402,,I,365,
AMLSIM-CLI-5403,,I,365,
AMLSIM-CLI-5404,,I,365,
AMLSIM-CLI-5405,,I,365,
AMLSIM-CLI-5406,,I,365,
AMLSIM-CLI-5407,,I,365,
AMLSIM-CLI-5408,,I,365,
AMLSIM-CLI-5409,,I,365,
AMLSIM-CLI-5410,,I,365,
AMLSIM-CLI-5411,,I,365,
AMLSIM-CLI-5412,,I,365,
AMLSIM-CLI-5413,,I,365,
AMLSIM-CLI-5414,,I,365,
AMLSIM-CLI-5415,,I,365,
AMLSIM-CLI-5416,,I,365,
AMLSIM-CLI-5417,,I,365,
AMLSIM-CLI-5418,,I,365,
AMLSIM-CLI-5419,,I,365,
AMLSIM-CLI-5420,,I,365,
AMLSIM-CLI-5421,,I,365,
AMLSIM-CLI-5422,,I,365,
AMLSIM-CLI-5423,,I,365,
AMLSIM-CLI-5424,,I,365,
AMLSIM-CLI-5425,,I,365,
AMLSIM-CLI-5426,,I,365,
AMLSIM-CLI-5427,,I,365,
AMLSIM-CLI-5428,,I,365,
AMLSIM-CLI-5429,,I,365,
AMLSIM-CLI-5430,,I,365,
AMLSIM-CLI-5431,,I,365,
AMLSIM-CLI-5432,,I,365,
AMLSIM-CLI-5433,,I,365,
AMLSIM-CLI-5434,,I,365,
AMLSIM-CLI-5435,,I,365,
AMLSIM-CLI-5436,,I,365,
AMLSIM-CLI-5437,,I,365,
AMLSIM-CLI-5438,,I,365,
AMLSIM-CLI-5439,,I,365,
AMLSIM-CLI-5440,,I,365,
AMLSIM-CLI-5441,,I,365,
AMLSIM-CLI-5442,,I,365,
AMLSIM-CLI-5443,,I,365,
AMLSIM-CLI-5444,,I,365,
AMLSIM-CLI-5445,,I,365,
AMLSIM-CLI-5446,,I,365,
AMLSIM-CLI-5447,,I,365,
AMLSIM-CLI-5448,,I,365,
AMLSIM-CLI-5449,,I,365,
AMLSIM-CLI-5450,,I,365,
AMLSIM-CLI-5451,,I,365,
AMLSIM-CLI-5452,,I,365,
AMLSIM-CLI-5453,,I,365,
AMLSIM-CLI-5454,,I,365,
AMLSIM-CLI-5455,,I,365,
AMLSIM-CLI-5456,,I,365,
AMLSIM-CLI-5457,,I,365,
AMLSIM-CLI-5458,,I,365,
AMLSIM-CLI-5459,,I,365,
AMLSIM-CLI-5460,,I,365,
AMLSIM-CLI-5461,,I,365,
AMLSIM-CLI-5462,,I,365,
AMLSIM-CLI-5463,,I,365,
AMLSIM-CLI-5464,,I,365,
AMLSIM-CLI-5465,,I,365,
AMLSIM-CLI-5466,,I,365,
AMLSIM-CLI-5467,,I,365,
AMLSIM-CLI-5468,,I,365,
AMLSIM-CLI-5469,,I,365,
AMLSIM-CLI-5470,,I,365,
AMLSIM-CLI-5471,,I,365,
AMLSIM-CLI-5472,,I,365,
AMLSIM-CLI-5473,,I,365,
AMLSIM-CLI-5474,,I,365,
AMLSIM-CLI-5475,,I,365,
AMLSIM-CLI-5476,,I,365,
AMLSIM-CLI-5477,,I,365,
AMLSIM-CLI-5478,,I,365,
AMLSIM-CLI-5479,,I,365,
AMLSIM-CLI-5480,,I,365,
AMLSIM-CLI-5481,,I,365,
AMLSIM-CLI-5482,,I,365,
AMLSIM-CLI-5483,,I,365,
AMLSIM-CLI-5484,,I,365,
AMLSIM-CLI-5485,,I,365,
AMLSIM-CLI-5486,,I,365,
AMLSIM-CLI-5487,,I,365,
AMLSIM-CLI-5488,,I,365,
AMLSIM-CLI-5489,,I,365,
AMLSIM-CLI-5490,,I,365,
AMLSIM-CLI-5491,,I,365,
AMLSIM-CLI-5492,,I,365,
AMLSIM-CLI-5493,,I,365,
AMLSIM-CLI-5494,,I,365,
AMLSIM-CLI-5495,,I,365,
AMLSIM-CLI-5496,,I,365,
AMLSIM-CLI-5497,,I,365,
AMLSIM-CLI-5498,,I,365,
AMLSIM-CLI-5499,,I,365,
AMLSIM-CLI-5500,,I,365,
AMLSIM-CLI-5501,,I,365,
AMLSIM-CLI-5502,,I,365,
AMLSIM-CLI-5503,,I,365,
AMLSIM-CLI-5504,,I,365,
AMLSIM-CLI-5505,,I,365,
AMLSIM-CLI-5506,,I,365,
AMLSIM-CLI-5507,,I,365,
AMLSIM-CLI-5508,,I,365,
AMLSIM-CLI-5509,,I,365,
AMLSIM-CLI-5510,,I,365,
AMLSIM-CLI-5511,,I,365,
AMLSIM-CLI-5512,,I,365,
AMLSIM-CLI-5513,,I,365,
AMLSIM-CLI-5514,,I,365,
AMLSIM-CLI-5515,,I,365,
AMLSIM-CLI-5516,,I,365,
AMLSIM-CLI-5517,,I,365,
AMLSIM-CLI-5518,,I,365,
AMLSIM-CLI-5519,,I,365,
AMLSIM-CLI-5520,,I,365,
AMLSIM-CLI-5521,,I,365,
AMLSIM-CLI-5522,,I,365,
AMLSIM-CLI-5523,,I,365,
AMLSIM-CLI-5524,,I,365,
AMLSIM-CLI-5525,,I,365,
AMLSIM-CLI-5526,,I,365,
AMLSIM-CLI-5527,,I,365,
AMLSIM-CLI-5528,,I,365,
AMLSIM-CLI-5529,,I,365,
AMLSIM-CLI-5530,,I,365,
AMLSIM-CLI-5531,,I,365,
AMLSIM-CLI-5532,,I,365,
AMLSIM-CLI-5533,,I,365,
AMLSIM-CLI-5534,,I,365,
AMLSIM-CLI-5535,,I,365,
AMLSIM-CLI-5536,,I,365,
AMLSIM-CLI-5537,,I,365,
AMLSIM-CLI-5538,,I,365,
AMLSIM-CLI-5539,,I,365,
AMLSIM-CLI-5540,,I,365,
AMLSIM-CLI-5541,,I,365,
AMLSIM-CLI-5542,,I,365,
AMLSIM-CLI-5543,,I,365,
AMLSIM-CLI-5544,,I,365,
AMLSIM-CLI-5545,,I,365,
AMLSIM-CLI-5546,,I,365,
AMLSIM-CLI-5547,,I,365,
AMLSIM-CLI-5548,,I,365,
AMLSIM-CLI-5549,,I,365,
AMLSIM-CLI-5550,,I,365,
AMLSIM-CLI-5551,,I,365,
AMLSIM-CLI-5552,,I,365,
AMLSIM-CLI-5553,,I,365,
AMLSIM-CLI-5554,,I,365,
AMLSIM-CLI-5555,,I,365,
AMLSIM-CLI-5556,,I,365,
AMLSIM-CLI-5557,,I,365,
AMLSIM-CLI-5558,,I,365,
AMLSIM-CLI-5559,,I,365,
AMLSIM-CLI-5560,,I,365,
AMLSIM-CLI-5561,,I,365,
AMLSIM-CLI-5562,,I,365,
AMLSIM-CLI-5563,,I,365,
AMLSIM-CLI-5564,,I,365,
AMLSIM-CLI-5565,,I,365,
AMLSIM-CLI-5566,,I,365,
AMLSIM-CLI-5567,,I,365,
AMLSIM-CLI-5568,,I,365,
AMLSIM-CLI-5569,,I,365,
AMLSIM-CLI-5570,,I,365,
AMLSIM-CLI-5571,,I,365,
AMLSIM-CLI-5572,,I,365,
AMLSIM-CLI-5573,,I,365,
AMLSIM-CLI-5574,,I,365,
AMLSIM-CLI-5575,,I,365,
AMLSIM-CLI-5576,,I,365,
AMLSIM-CLI-5577,,I,365,
AMLSIM-CLI-5578,,I,365,
AMLSIM-CLI-5579,,I,365,
AMLSIM-CLI-5580,,I,365,
AMLSIM-CLI-5581,,I,365,
AMLSIM-CLI-5582,,I,365,
AMLSIM-CLI-5583,,I,365,
AMLSIM-CLI-5584,,I,365,
AMLSIM-CLI-5585,,I,365,
AMLSIM-CLI-5586,,I,365,
AMLSIM-CLI-5587,,I,365,
AMLSIM-CLI-5588,,I,365,
AMLSIM-CLI-5589,,I,365,
AMLSIM-CLI-5590,,I,365,
AMLSIM-CLI-5591,,I,365,
AMLSIM-CLI-5592,,I,365,
AMLSIM-CLI-5593,,I,365,
AMLSIM-CLI-5594,,I,365,
AMLSIM-CLI-5595,,I,365,
AMLSIM-CLI-5596,,I,365,
AMLSIM-CLI-5597,,I,365,
AMLSIM-CLI-5598,,I,365,
AMLSIM-CLI-5599,,I,365,
AMLSIM-CLI-5600,,I,365,
AMLSIM-CLI-5601,,I,365,
AMLSIM-CLI-5602,,I,365,
AMLSIM-CLI-5603,,I,365,
AMLSIM-CLI-5604,,I,365,
AMLSIM-CLI-5605,,I,365,
AMLSIM-CLI-5606,,I,365,
AMLSIM-CLI-5607,,I,365,
AMLSIM-CLI-5608,,I,365,
AMLSIM-CLI-5609,,I,365,
AMLSIM-CLI-5610,,I,365,
AMLSIM-CLI-5611,,I,365,
AMLSIM-CLI-5612,,I,365,
AMLSIM-CLI-5613,,I,365,
AMLSIM-CLI-5614,,I,365,
AMLSIM-CLI-5615,,I,365,
AMLSIM-CLI-5616,,I,365,
AMLSIM-CLI-5617,,I,365,
AMLSIM-CLI-5618,,I,365,
AMLSIM-CLI-5619,,I,365,
AMLSIM-CLI-5620,,I,365,
AMLSIM-CLI-5621,,I,365,
AMLSIM-CLI-5622,,I,365,
AMLSIM-CLI-5623,,I,365,
AMLSIM-CLI-5624,,I,365,
AMLSIM-CLI-5625,,I,365,
AMLSIM-CLI-5626,,I,365,
AMLSIM-CLI-5627,,I,365,
AMLSIM-CLI-5628,,I,365,
AMLSIM-CLI-5629,,I,365,
AMLSIM-CLI-5630,,I,365,
AMLSIM-CLI-5631,,I,365,
AMLSIM-CLI-5632,,I,365,
AMLSIM-CLI-5633,,I,365,
AMLSIM-CLI-5634,,I,365,
AMLSIM-CLI-5635,,I,365,
AMLSIM-CLI-5636,,I,365,
AMLSIM-CLI-5637,,I,365,
AMLSIM-CLI-5638,,I,365,
AMLSIM-CLI-5639,,I,365,
AMLSIM-CLI-5640,,I,365,
AMLSIM-CLI-5641,,I,365,
AMLSIM-CLI-5642,,I,365,
AMLSIM-CLI-5643,,I,365,
AMLSIM-CLI-5644,,I,365,
AMLSIM-CLI-5645,,I,365,
AMLSIM-CLI-5646,,I,365,
AMLSIM-CLI-5647,,I,365,
AMLSIM-CLI-5648,,I,365,
AMLSIM-CLI-5649,,I,365,
AMLSIM-CLI-5650,,I,365,
AMLSIM-CLI-5651,,I,365,
AMLSIM-CLI-5652,,I,365,
AMLSIM-CLI-5653,,I,365,
AMLSIM-CLI-5654,,I,365,
AMLSIM-CLI-5655,,I,365,
AMLSIM-CLI-5656,,I,365,
AMLSIM-CLI-5657,,I,365,
AMLSIM-CLI-5658,,I,365,
AMLSIM-CLI-5659,,I,365,
AMLSIM-CLI-5660,,I,365,
AMLSIM-CLI-5661,,I,365,
AMLSIM-CLI-5662,,I,365,
AMLSIM-CLI-5663,,I,365,
AMLSIM-CLI-5664,,I,365,
AMLSIM-CLI-5665,,I,365,
AMLSIM-CLI-5666,,I,365,
AMLSIM-CLI-5667,,I,365,
AMLSIM-CLI-5668,,I,365,
AMLSIM-CLI-5669,,I,365,
AMLSIM-CLI-5670,,I,365,
AMLSIM-CLI-5671,,I,365,
AMLSIM-CLI-5672,,I,365,
AMLSIM-CLI-5673,,I,365,
AMLSIM-CLI-5674,,I,365,
AMLSIM-CLI-5675,,I,365,
AMLSIM-CLI-5676,,I,365,
AMLSIM-CLI-5677,,I,365,
AMLSIM-CLI-5678,,I,365,
AMLSIM-CLI-5679,,I,365,
AMLSIM-CLI-5680,,I,365,
AMLSIM-CLI-5681,,I,365,
AMLSIM-CLI-5682,,I,365,
AMLSIM-CLI-5683,,I,365,
AMLSIM-CLI-5684,,I,365,
AMLSIM-CLI-5685,,I,365,
AMLSIM-CLI-5686,,I,365,
AMLSIM-CLI-5687,,I,365,
AMLSIM-CLI-5688,,I,365,
AMLSIM-CLI-5689,,I,365,
AMLSIM-CLI-5690,,I,365,
AMLSIM-CLI-5691,,I,365,
AMLSIM-CLI-5692,,I,365,
AMLSIM-CLI-5693,,I,365,
AMLSIM-CLI-5694,,I,365,
AMLSIM-CLI-5695,,I,365,
AMLSIM-CLI-5696,,I,365,
AMLSIM-CLI-5697,,I,365,
AMLSIM-CLI-5698,,I,365,
AMLSIM-CLI-5699,,I,365,
AMLSIM-CLI-5700,,I,365,
AMLSIM-CLI-5701,,I,365,
AMLSIM-CLI-5702,,I,365,
AMLSIM-CLI-5703,,I,365,
AMLSIM-CLI-5704,,I,365,
AMLSIM-CLI-5705,,I,365,
AMLSIM-CLI-5706,,I,365,
AMLSIM-CLI-5707,,I,365,
AMLSIM-CLI-5708,,I,365,
AMLSIM-CLI-5709,,I,365,
AMLSIM-CLI-5710,,I,365,
AMLSIM-CLI-5711,,I,365,
AMLSIM-CLI-5712,,I,365,
AMLSIM-CLI-5713,,I,365,
AMLSIM-CLI-5714,,I,365,
AMLSIM-CLI-5715,,I,365,
AMLSIM-CLI-5716,,I,365,
AMLSIM-CLI-5717,,I,365,
AMLSIM-CLI-5718,,I,365,
AMLSIM-CLI-5719,,I,365,
AMLSIM-CLI-5720,,I,365,
AMLSIM-CLI-5721,,I,365,
AMLSIM-CLI-5722,,I,365,
AMLSIM-CLI-5723,,I,365,
AMLSIM-CLI-5724,,I,365,
AMLSIM-CLI-5725,,I,365,
AMLSIM-CLI-5726,,I,365,
AMLSIM-CLI-5727,,I,365,
AMLSIM-CLI-5728,,I,365,
AMLSIM-CLI-5729,,I,365,
AMLSIM-CLI-5730,,I,365,
AMLSIM-CLI-5731,,I,365,
AMLSIM-CLI-5732,,I,365,
AMLSIM-CLI-5733,,I,365,
AMLSIM-CLI-5734,,I,365,
AMLSIM-CLI-5735,,I,365,
AMLSIM-CLI-5736,,I,365,
AMLSIM-CLI-5737,,I,365,
AMLSIM-CLI-5738,,I,365,
AMLSIM-CLI-5739,,I,365,
AMLSIM-CLI-5740,,I,365,
AMLSIM-CLI-5741,,I,365,
AMLSIM-CLI-5742,,I,365,
AMLSIM-CLI-5743,,I,365,
AMLSIM-CLI-5744,,I,365,
AMLSIM-CLI-5745,,I,365,
AMLSIM-CLI-5746,,I,365,
AMLSIM-CLI-5747,,I,365,
AMLSIM-CLI-5748,,I,365,
AMLSIM-CLI-5749,,I,365,
AMLSIM-CLI-5750,,I,365,
AMLSIM-CLI-5751,,I,365,
AMLSIM-CLI-5752,,I,365,
AMLSIM-CLI-5753,,I,365,
AMLSIM-CLI-5754,,I,365,
AMLSIM-CLI-5755,,I,365,
AMLSIM-CLI-5756,,I,365,
AMLSIM-CLI-5757,,I,365,
AMLSIM-CLI-5758,,I,365,
AMLSIM-CLI-5759,,I,365,
AMLSIM-CLI-5760,,I,365,
AMLSIM-CLI-5761,,I,365,
AMLSIM-CLI-5762,,I,365,
AMLSIM-CLI-5763,,I,365,
AMLSIM-CLI-5764,,I,365,
AMLSIM-CLI-5765,,I,365,
AMLSIM-CLI-5766,,I,365,
AMLSIM-CLI-5767,,I,365,
AMLSIM-CLI-5768,,I,365,
AMLSIM-CLI-5769,,I,365,
AMLSIM-CLI-5770,,I,365,
AMLSIM-CLI-5771,,I,365,
AMLSIM-CLI-5772,,I,365,
AMLSIM-CLI-5773,,I,365,
AMLSIM-CLI-5774,,I,365,
AMLSIM-CLI-5775,,I,365,
AMLSIM-CLI-5776,,I,365,
AMLSIM-CLI-5777,,I,365,
AMLSIM-CLI-5778,,I,365,
AMLSIM-CLI-5779,,I,365,
AMLSIM-CLI-5780,,I,365,
AMLSIM-CLI-5781,,I,365,
AMLSIM-CLI-5782,,I,365,
AMLSIM-CLI-5783,,I,365,
AMLSIM-CLI-5784,,I,365,
AMLSIM-CLI-5785,,I,365,
AMLSIM-CLI-5786,,I,365,
AMLSIM-CLI-5787,,I,365,
AMLSIM-CLI-5788,,I,365,
AMLSIM-CLI-5789,,I,365,
AMLSIM-CLI-5790,,I,365,
AMLSIM-CLI-5791,,I,365,
AMLSIM-CLI-5792,,I,365,
AMLSIM-CLI-5793,,I,365,
AMLSIM-CLI-5794,,I,365,
AMLSIM-CLI-5795,,I,365,
AMLSIM-CLI-5796,,I,365,
AMLSIM-CLI-5797,,I,365,
AMLSIM-CLI-5798,,I,365,
AMLSIM-CLI-5799,,I,365,
AMLSIM-CLI-5800,,I,365,
AMLSIM-CLI-5801,,I,365,
AMLSIM-CLI-5802,,I,365,
AMLSIM-CLI-5803,,I,365,
AMLSIM-CLI-5804,,I,365,
AMLSIM-CLI-5805,,I,365,
AMLSIM-CLI-5806,,I,365,
AMLSIM-CLI-5807,,I,365,
AMLSIM-CLI-5808,,I,365,
AMLSIM-CLI-5809,,I,365,
AMLSIM-CLI-5810,,I,365,
AMLSIM-CLI-5811,,I,365,
AMLSIM-CLI-5812,,I,365,
AMLSIM-CLI-5813,,I,365,
AMLSIM-CLI-5814,,I,365,
AMLSIM-CLI-5815,,I,365,
AMLSIM-CLI-5816,,I,365,
AMLSIM-CLI-5817,,I,365,
AMLSIM-CLI-5818,,I,365,
AMLSIM-CLI-5819,,I,365,
AMLSIM-CLI-5820,,I,365,
AMLSIM-CLI-5821,,I,365,
AMLSIM-CLI-5822,,I,365,
AMLSIM-CLI-5823,,I,365,
AMLSIM-CLI-5824,,I,365,
AMLSIM-CLI-5825,,I,365,
AMLSIM-CLI-5826,,I,365,
AMLSIM-CLI-5827,,I,365,
AMLSIM-CLI-5828,,I,365,
AMLSIM-CLI-5829,,I,365,
AMLSIM-CLI-5830,,I,365,
AMLSIM-CLI-5831,,I,365,
AMLSIM-CLI-5832,,I,365,
AMLSIM-CLI-5833,,I,365,
AMLSIM-CLI-5834,,I,365,
AMLSIM-CLI-5835,,I,365,
AMLSIM-CLI-5836,,I,365,
AMLSIM-CLI-5837,,I,365,
AMLSIM-CLI-5838,,I,365,
AMLSIM-CLI-5839,,I,365,
AMLSIM-CLI-5840,,I,365,
AMLSIM-CLI-5841,,I,365,
AMLSIM-CLI-5842,,I,365,
AMLSIM-CLI-5843,,I,365,
AMLSIM-CLI-5844,,I,365,
AMLSIM-CLI-5845,,I,365,
AMLSIM-CLI-5846,,I,365,
AMLSIM-CLI-5847,,I,365,
AMLSIM-CLI-5848,,I,365,
AMLSIM-CLI-5849,,I,365,
AMLSIM-CLI-5850,,I,365,
AMLSIM-CLI-5851,,I,365,
AMLSIM-CLI-5852,,I,365,
AMLSIM-CLI-5853,,I,365,
AMLSIM-CLI-5854,,I,365,
AMLSIM-CLI-5855,,I,365,
AMLSIM-CLI-5856,,I,365,
AMLSIM-CLI-5857,,I,365,
AMLSIM-CLI-5858,,I,365,
AMLSIM-CLI-5859,,I,365,
AMLSIM-CLI-5860,,I,365,
AMLSIM-CLI-5861,,I,365,
AMLSIM-CLI-5862,,I,365,
AMLSIM-CLI-5863,,I,365,
AMLSIM-CLI-5864,,I,365,
AMLSIM-CLI-5865,,I,365,
AMLSIM-CLI-5866,,I,365,
AMLSIM-CLI-5867,,I,365,
AMLSIM-CLI-5868,,I,365,
AMLSIM-CLI-5869,,I,365,
AMLSIM-CLI-5870,,I,365,
AMLSIM-CLI-5871,,I,365,
AMLSIM-CLI-5872,,I,365,
AMLSIM-CLI-5873,,I,365,
AMLSIM-CLI-5874,,I,365,
AMLSIM-CLI-5875,,I,365,
AMLSIM-CLI-5876,,I,365,
AMLSIM-CLI-5877,,I,365,
AMLSIM-CLI-5878,,I,365,
AMLSIM-CLI-5879,,I,365,
AMLSIM-CLI-5880,,I,365,
AMLSIM-CLI-5881,,I,365,
AMLSIM-CLI-5882,,I,365,
AMLSIM-CLI-5883,,I,365,
AMLSIM-CLI-5884,,I,365,
AMLSIM-CLI-5885,,I,365,
AMLSIM-CLI-5886,,I,365,
AMLSIM-CLI-5887,,I,365,
AMLSIM-CLI-5888,,I,365,
AMLSIM-CLI-5889,,I,365,
AMLSIM-CLI-5890,,I,365,
AMLSIM-CLI-5891,,I,365,
AMLSIM-CLI-5892,,I,365,
AMLSIM-CLI-5893,,I,365,
AMLSIM-CLI-5894,,I,365,
AMLSIM-CLI-5895,,I,365,
AMLSIM-CLI-5896,,I,365,
AMLSIM-CLI-5897,,I,365,
AMLSIM-CLI-5898,,I,365,
AMLSIM-CLI-5899,,I,365,
AMLSIM-CLI-5900,,I,365,
AMLSIM-CLI-5901,,I,365,
AMLSIM-CLI-5902,,I,365,
AMLSIM-CLI-5903,,I,365,
AMLSIM-CLI-5904,,I,365,
AMLSIM-CLI-5905,,I,365,
AMLSIM-CLI-5906,,I,365,
AMLSIM-CLI-5907,,I,365,
AMLSIM-CLI-5908,,I,365,
AMLSIM-CLI-5909,,I,365,
AMLSIM-CLI-5910,,I,365,
AMLSIM-CLI-5911,,I,365,
AMLSIM-CLI-5912,,I,365,
AMLSIM-CLI-5913,,I,365,
AMLSIM-CLI-5914,,I,365,
AMLSIM-CLI-5915,,I,365,
AMLSIM-CLI-5916,,I,365,
AMLSIM-CLI-5917,,I,365,
AMLSIM-CLI-5918,,I,365,
AMLSIM-CLI-5919,,I,365,
AMLSIM-CLI-5920,,I,365,
AMLSIM-CLI-5921,,I,365,
AMLSIM-CLI-5922,,I,365,
AMLSIM-CLI-5923,,I,365,
AMLSIM-CLI-5924,,I,365,
AMLSIM-CLI-5925,,I,365,
AMLSIM-CLI-5926,,I,365,
AMLSIM-CLI-5927,,I,365,
AMLSIM-CLI-5928,,I,365,
AMLSIM-CLI-5929,,I,365,
AMLSIM-CLI-5930,,I,365,
AMLSIM-CLI-5931,,I,365,
AMLSIM-CLI-5932,,I,365,
AMLSIM-CLI-5933,,I,365,
AMLSIM-CLI-5934,,I,365,
AMLSIM-CLI-5935,,I,365,
AMLSIM-CLI-5936,,I,365,
AMLSIM-CLI-5937,,I,365,
AMLSIM-CLI-5938,,I,365,
AMLSIM-CLI-5939,,I,365,
AMLSIM-CLI-5940,,I,365,
AMLSIM-CLI-5941,,I,365,
AMLSIM-CLI-5942,,I,365,
AMLSIM-CLI-5943,,I,365,
AMLSIM-CLI-5944,,I,365,
AMLSIM-CLI-5945,,I,365,
AMLSIM-CLI-5946,,I,365,
AMLSIM-CLI-5947,,I,365,
AMLSIM-CLI-5948,,I,365,
AMLSIM-CLI-5949,,I,365,
AMLSIM-CLI-5950,,I,365,
AMLSIM-CLI-5951,,I,365,
AMLSIM-CLI-5952,,I,365,
AMLSIM-CLI-5953,,I,365,
AMLSIM-CLI-5954,,I,365,
AMLSIM-CLI-5955,,I,365,
AMLSIM-CLI-5956,,I,365,
AMLSIM-CLI-5957,,I,365,
AMLSIM-CLI-5958,,I,365,
AMLSIM-CLI-5959,,I,365,
AMLSIM-CLI-5960,,I,365,
AMLSIM-CLI-5961,,I,365,
AMLSIM-CLI-5962,,I,365,
AMLSIM-CLI-5963,,I,365,
AMLSIM-CLI-5964,,I,365,
AMLSIM-CLI-5965,,I,365,
AMLSIM-CLI-5966,,I,365,
AMLSIM-CLI-5967,,I,365,
AMLSIM-CLI-5968,,I,365,
AMLSIM-CLI-5969,,I,365,
AMLSIM-CLI-5970,,I,365,
AMLSIM-CLI-5971,,I,365,
AMLSIM-CLI-5972,,I,365,
AMLSIM-CLI-5973,,I,365,
AMLSIM-CLI-5974,,I,365,
AMLSIM-CLI-5975,,I,365,
AMLSIM-CLI-5976,,I,365,
AMLSIM-CLI-5977,,I,365,
AMLSIM-CLI-5978,,I,365,
AMLSIM-CLI-5979,,I,365,
AMLSIM-CLI-5980,,I,365,
AMLSIM-CLI-5981,,I,365,
AMLSIM-CLI-5982,,I,365,
AMLSIM-CLI-5983,,I,365,
AMLSIM-CLI-5984,,I,365,
AMLSIM-CLI-5985,,I,365,
AMLSIM-CLI-5986,,I,365,
AMLSIM-CLI-5987,,I,365,
AMLSIM-CLI-5988,,I,365,
AMLSIM-CLI-5989,,I,365,
AMLSIM-CLI-5990,,I,365,
AMLSIM-CLI-5991,,I,365,
AMLSIM-CLI-5992,,I,365,
AMLSIM-CLI-5993,,I,365,
AMLSIM-CLI-5994,,I,365,
AMLSIM-CLI-5995,,I,365,
AMLSIM-CLI-5996,,I,365,
AMLSIM-CLI-5997,,I,365,
AMLSIM-CLI-5998,,I,365,
AMLSIM-CLI-5999,,I,365,
AMLSIM-CLI-6000,,I,365,
AMLSIM-CLI-6001,,I,365,
AMLSIM-CLI-6002,,I,365,
AMLSIM-CLI-6003,,I,365,
AMLSIM-CLI-6004,,I,365,
AMLSIM-CLI-6005,,I,365,
AMLSIM-CLI-6006,,I,365,
AMLSIM-CLI-6007,,I,365,
AMLSIM-CLI-6008,,I,365,
AMLSIM-CLI-6009,,I,365,
AMLSIM-CLI-6010,,I,365,
AMLSIM-CLI-6011,,I,365,
AMLSIM-CLI-6012,,I,365,
AMLSIM-CLI-6013,,I,365,
AMLSIM-CLI-6014,,I,365,
AMLSIM-CLI-6015,,I,365,
AMLSIM-CLI-6016,,I,365,
AMLSIM-CLI-6017,,I,365,
AMLSIM-CLI-6018,,I,365,
AMLSIM-CLI-6019,,I,365,
AMLSIM-CLI-6020,,I,365,
AMLSIM-CLI-6021,,I,365,
AMLSIM-CLI-6022,,I,365,
AMLSIM-CLI-6023,,I,365,
AMLSIM-CLI-6024,,I,365,
AMLSIM-CLI-6025,,I,365,
AMLSIM-CLI-6026,,I,365,
AMLSIM-CLI-6027,,I,365,
AMLSIM-CLI-6028,,I,365,
AMLSIM-CLI-6029,,I,365,
AMLSIM-CLI-6030,,I,365,
AMLSIM-CLI-6031,,I,365,
AMLSIM-CLI-6032,,I,365,
AMLSIM-CLI-6033,,I,365,
AMLSIM-CLI-6034,,I,365,
AMLSIM-CLI-6035,,I,365,
AMLSIM-CLI-6036,,I,365,
AMLSIM-CLI-6037,,I,365,
AMLSIM-CLI-6038,,I,365,
AMLSIM-CLI-6039,,I,365,
AMLSIM-CLI-6040,,I,365,
AMLSIM-CLI-6041,,I,365,
AMLSIM-CLI-6042,,I,365,
AMLSIM-CLI-6043,,I,365,
AMLSIM-CLI-6044,,I,365,
AMLSIM-CLI-6045,,I,365,
AMLSIM-CLI-6046,,I,365,
AMLSIM-CLI-6047,,I,365,
AMLSIM-CLI-6048,,I,365,
AMLSIM-CLI-6049,,I,365,
AMLSIM-CLI-6050,,I,365,
AMLSIM-CLI-6051,,I,365,
AMLSIM-CLI-6052,,I,365,
AMLSIM-CLI-6053,,I,365,
AMLSIM-CLI-6054,,I,365,
AMLSIM-CLI-6055,,I,365,
AMLSIM-CLI-6056,,I,365,
AMLSIM-CLI-6057,,I,365,
AMLSIM-CLI-6058,,I,365,
AMLSIM-CLI-6059,,I,365,
AMLSIM-CLI-6060,,I,365,
AMLSIM-CLI-6061,,I,365,
AMLSIM-CLI-6062,,I,365,
AMLSIM-CLI-6063,,I,365,
AMLSIM-CLI-6064,,I,365,
AMLSIM-CLI-6065,,I,365,
AMLSIM-CLI-6066,,I,365,
AMLSIM-CLI-6067,,I,365,
AMLSIM-CLI-6068,,I,365,
AMLSIM-CLI-6069,,I,365,
AMLSIM-CLI-6070,,I,365,
AMLSIM-CLI-6071,,I,365,
AMLSIM-CLI-6072,,I,365,
AMLSIM-CLI-6073,,I,365,
AMLSIM-CLI-6074,,I,365,
AMLSIM-CLI-6075,,I,365,
AMLSIM-CLI-6076,,I,365,
AMLSIM-CLI-6077,,I,365,
AMLSIM-CLI-6078,,I,365,
AMLSIM-CLI-6079,,I,365,
AMLSIM-CLI-6080,,I,365,
AMLSIM-CLI-6081,,I,365,
AMLSIM-CLI-6082,,I,365,
AMLSIM-CLI-6083,,I,365,
AMLSIM-CLI-6084,,I,365,
AMLSIM-CLI-6085,,I,365,
AMLSIM-CLI-6086,,I,365,
AMLSIM-CLI-6087,,I,365,
AMLSIM-CLI-6088,,I,365,
AMLSIM-CLI-6089,,I,365,
AMLSIM-CLI-6090,,I,365,
AMLSIM-CLI-6091,,I,365,
AMLSIM-CLI-6092,,I,365,
AMLSIM-CLI-6093,,I,365,
AMLSIM-CLI-6094,,I,365,
AMLSIM-CLI-6095,,I,365,
AMLSIM-CLI-6096,,I,365,
AMLSIM-CLI-6097,,I,365,
AMLSIM-CLI-6098,,I,365,
AMLSIM-CLI-6099,,I,365,
AMLSIM-CLI-6100,,I,365,
AMLSIM-CLI-6101,,I,365,
AMLSIM-CLI-6102,,I,365,
AMLSIM-CLI-6103,,I,365,
AMLSIM-CLI-6104,,I,365,
AMLSIM-CLI-6105,,I,365,
AMLSIM-CLI-6106,,I,365,
AMLSIM-CLI-6107,,I,365,
AMLSIM-CLI-6108,,I,365,
AMLSIM-CLI-6109,,I,365,
AMLSIM-CLI-6110,,I,365,
AMLSIM-CLI-6111,,I,365,
AMLSIM-CLI-6112,,I,365,
AMLSIM-CLI-6113,,I,365,
AMLSIM-CLI-6114,,I,365,
AMLSIM-CLI-6115,,I,365,
AMLSIM-CLI-6116,,I,365,
AMLSIM-CLI-6117,,I,365,
AMLSIM-CLI-6118,,I,365,
AMLSIM-CLI-6119,,I,365,
AMLSIM-CLI-6120,,I,365,
AMLSIM-CLI-6121,,I,365,
AMLSIM-CLI-6122,,I,365,
AMLSIM-CLI-6123,,I,365,
AMLSIM-CLI-6124,,I,365,
AMLSIM-CLI-6125,,I,365,
AMLSIM-CLI-6126,,I,365,
AMLSIM-CLI-6127,,I,365,
AMLSIM-CLI-6128,,I,365,
AMLSIM-CLI-6129,,I,365,
AMLSIM-CLI-6130,,I,365,
AMLSIM-CLI-6131,,I,365,
AMLSIM-CLI-6132,,I,365,
AMLSIM-CLI-6133,,I,365,
AMLSIM-CLI-6134,,I,365,
AMLSIM-CLI-6135,,I,365,
AMLSIM-CLI-6136,,I,365,
AMLSIM-CLI-6137,,I,365,
AMLSIM-CLI-6138,,I,365,
AMLSIM-CLI-6139,,I,365,
AMLSIM-CLI-6140,,I,365,
AMLSIM-CLI-6141,,I,365,
AMLSIM-CLI-6142,,I,365,
AMLSIM-CLI-6143,,I,365,
AMLSIM-CLI-6144,,I,365,
AMLSIM-CLI-6145,,I,365,
AMLSIM-CLI-6146,,I,365,
AMLSIM-CLI-6147,,I,365,
AMLSIM-CLI-6148,,I,365,
AMLSIM-CLI-6149,,I,365,
AMLSIM-CLI-6150,,I,365,
AMLSIM-CLI-6151,,I,365,
AMLSIM-CLI-6152,,I,365,
AMLSIM-CLI-6153,,I,365,
AMLSIM-CLI-6154,,I,365,
AMLSIM-CLI-6155,,I,365,
AMLSIM-CLI-6156,,I,365,
AMLSIM-CLI-6157,,I,365,
AMLSIM-CLI-6158,,I,365,
AMLSIM-CLI-6159,,I,365,
AMLSIM-CLI-6160,,I,365,
AMLSIM-CLI-6161,,I,365,
AMLSIM-CLI-6162,,I,365,
AMLSIM-CLI-6163,,I,365,
AMLSIM-CLI-6164,,I,365,
AMLSIM-CLI-6165,,I,365,
AMLSIM-CLI-6166,,I,365,
AMLSIM-CLI-6167,,I,365,
AMLSIM-CLI-6168,,I,365,
AMLSIM-CLI-6169,,I,365,
AMLSIM-CLI-6170,,I,365,
AMLSIM-CLI-6171,,I,365,
AMLSIM-CLI-6172,,I,365,
AMLSIM-CLI-6173,,I,365,
AMLSIM-CLI-6174,,I,365,
AMLSIM-CLI-6175,,I,365,
AMLSIM-CLI-6176,,I,365,
AMLSIM-CLI-6177,,I,365,
AMLSIM-CLI-6178,,I,365,
AMLSIM-CLI-6179,,I,365,
AMLSIM-CLI-6180,,I,365,
AMLSIM-CLI-6181,,I,365,
AMLSIM-CLI-6182,,I,365,
AMLSIM-CLI-6183,,I,365,
AMLSIM-CLI-6184,,I,365,
AMLSIM-CLI-6185,,I,365,
AMLSIM-CLI-6186,,I,365,
AMLSIM-CLI-6187,,I,365,
AMLSIM-CLI-6188,,I,365,
AMLSIM-CLI-6189,,I,365,
AMLSIM-CLI-6190,,I,365,
AMLSIM-CLI-6191,,I,365,
AMLSIM-CLI-6192,,I,365,
AMLSIM-CLI-6193,,I,365,
AMLSIM-CLI-6194,,I,365,
AMLSIM-CLI-6195,,I,365,
AMLSIM-CLI-6196,,I,365,
AMLSIM-CLI-6197,,I,365,
AMLSIM-CLI-6198,,I,365,
AMLSIM-CLI-6199,,I,365,
AMLSIM-CLI-6200,,I,365,
AMLSIM-CLI-6201,,I,365,
AMLSIM-CLI-6202,,I,365,
AMLSIM-CLI-6203,,I,365,
AMLSIM-CLI-6204,,I,365,
AMLSIM-CLI-6205,,I,365,
AMLSIM-CLI-6206,,I,365,
AMLSIM-CLI-6207,,I,365,
AMLSIM-CLI-6208,,I,365,
AMLSIM-CLI-6209,,I,365,
AMLSIM-CLI-6210,,I,365,
AMLSIM-CLI-6211,,I,365,
AMLSIM-CLI-6212,,I,365,
AMLSIM-CLI-6213,,I,365,
AMLSIM-CLI-6214,,I,365,
AMLSIM-CLI-6215,,I,365,
AMLSIM-CLI-6216,,I,365,
AMLSIM-CLI-6217,,I,365,
AMLSIM-CLI-6218,,I,365,
AMLSIM-CLI-6219,,I,365,
AMLSIM-CLI-6220,,I,365,
AMLSIM-CLI-6221,,I,365,
AMLSIM-CLI-6222,,I,365,
AMLSIM-CLI-6223,,I,365,
AMLSIM-CLI-6224,,I,365,
AMLSIM-CLI-6225,,I,365,
AMLSIM-CLI-6226,,I,365,
AMLSIM-CLI-6227,,I,365,
AMLSIM-CLI-6228,,I,365,
AMLSIM-CLI-6229,,I,365,
AMLSIM-CLI-6230,,I,365,
AMLSIM-CLI-6231,,I,365,
AMLSIM-CLI-6232,,I,365,
AMLSIM-CLI-6233,,I,365,
AMLSIM-CLI-6234,,I,365,
AMLSIM-CLI-6235,,I,365,
AMLSIM-CLI-6236,,I,365,
AMLSIM-CLI-6237,,I,365,
AMLSIM-CLI-6238,,I,365,
AMLSIM-CLI-6239,,I,365,
AMLSIM-CLI-6240,,I,365,
AMLSIM-CLI-6241,,I,365,
AMLSIM-CLI-6242,,I,365,
AMLSIM-CLI-6243,,I,365,
AMLSIM-CLI-6244,,I,365,
AMLSIM-CLI-6245,,I,365,
AMLSIM-CLI-6246,,I,365,
AMLSIM-CLI-6247,,I,365,
AMLSIM-CLI-6248,,I,365,
AMLSIM-CLI-6249,,I,365,
AMLSIM-CLI-6250,,I,365,
AMLSIM-CLI-6251,,I,365,
AMLSIM-CLI-6252,,I,365,
AMLSIM-CLI-6253,,I,365,
AMLSIM-CLI-6254,,I,365,
AMLSIM-CLI-6255,,I,365,
AMLSIM-CLI-6256,,I,365,
AMLSIM-CLI-6257,,I,365,
AMLSIM-CLI-6258,,I,365,
AMLSIM-CLI-6259,,I,365,
AMLSIM-CLI-6260,,I,365,
AMLSIM-CLI-6261,,I,365,
AMLSIM-CLI-6262,,I,365,
AMLSIM-CLI-6263,,I,365,
AMLSIM-CLI-6264,,I,365,
AMLSIM-CLI-6265,,I,365,
AMLSIM-CLI-6266,,I,365,
AMLSIM-CLI-6267,,I,365,
AMLSIM-CLI-6268,,I,365,
AMLSIM-CLI-6269,,I,365,
AMLSIM-CLI-6270,,I,365,
AMLSIM-CLI-6271,,I,365,
AMLSIM-CLI-6272,,I,365,
AMLSIM-CLI-6273,,I,365,
AMLSIM-CLI-6274,,I,365,
AMLSIM-CLI-6275,,I,365,
AMLSIM-CLI-6276,,I,365,
AMLSIM-CLI-6277,,I,365,
AMLSIM-CLI-6278,,I,365,
AMLSIM-CLI-6279,,I,365,
AMLSIM-CLI-6280,,I,365,
AMLSIM-CLI-6281,,I,365,
AMLSIM-CLI-6282,,I,365,
AMLSIM-CLI-6283,,I,365,
AMLSIM-CLI-6284,,I,365,
AMLSIM-CLI-6285,,I,365,
AMLSIM-CLI-6286,,I,365,
AMLSIM-CLI-6287,,I,365,
AMLSIM-CLI-6288,,I,365,
AMLSIM-CLI-6289,,I,365,
AMLSIM-CLI-6290,,I,365,
AMLSIM-CLI-6291,,I,365,
AMLSIM-CLI-6292,,I,365,
AMLSIM-CLI-6293,,I,365,
AMLSIM-CLI-6294,,I,365,
AMLSIM-CLI-6295,,I,365,
AMLSIM-CLI-6296,,I,365,
AMLSIM-CLI-6297,,I,365,
AMLSIM-CLI-6298,,I,365,
AMLSIM-CLI-6299,,I,365,
AMLSIM-CLI-6300,,I,365,
AMLSIM-CLI-6301,,I,365,
AMLSIM-CLI-6302,,I,365,
AMLSIM-CLI-6303,,I,365,
AMLSIM-CLI-6304,,I,365,
AMLSIM-CLI-6305,,I,365,
AMLSIM-CLI-6306,,I,365,
AMLSIM-CLI-6307,,I,365,
AMLSIM-CLI-6308,,I,365,
AMLSIM-CLI-6309,,I,365,
AMLSIM-CLI-6310,,I,365,
AMLSIM-CLI-6311,,I,365,
AMLSIM-CLI-6312,,I,365,
AMLSIM-CLI-6313,,I,365,
AMLSIM-CLI-6314,,I,365,
AMLSIM-CLI-6315,,I,365,
AMLSIM-CLI-6316,,I,365,
AMLSIM-CLI-6317,,I,365,
AMLSIM-CLI-6318,,I,365,
AMLSIM-CLI-6319,,I,365,
AMLSIM-CLI-6320,,I,365,
AMLSIM-CLI-6321,,I,365,
AMLSIM-CLI-6322,,I,365,
AMLSIM-CLI-6323,,I,365,
AMLSIM-CLI-6324,,I,365,
AMLSIM-CLI-6325,,I,365,
AMLSIM-CLI-6326,,I,365,
AMLSIM-CLI-6327,,I,365,
AMLSIM-CLI-6328,,I,365,
AMLSIM-CLI-6329,,I,365,
AMLSIM-CLI-6330,,I,365,
AMLSIM-CLI-6331,,I,365,
AMLSIM-CLI-6332,,I,365,
AMLSIM-CLI-6333,,I,365,
AMLSIM-CLI-6334,,I,365,
AMLSIM-CLI-6335,,I,365,
AMLSIM-CLI-6336,,I,365,
AMLSIM-CLI-6337,,I,365,
AMLSIM-CLI-6338,,I,365,
AMLSIM-CLI-6339,,I,365,
AMLSIM-CLI-6340,,I,365,
AMLSIM-CLI-6341,,I,365,
AMLSIM-CLI-6342,,I,365,
AMLSIM-CLI-6343,,I,365,
AMLSIM-CLI-6344,,I,365,
AMLSIM-CLI-6345,,I,365,
AMLSIM-CLI-6346,,I,365,
AMLSIM-CLI-6347,,I,365,
AMLSIM-CLI-6348,,I,365,
AMLSIM-CLI-6349,,I,365,
AMLSIM-CLI-6350,,I,365,
AMLSIM-CLI-6351,,I,365,
AMLSIM-CLI-6352,,I,365,
AMLSIM-CLI-6353,,I,365,
AMLSIM-CLI-6354,,I,365,
AMLSIM-CLI-6355,,I,365,
AMLSIM-CLI-6356,,I,365,
AMLSIM-CLI-6357,,I,365,
AMLSIM-CLI-6358,,I,365,
AMLSIM-CLI-6359,,I,365,
AMLSIM-CLI-6360,,I,365,
AMLSIM-CLI-6361,,I,365,
AMLSIM-CLI-6362,,I,365,
AMLSIM-CLI-6363,,I,365,
AMLSIM-CLI-6364,,I,365,
AMLSIM-CLI-6365,,I,365,
AMLSIM-CLI-6366,,I,365,
AMLSIM-CLI-6367,,I,365,
AMLSIM-CLI-6368,,I,365,
AMLSIM-CLI-6369,,I,365,
AMLSIM-CLI-6370,,I,365,
AMLSIM-CLI-6371,,I,365,
AMLSIM-CLI-6372,,I,365,
AMLSIM-CLI-6373,,I,365,
AMLSIM-CLI-6374,,I,365,
AMLSIM-CLI-6375,,I,365,
AMLSIM-CLI-6376,,I,365,
AMLSIM-CLI-6377,,I,365,
AMLSIM-CLI-6378,,I,365,
AMLSIM-CLI-6379,,I,365,
AMLSIM-CLI-6380,,I,365,
AMLSIM-CLI-6381,,I,365,
AMLSIM-CLI-6382,,I,365,
AMLSIM-CLI-6383,,I,365,
AMLSIM-CLI-6384,,I,365,
AMLSIM-CLI-6385,,I,365,
AMLSIM-CLI-6386,,I,365,
AMLSIM-CLI-6387,,I,365,
AMLSIM-CLI-6388,,I,365,
AMLSIM-CLI-6389,,I,365,
AMLSIM-CLI-6390,,I,365,
AMLSIM-CLI-6391,,I,365,
AMLSIM-CLI-6392,,I,365,
AMLSIM-CLI-6393,,I,365,
AMLSIM-CLI-6394,,I,365,
AMLSIM-CLI-6395,,I,365,
AMLSIM-CLI-6396,,I,365,
AMLSIM-CLI-6397,,I,365,
AMLSIM-CLI-6398,,I,365,
AMLSIM-CLI-6399,,I,365,
AMLSIM-CLI-6400,,I,365,
AMLSIM-CLI-6401,,I,365,
AMLSIM-CLI-6402,,I,365,
AMLSIM-CLI-6403,,I,365,
AMLSIM-CLI-6404,,I,365,
AMLSIM-CLI-6405,,I,365,
AMLSIM-CLI-6406,,I,365,
AMLSIM-CLI-6407,,I,365,
AMLSIM-CLI-6408,,I,365,
AMLSIM-CLI-6409,,I,365,
AMLSIM-CLI-6410,,I,365,
AMLSIM-CLI-6411,,I,365,
AMLSIM-CLI-6412,,I,365,
AMLSIM-CLI-6413,,I,365,
AMLSIM-CLI-6414,,I,365,
AMLSIM-CLI-6415,,I,365,
AMLSIM-CLI-6416,,I,365,
AMLSIM-CLI-6417,,I,365,
AMLSIM-CLI-6418,,I,365,
AMLSIM-CLI-6419,,I,365,
AMLSIM-CLI-6420,,I,365,
AMLSIM-CLI-6421,,I,365,
AMLSIM-CLI-6422,,I,365,
AMLSIM-CLI-6423,,I,365,
AMLSIM-CLI-6424,,I,365,
AMLSIM-CLI-6425,,I,365,
AMLSIM-CLI-6426,,I,365,
AMLSIM-CLI-6427,,I,365,
AMLSIM-CLI-6428,,I,365,
AMLSIM-CLI-6429,,I,365,
AMLSIM-CLI-6430,,I,365,
AMLSIM-CLI-6431,,I,365,
AMLSIM-CLI-6432,,I,365,
AMLSIM-CLI-6433,,I,365,
AMLSIM-CLI-6434,,I,365,
AMLSIM-CLI-6435,,I,365,
AMLSIM-CLI-6436,,I,365,
AMLSIM-CLI-6437,,I,365,
AMLSIM-CLI-6438,,I,365,
AMLSIM-CLI-6439,,I,365,
AMLSIM-CLI-6440,,I,365,
AMLSIM-CLI-6441,,I,365,
AMLSIM-CLI-6442,,I,365,
AMLSIM-CLI-6443,,I,365,
AMLSIM-CLI-6444,,I,365,
AMLSIM-CLI-6445,,I,365,
AMLSIM-CLI-6446,,I,365,
AMLSIM-CLI-6447,,I,365,
AMLSIM-CLI-6448,,I,365,
AMLSIM-CLI-6449,,I,365,
AMLSIM-CLI-6450,,I,365,
AMLSIM-CLI-6451,,I,365,
AMLSIM-CLI-6452,,I,365,
AMLSIM-CLI-6453,,I,365,
AMLSIM-CLI-6454,,I,365,
AMLSIM-CLI-6455,,I,365,
AMLSIM-CLI-6456,,I,365,
AMLSIM-CLI-6457,,I,365,
AMLSIM-CLI-6458,,I,365,
AMLSIM-CLI-6459,,I,365,
AMLSIM-CLI-6460,,I,365,
AMLSIM-CLI-6461,,I,365,
AMLSIM-CLI-6462,,I,365,
AMLSIM-CLI-6463,,I,365,
AMLSIM-CLI-6464,,I,365,
AMLSIM-CLI-6465,,I,365,
AMLSIM-CLI-6466,,I,365,
AMLSIM-CLI-6467,,I,365,
AMLSIM-CLI-6468,,I,365,
AMLSIM-CLI-6469,,I,365,
AMLSIM-CLI-6470,,I,365,
AMLSIM-CLI-6471,,I,365,
AMLSIM-CLI-6472,,I,365,
AMLSIM-CLI-6473,,I,365,
AMLSIM-CLI-6474,,I,365,
AMLSIM-CLI-6475,,I,365,
AMLSIM-CLI-6476,,I,365,
AMLSIM-CLI-6477,,I,365,
AMLSIM-CLI-6478,,I,365,
AMLSIM-CLI-6479,,I,365,
AMLSIM-CLI-6480,,I,365,
AMLSIM-CLI-6481,,I,365,
AMLSIM-CLI-6482,,I,365,
AMLSIM-CLI-6483,,I,365,
AMLSIM-CLI-6484,,I,365,
AMLSIM-CLI-6485,,I,365,
AMLSIM-CLI-6486,,I,365,
AMLSIM-CLI-6487,,I,365,
AMLSIM-CLI-6488,,I,365,
AMLSIM-CLI-6489,,I,365,
AMLSIM-CLI-6490,,I,365,
AMLSIM-CLI-6491,,I,365,
AMLSIM-CLI-6492,,I,365,
AMLSIM-CLI-6493,,I,365,
AMLSIM-CLI-6494,,I,365,
AMLSIM-CLI-6495,,I,365,
AMLSIM-CLI-6496,,I,365,
AMLSIM-CLI-6497,,I,365,
AMLSIM-CLI-6498,,I,365,
AMLSIM-CLI-6499,,I,365,
AMLSIM-CLI-6500,,I,365,
AMLSIM-CLI-6501,,I,365,
AMLSIM-CLI-6502,,I,365,
AMLSIM-CLI-6503,,I,365,
AMLSIM-CLI-6504,,I,365,
AMLSIM-CLI-6505,,I,365,
AMLSIM-CLI-6506,,I,365,
AMLSIM-CLI-6507,,I,365,
AMLSIM-CLI-6508,,I,365,
AMLSIM-CLI-6509,,I,365,
AMLSIM-CLI-6510,,I,365,
AMLSIM-CLI-6511,,I,365,
AMLSIM-CLI-6512,,I,365,
AMLSIM-CLI-6513,,I,365,
AMLSIM-CLI-6514,,I,365,
AMLSIM-CLI-6515,,I,365,
AMLSIM-CLI-6516,,I,365,
AMLSIM-CLI-6517,,I,365,
AMLSIM-CLI-6518,,I,365,
AMLSIM-CLI-6519,,I,365,
AMLSIM-CLI-6520,,I,365,
AMLSIM-CLI-6521,,I,365,
AMLSIM-CLI-6522,,I,365,
AMLSIM-CLI-6523,,I,365,
AMLSIM-CLI-6524,,I,365,
AMLSIM-CLI-6525,,I,365,
AMLSIM-CLI-6526,,I,365,
AMLSIM-CLI-6527,,I,365,
AMLSIM-CLI-6528,,I,365,
AMLSIM-CLI-6529,,I,365,
AMLSIM-CLI-6530,,I,365,
AMLSIM-CLI-6531,,I,365,
AMLSIM-CLI-6532,,I,365,
AMLSIM-CLI-6533,,I,365,
AMLSIM-CLI-6534,,I,365,
AMLSIM-CLI-6535,,I,365,
AMLSIM-CLI-6536,,I,365,
AMLSIM-CLI-6537,,I,365,
AMLSIM-CLI-6538,,I,365,
AMLSIM-CLI-6539,,I,365,
AMLSIM-CLI-6540,,I,365,
AMLSIM-CLI-6541,,I,365,
AMLSIM-CLI-6542,,I,365,
AMLSIM-CLI-6543,,I,365,
AMLSIM-CLI-6544,,I,365,
AMLSIM-CLI-6545,,I,365,
AMLSIM-CLI-6546,,I,365,
AMLSIM-CLI-6547,,I,365,
AMLSIM-CLI-6548,,I,365,
AMLSIM-CLI-6549,,I,365,
AMLSIM-CLI-6550,,I,365,
AMLSIM-CLI-6551,,I,365,
AMLSIM-CLI-6552,,I,365,
AMLSIM-CLI-6553,,I,365,
AMLSIM-CLI-6554,,I,365,
AMLSIM-CLI-6555,,I,365,
AMLSIM-CLI-6556,,I,365,
AMLSIM-CLI-6557,,I,365,
AMLSIM-CLI-6558,,I,365,
AMLSIM-CLI-6559,,I,365,
AMLSIM-CLI-6560,,I,365,
AMLSIM-CLI-6561,,I,365,
AMLSIM-CLI-6562,,I,365,
AMLSIM-CLI-6563,,I,365,
AMLSIM-CLI-6564,,I,365,
AMLSIM-CLI-6565,,I,365,
AMLSIM-CLI-6566,,I,365,
AMLSIM-CLI-6567,,I,365,
AMLSIM-CLI-6568,,I,365,
AMLSIM-CLI-6569,,I,365,
AMLSIM-CLI-6570,,I,365,
AMLSIM-CLI-6571,,I,365,
AMLSIM-CLI-6572,,I,365,
AMLSIM-CLI-6573,,I,365,
AMLSIM-CLI-6574,,I,365,
AMLSIM-CLI-6575,,I,365,
AMLSIM-CLI-6576,,I,365,
AMLSIM-CLI-6577,,I,365,
AMLSIM-CLI-6578,,I,365,
AMLSIM-CLI-6579,,I,365,
AMLSIM-CLI-6580,,I,365,
AMLSIM-CLI-6581,,I,365,
AMLSIM-CLI-6582,,I,365,
AMLSIM-CLI-6583,,I,365,
AMLSIM-CLI-6584,,I,365,
AMLSIM-CLI-6585,,I,365,
AMLSIM-CLI-6586,,I,365,
AMLSIM-CLI-6587,,I,365,
AMLSIM-CLI-6588,,I,365,
AMLSIM-CLI-6589,,I,365,
AMLSIM-CLI-6590,,I,365,
AMLSIM-CLI-6591,,I,365,
AMLSIM-CLI-6592,,I,365,
AMLSIM-CLI-6593,,I,365,
AMLSIM-CLI-6594,,I,365,
AMLSIM-CLI-6595,,I,365,
AMLSIM-CLI-6596,,I,365,
AMLSIM-CLI-6597,,I,365,
AMLSIM-CLI-6598,,I,365,
AMLSIM-CLI-6599,,I,365,
AMLSIM-CLI-6600,,I,365,
AMLSIM-CLI-6601,,I,365,
AMLSIM-CLI-6602,,I,365,
AMLSIM-CLI-6603,,I,365,
AMLSIM-CLI-6604,,I,365,
AMLSIM-CLI-6605,,I,365,
AMLSIM-CLI-6606,,I,365,
AMLSIM-CLI-6607,,I,365,
AMLSIM-CLI-6608,,I,365,
AMLSIM-CLI-6609,,I,365,
AMLSIM-CLI-6610,,I,365,
AMLSIM-CLI-6611,,I,365,
AMLSIM-CLI-6612,,I,365,
AMLSIM-CLI-6613,,I,365,
AMLSIM-CLI-6614,,I,365,
AMLSIM-CLI-6615,,I,365,
AMLSIM-CLI-6616,,I,365,
AMLSIM-CLI-6617,,I,365,
AMLSIM-CLI-6618,,I,365,
AMLSIM-CLI-6619,,I,365,
AMLSIM-CLI-6620,,I,365,
AMLSIM-CLI-6621,,I,365,
AMLSIM-CLI-6622,,I,365,
AMLSIM-CLI-6623,,I,365,
AMLSIM-CLI-6624,,I,365,
AMLSIM-CLI-6625,,I,365,
AMLSIM-CLI-6626,,I,365,
AMLSIM-CLI-6627,,I,365,
AMLSIM-CLI-6628,,I,365,
AMLSIM-CLI-6629,,I,365,
AMLSIM-CLI-6630,,I,365,
AMLSIM-CLI-6631,,I,365,
AMLSIM-CLI-6632,,I,365,
AMLSIM-CLI-6633,,I,365,
AMLSIM-CLI-6634,,I,365,
AMLSIM-CLI-6635,,I,365,
AMLSIM-CLI-6636,,I,365,
AMLSIM-CLI-6637,,I,365,
AMLSIM-CLI-6638,,I,365,
AMLSIM-CLI-6639,,I,365,
AMLSIM-CLI-6640,,I,365,
AMLSIM-CLI-6641,,I,365,
AMLSIM-CLI-6642,,I,365,
AMLSIM-CLI-6643,,I,365,
AMLSIM-CLI-6644,,I,365,
AMLSIM-CLI-6645,,I,365,
AMLSIM-CLI-6646,,I,365,
AMLSIM-CLI-6647,,I,365,
AMLSIM-CLI-6648,,I,365,
AMLSIM-CLI-6649,,I,365,
AMLSIM-CLI-6650,,I,365,
AMLSIM-CLI-6651,,I,365,
AMLSIM-CLI-6652,,I,365,
AMLSIM-CLI-6653,,I,365,
AMLSIM-CLI-6654,,I,365,
AMLSIM-CLI-6655,,I,365,
AMLSIM-CLI-6656,,I,365,
AMLSIM-CLI-6657,,I,365,
AMLSIM-CLI-6658,,I,365,
AMLSIM-CLI-6659,,I,365,
AMLSIM-CLI-6660,,I,365,
AMLSIM-CLI-6661,,I,365,
AMLSIM-CLI-6662,,I,365,
AMLSIM-CLI-6663,,I,365,
AMLSIM-CLI-6664,,I,365,
AMLSIM-CLI-6665,,I,365,
AMLSIM-CLI-6666,,I,365,
AMLSIM-CLI-6667,,I,365,
AMLSIM-CLI-6668,,I,365,
AMLSIM-CLI-6669,,I,365,
AMLSIM-CLI-6670,,I,365,
AMLSIM-CLI-6671,,I,365,
AMLSIM-CLI-6672,,I,365,
AMLSIM-CLI-6673,,I,365,
AMLSIM-CLI-6674,,I,365,
AMLSIM-CLI-6675,,I,365,
AMLSIM-CLI-6676,,I,365,
AMLSIM-CLI-6677,,I,365,
AMLSIM-CLI-6678,,I,365,
AMLSIM-CLI-6679,,I,365,
AMLSIM-CLI-6680,,I,365,
AMLSIM-CLI-6681,,I,365,
AMLSIM-CLI-6682,,I,365,
AMLSIM-CLI-6683,,I,365,
AMLSIM-CLI-6684,,I,365,
AMLSIM-CLI-6685,,I,365,
AMLSIM-CLI-6686,,I,365,
AMLSIM-CLI-6687,,I,365,
AMLSIM-CLI-6688,,I,365,
AMLSIM-CLI-6689,,I,365,
AMLSIM-CLI-6690,,I,365,
AMLSIM-CLI-6691,,I,365,
AMLSIM-CLI-6692,,I,365,
AMLSIM-CLI-6693,,I,365,
AMLSIM-CLI-6694,,I,365,
AMLSIM-CLI-6695,,I,365,
AMLSIM-CLI-6696,,I,365,
AMLSIM-CLI-6697,,I,365,
AMLSIM-CLI-6698,,I,365,
AMLSIM-CLI-6699,,I,365,
AMLSIM-CLI-6700,,I,365,
AMLSIM-CLI-6701,,I,365,
AMLSIM-CLI-6702,,I,365,
AMLSIM-CLI-6703,,I,365,
AMLSIM-CLI-6704,,I,365,
AMLSIM-CLI-6705,,I,365,
AMLSIM-CLI-6706,,I,365,
AMLSIM-CLI-6707,,I,365,
AMLSIM-CLI-6708,,I,365,
AMLSIM-CLI-6709,,I,365,
AMLSIM-CLI-6710,,I,365,
AMLSIM-CLI-6711,,I,365,
AMLSIM-CLI-6712,,I,365,
AMLSIM-CLI-6713,,I,365,
AMLSIM-CLI-6714,,I,365,
AMLSIM-CLI-6715,,I,365,
AMLSIM-CLI-6716,,I,365,
AMLSIM-CLI-6717,,I,365,
AMLSIM-CLI-6718,,I,365,
AMLSIM-CLI-6719,,I,365,
AMLSIM-CLI-6720,,I,365,
AMLSIM-CLI-6721,,I,365,
AMLSIM-CLI-6722,,I,365,
AMLSIM-CLI-6723,,I,365,
AMLSIM-CLI-6724,,I,365,
AMLSIM-CLI-6725,,I,365,
AMLSIM-CLI-6726,,I,365,
AMLSIM-CLI-6727,,I,365,
AMLSIM-CLI-6728,,I,365,
AMLSIM-CLI-6729,,I,365,
AMLSIM-CLI-6730,,I,365,
AMLSIM-CLI-6731,,I,365,
AMLSIM-CLI-6732,,I,365,
AMLSIM-CLI-6733,,I,365,
AMLSIM-CLI-6734,,I,365,
AMLSIM-CLI-6735,,I,365,
AMLSIM-CLI-6736,,I,365,
AMLSIM-CLI-6737,,I,365,
AMLSIM-CLI-6738,,I,365,
AMLSIM-CLI-6739,,I,365,
AMLSIM-CLI-6740,,I,365,
AMLSIM-CLI-6741,,I,365,
AMLSIM-CLI-6742,,I,365,
AMLSIM-CLI-6743,,I,365,
AMLSIM-CLI-6744,,I,365,
AMLSIM-CLI-6745,,I,365,
AMLSIM-CLI-6746,,I,365,
AMLSIM-CLI-6747,,I,365,
AMLSIM-CLI-6748,,I,365,
AMLSIM-CLI-6749,,I,365,
AMLSIM-CLI-6750,,I,365,
AMLSIM-CLI-6751,,I,365,
AMLSIM-CLI-6752,,I,365,
AMLSIM-CLI-6753,,I,365,
AMLSIM-CLI-6754,,I,365,
AMLSIM-CLI-6755,,I,365,
AMLSIM-CLI-6756,,I,365,
AMLSIM-CLI-6757,,I,365,
AMLSIM-CLI-6758,,I,365,
AMLSIM-CLI-6759,,I,365,
AMLSIM-CLI-6760,,I,365,
AMLSIM-CLI-6761,,I,365,
AMLSIM-CLI-6762,,I,365,
AMLSIM-CLI-6763,,I,365,
AMLSIM-CLI-6764,,I,365,
AMLSIM-CLI-6765,,I,365,
AMLSIM-CLI-6766,,I,365,
AMLSIM-CLI-6767,,I,365,
AMLSIM-CLI-6768,,I,365,
AMLSIM-CLI-6769,,I,365,
AMLSIM-CLI-6770,,I,365,
AMLSIM-CLI-6771,,I,365,
AMLSIM-CLI-6772,,I,365,
AMLSIM-CLI-6773,,I,365,
AMLSIM-CLI-6774,,I,365,
AMLSIM-CLI-6775,,I,365,
AMLSIM-CLI-6776,,I,365,
AMLSIM-CLI-6777,,I,365,
AMLSIM-CLI-6778,,I,365,
AMLSIM-CLI-6779,,I,365,
AMLSIM-CLI-6780,,I,365,
AMLSIM-CLI-6781,,I,365,
AMLSIM-CLI-6782,,I,365,
AMLSIM-CLI-6783,,I,365,
AMLSIM-CLI-6784,,I,365,
AMLSIM-CLI-6785,,I,365,
AMLSIM-CLI-6786,,I,365,
AMLSIM-CLI-6787,,I,365,
AMLSIM-CLI-6788,,I,365,
AMLSIM-CLI-6789,,I,365,
AMLSIM-CLI-6790,,I,365,
AMLSIM-CLI-6791,,I,365,
AMLSIM-CLI-6792,,I,365,
AMLSIM-CLI-6793,,I,365,
AMLSIM-CLI-6794,,I,365,
AMLSIM-CLI-6795,,I,365,
AMLSIM-CLI-6796,,I,365,
AMLSIM-CLI-6797,,I,365,
AMLSIM-CLI-6798,,I,365,
AMLSIM-CLI-6799,,I,365,
AMLSIM-CLI-6800,,I,365,
AMLSIM-CLI-6801,,I,365,
AMLSIM-CLI-6802,,I,365,
AMLSIM-CLI-6803,,I,365,
AMLSIM-CLI-6804,,I,365,
AMLSIM-CLI-6805,,I,365,
AMLSIM-CLI-6806,,I,365,
AMLSIM-CLI-6807,,I,365,
AMLSIM-CLI-6808,,I,365,
AMLSIM-CLI-6809,,I,365,
AMLSIM-CLI-6810,,I,365,
AMLSIM-CLI-6811,,I,365,
AMLSIM-CLI-6812,,I,365,
AMLSIM-CLI-6813,,I,365,
AMLSIM-CLI-6814,,I,365,
AMLSIM-CLI-6815,,I,365,
AMLSIM-CLI-6816,,I,365,
AMLSIM-CLI-6817,,I,365,
AMLSIM-CLI-6818,,I,365,
AMLSIM-CLI-6819,,I,365,
AMLSIM-CLI-6820,,I,365,
AMLSIM-CLI-6821,,I,365,
AMLSIM-CLI-6822,,I,365,
AMLSIM-CLI-6823,,I,365,
AMLSIM-CLI-6824,,I,365,
AMLSIM-CLI-6825,,I,365,
AMLSIM-CLI-6826,,I,365,
AMLSIM-CLI-6827,,I,365,
AMLSIM-CLI-6828,,I,365,
AMLSIM-CLI-6829,,I,365,
AMLSIM-CLI-6830,,I,365,
AMLSIM-CLI-6831,,I,365,
AMLSIM-CLI-6832,,I,365,
AMLSIM-CLI-6833,,I,365,
AMLSIM-CLI-6834,,I,365,
AMLSIM-CLI-6835,,I,365,
AMLSIM-CLI-6836,,I,365,
AMLSIM-CLI-6837,,I,365,
AMLSIM-CLI-6838,,I,365,
AMLSIM-CLI-6839,,I,365,
AMLSIM-CLI-6840,,I,365,
AMLSIM-CLI-6841,,I,365,
AMLSIM-CLI-6842,,I,365,
AMLSIM-CLI-6843,,I,365,
AMLSIM-CLI-6844,,I,365,
AMLSIM-CLI-6845,,I,365,
AMLSIM-CLI-6846,,I,365,
AMLSIM-CLI-6847,,I,365,
AMLSIM-CLI-6848,,I,365,
AMLSIM-CLI-6849,,I,365,
AMLSIM-CLI-6850,,I,365,
AMLSIM-CLI-6851,,I,365,
AMLSIM-CLI-6852,,I,365,
AMLSIM-CLI-6853,,I,365,
AMLSIM-CLI-6854,,I,365,
AMLSIM-CLI-6855,,I,365,
AMLSIM-CLI-6856,,I,365,
AMLSIM-CLI-6857,,I,365,
AMLSIM-CLI-6858,,I,365,
AMLSIM-CLI-6859,,I,365,
AMLSIM-CLI-6860,,I,365,
AMLSIM-CLI-6861,,I,365,
AMLSIM-CLI-6862,,I,365,
AMLSIM-CLI-6863,,I,365,
AMLSIM-CLI-6864,,I,365,
AMLSIM-CLI-6865,,I,365,
AMLSIM-CLI-6866,,I,365,
AMLSIM-CLI-6867,,I,365,
AMLSIM-CLI-6868,,I,365,
AMLSIM-CLI-6869,,I,365,
AMLSIM-CLI-6870,,I,365,
AMLSIM-CLI-6871,,I,365,
AMLSIM-CLI-6872,,I,365,
AMLSIM-CLI-6873,,I,365,
AMLSIM-CLI-6874,,I,365,
AMLSIM-CLI-6875,,I,365,
AMLSIM-CLI-6876,,I,365,
AMLSIM-CLI-6877,,I,365,
AMLSIM-CLI-6878,,I,365,
AMLSIM-CLI-6879,,I,365,
AMLSIM-CLI-6880,,I,365,
AMLSIM-CLI-6881,,I,365,
AMLSIM-CLI-6882,,I,365,
AMLSIM-CLI-6883,,I,365,
AMLSIM-CLI-6884,,I,365,
AMLSIM-CLI-6885,,I,365,
AMLSIM-CLI-6886,,I,365,
AMLSIM-CLI-6887,,I,365,
AMLSIM-CLI-6888,,I,365,
AMLSIM-CLI-6889,,I,365,
AMLSIM-CLI-6890,,I,365,
AMLSIM-CLI-6891,,I,365,
AMLSIM-CLI-6892,,I,365,
AMLSIM-CLI-6893,,I,365,
AMLSIM-CLI-6894,,I,365,
AMLSIM-CLI-6895,,I,365,
AMLSIM-CLI-6896,,I,365,
AMLSIM-CLI-6897,,I,365,
AMLSIM-CLI-6898,,I,365,
AMLSIM-CLI-6899,,I,365,
AMLSIM-CLI-6900,,I,365,
AMLSIM-CLI-6901,,I,365,
AMLSIM-CLI-6902,,I,365,
AMLSIM-CLI-6903,,I,365,
AMLSIM-CLI-6904,,I,365,
AMLSIM-CLI-6905,,I,365,
AMLSIM-CLI-6906,,I,365,
AMLSIM-CLI-6907,,I,365,
AMLSIM-CLI-6908,,I,365,
AMLSIM-CLI-6909,,I,365,
AMLSIM-CLI-6910,,I,365,
AMLSIM-CLI-6911,,I,365,
AMLSIM-CLI-6912,,I,365,
AMLSIM-CLI-6913,,I,365,
AMLSIM-CLI-6914,,I,365,
AMLSIM-CLI-6915,,I,365,
AMLSIM-CLI-6916,,I,365,
AMLSIM-CLI-6917,,I,365,
AMLSIM-CLI-6918,,I,365,
AMLSIM-CLI-6919,,I,365,
AMLSIM-CLI-6920,,I,365,
AMLSIM-CLI-6921,,I,365,
AMLSIM-CLI-6922,,I,365,
AMLSIM-CLI-6923,,I,365,
AMLSIM-CLI-6924,,I,365,
AMLSIM-CLI-6925,,I,365,
AMLSIM-CLI-6926,,I,365,
AMLSIM-CLI-6927,,I,365,
AMLSIM-CLI-6928,,I,365,
AMLSIM-CLI-6929,,I,365,
AMLSIM-CLI-6930,,I,365,
AMLSIM-CLI-6931,,I,365,
AMLSIM-CLI-6932,,I,365,
AMLSIM-CLI-6933,,I,365,
AMLSIM-CLI-6934,,I,365,
AMLSIM-CLI-6935,,I,365,
AMLSIM-CLI-6936,,I,365,
AMLSIM-CLI-6937,,I,365,
AMLSIM-CLI-6938,,I,365,
AMLSIM-CLI-6939,,I,365,
AMLSIM-CLI-6940,,I,365,
AMLSIM-CLI-6941,,I,365,
AMLSIM-CLI-6942,,I,365,
AMLSIM-CLI-6943,,I,365,
AMLSIM-CLI-6944,,I,365,
AMLSIM-CLI-6945,,I,365,
AMLSIM-CLI-6946,,I,365,
AMLSIM-CLI-6947,,I,365,
AMLSIM-CLI-6948,,I,365,
AMLSIM-CLI-6949,,I,365,
AMLSIM-CLI-6950,,I,365,
AMLSIM-CLI-6951,,I,365,
AMLSIM-CLI-6952,,I,365,
AMLSIM-CLI-6953,,I,365,
AMLSIM-CLI-6954,,I,365,
AMLSIM-CLI-6955,,I,365,
AMLSIM-CLI-6956,,I,365,
AMLSIM-CLI-6957,,I,365,
AMLSIM-CLI-6958,,I,365,
AMLSIM-CLI-6959,,I,365,
AMLSIM-CLI-6960,,I,365,
AMLSIM-CLI-6961,,I,365,
AMLSIM-CLI-6962,,I,365,
AMLSIM-CLI-6963,,I,365,
AMLSIM-CLI-6964,,I,365,
AMLSIM-CLI-6965,,I,365,
AMLSIM-CLI-6966,,I,365,
AMLSIM-CLI-6967,,I,365,
AMLSIM-CLI-6968,,I,365,
AMLSIM-CLI-6969,,I,365,
AMLSIM-CLI-6970,,I,365,
AMLSIM-CLI-6971,,I,365,
AMLSIM-CLI-6972,,I,365,
AMLSIM-CLI-6973,,I,365,
AMLSIM-CLI-6974,,I,365,
AMLSIM-CLI-6975,,I,365,
AMLSIM-CLI-6976,,I,365,
AMLSIM-CLI-6977,,I,365,
AMLSIM-CLI-6978,,I,365,
AMLSIM-CLI-6979,,I,365,
AMLSIM-CLI-6980,,I,365,
AMLSIM-CLI-6981,,I,365,
AMLSIM-CLI-6982,,I,365,
AMLSIM-CLI-6983,,I,365,
AMLSIM-CLI-6984,,I,365,
AMLSIM-CLI-6985,,I,365,
AMLSIM-CLI-6986,,I,365,
AMLSIM-CLI-6987,,I,365,
AMLSIM-CLI-6988,,I,365,
AMLSIM-CLI-6989,,I,365,
AMLSIM-CLI-6990,,I,365,
AMLSIM-CLI-6991,,I,365,
AMLSIM-CLI-6992,,I,365,
AMLSIM-CLI-6993,,I,365,
AMLSIM-CLI-6994,,I,365,
AMLSIM-CLI-6995,,I,365,
AMLSIM-CLI-6996,,I,365,
AMLSIM-CLI-6997,,I,365,
AMLSIM-CLI-6998,,I,365,
AMLSIM-CLI-6999,,I,365,
AMLSIM-CLI-7000,,I,365,
AMLSIM-CLI-7001,,I,365,
AMLSIM-CLI-7002,,I,365,
AMLSIM-CLI-7003,,I,365,
AMLSIM-CLI-7004,,I,365,
AMLSIM-CLI-7005,,I,365,
AMLSIM-CLI-7006,,I,365,
AMLSIM-CLI-7007,,I,365,
AMLSIM-CLI-7008,,I,365,
AMLSIM-CLI-7009,,I,365,
AMLSIM-CLI-7010,,I,365,
AMLSIM-CLI-7011,,I,365,
AMLSIM-CLI-7012,,I,365,
AMLSIM-CLI-7013,,I,365,
AMLSIM-CLI-7014,,I,365,
AMLSIM-CLI-7015,,I,365,
AMLSIM-CLI-7016,,I,365,
AMLSIM-CLI-7017,,I,365,
AMLSIM-CLI-7018,,I,365,
AMLSIM-CLI-7019,,I,365,
AMLSIM-CLI-7020,,I,365,
AMLSIM-CLI-7021,,I,365,
AMLSIM-CLI-7022,,I,365,
AMLSIM-CLI-7023,,I,365,
AMLSIM-CLI-7024,,I,365,
AMLSIM-CLI-7025,,I,365,
AMLSIM-CLI-7026,,I,365,
AMLSIM-CLI-7027,,I,365,
AMLSIM-CLI-7028,,I,365,
AMLSIM-CLI-7029,,I,365,
AMLSIM-CLI-7030,,I,365,
AMLSIM-CLI-7031,,I,365,
AMLSIM-CLI-7032,,I,365,
AMLSIM-CLI-7033,,I,365,
AMLSIM-CLI-7034,,I,365,
AMLSIM-CLI-7035,,I,365,
AMLSIM-CLI-7036,,I,365,
AMLSIM-CLI-7037,,I,365,
AMLSIM-CLI-7038,,I,365,
AMLSIM-CLI-7039,,I,365,
AMLSIM-CLI-7040,,I,365,
AMLSIM-CLI-7041,,I,365,
AMLSIM-CLI-7042,,I,365,
AMLSIM-CLI-7043,,I,365,
AMLSIM-CLI-7044,,I,365,
AMLSIM-CLI-7045,,I,365,
AMLSIM-CLI-7046,,I,365,
AMLSIM-CLI-7047,,I,365,
AMLSIM-CLI-7048,,I,365,
AMLSIM-CLI-7049,,I,365,
AMLSIM-CLI-7050,,I,365,
AMLSIM-CLI-7051,,I,365,
AMLSIM-CLI-7052,,I,365,
AMLSIM-CLI-7053,,I,365,
AMLSIM-CLI-7054,,I,365,
AMLSIM-CLI-7055,,I,365,
AMLSIM-CLI-7056,,I,365,
AMLSIM-CLI-7057,,I,365,
AMLSIM-CLI-7058,,I,365,
AMLSIM-CLI-7059,,I,365,
AMLSIM-CLI-7060,,I,365,
AMLSIM-CLI-7061,,I,365,
AMLSIM-CLI-7062,,I,365,
AMLSIM-CLI-7063,,I,365,
AMLSIM-CLI-7064,,I,365,
AMLSIM-CLI-7065,,I,365,
AMLSIM-CLI-7066,,I,365,
AMLSIM-CLI-7067,,I,365,
AMLSIM-CLI-7068,,I,365,
AMLSIM-CLI-7069,,I,365,
AMLSIM-CLI-7070,,I,365,
AMLSIM-CLI-7071,,I,365,
AMLSIM-CLI-7072,,I,365,
AMLSIM-CLI-7073,,I,365,
AMLSIM-CLI-7074,,I,365,
AMLSIM-CLI-7075,,I,365,
AMLSIM-CLI-7076,,I,365,
AMLSIM-CLI-7077,,I,365,
AMLSIM-CLI-7078,,I,365,
AMLSIM-CLI-7079,,I,365,
AMLSIM-CLI-7080,,I,365,
AMLSIM-CLI-7081,,I,365,
AMLSIM-CLI-7082,,I,365,
AMLSIM-CLI-7083,,I,365,
AMLSIM-CLI-7084,,I,365,
AMLSIM-CLI-7085,,I,365,
AMLSIM-CLI-7086,,I,365,
AMLSIM-CLI-7087,,I,365,
AMLSIM-CLI-7088,,I,365,
AMLSIM-CLI-7089,,I,365,
AMLSIM-CLI-7090,,I,365,
AMLSIM-CLI-7091,,I,365,
AMLSIM-CLI-7092,,I,365,
AMLSIM-CLI-7093,,I,365,
AMLSIM-CLI-7094,,I,365,
AMLSIM-CLI-7095,,I,365,
AMLSIM-CLI-7096,,I,365,
AMLSIM-CLI-7097,,I,365,
AMLSIM-CLI-7098,,I,365,
AMLSIM-CLI-7099,,I,365,
AMLSIM-CLI-7100,,I,365,
AMLSIM-CLI-7101,,I,365,
AMLSIM-CLI-7102,,I,365,
AMLSIM-CLI-7103,,I,365,
AMLSIM-CLI-7104,,I,365,
AMLSIM-CLI-7105,,I,365,
AMLSIM-CLI-7106,,I,365,
AMLSIM-CLI-7107,,I,365,
AMLSIM-CLI-7108,,I,365,
AMLSIM-CLI-7109,,I,365,
AMLSIM-CLI-7110,,I,365,
AMLSIM-CLI-7111,,I,365,
AMLSIM-CLI-7112,,I,365,
AMLSIM-CLI-7113,,I,365,
AMLSIM-CLI-7114,,I,365,
AMLSIM-CLI-7115,,I,365,
AMLSIM-CLI-7116,,I,365,
AMLSIM-CLI-7117,,I,365,
AMLSIM-CLI-7118,,I,365,
AMLSIM-CLI-7119,,I,365,
AMLSIM-CLI-7120,,I,365,
AMLSIM-CLI-7121,,I,365,
AMLSIM-CLI-7122,,I,365,
AMLSIM-CLI-7123,,I,365,
AMLSIM-CLI-7124,,I,365,
AMLSIM-CLI-7125,,I,365,
AMLSIM-CLI-7126,,I,365,
AMLSIM-CLI-7127,,I,365,
AMLSIM-CLI-7128,,I,365,
AMLSIM-CLI-7129,,I,365,
AMLSIM-CLI-7130,,I,365,
AMLSIM-CLI-7131,,I,365,
AMLSIM-CLI-7132,,I,365,
AMLSIM-CLI-7133,,I,365,
AMLSIM-CLI-7134,,I,365,
AMLSIM-CLI-7135,,I,365,
AMLSIM-CLI-7136,,I,365,
AMLSIM-CLI-7137,,I,365,
AMLSIM-CLI-7138,,I,365,
AMLSIM-CLI-7139,,I,365,
AMLSIM-CLI-7140,,I,365,
AMLSIM-CLI-7141,,I,365,
AMLSIM-CLI-7142,,I,365,
AMLSIM-CLI-7143,,I,365,
AMLSIM-CLI-7144,,I,365,
AMLSIM-CLI-7145,,I,365,
AMLSIM-CLI-7146,,I,365,
AMLSIM-CLI-7147,,I,365,
AMLSIM-CLI-7148,,I,365,
AMLSIM-CLI-7149,,I,365,
AMLSIM-CLI-7150,,I,365,
AMLSIM-CLI-7151,,I,365,
AMLSIM-CLI-7152,,I,365,
AMLSIM-CLI-7153,,I,365,
AMLSIM-CLI-7154,,I,365,
AMLSIM-CLI-7155,,I,365,
AMLSIM-CLI-7156,,I,365,
AMLSIM-CLI-7157,,I,365,
AMLSIM-CLI-7158,,I,365,
AMLSIM-CLI-7159,,I,365,
AMLSIM-CLI-7160,,I,365,
AMLSIM-CLI-7161,,I,365,
AMLSIM-CLI-7162,,I,365,
AMLSIM-CLI-7163,,I,365,
AMLSIM-CLI-7164,,I,365,
AMLSIM-CLI-7165,,I,365,
AMLSIM-CLI-7166,,I,365,
AMLSIM-CLI-7167,,I,365,
AMLSIM-CLI-7168,,I,365,
AMLSIM-CLI-7169,,I,365,
AMLSIM-CLI-7170,,I,365,
AMLSIM-CLI-7171,,I,365,
AMLSIM-CLI-7172,,I,365,
AMLSIM-CLI-7173,,I,365,
AMLSIM-CLI-7174,,I,365,
AMLSIM-CLI-7175,,I,365,
AMLSIM-CLI-7176,,I,365,
AMLSIM-CLI-7177,,I,365,
AMLSIM-CLI-7178,,I,365,
AMLSIM-CLI-7179,,I,365,
AMLSIM-CLI-7180,,I,365,
AMLSIM-CLI-7181,,I,365,
AMLSIM-CLI-7182,,I,365,
AMLSIM-CLI-7183,,I,365,
AMLSIM-CLI-7184,,I,365,
AMLSIM-CLI-7185,,I,365,
AMLSIM-CLI-7186,,I,365,
AMLSIM-CLI-7187,,I,365,
AMLSIM-CLI-7188,,I,365,
AMLSIM-CLI-7189,,I,365,
AMLSIM-CLI-7190,,I,365,
AMLSIM-CLI-7191,,I,365,
AMLSIM-CLI-7192,,I,365,
AMLSIM-CLI-7193,,I,365,
AMLSIM-CLI-7194,,I,365,
AMLSIM-CLI-7195,,I,365,
AMLSIM-CLI-7196,,I,365,
AMLSIM-CLI-7197,,I,365,
AMLSIM-CLI-7198,,I,365,
AMLSIM-CLI-7199,,I,365,
AMLSIM-CLI-7200,,I,365,
AMLSIM-CLI-7201,,I,365,
AMLSIM-CLI-7202,,I,365,
AMLSIM-CLI-7203,,I,365,
AMLSIM-CLI-7204,,I,365,
AMLSIM-CLI-7205,,I,365,
AMLSIM-CLI-7206,,I,365,
AMLSIM-CLI-7207,,I,365,
AMLSIM-CLI-7208,,I,365,
AMLSIM-CLI-7209,,I,365,
AMLSIM-CLI-7210,,I,365,
AMLSIM-CLI-7211,,I,365,
AMLSIM-CLI-7212,,I,365,
AMLSIM-CLI-7213,,I,365,
AMLSIM-CLI-7214,,I,365,
AMLSIM-CLI-7215,,I,365,
AMLSIM-CLI-7216,,I,365,
AMLSIM-CLI-7217,,I,365,
AMLSIM-CLI-7218,,I,365,
AMLSIM-CLI-7219,,I,365,
AMLSIM-CLI-7220,,I,365,
AMLSIM-CLI-7221,,I,365,
AMLSIM-CLI-7222,,I,365,
AMLSIM-CLI-7223,,I,365,
AMLSIM-CLI-7224,,I,365,
AMLSIM-CLI-7225,,I,365,
AMLSIM-CLI-7226,,I,365,
AMLSIM-CLI-7227,,I,365,
AMLSIM-CLI-7228,,I,365,
AMLSIM-CLI-7229,,I,365,
AMLSIM-CLI-7230,,I,365,
AMLSIM-CLI-7231,,I,365,
AMLSIM-CLI-7232,,I,365,
AMLSIM-CLI-7233,,I,365,
AMLSIM-CLI-7234,,I,365,
AMLSIM-CLI-7235,,I,365,
AMLSIM-CLI-7236,,I,365,
AMLSIM-CLI-7237,,I,365,
AMLSIM-CLI-7238,,I,365,
AMLSIM-CLI-7239,,I,365,
AMLSIM-CLI-7240,,I,365,
AMLSIM-CLI-7241,,I,365,
AMLSIM-CLI-7242,,I,365,
AMLSIM-CLI-7243,,I,365,
AMLSIM-CLI-7244,,I,365,
AMLSIM-CLI-7245,,I,365,
AMLSIM-CLI-7246,,I,365,
AMLSIM-CLI-7247,,I,365,
AMLSIM-CLI-7248,,I,365,
AMLSIM-CLI-7249,,I,365,
AMLSIM-CLI-7250,,I,365,
AMLSIM-CLI-7251,,I,365,
AMLSIM-CLI-7252,,I,365,
AMLSIM-CLI-7253,,I,365,
AMLSIM-CLI-7254,,I,365,
AMLSIM-CLI-7255,,I,365,
AMLSIM-CLI-7256,,I,365,
AMLSIM-CLI-7257,,I,365,
AMLSIM-CLI-7258,,I,365,
AMLSIM-CLI-7259,,I,365,
AMLSIM-CLI-7260,,I,365,
AMLSIM-CLI-7261,,I,365,
AMLSIM-CLI-7262,,I,365,
AMLSIM-CLI-7263,,I,365,
AMLSIM-CLI-7264,,I,365,
AMLSIM-CLI-7265,,I,365,
AMLSIM-CLI-7266,,I,365,
AMLSIM-CLI-7267,,I,365,
AMLSIM-CLI-7268,,I,365,
AMLSIM-CLI-7269,,I,365,
AMLSIM-CLI-7270,,I,365,
AMLSIM-CLI-7271,,I,365,
AMLSIM-CLI-7272,,I,365,
AMLSIM-CLI-7273,,I,365,
AMLSIM-CLI-7274,,I,365,
AMLSIM-CLI-7275,,I,365,
AMLSIM-CLI-7276,,I,365,
AMLSIM-CLI-7277,,I,365,
AMLSIM-CLI-7278,,I,365,
AMLSIM-CLI-7279,,I,365,
AMLSIM-CLI-7280,,I,365,
AMLSIM-CLI-7281,,I,365,
AMLSIM-CLI-7282,,I,365,
AMLSIM-CLI-7283,,I,365,
AMLSIM-CLI-7284,,I,365,
AMLSIM-CLI-7285,,I,365,
AMLSIM-CLI-7286,,I,365,
AMLSIM-CLI-7287,,I,365,
AMLSIM-CLI-7288,,I,365,
AMLSIM-CLI-7289,,I,365,
AMLSIM-CLI-7290,,I,365,
AMLSIM-CLI-7291,,I,365,
AMLSIM-CLI-7292,,I,365,
AMLSIM-CLI-7293,,I,365,
AMLSIM-CLI-7294,,I,365,
AMLSIM-CLI-7295,,I,365,
AMLSIM-CLI-7296,,I,365,
AMLSIM-CLI-7297,,I,365,
AMLSIM-CLI-7298,,I,365,
AMLSIM-CLI-7299,,I,365,
AMLSIM-CLI-7300,,I,365,
AMLSIM-CLI-7301,,I,365,
AMLSIM-CLI-7302,,I,365,
AMLSIM-CLI-7303,,I,365,
AMLSIM-CLI-7304,,I,365,
AMLSIM-CLI-7305,,I,365,
AMLSIM-CLI-7306,,I,365,
AMLSIM-CLI-7307,,I,365,
AMLSIM-CLI-7308,,I,365,
AMLSIM-CLI-7309,,I,365,
AMLSIM-CLI-7310,,I,365,
AMLSIM-CLI-7311,,I,365,
AMLSIM-CLI-7312,,I,365,
AMLSIM-CLI-7313,,I,365,
AMLSIM-CLI-7314,,I,365,
AMLSIM-CLI-7315,,I,365,
AMLSIM-CLI-7316,,I,365,
AMLSIM-CLI-7317,,I,365,
AMLSIM-CLI-7318,,I,365,
AMLSIM-CLI-7319,,I,365,
AMLSIM-CLI-7320,,I,365,
AMLSIM-CLI-7321,,I,365,
AMLSIM-CLI-7322,,I,365,
AMLSIM-CLI-7323,,I,365,
AMLSIM-CLI-7324,,I,365,
AMLSIM-CLI-7325,,I,365,
AMLSIM-CLI-7326,,I,365,
AMLSIM-CLI-7327,,I,365,
AMLSIM-CLI-7328,,I,365,
AMLSIM-CLI-7329,,I,365,
AMLSIM-CLI-7330,,I,365,
AMLSIM-CLI-7331,,I,365,
AMLSIM-CLI-7332,,I,365,
AMLSIM-CLI-7333,,I,365,
AMLSIM-CLI-7334,,I,365,
AMLSIM-CLI-7335,,I,365,
AMLSIM-CLI-7336,,I,365,
AMLSIM-CLI-7337,,I,365,
AMLSIM-CLI-7338,,I,365,
AMLSIM-CLI-7339,,I,365,
AMLSIM-CLI-7340,,I,365,
AMLSIM-CLI-7341,,I,365,
AMLSIM-CLI-7342,,I,365,
AMLSIM-CLI-7343,,I,365,
AMLSIM-CLI-7344,,I,365,
AMLSIM-CLI-7345,,I,365,
AMLSIM-CLI-7346,,I,365,
AMLSIM-CLI-7347,,I,365,
AMLSIM-CLI-7348,,I,365,
AMLSIM-CLI-7349,,I,365,
AMLSIM-CLI-7350,,I,365,
AMLSIM-CLI-7351,,I,365,
AMLSIM-CLI-7352,,I,365,
AMLSIM-CLI-7353,,I,365,
AMLSIM-CLI-7354,,I,365,
AMLSIM-CLI-7355,,I,365,
AMLSIM-CLI-7356,,I,365,
AMLSIM-CLI-7357,,I,365,
AMLSIM-CLI-7358,,I,365,
AMLSIM-CLI-7359,,I,365,
AMLSIM-CLI-7360,,I,365,
AMLSIM-CLI-7361,,I,365,
AMLSIM-CLI-7362,,I,365,
AMLSIM-CLI-7363,,I,365,
AMLSIM-CLI-7364,,I,365,
AMLSIM-CLI-7365,,I,365,
AMLSIM-CLI-7366,,I,365,
AMLSIM-CLI-7367,,I,365,
AMLSIM-CLI-7368,,I,365,
AMLSIM-CLI-7369,,I,365,
AMLSIM-CLI-7370,,I,365,
AMLSIM-CLI-7371,,I,365,
AMLSIM-CLI-7372,,I,365,
AMLSIM-CLI-7373,,I,365,
AMLSIM-CLI-7374,,I,365,
AMLSIM-CLI-7375,,I,365,
AMLSIM-CLI-7376,,I,365,
AMLSIM-CLI-7377,,I,365,
AMLSIM-CLI-7378,,I,365,
AMLSIM-CLI-7379,,I,365,
AMLSIM-CLI-7380,,I,365,
AMLSIM-CLI-7381,,I,365,
AMLSIM-CLI-7382,,I,365,
AMLSIM-CLI-7383,,I,365,
AMLSIM-CLI-7384,,I,365,
AMLSIM-CLI-7385,,I,365,
AMLSIM-CLI-7386,,I,365,
AMLSIM-CLI-7387,,I,365,
AMLSIM-CLI-7388,,I,365,
AMLSIM-CLI-7389,,I,365,
AMLSIM-CLI-7390,,I,365,
AMLSIM-CLI-7391,,I,365,
AMLSIM-CLI-7392,,I,365,
AMLSIM-CLI-7393,,I,365,
AMLSIM-CLI-7394,,I,365,
AMLSIM-CLI-7395,,I,365,
AMLSIM-CLI-7396,,I,365,
AMLSIM-CLI-7397,,I,365,
AMLSIM-CLI-7398,,I,365,
AMLSIM-CLI-7399,,I,365,
AMLSIM-CLI-7400,,I,365,
AMLSIM-CLI-7401,,I,365,
AMLSIM-CLI-7402,,I,365,
AMLSIM-CLI-7403,,I,365,
AMLSIM-CLI-7404,,I,365,
AMLSIM-CLI-7405,,I,365,
AMLSIM-CLI-7406,,I,365,
AMLSIM-CLI-7407,,I,365,
AMLSIM-CLI-7408,,I,365,
AMLSIM-CLI-7409,,I,365,
AMLSIM-CLI-7410,,I,365,
AMLSIM-CLI-7411,,I,365,
AMLSIM-CLI-7412,,I,365,
AMLSIM-CLI-7413,,I,365,
AMLSIM-CLI-7414,,I,365,
AMLSIM-CLI-7415,,I,365,
AMLSIM-CLI-7416,,I,365,
AMLSIM-CLI-7417,,I,365,
AMLSIM-CLI-7418,,I,365,
AMLSIM-CLI-7419,,I,365,
AMLSIM-CLI-7420,,I,365,
AMLSIM-CLI-7421,,I,365,
AMLSIM-CLI-7422,,I,365,
AMLSIM-CLI-7423,,I,365,
AMLSIM-CLI-7424,,I,365,
AMLSIM-CLI-7425,,I,365,
AMLSIM-CLI-7426,,I,365,
AMLSIM-CLI-7427,,I,365,
AMLSIM-CLI-7428,,I,365,
AMLSIM-CLI-7429,,I,365,
AMLSIM-CLI-7430,,I,365,
AMLSIM-CLI-7431,,I,365,
AMLSIM-CLI-7432,,I,365,
AMLSIM-CLI-7433,,I,365,
AMLSIM-CLI-7434,,I,365,
AMLSIM-CLI-7435,,I,365,
AMLSIM-CLI-7436,,I,365,
AMLSIM-CLI-7437,,I,365,
AMLSIM-CLI-7438,,I,365,
AMLSIM-CLI-7439,,I,365,
AMLSIM-CLI-7440,,I,365,
AMLSIM-CLI-7441,,I,365,
AMLSIM-CLI-7442,,I,365,
AMLSIM-CLI-7443,,I,365,
AMLSIM-CLI-7444,,I,365,
AMLSIM-CLI-7445,,I,365,
AMLSIM-CLI-7446,,I,365,
AMLSIM-CLI-7447,,I,365,
AMLSIM-CLI-7448,,I,365,
AMLSIM-CLI-7449,,I,365,
AMLSIM-CLI-7450,,I,365,
AMLSIM-CLI-7451,,I,365,
AMLSIM-CLI-7452,,I,365,
AMLSIM-CLI-7453,,I,365,
AMLSIM-CLI-7454,,I,365,
AMLSIM-CLI-7455,,I,365,
AMLSIM-CLI-7456,,I,365,
AMLSIM-CLI-7457,,I,365,
AMLSIM-CLI-7458,,I,365,
AMLSIM-CLI-7459,,I,365,
AMLSIM-CLI-7460,,I,365,
AMLSIM-CLI-7461,,I,365,
AMLSIM-CLI-7462,,I,365,
AMLSIM-CLI-7463,,I,365,
AMLSIM-CLI-7464,,I,365,
AMLSIM-CLI-7465,,I,365,
AMLSIM-CLI-7466,,I,365,
AMLSIM-CLI-7467,,I,365,
AMLSIM-CLI-7468,,I,365,
AMLSIM-CLI-7469,,I,365,
AMLSIM-CLI-7470,,I,365,
AMLSIM-CLI-7471,,I,365,
AMLSIM-CLI-7472,,I,365,
AMLSIM-CLI-7473,,I,365,
AMLSIM-CLI-7474,,I,365,
AMLSIM-CLI-7475,,I,365,
AMLSIM-CLI-7476,,I,365,
AMLSIM-CLI-7477,,I,365,
AMLSIM-CLI-7478,,I,365,
AMLSIM-CLI-7479,,I,365,
AMLSIM-CLI-7480,,I,365,
AMLSIM-CLI-7481,,I,365,
AMLSIM-CLI-7482,,I,365,
AMLSIM-CLI-7483,,I,365,
AMLSIM-CLI-7484,,I,365,
AMLSIM-CLI-7485,,I,365,
AMLSIM-CLI-7486,,I,365,
AMLSIM-CLI-7487,,I,365,
AMLSIM-CLI-7488,,I,365,
AMLSIM-CLI-7489,,I,365,
AMLSIM-CLI-7490,,I,365,
AMLSIM-CLI-7491,,I,365,
AMLSIM-CLI-7492,,I,365,
AMLSIM-CLI-7493,,I,365,
AMLSIM-CLI-7494,,I,365,
AMLSIM-CLI-7495,,I,365,
AMLSIM-CLI-7496,,I,365,
AMLSIM-CLI-7497,,I,365,
AMLSIM-CLI-7498,,I,365,
AMLSIM-CLI-7499,,I,365,
AMLSIM-CLI-7500,,I,365,
AMLSIM-CLI-7501,,I,365,
AMLSIM-CLI-7502,,I,365,
AMLSIM-CLI-7503,,I,365,
AMLSIM-CLI-7504,,I,365,
AMLSIM-CLI-7505,,I,365,
AMLSIM-CLI-7506,,I,365,
AMLSIM-CLI-7507,,I,365,
AMLSIM-CLI-7508,,I,365,
AMLSIM-CLI-7509,,I,365,
AMLSIM-CLI-7510,,I,365,
AMLSIM-CLI-7511,,I,365,
AMLSIM-CLI-7512,,I,365,
AMLSIM-CLI-7513,,I,365,
AMLSIM-CLI-7514,,I,365,
AMLSIM-CLI-7515,,I,365,
AMLSIM-CLI-7516,,I,365,
AMLSIM-CLI-7517,,I,365,
AMLSIM-CLI-7518,,I,365,
AMLSIM-CLI-7519,,I,365,
AMLSIM-CLI-7520,,I,365,
AMLSIM-CLI-7521,,I,365,
AMLSIM-CLI-7522,,I,365,
AMLSIM-CLI-7523,,I,365,
AMLSIM-CLI-7524,,I,365,
AMLSIM-CLI-7525,,I,365,
AMLSIM-CLI-7526,,I,365,
AMLSIM-CLI-7527,,I,365,
AMLSIM-CLI-7528,,I,365,
AMLSIM-CLI-7529,,I,365,
AMLSIM-CLI-7530,,I,365,
AMLSIM-CLI-7531,,I,365,
AMLSIM-CLI-7532,,I,365,
AMLSIM-CLI-7533,,I,365,
AMLSIM-CLI-7534,,I,365,
AMLSIM-CLI-7535,,I,365,
AMLSIM-CLI-7536,,I,365,
AMLSIM-CLI-7537,,I,365,
AMLSIM-CLI-7538,,I,365,
AMLSIM-CLI-7539,,I,365,
AMLSIM-CLI-7540,,I,365,
AMLSIM-CLI-7541,,I,365,
AMLSIM-CLI-7542,,I,365,
AMLSIM-CLI-7543,,I,365,
AMLSIM-CLI-7544,,I,365,
AMLSIM-CLI-7545,,I,365,
AMLSIM-CLI-7546,,I,365,
AMLSIM-CLI-7547,,I,365,
AMLSIM-CLI-7548,,I,365,
AMLSIM-CLI-7549,,I,365,
AMLSIM-CLI-7550,,I,365,
AMLSIM-CLI-7551,,I,365,
AMLSIM-CLI-7552,,I,365,
AMLSIM-CLI-7553,,I,365,
AMLSIM-CLI-7554,,I,365,
AMLSIM-CLI-7555,,I,365,
AMLSIM-CLI-7556,,I,365,
AMLSIM-CLI-7557,,I,365,
AMLSIM-CLI-7558,,I,365,
AMLSIM-CLI-7559,,I,365,
AMLSIM-CLI-7560,,I,365,
AMLSIM-CLI-7561,,I,365,
AMLSIM-CLI-7562,,I,365,
AMLSIM-CLI-7563,,I,365,
AMLSIM-CLI-7564,,I,365,
AMLSIM-CLI-7565,,I,365,
AMLSIM-CLI-7566,,I,365,
AMLSIM-CLI-7567,,I,365,
AMLSIM-CLI-7568,,I,365,
AMLSIM-CLI-7569,,I,365,
AMLSIM-CLI-7570,,I,365,
AMLSIM-CLI-7571,,I,365,
AMLSIM-CLI-7572,,I,365,
AMLSIM-CLI-7573,,I,365,
AMLSIM-CLI-7574,,I,365,
AMLSIM-CLI-7575,,I,365,
AMLSIM-CLI-7576,,I,365,
AMLSIM-CLI-7577,,I,365,
AMLSIM-CLI-7578,,I,365,
AMLSIM-CLI-7579,,I,365,
AMLSIM-CLI-7580,,I,365,
AMLSIM-CLI-7581,,I,365,
AMLSIM-CLI-7582,,I,365,
AMLSIM-CLI-7583,,I,365,
AMLSIM-CLI-7584,,I,365,
AMLSIM-CLI-7585,,I,365,
AMLSIM-CLI-7586,,I,365,
AMLSIM-CLI-7587,,I,365,
AMLSIM-CLI-7588,,I,365,
AMLSIM-CLI-7589,,I,365,
AMLSIM-CLI-7590,,I,365,
AMLSIM-CLI-7591,,I,365,
AMLSIM-CLI-7592,,I,365,
AMLSIM-CLI-7593,,I,365,
AMLSIM-CLI-7594,,I,365,
AMLSIM-CLI-7595,,I,365,
AMLSIM-CLI-7596,,I,365,
AMLSIM-CLI-7597,,I,365,
AMLSIM-CLI-7598,,I,365,
AMLSIM-CLI-7599,,I,365,
AMLSIM-CLI-7600,,I,365,
AMLSIM-CLI-7601,,I,365,
AMLSIM-CLI-7602,,I,365,
AMLSIM-CLI-7603,,I,365,
AMLSIM-CLI-7604,,I,365,
AMLSIM-CLI-7605,,I,365,
AMLSIM-CLI-7606,,I,365,
AMLSIM-CLI-7607,,I,365,
AMLSIM-CLI-7608,,I,365,
AMLSIM-CLI-7609,,I,365,
AMLSIM-CLI-7610,,I,365,
AMLSIM-CLI-7611,,I,365,
AMLSIM-CLI-7612,,I,365,
AMLSIM-CLI-7613,,I,365,
AMLSIM-CLI-7614,,I,365,
AMLSIM-CLI-7615,,I,365,
AMLSIM-CLI-7616,,I,365,
AMLSIM-CLI-7617,,I,365,
AMLSIM-CLI-7618,,I,365,
AMLSIM-CLI-7619,,I,365,
AMLSIM-CLI-7620,,I,365,
AMLSIM-CLI-7621,,I,365,
AMLSIM-CLI-7622,,I,365,
AMLSIM-CLI-7623,,I,365,
AMLSIM-CLI-7624,,I,365,
AMLSIM-CLI-7625,,I,365,
AMLSIM-CLI-7626,,I,365,
AMLSIM-CLI-7627,,I,365,
AMLSIM-CLI-7628,,I,365,
AMLSIM-CLI-7629,,I,365,
AMLSIM-CLI-7630,,I,365,
AMLSIM-CLI-7631,,I,365,
AMLSIM-CLI-7632,,I,365,
AMLSIM-CLI-7633,,I,365,
AMLSIM-CLI-7634,,I,365,
AMLSIM-CLI-7635,,I,365,
AMLSIM-CLI-7636,,I,365,
AMLSIM-CLI-7637,,I,365,
AMLSIM-CLI-7638,,I,365,
AMLSIM-CLI-7639,,I,365,
AMLSIM-CLI-7640,,I,365,
AMLSIM-CLI-7641,,I,365,
AMLSIM-CLI-7642,,I,365,
AMLSIM-CLI-7643,,I,365,
AMLSIM-CLI-7644,,I,365,
AMLSIM-CLI-7645,,I,365,
AMLSIM-CLI-7646,,I,365,
AMLSIM-CLI-7647,,I,365,
AMLSIM-CLI-7648,,I,365,
AMLSIM-CLI-7649,,I,365,
AMLSIM-CLI-7650,,I,365,
AMLSIM-CLI-7651,,I,365,
AMLSIM-CLI-7652,,I,365,
AMLSIM-CLI-7653,,I,365,
AMLSIM-CLI-7654,,I,365,
AMLSIM-CLI-7655,,I,365,
AMLSIM-CLI-7656,,I,365,
AMLSIM-CLI-7657,,I,365,
AMLSIM-CLI-7658,,I,365,
AMLSIM-CLI-7659,,I,365,
AMLSIM-CLI-7660,,I,365,
AMLSIM-CLI-7661,,I,365,
AMLSIM-CLI-7662,,I,365,
AMLSIM-CLI-7663,,I,365,
AMLSIM-CLI-7664,,I,365,
AMLSIM-CLI-7665,,I,365,
AMLSIM-CLI-7666,,I,365,
AMLSIM-CLI-7667,,I,365,
AMLSIM-CLI-7668,,I,365,
AMLSIM-CLI-7669,,I,365,
AMLSIM-CLI-7670,,I,365,
AMLSIM-CLI-7671,,I,365,
AMLSIM-CLI-7672,,I,365,
AMLSIM-CLI-7673,,I,365,
AMLSIM-CLI-7674,,I,365,
AMLSIM-CLI-7675,,I,365,
AMLSIM-CLI-7676,,I,365,
AMLSIM-CLI-7677,,I,365,
AMLSIM-CLI-7678,,I,365,
AMLSIM-CLI-7679,,I,365,
AMLSIM-CLI-7680,,I,365,
AMLSIM-CLI-7681,,I,365,
AMLSIM-CLI-7682,,I,365,
AMLSIM-CLI-7683,,I,365,
AMLSIM-CLI-7684,,I,365,
AMLSIM-CLI-7685,,I,365,
AMLSIM-CLI-7686,,I,365,
AMLSIM-CLI-7687,,I,365,
AMLSIM-CLI-7688,,I,365,
AMLSIM-CLI-7689,,I,365,
AMLSIM-CLI-7690,,I,365,
AMLSIM-CLI-7691,,I,365,
AMLSIM-CLI-7692,,I,365,
AMLSIM-CLI-7693,,I,365,
AMLSIM-CLI-7694,,I,365,
AMLSIM-CLI-7695,,I,365,
AMLSIM-CLI-7696,,I,365,
AMLSIM-CLI-7697,,I,365,
AMLSIM-CLI-7698,,I,365,
AMLSIM-CLI-7699,,I,365,
AMLSIM-CLI-7700,,I,365,
AMLSIM-CLI-7701,,I,365,
AMLSIM-CLI-7702,,I,365,
AMLSIM-CLI-7703,,I,365,
AMLSIM-CLI-7704,,I,365,
AMLSIM-CLI-7705,,I,365,
AMLSIM-CLI-7706,,I,365,
AMLSIM-CLI-7707,,I,365,
AMLSIM-CLI-7708,,I,365,
AMLSIM-CLI-7709,,I,365,
AMLSIM-CLI-7710,,I,365,
AMLSIM-CLI-7711,,I,365,
AMLSIM-CLI-7712,,I,365,
AMLSIM-CLI-7713,,I,365,
AMLSIM-CLI-7714,,I,365,
AMLSIM-CLI-7715,,I,365,
AMLSIM-CLI-7716,,I,365,
AMLSIM-CLI-7717,,I,365,
AMLSIM-CLI-7718,,I,365,
AMLSIM-CLI-7719,,I,365,
AMLSIM-CLI-7720,,I,365,
AMLSIM-CLI-7721,,I,365,
AMLSIM-CLI-7722,,I,365,
AMLSIM-CLI-7723,,I,365,
AMLSIM-CLI-7724,,I,365,
AMLSIM-CLI-7725,,I,365,
AMLSIM-CLI-7726,,I,365,
AMLSIM-CLI-7727,,I,365,
AMLSIM-CLI-7728,,I,365,
AMLSIM-CLI-7729,,I,365,
AMLSIM-CLI-7730,,I,365,
AMLSIM-CLI-7731,,I,365,
AMLSIM-CLI-7732,,I,365,
AMLSIM-CLI-7733,,I,365,
AMLSIM-CLI-7734,,I,365,
AMLSIM-CLI-7735,,I,365,
AMLSIM-CLI-7736,,I,365,
AMLSIM-CLI-7737,,I,365,
AMLSIM-CLI-7738,,I,365,
AMLSIM-CLI-7739,,I,365,
AMLSIM-CLI-7740,,I,365,
AMLSIM-CLI-7741,,I,365,
AMLSIM-CLI-7742,,I,365,
AMLSIM-CLI-7743,,I,365,
AMLSIM-CLI-7744,,I,365,
AMLSIM-CLI-7745,,I,365,
AMLSIM-CLI-7746,,I,365,
AMLSIM-CLI-7747,,I,365,
AMLSIM-CLI-7748,,I,365,
AMLSIM-CLI-7749,,I,365,
AMLSIM-CLI-7750,,I,365,
AMLSIM-CLI-7751,,I,365,
AMLSIM-CLI-7752,,I,365,
AMLSIM-CLI-7753,,I,365,
AMLSIM-CLI-7754,,I,365,
AMLSIM-CLI-7755,,I,365,
AMLSIM-CLI-7756,,I,365,
AMLSIM-CLI-7757,,I,365,
AMLSIM-CLI-7758,,I,365,
AMLSIM-CLI-7759,,I,365,
AMLSIM-CLI-7760,,I,365,
AMLSIM-CLI-7761,,I,365,
AMLSIM-CLI-7762,,I,365,
AMLSIM-CLI-7763,,I,365,
AMLSIM-CLI-7764,,I,365,
AMLSIM-CLI-7765,,I,365,
AMLSIM-CLI-7766,,I,365,
AMLSIM-CLI-7767,,I,365,
AMLSIM-CLI-7768,,I,365,
AMLSIM-CLI-7769,,I,365,
AMLSIM-CLI-7770,,I,365,
AMLSIM-CLI-7771,,I,365,
AMLSIM-CLI-7772,,I,365,
AMLSIM-CLI-7773,,I,365,
AMLSIM-CLI-7774,,I,365,
AMLSIM-CLI-7775,,I,365,
AMLSIM-CLI-7776,,I,365,
AMLSIM-CLI-7777,,I,365,
AMLSIM-CLI-7778,,I,365,
AMLSIM-CLI-7779,,I,365,
AMLSIM-CLI-7780,,I,365,
AMLSIM-CLI-7781,,I,365,
AMLSIM-CLI-7782,,I,365,
AMLSIM-CLI-7783,,I,365,
AMLSIM-CLI-7784,,I,365,
AMLSIM-CLI-7785,,I,365,
AMLSIM-CLI-7786,,I,365,
AMLSIM-CLI-7787,,I,365,
AMLSIM-CLI-7788,,I,365,
AMLSIM-CLI-7789,,I,365,
AMLSIM-CLI-7790,,I,365,
AMLSIM-CLI-7791,,I,365,
AMLSIM-CLI-7792,,I,365,
AMLSIM-CLI-7793,,I,365,
AMLSIM-CLI-7794,,I,365,
AMLSIM-CLI-7795,,I,365,
AMLSIM-CLI-7796,,I,365,
AMLSIM-CLI-7797,,I,365,
AMLSIM-CLI-7798,,I,365,
AMLSIM-CLI-7799,,I,365,
AMLSIM-CLI-7800,,I,365,
AMLSIM-CLI-7801,,I,365,
AMLSIM-CLI-7802,,I,365,
AMLSIM-CLI-7803,,I,365,
AMLSIM-CLI-7804,,I,365,
AMLSIM-CLI-7805,,I,365,
AMLSIM-CLI-7806,,I,365,
AMLSIM-CLI-7807,,I,365,
AMLSIM-CLI-7808,,I,365,
AMLSIM-CLI-7809,,I,365,
AMLSIM-CLI-7810,,I,365,
AMLSIM-CLI-7811,,I,365,
AMLSIM-CLI-7812,,I,365,
AMLSIM-CLI-7813,,I,365,
AMLSIM-CLI-7814,,I,365,
AMLSIM-CLI-7815,,I,365,
AMLSIM-CLI-7816,,I,365,
AMLSIM-CLI-7817,,I,365,
AMLSIM-CLI-7818,,I,365,
AMLSIM-CLI-7819,,I,365,
AMLSIM-CLI-7820,,I,365,
AMLSIM-CLI-7821,,I,365,
AMLSIM-CLI-7822,,I,365,
AMLSIM-CLI-7823,,I,365,
AMLSIM-CLI-7824,,I,365,
AMLSIM-CLI-7825,,I,365,
AMLSIM-CLI-7826,,I,365,
AMLSIM-CLI-7827,,I,365,
AMLSIM-CLI-7828,,I,365,
AMLSIM-CLI-7829,,I,365,
AMLSIM-CLI-7830,,I,365,
AMLSIM-CLI-7831,,I,365,
AMLSIM-CLI-7832,,I,365,
AMLSIM-CLI-7833,,I,365,
AMLSIM-CLI-7834,,I,365,
AMLSIM-CLI-7835,,I,365,
AMLSIM-CLI-7836,,I,365,
AMLSIM-CLI-7837,,I,365,
AMLSIM-CLI-7838,,I,365,
AMLSIM-CLI-7839,,I,365,
AMLSIM-CLI-7840,,I,365,
AMLSIM-CLI-7841,,I,365,
AMLSIM-CLI-7842,,I,365,
AMLSIM-CLI-7843,,I,365,
AMLSIM-CLI-7844,,I,365,
AMLSIM-CLI-7845,,I,365,
AMLSIM-CLI-7846,,I,365,
AMLSIM-CLI-7847,,I,365,
AMLSIM-CLI-7848,,I,365,
AMLSIM-CLI-7849,,I,365,
AMLSIM-CLI-7850,,I,365,
AMLSIM-CLI-7851,,I,365,
AMLSIM-CLI-7852,,I,365,
AMLSIM-CLI-7853,,I,365,
AMLSIM-CLI-7854,,I,365,
AMLSIM-CLI-7855,,I,365,
AMLSIM-CLI-7856,,I,365,
AMLSIM-CLI-7857,,I,365,
AMLSIM-CLI-7858,,I,365,
AMLSIM-CLI-7859,,I,365,
AMLSIM-CLI-7860,,I,365,
AMLSIM-CLI-7861,,I,365,
AMLSIM-CLI-7862,,I,365,
AMLSIM-CLI-7863,,I,365,
AMLSIM-CLI-7864,,I,365,
AMLSIM-CLI-7865,,I,365,
AMLSIM-CLI-7866,,I,365,
AMLSIM-CLI-7867,,I,365,
AMLSIM-CLI-7868,,I,365,
AMLSIM-CLI-7869,,I,365,
AMLSIM-CLI-7870,,I,365,
AMLSIM-CLI-7871,,I,365,
AMLSIM-CLI-7872,,I,365,
AMLSIM-CLI-7873,,I,365,
AMLSIM-CLI-7874,,I,365,
AMLSIM-CLI-7875,,I,365,
AMLSIM-CLI-7876,,I,365,
AMLSIM-CLI-7877,,I,365,
AMLSIM-CLI-7878,,I,365,
AMLSIM-CLI-7879,,I,365,
AMLSIM-CLI-7880,,I,365,
AMLSIM-CLI-7881,,I,365,
AMLSIM-CLI-7882,,I,365,
AMLSIM-CLI-7883,,I,365,
AMLSIM-CLI-7884,,I,365,
AMLSIM-CLI-7885,,I,365,
AMLSIM-CLI-7886,,I,365,
AMLSIM-CLI-7887,,I,365,
AMLSIM-CLI-7888,,I,365,
AMLSIM-CLI-7889,,I,365,
AMLSIM-CLI-7890,,I,365,
AMLSIM-CLI-7891,,I,365,
AMLSIM-CLI-7892,,I,365,
AMLSIM-CLI-7893,,I,365,
AMLSIM-CLI-7894,,I,365,
AMLSIM-CLI-7895,,I,365,
AMLSIM-CLI-7896,,I,365,
AMLSIM-CLI-7897,,I,365,
AMLSIM-CLI-7898,,I,365,
AMLSIM-CLI-7899,,I,365,
AMLSIM-CLI-7900,,I,365,
AMLSIM-CLI-7901,,I,365,
AMLSIM-CLI-7902,,I,365,
AMLSIM-CLI-7903,,I,365,
AMLSIM-CLI-7904,,I,365,
AMLSIM-CLI-7905,,I,365,
AMLSIM-CLI-7906,,I,365,
AMLSIM-CLI-7907,,I,365,
AMLSIM-CLI-7908,,I,365,
AMLSIM-CLI-7909,,I,365,
AMLSIM-CLI-7910,,I,365,
AMLSIM-CLI-7911,,I,365,
AMLSIM-CLI-7912,,I,365,
AMLSIM-CLI-7913,,I,365,
AMLSIM-CLI-7914,,I,365,
AMLSIM-CLI-7915,,I,365,
AMLSIM-CLI-7916,,I,365,
AMLSIM-CLI-7917,,I,365,
AMLSIM-CLI-7918,,I,365,
AMLSIM-CLI-7919,,I,365,
AMLSIM-CLI-7920,,I,365,
AMLSIM-CLI-7921,,I,365,
AMLSIM-CLI-7922,,I,365,
AMLSIM-CLI-7923,,I,365,
AMLSIM-CLI-7924,,I,365,
AMLSIM-CLI-7925,,I,365,
AMLSIM-CLI-7926,,I,365,
AMLSIM-CLI-7927,,I,365,
AMLSIM-CLI-7928,,I,365,
AMLSIM-CLI-7929,,I,365,
AMLSIM-CLI-7930,,I,365,
AMLSIM-CLI-7931,,I,365,
AMLSIM-CLI-7932,,I,365,
AMLSIM-CLI-7933,,I,365,
AMLSIM-CLI-7934,,I,365,
AMLSIM-CLI-7935,,I,365,
AMLSIM-CLI-7936,,I,365,
AMLSIM-CLI-7937,,I,365,
AMLSIM-CLI-7938,,I,365,
AMLSIM-CLI-7939,,I,365,
AMLSIM-CLI-7940,,I,365,
AMLSIM-CLI-7941,,I,365,
AMLSIM-CLI-7942,,I,365,
AMLSIM-CLI-7943,,I,365,
AMLSIM-CLI-7944,,I,365,
AMLSIM-CLI-7945,,I,365,
AMLSIM-CLI-7946,,I,365,
AMLSIM-CLI-7947,,I,365,
AMLSIM-CLI-7948,,I,365,
AMLSIM-CLI-7949,,I,365,
AMLSIM-CLI-7950,,I,365,
AMLSIM-CLI-7951,,I,365,
AMLSIM-CLI-7952,,I,365,
AMLSIM-CLI-7953,,I,365,
AMLSIM-CLI-7954,,I,365,
AMLSIM-CLI-7955,,I,365,
AMLSIM-CLI-7956,,I,365,
AMLSIM-CLI-7957,,I,365,
AMLSIM-CLI-7958,,I,365,
AMLSIM-CLI-7959,,I,365,
AMLSIM-CLI-7960,,I,365,
AMLSIM-CLI-7961,,I,365,
AMLSIM-CLI-7962,,I,365,
AMLSIM-CLI-7963,,I,365,
AMLSIM-CLI-7964,,I,365,
AMLSIM-CLI-7965,,I,365,
AMLSIM-CLI-7966,,I,365,
AMLSIM-CLI-7967,,I,365,
AMLSIM-CLI-7968,,I,365,
AMLSIM-CLI-7969,,I,365,
AMLSIM-CLI-7970,,I,365,
AMLSIM-CLI-7971,,I,365,
AMLSIM-CLI-7972,,I,365,
AMLSIM-CLI-7973,,I,365,
AMLSIM-CLI-7974,,I,365,
AMLSIM-CLI-7975,,I,365,
AMLSIM-CLI-7976,,I,365,
AMLSIM-CLI-7977,,I,365,
AMLSIM-CLI-7978,,I,365,
AMLSIM-CLI-7979,,I,365,
AMLSIM-CLI-7980,,I,365,
AMLSIM-CLI-7981,,I,365,
AMLSIM-CLI-7982,,I,365,
AMLSIM-CLI-7983,,I,365,
AMLSIM-CLI-7984,,I,365,
AMLSIM-CLI-7985,,I,365,
AMLSIM-CLI-7986,,I,365,
AMLSIM-CLI-7987,,I,365,
AMLSIM-CLI-7988,,I,365,
AMLSIM-CLI-7989,,I,365,
AMLSIM-CLI-7990,,I,365,
AMLSIM-CLI-7991,,I,365,
AMLSIM-CLI-7992,,I,365,
AMLSIM-CLI-7993,,I,365,
AMLSIM-CLI-7994,,I,365,
AMLSIM-CLI-7995,,I,365,
AMLSIM-CLI-7996,,I,365,
AMLSIM-CLI-7997,,I,365,
AMLSIM-CLI-7998,,I,365,
AMLSIM-CLI-7999,,I,365,
AMLSIM-CLI-8000,,I,365,
AMLSIM-CLI-8001,,I,365,
AMLSIM-CLI-8002,,I,365,
AMLSIM-CLI-8003,,I,365,
AMLSIM-CLI-8004,,I,365,
AMLSIM-CLI-8005,,I,365,
AMLSIM-CLI-8006,,I,365,
AMLSIM-CLI-8007,,I,365,
AMLSIM-CLI-8008,,I,365,
AMLSIM-CLI-8009,,I,365,
AMLSIM-CLI-8010,,I,365,
AMLSIM-CLI-8011,,I,365,
AMLSIM-CLI-8012,,I,365,
AMLSIM-CLI-8013,,I,365,
AMLSIM-CLI-8014,,I,365,
AMLSIM-CLI-8015,,I,365,
AMLSIM-CLI-8016,,I,365,
AMLSIM-CLI-8017,,I,365,
AMLSIM-CLI-8018,,I,365,
AMLSIM-CLI-8019,,I,365,
AMLSIM-CLI-8020,,I,365,
AMLSIM-CLI-8021,,I,365,
AMLSIM-CLI-8022,,I,365,
AMLSIM-CLI-8023,,I,365,
AMLSIM-CLI-8024,,I,365,
AMLSIM-CLI-8025,,I,365,
AMLSIM-CLI-8026,,I,365,
AMLSIM-CLI-8027,,I,365,
AMLSIM-CLI-8028,,I,365,
AMLSIM-CLI-8029,,I,365,
AMLSIM-CLI-8030,,I,365,
AMLSIM-CLI-8031,,I,365,
AMLSIM-CLI-8032,,I,365,
AMLSIM-CLI-8033,,I,365,
AMLSIM-CLI-8034,,I,365,
AMLSIM-CLI-8035,,I,365,
AMLSIM-CLI-8036,,I,365,
AMLSIM-CLI-8037,,I,365,
AMLSIM-CLI-8038,,I,365,
AMLSIM-CLI-8039,,I,365,
AMLSIM-CLI-8040,,I,365,
AMLSIM-CLI-8041,,I,365,
AMLSIM-CLI-8042,,I,365,
AMLSIM-CLI-8043,,I,365,
AMLSIM-CLI-8044,,I,365,
AMLSIM-CLI-8045,,I,365,
AMLSIM-CLI-8046,,I,365,
AMLSIM-CLI-8047,,I,365,
AMLSIM-CLI-8048,,I,365,
AMLSIM-CLI-8049,,I,365,
AMLSIM-CLI-8050,,I,365,
AMLSIM-CLI-8051,,I,365,
AMLSIM-CLI-8052,,I,365,
AMLSIM-CLI-8053,,I,365,
AMLSIM-CLI-8054,,I,365,
AMLSIM-CLI-8055,,I,365,
AMLSIM-CLI-8056,,I,365,
AMLSIM-CLI-8057,,I,365,
AMLSIM-CLI-8058,,I,365,
AMLSIM-CLI-8059,,I,365,
AMLSIM-CLI-8060,,I,365,
AMLSIM-CLI-8061,,I,365,
AMLSIM-CLI-8062,,I,365,
AMLSIM-CLI-8063,,I,365,
AMLSIM-CLI-8064,,I,365,
AMLSIM-CLI-8065,,I,365,
AMLSIM-CLI-8066,,I,365,
AMLSIM-CLI-8067,,I,365,
AMLSIM-CLI-8068,,I,365,
AMLSIM-CLI-8069,,I,365,
AMLSIM-CLI-8070,,I,365,
AMLSIM-CLI-8071,,I,365,
AMLSIM-CLI-8072,,I,365,
AMLSIM-CLI-8073,,I,365,
AMLSIM-CLI-8074,,I,365,
AMLSIM-CLI-8075,,I,365,
AMLSIM-CLI-8076,,I,365,
AMLSIM-CLI-8077,,I,365,
AMLSIM-CLI-8078,,I,365,
AMLSIM-CLI-8079,,I,365,
AMLSIM-CLI-8080,,I,365,
AMLSIM-CLI-8081,,I,365,
AMLSIM-CLI-8082,,I,365,
AMLSIM-CLI-8083,,I,365,
AMLSIM-CLI-8084,,I,365,
AMLSIM-CLI-8085,,I,365,
AMLSIM-CLI-8086,,I,365,
AMLSIM-CLI-8087,,I,365,
AMLSIM-CLI-8088,,I,365,
AMLSIM-CLI-8089,,I,365,
AMLSIM-CLI-8090,,I,365,
AMLSIM-CLI-8091,,I,365,
AMLSIM-CLI-8092,,I,365,
AMLSIM-CLI-8093,,I,365,
AMLSIM-CLI-8094,,I,365,
AMLSIM-CLI-8095,,I,365,
AMLSIM-CLI-8096,,I,365,
AMLSIM-CLI-8097,,I,365,
AMLSIM-CLI-8098,,I,365,
AMLSIM-CLI-8099,,I,365,
AMLSIM-CLI-8100,,I,365,
AMLSIM-CLI-8101,,I,365,
AMLSIM-CLI-8102,,I,365,
AMLSIM-CLI-8103,,I,365,
AMLSIM-CLI-8104,,I,365,
AMLSIM-CLI-8105,,I,365,
AMLSIM-CLI-8106,,I,365,
AMLSIM-CLI-8107,,I,365,
AMLSIM-CLI-8108,,I,365,
AMLSIM-CLI-8109,,I,365,
AMLSIM-CLI-8110,,I,365,
AMLSIM-CLI-8111,,I,365,
AMLSIM-CLI-8112,,I,365,
AMLSIM-CLI-8113,,I,365,
AMLSIM-CLI-8114,,I,365,
AMLSIM-CLI-8115,,I,365,
AMLSIM-CLI-8116,,I,365,
AMLSIM-CLI-8117,,I,365,
AMLSIM-CLI-8118,,I,365,
AMLSIM-CLI-8119,,I,365,
AMLSIM-CLI-8120,,I,365,
AMLSIM-CLI-8121,,I,365,
AMLSIM-CLI-8122,,I,365,
AMLSIM-CLI-8123,,I,365,
AMLSIM-CLI-8124,,I,365,
AMLSIM-CLI-8125,,I,365,
AMLSIM-CLI-8126,,I,365,
AMLSIM-CLI-8127,,I,365,
AMLSIM-CLI-8128,,I,365,
AMLSIM-CLI-8129,,I,365,
AMLSIM-CLI-8130,,I,365,
AMLSIM-CLI-8131,,I,365,
AMLSIM-CLI-8132,,I,365,
AMLSIM-CLI-8133,,I,365,
AMLSIM-CLI-8134,,I,365,
AMLSIM-CLI-8135,,I,365,
AMLSIM-CLI-8136,,I,365,
AMLSIM-CLI-8137,,I,365,
AMLSIM-CLI-8138,,I,365,
AMLSIM-CLI-8139,,I,365,
AMLSIM-CLI-8140,,I,365,
AMLSIM-CLI-8141,,I,365,
AMLSIM-CLI-8142,,I,365,
AMLSIM-CLI-8143,,I,365,
AMLSIM-CLI-8144,,I,365,
AMLSIM-CLI-8145,,I,365,
AMLSIM-CLI-8146,,I,365,
AMLSIM-CLI-8147,,I,365,
AMLSIM-CLI-8148,,I,365,
AMLSIM-CLI-8149,,I,365,
AMLSIM-CLI-8150,,I,365,
AMLSIM-CLI-8151,,I,365,
AMLSIM-CLI-8152,,I,365,
AMLSIM-CLI-8153,,I,365,
AMLSIM-CLI-8154,,I,365,
AMLSIM-CLI-8155,,I,365,
AMLSIM-CLI-8156,,I,365,
AMLSIM-CLI-8157,,I,365,
AMLSIM-CLI-8158,,I,365,
AMLSIM-CLI-8159,,I,365,
AMLSIM-CLI-8160,,I,365,
AMLSIM-CLI-8161,,I,365,
AMLSIM-CLI-8162,,I,365,
AMLSIM-CLI-8163,,I,365,
AMLSIM-CLI-8164,,I,365,
AMLSIM-CLI-8165,,I,365,
AMLSIM-CLI-8166,,I,365,
AMLSIM-CLI-8167,,I,365,
AMLSIM-CLI-8168,,I,365,
AMLSIM-CLI-8169,,I,365,
AMLSIM-CLI-8170,,I,365,
AMLSIM-CLI-8171,,I,365,
AMLSIM-CLI-8172,,I,365,
AMLSIM-CLI-8173,,I,365,
AMLSIM-CLI-8174,,I,365,
AMLSIM-CLI-8175,,I,365,
AMLSIM-CLI-8176,,I,365,
AMLSIM-CLI-8177,,I,365,
AMLSIM-CLI-8178,,I,365,
AMLSIM-CLI-8179,,I,365,
AMLSIM-CLI-8180,,I,365,
AMLSIM-CLI-8181,,I,365,
AMLSIM-CLI-8182,,I,365,
AMLSIM-CLI-8183,,I,365,
AMLSIM-CLI-8184,,I,365,
AMLSIM-CLI-8185,,I,365,
AMLSIM-CLI-8186,,I,365,
AMLSIM-CLI-8187,,I,365,
AMLSIM-CLI-8188,,I,365,
AMLSIM-CLI-8189,,I,365,
AMLSIM-CLI-8190,,I,365,
AMLSIM-CLI-8191,,I,365,
AMLSIM-CLI-8192,,I,365,
AMLSIM-CLI-8193,,I,365,
AMLSIM-CLI-8194,,I,365,
AMLSIM-CLI-8195,,I,365,
AMLSIM-CLI-8196,,I,365,
AMLSIM-CLI-8197,,I,365,
AMLSIM-CLI-8198,,I,365,
AMLSIM-CLI-8199,,I,365,
AMLSIM-CLI-8200,,I,365,
AMLSIM-CLI-8201,,I,365,
AMLSIM-CLI-8202,,I,365,
AMLSIM-CLI-8203,,I,365,
AMLSIM-CLI-8204,,I,365,
AMLSIM-CLI-8205,,I,365,
AMLSIM-CLI-8206,,I,365,
AMLSIM-CLI-8207,,I,365,
AMLSIM-CLI-8208,,I,365,
AMLSIM-CLI-8209,,I,365,
AMLSIM-CLI-8210,,I,365,
AMLSIM-CLI-8211,,I,365,
AMLSIM-CLI-8212,,I,365,
AMLSIM-CLI-8213,,I,365,
AMLSIM-CLI-8214,,I,365,
AMLSIM-CLI-8215,,I,365,
AMLSIM-CLI-8216,,I,365,
AMLSIM-CLI-8217,,I,365,
AMLSIM-CLI-8218,,I,365,
AMLSIM-CLI-8219,,I,365,
AMLSIM-CLI-8220,,I,365,
AMLSIM-CLI-8221,,I,365,
AMLSIM-CLI-8222,,I,365,
AMLSIM-CLI-8223,,I,365,
AMLSIM-CLI-8224,,I,365,
AMLSIM-CLI-8225,,I,365,
AMLSIM-CLI-8226,,I,365,
AMLSIM-CLI-8227,,I,365,
AMLSIM-CLI-8228,,I,365,
AMLSIM-CLI-8229,,I,365,
AMLSIM-CLI-8230,,I,365,
AMLSIM-CLI-8231,,I,365,
AMLSIM-CLI-8232,,I,365,
AMLSIM-CLI-8233,,I,365,
AMLSIM-CLI-8234,,I,365,
AMLSIM-CLI-8235,,I,365,
AMLSIM-CLI-8236,,I,365,
AMLSIM-CLI-8237,,I,365,
AMLSIM-CLI-8238,,I,365,
AMLSIM-CLI-8239,,I,365,
AMLSIM-CLI-8240,,I,365,
AMLSIM-CLI-8241,,I,365,
AMLSIM-CLI-8242,,I,365,
AMLSIM-CLI-8243,,I,365,
AMLSIM-CLI-8244,,I,365,
AMLSIM-CLI-8245,,I,365,
AMLSIM-CLI-8246,,I,365,
AMLSIM-CLI-8247,,I,365,
AMLSIM-CLI-8248,,I,365,
AMLSIM-CLI-8249,,I,365,
AMLSIM-CLI-8250,,I,365,
AMLSIM-CLI-8251,,I,365,
AMLSIM-CLI-8252,,I,365,
AMLSIM-CLI-8253,,I,365,
AMLSIM-CLI-8254,,I,365,
AMLSIM-CLI-8255,,I,365,
AMLSIM-CLI-8256,,I,365,
AMLSIM-CLI-8257,,I,365,
AMLSIM-CLI-8258,,I,365,
AMLSIM-CLI-8259,,I,365,
AMLSIM-CLI-8260,,I,365,
AMLSIM-CLI-8261,,I,365,
AMLSIM-CLI-8262,,I,365,
AMLSIM-CLI-8263,,I,365,
AMLSIM-CLI-8264,,I,365,
AMLSIM-CLI-8265,,I,365,
AMLSIM-CLI-8266,,I,365,
AMLSIM-CLI-8267,,I,365,
AMLSIM-CLI-8268,,I,365,
AMLSIM-CLI-8269,,I,365,
AMLSIM-CLI-8270,,I,365,
AMLSIM-CLI-8271,,I,365,
AMLSIM-CLI-8272,,I,365,
AMLSIM-CLI-8273,,I,365,
AMLSIM-CLI-8274,,I,365,
AMLSIM-CLI-8275,,I,365,
AMLSIM-CLI-8276,,I,365,
AMLSIM-CLI-8277,,I,365,
AMLSIM-CLI-8278,,I,365,
AMLSIM-CLI-8279,,I,365,
AMLSIM-CLI-8280,,I,365,
AMLSIM-CLI-8281,,I,365,
AMLSIM-CLI-8282,,I,365,
AMLSIM-CLI-8283,,I,365,
AMLSIM-CLI-8284,,I,365,
AMLSIM-CLI-8285,,I,365,
AMLSIM-CLI-8286,,I,365,
AMLSIM-CLI-8287,,I,365,
AMLSIM-CLI-8288,,I,365,
AMLSIM-CLI-8289,,I,365,
AMLSIM-CLI-8290,,I,365,
AMLSIM-CLI-8291,,I,365,
AMLSIM-CLI-8292,,I,365,
AMLSIM-CLI-8293,,I,365,
AMLSIM-CLI-8294,,I,365,
AMLSIM-CLI-8295,,I,365,
AMLSIM-CLI-8296,,I,365,
AMLSIM-CLI-8297,,I,365,
AMLSIM-CLI-8298,,I,365,
AMLSIM-CLI-8299,,I,365,
AMLSIM-CLI-8300,,I,365,
AMLSIM-CLI-8301,,I,365,
AMLSIM-CLI-8302,,I,365,
AMLSIM-CLI-8303,,I,365,
AMLSIM-CLI-8304,,I,365,
AMLSIM-CLI-8305,,I,365,
AMLSIM-CLI-8306,,I,365,
AMLSIM-CLI-8307,,I,365,
AMLSIM-CLI-8308,,I,365,
AMLSIM-CLI-8309,,I,365,
AMLSIM-CLI-8310,,I,365,
AMLSIM-CLI-8311,,I,365,
AMLSIM-CLI-8312,,I,365,
AMLSIM-CLI-8313,,I,365,
AMLSIM-CLI-8314,,I,365,
AMLSIM-CLI-8315,,I,365,
AMLSIM-CLI-8316,,I,365,
AMLSIM-CLI-8317,,I,365,
AMLSIM-CLI-8318,,I,365,
AMLSIM-CLI-8319,,I,365,
AMLSIM-CLI-8320,,I,365,
AMLSIM-CLI-8321,,I,365,
AMLSIM-CLI-8322,,I,365,
AMLSIM-CLI-8323,,I,365,
AMLSIM-CLI-8324,,I,365,
AMLSIM-CLI-8325,,I,365,
AMLSIM-CLI-8326,,I,365,
AMLSIM-CLI-8327,,I,365,
AMLSIM-CLI-8328,,I,365,
AMLSIM-CLI-8329,,I,365,
AMLSIM-CLI-8330,,I,365,
AMLSIM-CLI-8331,,I,365,
AMLSIM-CLI-8332,,I,365,
AMLSIM-CLI-8333,,I,365,
AMLSIM-CLI-8334,,I,365,
AMLSIM-CLI-8335,,I,365,
AMLSIM-CLI-8336,,I,365,
AMLSIM-CLI-8337,,I,365,
AMLSIM-CLI-8338,,I,365,
AMLSIM-CLI-8339,,I,365,
AMLSIM-CLI-8340,,I,365,
AMLSIM-CLI-8341,,I,365,
AMLSIM-CLI-8342,,I,365,
AMLSIM-CLI-8343,,I,365,
AMLSIM-CLI-8344,,I,365,
AMLSIM-CLI-8345,,I,365,
AMLSIM-CLI-8346,,I,365,
AMLSIM-CLI-8347,,I,365,
AMLSIM-CLI-8348,,I,365,
AMLSIM-CLI-8349,,I,365,
AMLSIM-CLI-8350,,I,365,
AMLSIM-CLI-8351,,I,365,
AMLSIM-CLI-8352,,I,365,
AMLSIM-CLI-8353,,I,365,
AMLSIM-CLI-8354,,I,365,
AMLSIM-CLI-8355,,I,365,
AMLSIM-CLI-8356,,I,365,
AMLSIM-CLI-8357,,I,365,
AMLSIM-CLI-8358,,I,365,
AMLSIM-CLI-8359,,I,365,
AMLSIM-CLI-8360,,I,365,
AMLSIM-CLI-8361,,I,365,
AMLSIM-CLI-8362,,I,365,
AMLSIM-CLI-8363,,I,365,
AMLSIM-CLI-8364,,I,365,
AMLSIM-CLI-8365,,I,365,
AMLSIM-CLI-8366,,I,365,
AMLSIM-CLI-8367,,I,365,
AMLSIM-CLI-8368,,I,365,
AMLSIM-CLI-8369,,I,365,
AMLSIM-CLI-8370,,I,365,
AMLSIM-CLI-8371,,I,365,
AMLSIM-CLI-8372,,I,365,
AMLSIM-CLI-8373,,I,365,
AMLSIM-CLI-8374,,I,365,
AMLSIM-CLI-8375,,I,365,
AMLSIM-CLI-8376,,I,365,
AMLSIM-CLI-8377,,I,365,
AMLSIM-CLI-8378,,I,365,
AMLSIM-CLI-8379,,I,365,
AMLSIM-CLI-8380,,I,365,
AMLSIM-CLI-8381,,I,365,
AMLSIM-CLI-8382,,I,365,
AMLSIM-CLI-8383,,I,365,
AMLSIM-CLI-8384,,I,365,
AMLSIM-CLI-8385,,I,365,
AMLSIM-CLI-8386,,I,365,
AMLSIM-CLI-8387,,I,365,
AMLSIM-CLI-8388,,I,365,
AMLSIM-CLI-8389,,I,365,
AMLSIM-CLI-8390,,I,365,
AMLSIM-CLI-8391,,I,365,
AMLSIM-CLI-8392,,I,365,
AMLSIM-CLI-8393,,I,365,
AMLSIM-CLI-8394,,I,365,
AMLSIM-CLI-8395,,I,365,
AMLSIM-CLI-8396,,I,365,
AMLSIM-CLI-8397,,I,365,
AMLSIM-CLI-8398,,I,365,
AMLSIM-CLI-8399,,I,365,
AMLSIM-CLI-8400,,I,365,
AMLSIM-CLI-8401,,I,365,
AMLSIM-CLI-8402,,I,365,
AMLSIM-CLI-8403,,I,365,
AMLSIM-CLI-8404,,I,365,
AMLSIM-CLI-8405,,I,365,
AMLSIM-CLI-8406,,I,365,
AMLSIM-CLI-8407,,I,365,
AMLSIM-CLI-8408,,I,365,
AMLSIM-CLI-8409,,I,365,
AMLSIM-CLI-8410,,I,365,
AMLSIM-CLI-8411,,I,365,
AMLSIM-CLI-8412,,I,365,
AMLSIM-CLI-8413,,I,365,
AMLSIM-CLI-8414,,I,365,
AMLSIM-CLI-8415,,I,365,
AMLSIM-CLI-8416,,I,365,
AMLSIM-CLI-8417,,I,365,
AMLSIM-CLI-8418,,I,365,
AMLSIM-CLI-8419,,I,365,
AMLSIM-CLI-8420,,I,365,
AMLSIM-CLI-8421,,I,365,
AMLSIM-CLI-8422,,I,365,
AMLSIM-CLI-8423,,I,365,
AMLSIM-CLI-8424,,I,365,
AMLSIM-CLI-8425,,I,365,
AMLSIM-CLI-8426,,I,365,
AMLSIM-CLI-8427,,I,365,
AMLSIM-CLI-8428,,I,365,
AMLSIM-CLI-8429,,I,365,
AMLSIM-CLI-8430,,I,365,
AMLSIM-CLI-8431,,I,365,
AMLSIM-CLI-8432,,I,365,
AMLSIM-CLI-8433,,I,365,
AMLSIM-CLI-8434,,I,365,
AMLSIM-CLI-8435,,I,365,
AMLSIM-CLI-8436,,I,365,
AMLSIM-CLI-8437,,I,365,
AMLSIM-CLI-8438,,I,365,
AMLSIM-CLI-8439,,I,365,
AMLSIM-CLI-8440,,I,365,
AMLSIM-CLI-8441,,I,365,
AMLSIM-CLI-8442,,I,365,
AMLSIM-CLI-8443,,I,365,
AMLSIM-CLI-8444,,I,365,
AMLSIM-CLI-8445,,I,365,
AMLSIM-CLI-8446,,I,365,
AMLSIM-CLI-8447,,I,365,
AMLSIM-CLI-8448,,I,365,
AMLSIM-CLI-8449,,I,365,
AMLSIM-CLI-8450,,I,365,
AMLSIM-CLI-8451,,I,365,
AMLSIM-CLI-8452,,I,365,
AMLSIM-CLI-8453,,I,365,
AMLSIM-CLI-8454,,I,365,
AMLSIM-CLI-8455,,I,365,
AMLSIM-CLI-8456,,I,365,
AMLSIM-CLI-8457,,I,365,
AMLSIM-CLI-8458,,I,365,
AMLSIM-CLI-8459,,I,365,
AMLSIM-CLI-8460,,I,365,
AMLSIM-CLI-8461,,I,365,
AMLSIM-CLI-8462,,I,365,
AMLSIM-CLI-8463,,I,365,
AMLSIM-CLI-8464,,I,365,
AMLSIM-CLI-8465,,I,365,
AMLSIM-CLI-8466,,I,365,
AMLSIM-CLI-8467,,I,365,
AMLSIM-CLI-8468,,I,365,
AMLSIM-CLI-8469,,I,365,
AMLSIM-CLI-8470,,I,365,
AMLSIM-CLI-8471,,I,365,
AMLSIM-CLI-8472,,I,365,
AMLSIM-CLI-8473,,I,365,
AMLSIM-CLI-8474,,I,365,
AMLSIM-CLI-8475,,I,365,
AMLSIM-CLI-8476,,I,365,
AMLSIM-CLI-8477,,I,365,
AMLSIM-CLI-8478,,I,365,
AMLSIM-CLI-8479,,I,365,
AMLSIM-CLI-8480,,I,365,
AMLSIM-CLI-8481,,I,365,
AMLSIM-CLI-8482,,I,365,
AMLSIM-CLI-8483,,I,365,
AMLSIM-CLI-8484,,I,365,
AMLSIM-CLI-8485,,I,365,
AMLSIM-CLI-8486,,I,365,
AMLSIM-CLI-8487,,I,365,
AMLSIM-CLI-8488,,I,365,
AMLSIM-CLI-8489,,I,365,
AMLSIM-CLI-8490,,I,365,
AMLSIM-CLI-8491,,I,365,
AMLSIM-CLI-8492,,I,365,
AMLSIM-CLI-8493,,I,365,
AMLSIM-CLI-8494,,I,365,
AMLSIM-CLI-8495,,I,365,
AMLSIM-CLI-8496,,I,365,
AMLSIM-CLI-8497,,I,365,
AMLSIM-CLI-8498,,I,365,
AMLSIM-CLI-8499,,I,365,
AMLSIM-CLI-8500,,I,365,
AMLSIM-CLI-8501,,I,365,
AMLSIM-CLI-8502,,I,365,
AMLSIM-CLI-8503,,I,365,
AMLSIM-CLI-8504,,I,365,
AMLSIM-CLI-8505,,I,365,
AMLSIM-CLI-8506,,I,365,
AMLSIM-CLI-8507,,I,365,
AMLSIM-CLI-8508,,I,365,
AMLSIM-CLI-8509,,I,365,
AMLSIM-CLI-8510,,I,365,
AMLSIM-CLI-8511,,I,365,
AMLSIM-CLI-8512,,I,365,
AMLSIM-CLI-8513,,I,365,
AMLSIM-CLI-8514,,I,365,
AMLSIM-CLI-8515,,I,365,
AMLSIM-CLI-8516,,I,365,
AMLSIM-CLI-8517,,I,365,
AMLSIM-CLI-8518,,I,365,
AMLSIM-CLI-8519,,I,365,
AMLSIM-CLI-8520,,I,365,
AMLSIM-CLI-8521,,I,365,
AMLSIM-CLI-8522,,I,365,
AMLSIM-CLI-8523,,I,365,
AMLSIM-CLI-8524,,I,365,
AMLSIM-CLI-8525,,I,365,
AMLSIM-CLI-8526,,I,365,
AMLSIM-CLI-8527,,I,365,
AMLSIM-CLI-8528,,I,365,
AMLSIM-CLI-8529,,I,365,
AMLSIM-CLI-8530,,I,365,
AMLSIM-CLI-8531,,I,365,
AMLSIM-CLI-8532,,I,365,
AMLSIM-CLI-8533,,I,365,
AMLSIM-CLI-8534,,I,365,
AMLSIM-CLI-8535,,I,365,
AMLSIM-CLI-8536,,I,365,
AMLSIM-CLI-8537,,I,365,
AMLSIM-CLI-8538,,I,365,
AMLSIM-CLI-8539,,I,365,
AMLSIM-CLI-8540,,I,365,
AMLSIM-CLI-8541,,I,365,
AMLSIM-CLI-8542,,I,365,
AMLSIM-CLI-8543,,I,365,
AMLSIM-CLI-8544,,I,365,
AMLSIM-CLI-8545,,I,365,
AMLSIM-CLI-8546,,I,365,
AMLSIM-CLI-8547,,I,365,
AMLSIM-CLI-8548,,I,365,
AMLSIM-CLI-8549,,I,365,
AMLSIM-CLI-8550,,I,365,
AMLSIM-CLI-8551,,I,365,
AMLSIM-CLI-8552,,I,365,
AMLSIM-CLI-8553,,I,365,
AMLSIM-CLI-8554,,I,365,
AMLSIM-CLI-8555,,I,365,
AMLSIM-CLI-8556,,I,365,
AMLSIM-CLI-8557,,I,365,
AMLSIM-CLI-8558,,I,365,
AMLSIM-CLI-8559,,I,365,
AMLSIM-CLI-8560,,I,365,
AMLSIM-CLI-8561,,I,365,
AMLSIM-CLI-8562,,I,365,
AMLSIM-CLI-8563,,I,365,
AMLSIM-CLI-8564,,I,365,
AMLSIM-CLI-8565,,I,365,
AMLSIM-CLI-8566,,I,365,
AMLSIM-CLI-8567,,I,365,
AMLSIM-CLI-8568,,I,365,
AMLSIM-CLI-8569,,I,365,
AMLSIM-CLI-8570,,I,365,
AMLSIM-CLI-8571,,I,365,
AMLSIM-CLI-8572,,I,365,
AMLSIM-CLI-8573,,I,365,
AMLSIM-CLI-8574,,I,365,
AMLSIM-CLI-8575,,I,365,
AMLSIM-CLI-8576,,I,365,
AMLSIM-CLI-8577,,I,365,
AMLSIM-CLI-8578,,I,365,
AMLSIM-CLI-8579,,I,365,
AMLSIM-CLI-8580,,I,365,
AMLSIM-CLI-8581,,I,365,
AMLSIM-CLI-8582,,I,365,
AMLSIM-CLI-8583,,I,365,
AMLSIM-CLI-8584,,I,365,
AMLSIM-CLI-8585,,I,365,
AMLSIM-CLI-8586,,I,365,
AMLSIM-CLI-8587,,I,365,
AMLSIM-CLI-8588,,I,365,
AMLSIM-CLI-8589,,I,365,
AMLSIM-CLI-8590,,I,365,
AMLSIM-CLI-8591,,I,365,
AMLSIM-CLI-8592,,I,365,
AMLSIM-CLI-8593,,I,365,
AMLSIM-CLI-8594,,I,365,
AMLSIM-CLI-8595,,I,365,
AMLSIM-CLI-8596,,I,365,
AMLSIM-CLI-8597,,I,365,
AMLSIM-CLI-8598,,I,365,
AMLSIM-CLI-8599,,I,365,
AMLSIM-CLI-8600,,I,365,
AMLSIM-CLI-8601,,I,365,
AMLSIM-CLI-8602,,I,365,
AMLSIM-CLI-8603,,I,365,
AMLSIM-CLI-8604,,I,365,
AMLSIM-CLI-8605,,I,365,
AMLSIM-CLI-8606,,I,365,
AMLSIM-CLI-8607,,I,365,
AMLSIM-CLI-8608,,I,365,
AMLSIM-CLI-8609,,I,365,
AMLSIM-CLI-8610,,I,365,
AMLSIM-CLI-8611,,I,365,
AMLSIM-CLI-8612,,I,365,
AMLSIM-CLI-8613,,I,365,
AMLSIM-CLI-8614,,I,365,
AMLSIM-CLI-8615,,I,365,
AMLSIM-CLI-8616,,I,365,
AMLSIM-CLI-8617,,I,365,
AMLSIM-CLI-8618,,I,365,
AMLSIM-CLI-8619,,I,365,
AMLSIM-CLI-8620,,I,365,
AMLSIM-CLI-8621,,I,365,
AMLSIM-CLI-8622,,I,365,
AMLSIM-CLI-8623,,I,365,
AMLSIM-CLI-8624,,I,365,
AMLSIM-CLI-8625,,I,365,
AMLSIM-CLI-8626,,I,365,
AMLSIM-CLI-8627,,I,365,
AMLSIM-CLI-8628,,I,365,
AMLSIM-CLI-8629,,I,365,
AMLSIM-CLI-8630,,I,365,
AMLSIM-CLI-8631,,I,365,
AMLSIM-CLI-8632,,I,365,
AMLSIM-CLI-8633,,I,365,
AMLSIM-CLI-8634,,I,365,
AMLSIM-CLI-8635,,I,365,
AMLSIM-CLI-8636,,I,365,
AMLSIM-CLI-8637,,I,365,
AMLSIM-CLI-8638,,I,365,
AMLSIM-CLI-8639,,I,365,
AMLSIM-CLI-8640,,I,365,
AMLSIM-CLI-8641,,I,365,
AMLSIM-CLI-8642,,I,365,
AMLSIM-CLI-8643,,I,365,
AMLSIM-CLI-8644,,I,365,
AMLSIM-CLI-8645,,I,365,
AMLSIM-CLI-8646,,I,365,
AMLSIM-CLI-8647,,I,365,
AMLSIM-CLI-8648,,I,365,
AMLSIM-CLI-8649,,I,365,
AMLSIM-CLI-8650,,I,365,
AMLSIM-CLI-8651,,I,365,
AMLSIM-CLI-8652,,I,365,
AMLSIM-CLI-8653,,I,365,
AMLSIM-CLI-8654,,I,365,
AMLSIM-CLI-8655,,I,365,
AMLSIM-CLI-8656,,I,365,
AMLSIM-CLI-8657,,I,365,
AMLSIM-CLI-8658,,I,365,
AMLSIM-CLI-8659,,I,365,
AMLSIM-CLI-8660,,I,365,
AMLSIM-CLI-8661,,I,365,
AMLSIM-CLI-8662,,I,365,
AMLSIM-CLI-8663,,I,365,
AMLSIM-CLI-8664,,I,365,
AMLSIM-CLI-8665,,I,365,
AMLSIM-CLI-8666,,I,365,
AMLSIM-CLI-8667,,I,365,
AMLSIM-CLI-8668,,I,365,
AMLSIM-CLI-8669,,I,365,
AMLSIM-CLI-8670,,I,365,
AMLSIM-CLI-8671,,I,365,
AMLSIM-CLI-8672,,I,365,
AMLSIM-CLI-8673,,I,365,
AMLSIM-CLI-8674,,I,365,
AMLSIM-CLI-8675,,I,365,
AMLSIM-CLI-8676,,I,365,
AMLSIM-CLI-8677,,I,365,
AMLSIM-CLI-8678,,I,365,
AMLSIM-CLI-8679,,I,365,
AMLSIM-CLI-8680,,I,365,
AMLSIM-CLI-8681,,I,365,
AMLSIM-CLI-8682,,I,365,
AMLSIM-CLI-8683,,I,365,
AMLSIM-CLI-8684,,I,365,
AMLSIM-CLI-8685,,I,365,
AMLSIM-CLI-8686,,I,365,
AMLSIM-CLI-8687,,I,365,
AMLSIM-CLI-8688,,I,365,
AMLSIM-CLI-8689,,I,365,
AMLSIM-CLI-8690,,I,365,
AMLSIM-CLI-8691,,I,365,
AMLSIM-CLI-8692,,I,365,
AMLSIM-CLI-8693,,I,365,
AMLSIM-CLI-8694,,I,365,
AMLSIM-CLI-8695,,I,365,
AMLSIM-CLI-8696,,I,365,
AMLSIM-CLI-8697,,I,365,
AMLSIM-CLI-8698,,I,365,
AMLSIM-CLI-8699,,I,365,
AMLSIM-CLI-8700,,I,365,
AMLSIM-CLI-8701,,I,365,
AMLSIM-CLI-8702,,I,365,
AMLSIM-CLI-8703,,I,365,
AMLSIM-CLI-8704,,I,365,
AMLSIM-CLI-8705,,I,365,
AMLSIM-CLI-8706,,I,365,
AMLSIM-CLI-8707,,I,365,
AMLSIM-CLI-8708,,I,365,
AMLSIM-CLI-8709,,I,365,
AMLSIM-CLI-8710,,I,365,
AMLSIM-CLI-8711,,I,365,
AMLSIM-CLI-8712,,I,365,
AMLSIM-CLI-8713,,I,365,
AMLSIM-CLI-8714,,I,365,
AMLSIM-CLI-8715,,I,365,
AMLSIM-CLI-8716,,I,365,
AMLSIM-CLI-8717,,I,365,
AMLSIM-CLI-8718,,I,365,
AMLSIM-CLI-8719,,I,365,
AMLSIM-CLI-8720,,I,365,
AMLSIM-CLI-8721,,I,365,
AMLSIM-CLI-8722,,I,365,
AMLSIM-CLI-8723,,I,365,
AMLSIM-CLI-8724,,I,365,
AMLSIM-CLI-8725,,I,365,
AMLSIM-CLI-8726,,I,365,
AMLSIM-CLI-8727,,I,365,
AMLSIM-CLI-8728,,I,365,
AMLSIM-CLI-8729,,I,365,
AMLSIM-CLI-8730,,I,365,
AMLSIM-CLI-8731,,I,365,
AMLSIM-CLI-8732,,I,365,
AMLSIM-CLI-8733,,I,365,
AMLSIM-CLI-8734,,I,365,
AMLSIM-CLI-8735,,I,365,
AMLSIM-CLI-8736,,I,365,
AMLSIM-CLI-8737,,I,365,
AMLSIM-CLI-8738,,I,365,
AMLSIM-CLI-8739,,I,365,
AMLSIM-CLI-8740,,I,365,
AMLSIM-CLI-8741,,I,365,
AMLSIM-CLI-8742,,I,365,
AMLSIM-CLI-8743,,I,365,
AMLSIM-CLI-8744,,I,365,
AMLSIM-CLI-8745,,I,365,
AMLSIM-CLI-8746,,I,365,
AMLSIM-CLI-8747,,I,365,
AMLSIM-CLI-8748,,I,365,
AMLSIM-CLI-8749,,I,365,
AMLSIM-CLI-8750,,I,365,
AMLSIM-CLI-8751,,I,365,
AMLSIM-CLI-8752,,I,365,
AMLSIM-CLI-8753,,I,365,
AMLSIM-CLI-8754,,I,365,
AMLSIM-CLI-8755,,I,365,
AMLSIM-CLI-8756,,I,365,
AMLSIM-CLI-8757,,I,365,
AMLSIM-CLI-8758,,I,365,
AMLSIM-CLI-8759,,I,365,
AMLSIM-CLI-8760,,I,365,
AMLSIM-CLI-8761,,I,365,
AMLSIM-CLI-8762,,I,365,
AMLSIM-CLI-8763,,I,365,
AMLSIM-CLI-8764,,I,365,
AMLSIM-CLI-8765,,I,365,
AMLSIM-CLI-8766,,I,365,
AMLSIM-CLI-8767,,I,365,
AMLSIM-CLI-8768,,I,365,
AMLSIM-CLI-8769,,I,365,
AMLSIM-CLI-8770,,I,365,
AMLSIM-CLI-8771,,I,365,
AMLSIM-CLI-8772,,I,365,
AMLSIM-CLI-8773,,I,365,
AMLSIM-CLI-8774,,I,365,
AMLSIM-CLI-8775,,I,365,
AMLSIM-CLI-8776,,I,365,
AMLSIM-CLI-8777,,I,365,
AMLSIM-CLI-8778,,I,365,
AMLSIM-CLI-8779,,I,365,
AMLSIM-CLI-8780,,I,365,
AMLSIM-CLI-8781,,I,365,
AMLSIM-CLI-8782,,I,365,
AMLSIM-CLI-8783,,I,365,
AMLSIM-CLI-8784,,I,365,
AMLSIM-CLI-8785,,I,365,
AMLSIM-CLI-8786,,I,365,
AMLSIM-CLI-8787,,I,365,
AMLSIM-CLI-8788,,I,365,
AMLSIM-CLI-8789,,I,365,
AMLSIM-CLI-8790,,I,365,
AMLSIM-CLI-8791,,I,365,
AMLSIM-CLI-8792,,I,365,
AMLSIM-CLI-8793,,I,365,
AMLSIM-CLI-8794,,I,365,
AMLSIM-CLI-8795,,I,365,
AMLSIM-CLI-8796,,I,365,
AMLSIM-CLI-8797,,I,365,
AMLSIM-CLI-8798,,I,365,
AMLSIM-CLI-8799,,I,365,
AMLSIM-CLI-8800,,I,365,
AMLSIM-CLI-8801,,I,365,
AMLSIM-CLI-8802,,I,365,
AMLSIM-CLI-8803,,I,365,
AMLSIM-CLI-8804,,I,365,
AMLSIM-CLI-8805,,I,365,
AMLSIM-CLI-8806,,I,365,
AMLSIM-CLI-8807,,I,365,
AMLSIM-CLI-8808,,I,365,
AMLSIM-CLI-8809,,I,365,
AMLSIM-CLI-8810,,I,365,
AMLSIM-CLI-8811,,I,365,
AMLSIM-CLI-8812,,I,365,
AMLSIM-CLI-8813,,I,365,
AMLSIM-CLI-8814,,I,365,
AMLSIM-CLI-8815,,I,365,
AMLSIM-CLI-8816,,I,365,
AMLSIM-CLI-8817,,I,365,
AMLSIM-CLI-8818,,I,365,
AMLSIM-CLI-8819,,I,365,
AMLSIM-CLI-8820,,I,365,
AMLSIM-CLI-8821,,I,365,
AMLSIM-CLI-8822,,I,365,
AMLSIM-CLI-8823,,I,365,
AMLSIM-CLI-8824,,I,365,
AMLSIM-CLI-8825,,I,365,
AMLSIM-CLI-8826,,I,365,
AMLSIM-CLI-8827,,I,365,
AMLSIM-CLI-8828,,I,365,
AMLSIM-CLI-8829,,I,365,
AMLSIM-CLI-8830,,I,365,
AMLSIM-CLI-8831,,I,365,
AMLSIM-CLI-8832,,I,365,
AMLSIM-CLI-8833,,I,365,
AMLSIM-CLI-8834,,I,365,
AMLSIM-CLI-8835,,I,365,
AMLSIM-CLI-8836,,I,365,
AMLSIM-CLI-8837,,I,365,
AMLSIM-CLI-8838,,I,365,
AMLSIM-CLI-8839,,I,365,
AMLSIM-CLI-8840,,I,365,
AMLSIM-CLI-8841,,I,365,
AMLSIM-CLI-8842,,I,365,
AMLSIM-CLI-8843,,I,365,
AMLSIM-CLI-8844,,I,365,
AMLSIM-CLI-8845,,I,365,
AMLSIM-CLI-8846,,I,365,
AMLSIM-CLI-8847,,I,365,
AMLSIM-CLI-8848,,I,365,
AMLSIM-CLI-8849,,I,365,
AMLSIM-CLI-8850,,I,365,
AMLSIM-CLI-8851,,I,365,
AMLSIM-CLI-8852,,I,365,
AMLSIM-CLI-8853,,I,365,
AMLSIM-CLI-8854,,I,365,
AMLSIM-CLI-8855,,I,365,
AMLSIM-CLI-8856,,I,365,
AMLSIM-CLI-8857,,I,365,
AMLSIM-CLI-8858,,I,365,
AMLSIM-CLI-8859,,I,365,
AMLSIM-CLI-8860,,I,365,
AMLSIM-CLI-8861,,I,365,
AMLSIM-CLI-8862,,I,365,
AMLSIM-CLI-8863,,I,365,
AMLSIM-CLI-8864,,I,365,
AMLSIM-CLI-8865,,I,365,
AMLSIM-CLI-8866,,I,365,
AMLSIM-CLI-8867,,I,365,
AMLSIM-CLI-8868,,I,365,
AMLSIM-CLI-8869,,I,365,
AMLSIM-CLI-8870,,I,365,
AMLSIM-CLI-8871,,I,365,
AMLSIM-CLI-8872,,I,365,
AMLSIM-CLI-8873,,I,365,
AMLSIM-CLI-8874,,I,365,
AMLSIM-CLI-8875,,I,365,
AMLSIM-CLI-8876,,I,365,
AMLSIM-CLI-8877,,I,365,
AMLSIM-CLI-8878,,I,365,
AMLSIM-CLI-8879,,I,365,
AMLSIM-CLI-8880,,I,365,
AMLSIM-CLI-8881,,I,365,
AMLSIM-CLI-8882,,I,365,
AMLSIM-CLI-8883,,I,365,
AMLSIM-CLI-8884,,I,365,
AMLSIM-CLI-8885,,I,365,
AMLSIM-CLI-8886,,I,365,
AMLSIM-CLI-8887,,I,365,
AMLSIM-CLI-8888,,I,365,
AMLSIM-CLI-8889,,I,365,
AMLSIM-CLI-8890,,I,365,
AMLSIM-CLI-8891,,I,365,
AMLSIM-CLI-8892,,I,365,
AMLSIM-CLI-8893,,I,365,
AMLSIM-CLI-8894,,I,365,
AMLSIM-CLI-8895,,I,365,
AMLSIM-CLI-8896,,I,365,
AMLSIM-CLI-8897,,I,365,
AMLSIM-CLI-8898,,I,365,
AMLSIM-CLI-8899,,I,365,
AMLSIM-CLI-8900,,I,365,
AMLSIM-CLI-8901,,I,365,
AMLSIM-CLI-8902,,I,365,
AMLSIM-CLI-8903,,I,365,
AMLSIM-CLI-8904,,I,365,
AMLSIM-CLI-8905,,I,365,
AMLSIM-CLI-8906,,I,365,
AMLSIM-CLI-8907,,I,365,
AMLSIM-CLI-8908,,I,365,
AMLSIM-CLI-8909,,I,365,
AMLSIM-CLI-8910,,I,365,
AMLSIM-CLI-8911,,I,365,
AMLSIM-CLI-8912,,I,365,
AMLSIM-CLI-8913,,I,365,
AMLSIM-CLI-8914,,I,365,
AMLSIM-CLI-8915,,I,365,
AMLSIM-CLI-8916,,I,365,
AMLSIM-CLI-8917,,I,365,
AMLSIM-CLI-8918,,I,365,
AMLSIM-CLI-8919,,I,365,
AMLSIM-CLI-8920,,I,365,
AMLSIM-CLI-8921,,I,365,
AMLSIM-CLI-8922,,I,365,
AMLSIM-CLI-8923,,I,365,
AMLSIM-CLI-8924,,I,365,
AMLSIM-CLI-8925,,I,365,
AMLSIM-CLI-8926,,I,365,
AMLSIM-CLI-8927,,I,365,
AMLSIM-CLI-8928,,I,365,
AMLSIM-CLI-8929,,I,365,
AMLSIM-CLI-8930,,I,365,
AMLSIM-CLI-8931,,I,365,
AMLSIM-CLI-8932,,I,365,
AMLSIM-CLI-8933,,I,365,
AMLSIM-CLI-8934,,I,365,
AMLSIM-CLI-8935,,I,365,
AMLSIM-CLI-8936,,I,365,
AMLSIM-CLI-8937,,I,365,
AMLSIM-CLI-8938,,I,365,
AMLSIM-CLI-8939,,I,365,
AMLSIM-CLI-8940,,I,365,
AMLSIM-CLI-8941,,I,365,
AMLSIM-CLI-8942,,I,365,
AMLSIM-CLI-8943,,I,365,
AMLSIM-CLI-8944,,I,365,
AMLSIM-CLI-8945,,I,365,
AMLSIM-CLI-8946,,I,365,
AMLSIM-CLI-8947,,I,365,
AMLSIM-CLI-8948,,I,365,
AMLSIM-CLI-8949,,I,365,
AMLSIM-CLI-8950,,I,365,
AMLSIM-CLI-8951,,I,365,
AMLSIM-CLI-8952,,I,365,
AMLSIM-CLI-8953,,I,365,
AMLSIM-CLI-8954,,I,365,
AMLSIM-CLI-8955,,I,365,
AMLSIM-CLI-8956,,I,365,
AMLSIM-CLI-8957,,I,365,
AMLSIM-CLI-8958,,I,365,
AMLSIM-CLI-8959,,I,365,
AMLSIM-CLI-8960,,I,365,
AMLSIM-CLI-8961,,I,365,
AMLSIM-CLI-8962,,I,365,
AMLSIM-CLI-8963,,I,365,
AMLSIM-CLI-8964,,I,365,
AMLSIM-CLI-8965,,I,365,
AMLSIM-CLI-8966,,I,365,
AMLSIM-CLI-8967,,I,365,
AMLSIM-CLI-8968,,I,365,
AMLSIM-CLI-8969,,I,365,
AMLSIM-CLI-8970,,I,365,
AMLSIM-CLI-8971,,I,365,
AMLSIM-CLI-8972,,I,365,
AMLSIM-CLI-8973,,I,365,
AMLSIM-CLI-8974,,I,365,
AMLSIM-CLI-8975,,I,365,
AMLSIM-CLI-8976,,I,365,
AMLSIM-CLI-8977,,I,365,
AMLSIM-CLI-8978,,I,365,
AMLSIM-CLI-8979,,I,365,
AMLSIM-CLI-8980,,I,365,
AMLSIM-CLI-8981,,I,365,
AMLSIM-CLI-8982,,I,365,
AMLSIM-CLI-8983,,I,365,
AMLSIM-CLI-8984,,I,365,
AMLSIM-CLI-8985,,I,365,
AMLSIM-CLI-8986,,I,365,
AMLSIM-CLI-8987,,I,365,
AMLSIM-CLI-8988,,I,365,
AMLSIM-CLI-8989,,I,365,
AMLSIM-CLI-8990,,I,365,
AMLSIM-CLI-8991,,I,365,
AMLSIM-CLI-8992,,I,365,
AMLSIM-CLI-8993,,I,365,
AMLSIM-CLI-8994,,I,365,
AMLSIM-CLI-8995,,I,365,
AMLSIM-CLI-8996,,I,365,
AMLSIM-CLI-8997,,I,365,
AMLSIM-CLI-8998,,I,365,
AMLSIM-CLI-8999,,I,365,
AMLSIM-CLI-9000,,I,365,
AMLSIM-CLI-9001,,I,365,
AMLSIM-CLI-9002,,I,365,
AMLSIM-CLI-9003,,I,365,
AMLSIM-CLI-9004,,I,365,
AMLSIM-CLI-9005,,I,365,
AMLSIM-CLI-9006,,I,365,
AMLSIM-CLI-9007,,I,365,
AMLSIM-CLI-9008,,I,365,
AMLSIM-CLI-9009,,I,365,
AMLSIM-CLI-9010,,I,365,
AMLSIM-CLI-9011,,I,365,
AMLSIM-CLI-9012,,I,365,
AMLSIM-CLI-9013,,I,365,
AMLSIM-CLI-9014,,I,365,
AMLSIM-CLI-9015,,I,365,
AMLSIM-CLI-9016,,I,365,
AMLSIM-CLI-9017,,I,365,
AMLSIM-CLI-9018,,I,365,
AMLSIM-CLI-9019,,I,365,
AMLSIM-CLI-9020,,I,365,
AMLSIM-CLI-9021,,I,365,
AMLSIM-CLI-9022,,I,365,
AMLSIM-CLI-9023,,I,365,
AMLSIM-CLI-9024,,I,365,
AMLSIM-CLI-9025,,I,365,
AMLSIM-CLI-9026,,I,365,
AMLSIM-CLI-9027,,I,365,
AMLSIM-CLI-9028,,I,365,
AMLSIM-CLI-9029,,I,365,
AMLSIM-CLI-9030,,I,365,
AMLSIM-CLI-9031,,I,365,
AMLSIM-CLI-9032,,I,365,
AMLSIM-CLI-9033,,I,365,
AMLSIM-CLI-9034,,I,365,
AMLSIM-CLI-9035,,I,365,
AMLSIM-CLI-9036,,I,365,
AMLSIM-CLI-9037,,I,365,
AMLSIM-CLI-9038,,I,365,
AMLSIM-CLI-9039,,I,365,
AMLSIM-CLI-9040,,I,365,
AMLSIM-CLI-9041,,I,365,
AMLSIM-CLI-9042,,I,365,
AMLSIM-CLI-9043,,I,365,
AMLSIM-CLI-9044,,I,365,
AMLSIM-CLI-9045,,I,365,
AMLSIM-CLI-9046,,I,365,
AMLSIM-CLI-9047,,I,365,
AMLSIM-CLI-9048,,I,365,
AMLSIM-CLI-9049,,I,365,
AMLSIM-CLI-9050,,I,365,
AMLSIM-CLI-9051,,I,365,
AMLSIM-CLI-9052,,I,365,
AMLSIM-CLI-9053,,I,365,
AMLSIM-CLI-9054,,I,365,
AMLSIM-CLI-9055,,I,365,
AMLSIM-CLI-9056,,I,365,
AMLSIM-CLI-9057,,I,365,
AMLSIM-CLI-9058,,I,365,
AMLSIM-CLI-9059,,I,365,
AMLSIM-CLI-9060,,I,365,
AMLSIM-CLI-9061,,I,365,
AMLSIM-CLI-9062,,I,365,
AMLSIM-CLI-9063,,I,365,
AMLSIM-CLI-9064,,I,365,
AMLSIM-CLI-9065,,I,365,
AMLSIM-CLI-9066,,I,365,
AMLSIM-CLI-9067,,I,365,
AMLSIM-CLI-9068,,I,365,
AMLSIM-CLI-9069,,I,365,
AMLSIM-CLI-9070,,I,365,
AMLSIM-CLI-9071,,I,365,
AMLSIM-CLI-9072,,I,365,
AMLSIM-CLI-9073,,I,365,
AMLSIM-CLI-9074,,I,365,
AMLSIM-CLI-9075,,I,365,
AMLSIM-CLI-9076,,I,365,
AMLSIM-CLI-9077,,I,365,
AMLSIM-CLI-9078,,I,365,
AMLSIM-CLI-9079,,I,365,
AMLSIM-CLI-9080,,I,365,
AMLSIM-CLI-9081,,I,365,
AMLSIM-CLI-9082,,I,365,
AMLSIM-CLI-9083,,I,365,
AMLSIM-CLI-9084,,I,365,
AMLSIM-CLI-9085,,I,365,
AMLSIM-CLI-9086,,I,365,
AMLSIM-CLI-9087,,I,365,
AMLSIM-CLI-9088,,I,365,
AMLSIM-CLI-9089,,I,365,
AMLSIM-CLI-9090,,I,365,
AMLSIM-CLI-9091,,I,365,
AMLSIM-CLI-9092,,I,365,
AMLSIM-CLI-9093,,I,365,
AMLSIM-CLI-9094,,I,365,
AMLSIM-CLI-9095,,I,365,
AMLSIM-CLI-9096,,I,365,
AMLSIM-CLI-9097,,I,365,
AMLSIM-CLI-9098,,I,365,
AMLSIM-CLI-9099,,I,365,
AMLSIM-CLI-9100,,I,365,
AMLSIM-CLI-9101,,I,365,
AMLSIM-CLI-9102,,I,365,
AMLSIM-CLI-9103,,I,365,
AMLSIM-CLI-9104,,I,365,
AMLSIM-CLI-9105,,I,365,
AMLSIM-CLI-9106,,I,365,
AMLSIM-CLI-9107,,I,365,
AMLSIM-CLI-9108,,I,365,
AMLSIM-CLI-9109,,I,365,
AMLSIM-CLI-9110,,I,365,
AMLSIM-CLI-9111,,I,365,
AMLSIM-CLI-9112,,I,365,
AMLSIM-CLI-9113,,I,365,
AMLSIM-CLI-9114,,I,365,
AMLSIM-CLI-9115,,I,365,
AMLSIM-CLI-9116,,I,365,
AMLSIM-CLI-9117,,I,365,
AMLSIM-CLI-9118,,I,365,
AMLSIM-CLI-9119,,I,365,
AMLSIM-CLI-9120,,I,365,
AMLSIM-CLI-9121,,I,365,
AMLSIM-CLI-9122,,I,365,
AMLSIM-CLI-9123,,I,365,
AMLSIM-CLI-9124,,I,365,
AMLSIM-CLI-9125,,I,365,
AMLSIM-CLI-9126,,I,365,
AMLSIM-CLI-9127,,I,365,
AMLSIM-CLI-9128,,I,365,
AMLSIM-CLI-9129,,I,365,
AMLSIM-CLI-9130,,I,365,
AMLSIM-CLI-9131,,I,365,
AMLSIM-CLI-9132,,I,365,
AMLSIM-CLI-9133,,I,365,
AMLSIM-CLI-9134,,I,365,
AMLSIM-CLI-9135,,I,365,
AMLSIM-CLI-9136,,I,365,
AMLSIM-CLI-9137,,I,365,
AMLSIM-CLI-9138,,I,365,
AMLSIM-CLI-9139,,I,365,
AMLSIM-CLI-9140,,I,365,
AMLSIM-CLI-9141,,I,365,
AMLSIM-CLI-9142,,I,365,
AMLSIM-CLI-9143,,I,365,
AMLSIM-CLI-9144,,I,365,
AMLSIM-CLI-9145,,I,365,
AMLSIM-CLI-9146,,I,365,
AMLSIM-CLI-9147,,I,365,
AMLSIM-CLI-9148,,I,365,
AMLSIM-CLI-9149,,I,365,
AMLSIM-CLI-9150,,I,365,
AMLSIM-CLI-9151,,I,365,
AMLSIM-CLI-9152,,I,365,
AMLSIM-CLI-9153,,I,365,
AMLSIM-CLI-9154,,I,365,
AMLSIM-CLI-9155,,I,365,
AMLSIM-CLI-9156,,I,365,
AMLSIM-CLI-9157,,I,365,
AMLSIM-CLI-9158,,I,365,
AMLSIM-CLI-9159,,I,365,
AMLSIM-CLI-9160,,I,365,
AMLSIM-CLI-9161,,I,365,
AMLSIM-CLI-9162,,I,365,
AMLSIM-CLI-9163,,I,365,
AMLSIM-CLI-9164,,I,365,
AMLSIM-CLI-9165,,I,365,
AMLSIM-CLI-9166,,I,365,
AMLSIM-CLI-9167,,I,365,
AMLSIM-CLI-9168,,I,365,
AMLSIM-CLI-9169,,I,365,
AMLSIM-CLI-9170,,I,365,
AMLSIM-CLI-9171,,I,365,
AMLSIM-CLI-9172,,I,365,
AMLSIM-CLI-9173,,I,365,
AMLSIM-CLI-9174,,I,365,
AMLSIM-CLI-9175,,I,365,
AMLSIM-CLI-9176,,I,365,
AMLSIM-CLI-9177,,I,365,
AMLSIM-CLI-9178,,I,365,
AMLSIM-CLI-9179,,I,365,
AMLSIM-CLI-9180,,I,365,
AMLSIM-CLI-9181,,I,365,
AMLSIM-CLI-9182,,I,365,
AMLSIM-CLI-9183,,I,365,
AMLSIM-CLI-9184,,I,365,
AMLSIM-CLI-9185,,I,365,
AMLSIM-CLI-9186,,I,365,
AMLSIM-CLI-9187,,I,365,
AMLSIM-CLI-9188,,I,365,
AMLSIM-CLI-9189,,I,365,
AMLSIM-CLI-9190,,I,365,
AMLSIM-CLI-9191,,I,365,
AMLSIM-CLI-9192,,I,365,
AMLSIM-CLI-9193,,I,365,
AMLSIM-CLI-9194,,I,365,
AMLSIM-CLI-9195,,I,365,
AMLSIM-CLI-9196,,I,365,
AMLSIM-CLI-9197,,I,365,
AMLSIM-CLI-9198,,I,365,
AMLSIM-CLI-9199,,I,365,
AMLSIM-CLI-9200,,I,365,
AMLSIM-CLI-9201,,I,365,
AMLSIM-CLI-9202,,I,365,
AMLSIM-CLI-9203,,I,365,
AMLSIM-CLI-9204,,I,365,
AMLSIM-CLI-9205,,I,365,
AMLSIM-CLI-9206,,I,365,
AMLSIM-CLI-9207,,I,365,
AMLSIM-CLI-9208,,I,365,
AMLSIM-CLI-9209,,I,365,
AMLSIM-CLI-9210,,I,365,
AMLSIM-CLI-9211,,I,365,
AMLSIM-CLI-9212,,I,365,
AMLSIM-CLI-9213,,I,365,
AMLSIM-CLI-9214,,I,365,
AMLSIM-CLI-9215,,I,365,
AMLSIM-CLI-9216,,I,365,
AMLSIM-CLI-9217,,I,365,
AMLSIM-CLI-9218,,I,365,
AMLSIM-CLI-9219,,I,365,
AMLSIM-CLI-9220,,I,365,
AMLSIM-CLI-9221,,I,365,
AMLSIM-CLI-9222,,I,365,
AMLSIM-CLI-9223,,I,365,
AMLSIM-CLI-9224,,I,365,
AMLSIM-CLI-9225,,I,365,
AMLSIM-CLI-9226,,I,365,
AMLSIM-CLI-9227,,I,365,
AMLSIM-CLI-9228,,I,365,
AMLSIM-CLI-9229,,I,365,
AMLSIM-CLI-9230,,I,365,
AMLSIM-CLI-9231,,I,365,
AMLSIM-CLI-9232,,I,365,
AMLSIM-CLI-9233,,I,365,
AMLSIM-CLI-9234,,I,365,
AMLSIM-CLI-9235,,I,365,
AMLSIM-CLI-9236,,I,365,
AMLSIM-CLI-9237,,I,365,
AMLSIM-CLI-9238,,I,365,
AMLSIM-CLI-9239,,I,365,
AMLSIM-CLI-9240,,I,365,
AMLSIM-CLI-9241,,I,365,
AMLSIM-CLI-9242,,I,365,
AMLSIM-CLI-9243,,I,365,
AMLSIM-CLI-9244,,I,365,
AMLSIM-CLI-9245,,I,365,
AMLSIM-CLI-9246,,I,365,
AMLSIM-CLI-9247,,I,365,
AMLSIM-CLI-9248,,I,365,
AMLSIM-CLI-9249,,I,365,
AMLSIM-CLI-9250,,I,365,
AMLSIM-CLI-9251,,I,365,
AMLSIM-CLI-9252,,I,365,
AMLSIM-CLI-9253,,I,365,
AMLSIM-CLI-9254,,I,365,
AMLSIM-CLI-9255,,I,365,
AMLSIM-CLI-9256,,I,365,
AMLSIM-CLI-9257,,I,365,
AMLSIM-CLI-9258,,I,365,
AMLSIM-CLI-9259,,I,365,
AMLSIM-CLI-9260,,I,365,
AMLSIM-CLI-9261,,I,365,
AMLSIM-CLI-9262,,I,365,
AMLSIM-CLI-9263,,I,365,
AMLSIM-CLI-9264,,I,365,
AMLSIM-CLI-9265,,I,365,
AMLSIM-CLI-9266,,I,365,
AMLSIM-CLI-9267,,I,365,
AMLSIM-CLI-9268,,I,365,
AMLSIM-CLI-9269,,I,365,
AMLSIM-CLI-9270,,I,365,
AMLSIM-CLI-9271,,I,365,
AMLSIM-CLI-9272,,I,365,
AMLSIM-CLI-9273,,I,365,
AMLSIM-CLI-9274,,I,365,
AMLSIM-CLI-9275,,I,365,
AMLSIM-CLI-9276,,I,365,
AMLSIM-CLI-9277,,I,365,
AMLSIM-CLI-9278,,I,365,
AMLSIM-CLI-9279,,I,365,
AMLSIM-CLI-9280,,I,365,
AMLSIM-CLI-9281,,I,365,
AMLSIM-CLI-9282,,I,365,
AMLSIM-CLI-9283,,I,365,
AMLSIM-CLI-9284,,I,365,
AMLSIM-CLI-9285,,I,365,
AMLSIM-CLI-9286,,I,365,
AMLSIM-CLI-9287,,I,365,
AMLSIM-CLI-9288,,I,365,
AMLSIM-CLI-9289,,I,365,
AMLSIM-CLI-9290,,I,365,
AMLSIM-CLI-9291,,I,365,
AMLSIM-CLI-9292,,I,365,
AMLSIM-CLI-9293,,I,365,
AMLSIM-CLI-9294,,I,365,
AMLSIM-CLI-9295,,I,365,
AMLSIM-CLI-9296,,I,365,
AMLSIM-CLI-9297,,I,365,
AMLSIM-CLI-9298,,I,365,
AMLSIM-CLI-9299,,I,365,
AMLSIM-CLI-9300,,I,365,
AMLSIM-CLI-9301,,I,365,
AMLSIM-CLI-9302,,I,365,
AMLSIM-CLI-9303,,I,365,
AMLSIM-CLI-9304,,I,365,
AMLSIM-CLI-9305,,I,365,
AMLSIM-CLI-9306,,I,365,
AMLSIM-CLI-9307,,I,365,
AMLSIM-CLI-9308,,I,365,
AMLSIM-CLI-9309,,I,365,
AMLSIM-CLI-9310,,I,365,
AMLSIM-CLI-9311,,I,365,
AMLSIM-CLI-9312,,I,365,
AMLSIM-CLI-9313,,I,365,
AMLSIM-CLI-9314,,I,365,
AMLSIM-CLI-9315,,I,365,
AMLSIM-CLI-9316,,I,365,
AMLSIM-CLI-9317,,I,365,
AMLSIM-CLI-9318,,I,365,
AMLSIM-CLI-9319,,I,365,
AMLSIM-CLI-9320,,I,365,
AMLSIM-CLI-9321,,I,365,
AMLSIM-CLI-9322,,I,365,
AMLSIM-CLI-9323,,I,365,
AMLSIM-CLI-9324,,I,365,
AMLSIM-CLI-9325,,I,365,
AMLSIM-CLI-9326,,I,365,
AMLSIM-CLI-9327,,I,365,
AMLSIM-CLI-9328,,I,365,
AMLSIM-CLI-9329,,I,365,
AMLSIM-CLI-9330,,I,365,
AMLSIM-CLI-9331,,I,365,
AMLSIM-CLI-9332,,I,365,
AMLSIM-CLI-9333,,I,365,
AMLSIM-CLI-9334,,I,365,
AMLSIM-CLI-9335,,I,365,
AMLSIM-CLI-9336,,I,365,
AMLSIM-CLI-9337,,I,365,
AMLSIM-CLI-9338,,I,365,
AMLSIM-CLI-9339,,I,365,
AMLSIM-CLI-9340,,I,365,
AMLSIM-CLI-9341,,I,365,
AMLSIM-CLI-9342,,I,365,
AMLSIM-CLI-9343,,I,365,
AMLSIM-CLI-9344,,I,365,
AMLSIM-CLI-9345,,I,365,
AMLSIM-CLI-9346,,I,365,
AMLSIM-CLI-9347,,I,365,
AMLSIM-CLI-9348,,I,365,
AMLSIM-CLI-9349,,I,365,
AMLSIM-CLI-9350,,I,365,
AMLSIM-CLI-9351,,I,365,
AMLSIM-CLI-9352,,I,365,
AMLSIM-CLI-9353,,I,365,
AMLSIM-CLI-9354,,I,365,
AMLSIM-CLI-9355,,I,365,
AMLSIM-CLI-9356,,I,365,
AMLSIM-CLI-9357,,I,365,
AMLSIM-CLI-9358,,I,365,
AMLSIM-CLI-9359,,I,365,
AMLSIM-CLI-9360,,I,365,
AMLSIM-CLI-9361,,I,365,
AMLSIM-CLI-9362,,I,365,
AMLSIM-CLI-9363,,I,365,
AMLSIM-CLI-9364,,I,365,
AMLSIM-CLI-9365,,I,365,
AMLSIM-CLI-9366,,I,365,
AMLSIM-CLI-9367,,I,365,
AMLSIM-CLI-9368,,I,365,
AMLSIM-CLI-9369,,I,365,
AMLSIM-CLI-9370,,I,365,
AMLSIM-CLI-9371,,I,365,
AMLSIM-CLI-9372,,I,365,
AMLSIM-CLI-9373,,I,365,
AMLSIM-CLI-9374,,I,365,
AMLSIM-CLI-9375,,I,365,
AMLSIM-CLI-9376,,I,365,
AMLSIM-CLI-9377,,I,365,
AMLSIM-CLI-9378,,I,365,
AMLSIM-CLI-9379,,I,365,
AMLSIM-CLI-9380,,I,365,
AMLSIM-CLI-9381,,I,365,
AMLSIM-CLI-9382,,I,365,
AMLSIM-CLI-9383,,I,365,
AMLSIM-CLI-9384,,I,365,
AMLSIM-CLI-9385,,I,365,
AMLSIM-CLI-9386,,I,365,
AMLSIM-CLI-9387,,I,365,
AMLSIM-CLI-9388,,I,365,
AMLSIM-CLI-9389,,I,365,
AMLSIM-CLI-9390,,I,365,
AMLSIM-CLI-9391,,I,365,
AMLSIM-CLI-9392,,I,365,
AMLSIM-CLI-9393,,I,365,
AMLSIM-CLI-9394,,I,365,
AMLSIM-CLI-9395,,I,365,
AMLSIM-CLI-9396,,I,365,
AMLSIM-CLI-9397,,I,365,
AMLSIM-CLI-9398,,I,365,
AMLSIM-CLI-9399,,I,365,
AMLSIM-CLI-9400,,I,365,
AMLSIM-CLI-9401,,I,365,
AMLSIM-CLI-9402,,I,365,
AMLSIM-CLI-9403,,I,365,
AMLSIM-CLI-9404,,I,365,
AMLSIM-CLI-9405,,I,365,
AMLSIM-CLI-9406,,I,365,
AMLSIM-CLI-9407,,I,365,
AMLSIM-CLI-9408,,I,365,
AMLSIM-CLI-9409,,I,365,
AMLSIM-CLI-9410,,I,365,
AMLSIM-CLI-9411,,I,365,
AMLSIM-CLI-9412,,I,365,
AMLSIM-CLI-9413,,I,365,
AMLSIM-CLI-9414,,I,365,
AMLSIM-CLI-9415,,I,365,
AMLSIM-CLI-9416,,I,365,
AMLSIM-CLI-9417,,I,365,
AMLSIM-CLI-9418,,I,365,
AMLSIM-CLI-9419,,I,365,
AMLSIM-CLI-9420,,I,365,
AMLSIM-CLI-9421,,I,365,
AMLSIM-CLI-9422,,I,365,
AMLSIM-CLI-9423,,I,365,
AMLSIM-CLI-9424,,I,365,
AMLSIM-CLI-9425,,I,365,
AMLSIM-CLI-9426,,I,365,
AMLSIM-CLI-9427,,I,365,
AMLSIM-CLI-9428,,I,365,
AMLSIM-CLI-9429,,I,365,
AMLSIM-CLI-9430,,I,365,
AMLSIM-CLI-9431,,I,365,
AMLSIM-CLI-9432,,I,365,
AMLSIM-CLI-9433,,I,365,
AMLSIM-CLI-9434,,I,365,
AMLSIM-CLI-9435,,I,365,
AMLSIM-CLI-9436,,I,365,
AMLSIM-CLI-9437,,I,365,
AMLSIM-CLI-9438,,I,365,
AMLSIM-CLI-9439,,I,365,
AMLSIM-CLI-9440,,I,365,
AMLSIM-CLI-9441,,I,365,
AMLSIM-CLI-9442,,I,365,
AMLSIM-CLI-9443,,I,365,
AMLSIM-CLI-9444,,I,365,
AMLSIM-CLI-9445,,I,365,
AMLSIM-CLI-9446,,I,365,
AMLSIM-CLI-9447,,I,365,
AMLSIM-CLI-9448,,I,365,
AMLSIM-CLI-9449,,I,365,
AMLSIM-CLI-9450,,I,365,
AMLSIM-CLI-9451,,I,365,
AMLSIM-CLI-9452,,I,365,
AMLSIM-CLI-9453,,I,365,
AMLSIM-CLI-9454,,I,365,
AMLSIM-CLI-9455,,I,365,
AMLSIM-CLI-9456,,I,365,
AMLSIM-CLI-9457,,I,365,
AMLSIM-CLI-9458,,I,365,
AMLSIM-CLI-9459,,I,365,
AMLSIM-CLI-9460,,I,365,
AMLSIM-CLI-9461,,I,365,
AMLSIM-CLI-9462,,I,365,
AMLSIM-CLI-9463,,I,365,
AMLSIM-CLI-9464,,I,365,
AMLSIM-CLI-9465,,I,365,
AMLSIM-CLI-9466,,I,365,
AMLSIM-CLI-9467,,I,365,
AMLSIM-CLI-9468,,I,365,
AMLSIM-CLI-9469,,I,365,
AMLSIM-CLI-9470,,I,365,
AMLSIM-CLI-9471,,I,365,
AMLSIM-CLI-9472,,I,365,
AMLSIM-CLI-9473,,I,365,
AMLSIM-CLI-9474,,I,365,
AMLSIM-CLI-9475,,I,365,
AMLSIM-CLI-9476,,I,365,
AMLSIM-CLI-9477,,I,365,
AMLSIM-CLI-9478,,I,365,
AMLSIM-CLI-9479,,I,365,
AMLSIM-CLI-9480,,I,365,
AMLSIM-CLI-9481,,I,365,
AMLSIM-CLI-9482,,I,365,
AMLSIM-CLI-9483,,I,365,
AMLSIM-CLI-9484,,I,365,
AMLSIM-CLI-9485,,I,365,
AMLSIM-CLI-9486,,I,365,
AMLSIM-CLI-9487,,I,365,
AMLSIM-CLI-9488,,I,365,
AMLSIM-CLI-9489,,I,365,
AMLSIM-CLI-9490,,I,365,
AMLSIM-CLI-9491,,I,365,
AMLSIM-CLI-9492,,I,365,
AMLSIM-CLI-9493,,I,365,
AMLSIM-CLI-9494,,I,365,
AMLSIM-CLI-9495,,I,365,
AMLSIM-CLI-9496,,I,365,
AMLSIM-CLI-9497,,I,365,
AMLSIM-CLI-9498,,I,365,
AMLSIM-CLI-9499,,I,365,
AMLSIM-CLI-9500,,I,365,
AMLSIM-CLI-9501,,I,365,
AMLSIM-CLI-9502,,I,365,
AMLSIM-CLI-9503,,I,365,
AMLSIM-CLI-9504,,I,365,
AMLSIM-CLI-9505,,I,365,
AMLSIM-CLI-9506,,I,365,
AMLSIM-CLI-9507,,I,365,
AMLSIM-CLI-9508,,I,365,
AMLSIM-CLI-9509,,I,365,
AMLSIM-CLI-9510,,I,365,
AMLSIM-CLI-9511,,I,365,
AMLSIM-CLI-9512,,I,365,
AMLSIM-CLI-9513,,I,365,
AMLSIM-CLI-9514,,I,365,
AMLSIM-CLI-9515,,I,365,
AMLSIM-CLI-9516,,I,365,
AMLSIM-CLI-9517,,I,365,
AMLSIM-CLI-9518,,I,365,
AMLSIM-CLI-9519,,I,365,
AMLSIM-CLI-9520,,I,365,
AMLSIM-CLI-9521,,I,365,
AMLSIM-CLI-9522,,I,365,
AMLSIM-CLI-9523,,I,365,
AMLSIM-CLI-9524,,I,365,
AMLSIM-CLI-9525,,I,365,
AMLSIM-CLI-9526,,I,365,
AMLSIM-CLI-9527,,I,365,
AMLSIM-CLI-9528,,I,365,
AMLSIM-CLI-9529,,I,365,
AMLSIM-CLI-9530,,I,365,
AMLSIM-CLI-9531,,I,365,
AMLSIM-CLI-9532,,I,365,
AMLSIM-CLI-9533,,I,365,
AMLSIM-CLI-9534,,I,365,
AMLSIM-CLI-9535,,I,365,
AMLSIM-CLI-9536,,I,365,
AMLSIM-CLI-9537,,I,365,
AMLSIM-CLI-9538,,I,365,
AMLSIM-CLI-9539,,I,365,
AMLSIM-CLI-9540,,I,365,
AMLSIM-CLI-9541,,I,365,
AMLSIM-CLI-9542,,I,365,
AMLSIM-CLI-9543,,I,365,
AMLSIM-CLI-9544,,I,365,
AMLSIM-CLI-9545,,I,365,
AMLSIM-CLI-9546,,I,365,
AMLSIM-CLI-9547,,I,365,
AMLSIM-CLI-9548,,I,365,
AMLSIM-CLI-9549,,I,365,
AMLSIM-CLI-9550,,I,365,
AMLSIM-CLI-9551,,I,365,
AMLSIM-CLI-9552,,I,365,
AMLSIM-CLI-9553,,I,365,
AMLSIM-CLI-9554,,I,365,
AMLSIM-CLI-9555,,I,365,
AMLSIM-CLI-9556,,I,365,
AMLSIM-CLI-9557,,I,365,
AMLSIM-CLI-9558,,I,365,
AMLSIM-CLI-9559,,I,365,
AMLSIM-CLI-9560,,I,365,
AMLSIM-CLI-9561,,I,365,
AMLSIM-CLI-9562,,I,365,
AMLSIM-CLI-9563,,I,365,
AMLSIM-CLI-9564,,I,365,
AMLSIM-CLI-9565,,I,365,
AMLSIM-CLI-9566,,I,365,
AMLSIM-CLI-9567,,I,365,
AMLSIM-CLI-9568,,I,365,
AMLSIM-CLI-9569,,I,365,
AMLSIM-CLI-9570,,I,365,
AMLSIM-CLI-9571,,I,365,
AMLSIM-CLI-9572,,I,365,
AMLSIM-CLI-9573,,I,365,
AMLSIM-CLI-9574,,I,365,
AMLSIM-CLI-9575,,I,365,
AMLSIM-CLI-9576,,I,365,
AMLSIM-CLI-9577,,I,365,
AMLSIM-CLI-9578,,I,365,
AMLSIM-CLI-9579,,I,365,
AMLSIM-CLI-9580,,I,365,
AMLSIM-CLI-9581,,I,365,
AMLSIM-CLI-9582,,I,365,
AMLSIM-CLI-9583,,I,365,
AMLSIM-CLI-9584,,I,365,
AMLSIM-CLI-9585,,I,365,
AMLSIM-CLI-9586,,I,365,
AMLSIM-CLI-9587,,I,365,
AMLSIM-CLI-9588,,I,365,
AMLSIM-CLI-9589,,I,365,
AMLSIM-CLI-9590,,I,365,
AMLSIM-CLI-9591,,I,365,
AMLSIM-CLI-9592,,I,365,
AMLSIM-CLI-9593,,I,365,
AMLSIM-CLI-9594,,I,365,
AMLSIM-CLI-9595,,I,365,
AMLSIM-CLI-9596,,I,365,
AMLSIM-CLI-9597,,I,365,
AMLSIM-CLI-9598,,I,365,
AMLSIM-CLI-9599,,I,365,
AMLSIM-CLI-9600,,I,365,
AMLSIM-CLI-9601,,I,365,
AMLSIM-CLI-9602,,I,365,
AMLSIM-CLI-9603,,I,365,
AMLSIM-CLI-9604,,I,365,
AMLSIM-CLI-9605,,I,365,
AMLSIM-CLI-9606,,I,365,
AMLSIM-CLI-9607,,I,365,
AMLSIM-CLI-9608,,I,365,
AMLSIM-CLI-9609,,I,365,
AMLSIM-CLI-9610,,I,365,
AMLSIM-CLI-9611,,I,365,
AMLSIM-CLI-9612,,I,365,
AMLSIM-CLI-9613,,I,365,
AMLSIM-CLI-9614,,I,365,
AMLSIM-CLI-9615,,I,365,
AMLSIM-CLI-9616,,I,365,
AMLSIM-CLI-9617,,I,365,
AMLSIM-CLI-9618,,I,365,
AMLSIM-CLI-9619,,I,365,
AMLSIM-CLI-9620,,I,365,
AMLSIM-CLI-9621,,I,365,
AMLSIM-CLI-9622,,I,365,
AMLSIM-CLI-9623,,I,365,
AMLSIM-CLI-9624,,I,365,
AMLSIM-CLI-9625,,I,365,
AMLSIM-CLI-9626,,I,365,
AMLSIM-CLI-9627,,I,365,
AMLSIM-CLI-9628,,I,365,
AMLSIM-CLI-9629,,I,365,
AMLSIM-CLI-9630,,I,365,
AMLSIM-CLI-9631,,I,365,
AMLSIM-CLI-9632,,I,365,
AMLSIM-CLI-9633,,I,365,
AMLSIM-CLI-9634,,I,365,
AMLSIM-CLI-9635,,I,365,
AMLSIM-CLI-9636,,I,365,
AMLSIM-CLI-9637,,I,365,
AMLSIM-CLI-9638,,I,365,
AMLSIM-CLI-9639,,I,365,
AMLSIM-CLI-9640,,I,365,
AMLSIM-CLI-9641,,I,365,
AMLSIM-CLI-9642,,I,365,
AMLSIM-CLI-9643,,I,365,
AMLSIM-CLI-9644,,I,365,
AMLSIM-CLI-9645,,I,365,
AMLSIM-CLI-9646,,I,365,
AMLSIM-CLI-9647,,I,365,
AMLSIM-CLI-9648,,I,365,
AMLSIM-CLI-9649,,I,365,
AMLSIM-CLI-9650,,I,365,
AMLSIM-CLI-9651,,I,365,
AMLSIM-CLI-9652,,I,365,
AMLSIM-CLI-9653,,I,365,
AMLSIM-CLI-9654,,I,365,
AMLSIM-CLI-9655,,I,365,
AMLSIM-CLI-9656,,I,365,
AMLSIM-CLI-9657,,I,365,
AMLSIM-CLI-9658,,I,365,
AMLSIM-CLI-9659,,I,365,
AMLSIM-CLI-9660,,I,365,
AMLSIM-CLI-9661,,I,365,
AMLSIM-CLI-9662,,I,365,
AMLSIM-CLI-9663,,I,365,
AMLSIM-CLI-9664,,I,365,
AMLSIM-CLI-9665,,I,365,
AMLSIM-CLI-9666,,I,365,
AMLSIM-CLI-9667,,I,365,
AMLSIM-CLI-9668,,I,365,
AMLSIM-CLI-9669,,I,365,
AMLSIM-CLI-9670,,I,365,
AMLSIM-CLI-9671,,I,365,
AMLSIM-CLI-9672,,I,365,
AMLSIM-CLI-9673,,I,365,
AMLSIM-CLI-9674,,I,365,
AMLSIM-CLI-9675,,I,365,
AMLSIM-CLI-9676,,I,365,
AMLSIM-CLI-9677,,I,365,
AMLSIM-CLI-9678,,I,365,
AMLSIM-CLI-9679,,I,365,
AMLSIM-CLI-9680,,I,365,
AMLSIM-CLI-9681,,I,365,
AMLSIM-CLI-9682,,I,365,
AMLSIM-CLI-9683,,I,365,
AMLSIM-CLI-9684,,I,365,
AMLSIM-CLI-9685,,I,365,
AMLSIM-CLI-9686,,I,365,
AMLSIM-CLI-9687,,I,365,
AMLSIM-CLI-9688,,I,365,
AMLSIM-CLI-9689,,I,365,
AMLSIM-CLI-9690,,I,365,
AMLSIM-CLI-9691,,I,365,
AMLSIM-CLI-9692,,I,365,
AMLSIM-CLI-9693,,I,365,
AMLSIM-CLI-9694,,I,365,
AMLSIM-CLI-9695,,I,365,
AMLSIM-CLI-9696,,I,365,
AMLSIM-CLI-9697,,I,365,
AMLSIM-CLI-9698,,I,365,
AMLSIM-CLI-9699,,I,365,
AMLSIM-CLI-9700,,I,365,
AMLSIM-CLI-9701,,I,365,
AMLSIM-CLI-9702,,I,365,
AMLSIM-CLI-9703,,I,365,
AMLSIM-CLI-9704,,I,365,
AMLSIM-CLI-9705,,I,365,
AMLSIM-CLI-9706,,I,365,
AMLSIM-CLI-9707,,I,365,
AMLSIM-CLI-9708,,I,365,
AMLSIM-CLI-9709,,I,365,
AMLSIM-CLI-9710,,I,365,
AMLSIM-CLI-9711,,I,365,
AMLSIM-CLI-9712,,I,365,
AMLSIM-CLI-9713,,I,365,
AMLSIM-CLI-9714,,I,365,
AMLSIM-CLI-9715,,I,365,
AMLSIM-CLI-9716,,I,365,
AMLSIM-CLI-9717,,I,365,
AMLSIM-CLI-9718,,I,365,
AMLSIM-CLI-9719,,I,365,
AMLSIM-CLI-9720,,I,365,
AMLSIM-CLI-9721,,I,365,
AMLSIM-CLI-9722,,I,365,
AMLSIM-CLI-9723,,I,365,
AMLSIM-CLI-9724,,I,365,
AMLSIM-CLI-9725,,I,365,
AMLSIM-CLI-9726,,I,365,
AMLSIM-CLI-9727,,I,365,
AMLSIM-CLI-9728,,I,365,
AMLSIM-CLI-9729,,I,365,
AMLSIM-CLI-9730,,I,365,
AMLSIM-CLI-9731,,I,365,
AMLSIM-CLI-9732,,I,365,
AMLSIM-CLI-9733,,I,365,
AMLSIM-CLI-9734,,I,365,
AMLSIM-CLI-9735,,I,365,
AMLSIM-CLI-9736,,I,365,
AMLSIM-CLI-9737,,I,365,
AMLSIM-CLI-9738,,I,365,
AMLSIM-CLI-9739,,I,365,
AMLSIM-CLI-9740,,I,365,
AMLSIM-CLI-9741,,I,365,
AMLSIM-CLI-9742,,I,365,
AMLSIM-CLI-9743,,I,365,
AMLSIM-CLI-9744,,I,365,
AMLSIM-CLI-9745,,I,365,
AMLSIM-CLI-9746,,I,365,
AMLSIM-CLI-9747,,I,365,
AMLSIM-CLI-9748,,I,365,
AMLSIM-CLI-9749,,I,365,
AMLSIM-CLI-9750,,I,365,
AMLSIM-CLI-9751,,I,365,
AMLSIM-CLI-9752,,I,365,
AMLSIM-CLI-9753,,I,365,
AMLSIM-CLI-9754,,I,365,
AMLSIM-CLI-9755,,I,365,
AMLSIM-CLI-9756,,I,365,
AMLSIM-CLI-9757,,I,365,
AMLSIM-CLI-9758,,I,365,
AMLSIM-CLI-9759,,I,365,
AMLSIM-CLI-9760,,I,365,
AMLSIM-CLI-9761,,I,365,
AMLSIM-CLI-9762,,I,365,
AMLSIM-CLI-9763,,I,365,
AMLSIM-CLI-9764,,I,365,
AMLSIM-CLI-9765,,I,365,
AMLSIM-CLI-9766,,I,365,
AMLSIM-CLI-9767,,I,365,
AMLSIM-CLI-9768,,I,365,
AMLSIM-CLI-9769,,I,365,
AMLSIM-CLI-9770,,I,365,
AMLSIM-CLI-9771,,I,365,
AMLSIM-CLI-9772,,I,365,
AMLSIM-CLI-9773,,I,365,
AMLSIM-CLI-9774,,I,365,
AMLSIM-CLI-9775,,I,365,
AMLSIM-CLI-9776,,I,365,
AMLSIM-CLI-9777,,I,365,
AMLSIM-CLI-9778,,I,365,
AMLSIM-CLI-9779,,I,365,
AMLSIM-CLI-9780,,I,365,
AMLSIM-CLI-9781,,I,365,
AMLSIM-CLI-9782,,I,365,
AMLSIM-CLI-9783,,I,365,
AMLSIM-CLI-9784,,I,365,
AMLSIM-CLI-9785,,I,365,
AMLSIM-CLI-9786,,I,365,
AMLSIM-CLI-9787,,I,365,
AMLSIM-CLI-9788,,I,365,
AMLSIM-CLI-9789,,I,365,
AMLSIM-CLI-9790,,I,365,
AMLSIM-CLI-9791,,I,365,
AMLSIM-CLI-9792,,I,365,
AMLSIM-CLI-9793,,I,365,
AMLSIM-CLI-9794,,I,365,
AMLSIM-CLI-9795,,I,365,
AMLSIM-CLI-9796,,I,365,
AMLSIM-CLI-9797,,I,365,
AMLSIM-CLI-9798,,I,365,
AMLSIM-CLI-9799,,I,365,
AMLSIM-CLI-9800,,I,365,
AMLSIM-CLI-9801,,I,365,
AMLSIM-CLI-9802,,I,365,
AMLSIM-CLI-9803,,I,365,
AMLSIM-CLI-9804,,I,365,
AMLSIM-CLI-9805,,I,365,
AMLSIM-CLI-9806,,I,365,
AMLSIM-CLI-9807,,I,365,
AMLSIM-CLI-9808,,I,365,
AMLSIM-CLI-9809,,I,365,
AMLSIM-CLI-9810,,I,365,
AMLSIM-CLI-9811,,I,365,
AMLSIM-CLI-9812,,I,365,
AMLSIM-CLI-9813,,I,365,
AMLSIM-CLI-9814,,I,365,
AMLSIM-CLI-9815,,I,365,
AMLSIM-CLI-9816,,I,365,
AMLSIM-CLI-9817,,I,365,
AMLSIM-CLI-9818,,I,365,
AMLSIM-CLI-9819,,I,365,
AMLSIM-CLI-9820,,I,365,
AMLSIM-CLI-9821,,I,365,
AMLSIM-CLI-9822,,I,365,
AMLSIM-CLI-9823,,I,365,
AMLSIM-CLI-9824,,I,365,
AMLSIM-CLI-9825,,I,365,
AMLSIM-CLI-9826,,I,365,
AMLSIM-CLI-9827,,I,365,
AMLSIM-CLI-9828,,I,365,
AMLSIM-CLI-9829,,I,365,
AMLSIM-CLI-9830,,I,365,
AMLSIM-CLI-9831,,I,365,
AMLSIM-CLI-9832,,I,365,
AMLSIM-CLI-9833,,I,365,
AMLSIM-CLI-9834,,I,365,
AMLSIM-CLI-9835,,I,365,
AMLSIM-CLI-9836,,I,365,
AMLSIM-CLI-9837,,I,365,
AMLSIM-CLI-9838,,I,365,
AMLSIM-CLI-9839,,I,365,
AMLSIM-CLI-9840,,I,365,
AMLSIM-CLI-9841,,I,365,
AMLSIM-CLI-9842,,I,365,
AMLSIM-CLI-9843,,I,365,
AMLSIM-CLI-9844,,I,365,
AMLSIM-CLI-9845,,I,365,
AMLSIM-CLI-9846,,I,365,
AMLSIM-CLI-9847,,I,365,
AMLSIM-CLI-9848,,I,365,
AMLSIM-CLI-9849,,I,365,
AMLSIM-CLI-9850,,I,365,
AMLSIM-CLI-9851,,I,365,
AMLSIM-CLI-9852,,I,365,
AMLSIM-CLI-9853,,I,365,
AMLSIM-CLI-9854,,I,365,
AMLSIM-CLI-9855,,I,365,
AMLSIM-CLI-9856,,I,365,
AMLSIM-CLI-9857,,I,365,
AMLSIM-CLI-9858,,I,365,
AMLSIM-CLI-9859,,I,365,
AMLSIM-CLI-9860,,I,365,
AMLSIM-CLI-9861,,I,365,
AMLSIM-CLI-9862,,I,365,
AMLSIM-CLI-9863,,I,365,
AMLSIM-CLI-9864,,I,365,
AMLSIM-CLI-9865,,I,365,
AMLSIM-CLI-9866,,I,365,
AMLSIM-CLI-9867,,I,365,
AMLSIM-CLI-9868,,I,365,
AMLSIM-CLI-9869,,I,365,
AMLSIM-CLI-9870,,I,365,
AMLSIM-CLI-9871,,I,365,
AMLSIM-CLI-9872,,I,365,
AMLSIM-CLI-9873,,I,365,
AMLSIM-CLI-9874,,I,365,
AMLSIM-CLI-9875,,I,365,
AMLSIM-CLI-9876,,I,365,
AMLSIM-CLI-9877,,I,365,
AMLSIM-CLI-9878,,I,365,
AMLSIM-CLI-9879,,I,365,
AMLSIM-CLI-9880,,I,365,
AMLSIM-CLI-9881,,I,365,
AMLSIM-CLI-9882,,I,365,
AMLSIM-CLI-9883,,I,365,
AMLSIM-CLI-9884,,I,365,
AMLSIM-CLI-9885,,I,365,
AMLSIM-CLI-9886,,I,365,
AMLSIM-CLI-9887,,I,365,
AMLSIM-CLI-9888,,I,365,
AMLSIM-CLI-9889,,I,365,
AMLSIM-CLI-9890,,I,365,
AMLSIM-CLI-9891,,I,365,
AMLSIM-CLI-9892,,I,365,
AMLSIM-CLI-9893,,I,365,
AMLSIM-CLI-9894,,I,365,
AMLSIM-CLI-9895,,I,365,
AMLSIM-CLI-9896,,I,365,
AMLSIM-CLI-9897,,I,365,
AMLSIM-CLI-9898,,I,365,
AMLSIM-CLI-9899,,I,365,
AMLSIM-CLI-9900,,I,365,
AMLSIM-CLI-9901,,I,365,
AMLSIM-CLI-9902,,I,365,
AMLSIM-CLI-9903,,I,365,
AMLSIM-CLI-9904,,I,365,
AMLSIM-CLI-9905,,I,365,
AMLSIM-CLI-9906,,I,365,
AMLSIM-CLI-9907,,I,365,
AMLSIM-CLI-9908,,I,365,
AMLSIM-CLI-9909,,I,365,
AMLSIM-CLI-9910,,I,365,
AMLSIM-CLI-9911,,I,365,
AMLSIM-CLI-9912,,I,365,
AMLSIM-CLI-9913,,I,365,
AMLSIM-CLI-9914,,I,365,
AMLSIM-CLI-9915,,I,365,
AMLSIM-CLI-9916,,I,365,
AMLSIM-CLI-9917,,I,365,
AMLSIM-CLI-9918,,I,365,
AMLSIM-CLI-9919,,I,365,
AMLSIM-CLI-9920,,I,365,
AMLSIM-CLI-9921,,I,365,
AMLSIM-CLI-9922,,I,365,
AMLSIM-CLI-9923,,I,365,
AMLSIM-CLI-9924,,I,365,
AMLSIM-CLI-9925,,I,365,
AMLSIM-CLI-9926,,I,365,
AMLSIM-CLI-9927,,I,365,
AMLSIM-CLI-9928,,I,365,
AMLSIM-CLI-9929,,I,365,
AMLSIM-CLI-9930,,I,365,
AMLSIM-CLI-9931,,I,365,
AMLSIM-CLI-9932,,I,365,
AMLSIM-CLI-9933,,I,365,
AMLSIM-CLI-9934,,I,365,
AMLSIM-CLI-9935,,I,365,
AMLSIM-CLI-9936,,I,365,
AMLSIM-CLI-9937,,I,365,
AMLSIM-CLI-9938,,I,365,
AMLSIM-CLI-9939,,I,365,
AMLSIM-CLI-9940,,I,365,
AMLSIM-CLI-9941,,I,365,
AMLSIM-CLI-9942,,I,365,
AMLSIM-CLI-9943,,I,365,
AMLSIM-CLI-9944,,I,365,
AMLSIM-CLI-9945,,I,365,
AMLSIM-CLI-9946,,I,365,
AMLSIM-CLI-9947,,I,365,
AMLSIM-CLI-9948,,I,365,
AMLSIM-CLI-9949,,I,365,
AMLSIM-CLI-9950,,I,365,
AMLSIM-CLI-9951,,I,365,
AMLSIM-CLI-9952,,I,365,
AMLSIM-CLI-9953,,I,365,
AMLSIM-CLI-9954,,I,365,
AMLSIM-CLI-9955,,I,365,
AMLSIM-CLI-9956,,I,365,
AMLSIM-CLI-9957,,I,365,
AMLSIM-CLI-9958,,I,365,
AMLSIM-CLI-9959,,I,365,
AMLSIM-CLI-9960,,I,365,
AMLSIM-CLI-9961,,I,365,
AMLSIM-CLI-9962,,I,365,
AMLSIM-CLI-9963,,I,365,
AMLSIM-CLI-9964,,I,365,
AMLSIM-CLI-9965,,I,365,
AMLSIM-CLI-9966,,I,365,
AMLSIM-CLI-9967,,I,365,
AMLSIM-CLI-9968,,I,365,
AMLSIM-CLI-9969,,I,365,
AMLSIM-CLI-9970,,I,365,
AMLSIM-CLI-9971,,I,365,
AMLSIM-CLI-9972,,I,365,
AMLSIM-CLI-9973,,I,365,
AMLSIM-CLI-9974,,I,365,
AMLSIM-CLI-9975,,I,365,
AMLSIM-CLI-9976,,I,365,
AMLSIM-CLI-9977,,I,365,
AMLSIM-CLI-9978,,I,365,
AMLSIM-CLI-9979,,I,365,
AMLSIM-CLI-9980,,I,365,
AMLSIM-CLI-9981,,I,365,
AMLSIM-CLI-9982,,I,365,
AMLSIM-CLI-9983,,I,365,
AMLSIM-CLI-9984,,I,365,
AMLSIM-CLI-9985,,I,365,
AMLSIM-CLI-9986,,I,365,
AMLSIM-CLI-9987,,I,365,
AMLSIM-CLI-9988,,I,365,
AMLSIM-CLI-9989,,I,365,
AMLSIM-CLI-9990,,I,365,
AMLSIM-CLI-9991,,I,365,
AMLSIM-CLI-9992,,I,365,
AMLSIM-CLI-9993,,I,365,
AMLSIM-CLI-9994,,I,365,
AMLSIM-CLI-9995,,I,365,
AMLSIM-CLI-9996,,I,365,
AMLSIM-CLI-9997,,I,365,
AMLSIM-CLI-9998,,I,365,
AMLSIM-CLI-9999,,I,365,
AMLSIM-CLI-10000,,I,365,
AMLSIM-CLI-10001,,I,365,
AMLSIM-CLI-10002,,I,365,
AMLSIM-CLI-10003,,I,365,
AMLSIM-CLI-10004,,I,365,
AMLSIM-CLI-10005,,I,365,
AMLSIM-CLI-10006,,I,365,
AMLSIM-CLI-10007,,I,365,
AMLSIM-CLI-10008,,I,365,
AMLSIM-CLI-10009,,I,365,
AMLSIM-CLI-10010,,I,365,
AMLSIM-CLI-10011,,I,365,
AMLSIM-CLI-10012,,I,365,
AMLSIM-CLI-10013,,I,365,
AMLSIM-CLI-10014,,I,365,
AMLSIM-CLI-10015,,I,365,
AMLSIM-CLI-10016,,I,365,
AMLSIM-CLI-10017,,I,365,
AMLSIM-CLI-10018,,I,365,
AMLSIM-CLI-10019,,I,365,
AMLSIM-CLI-10020,,I,365,
AMLSIM-CLI-10021,,I,365,
AMLSIM-CLI-10022,,I,365,
AMLSIM-CLI-10023,,I,365,
AMLSIM-CLI-10024,,I,365,
AMLSIM-CLI-10025,,I,365,
AMLSIM-CLI-10026,,I,365,
AMLSIM-CLI-10027,,I,365,
AMLSIM-CLI-10028,,I,365,
AMLSIM-CLI-10029,,I,365,
AMLSIM-CLI-10030,,I,365,
AMLSIM-CLI-10031,,I,365,
AMLSIM-CLI-10032,,I,365,
AMLSIM-CLI-10033,,I,365,
AMLSIM-CLI-10034,,I,365,
AMLSIM-CLI-10035,,I,365,
AMLSIM-CLI-10036,,I,365,
AMLSIM-CLI-10037,,I,365,
AMLSIM-CLI-10038,,I,365,
AMLSIM-CLI-10039,,I,365,
AMLSIM-CLI-10040,,I,365,
AMLSIM-CLI-10041,,I,365,
AMLSIM-CLI-10042,,I,365,
AMLSIM-CLI-10043,,I,365,
AMLSIM-CLI-10044,,I,365,
AMLSIM-CLI-10045,,I,365,
AMLSIM-CLI-10046,,I,365,
AMLSIM-CLI-10047,,I,365,
AMLSIM-CLI-10048,,I,365,
AMLSIM-CLI-10049,,I,365,
AMLSIM-CLI-10050,,I,365,
AMLSIM-CLI-10051,,I,365,
AMLSIM-CLI-10052,,I,365,
AMLSIM-CLI-10053,,I,365,
AMLSIM-CLI-10054,,I,365,
AMLSIM-CLI-10055,,I,365,
AMLSIM-CLI-10056,,I,365,
AMLSIM-CLI-10057,,I,365,
AMLSIM-CLI-10058,,I,365,
AMLSIM-CLI-10059,,I,365,
AMLSIM-CLI-10060,,I,365,
AMLSIM-CLI-10061,,I,365,
AMLSIM-CLI-10062,,I,365,
AMLSIM-CLI-10063,,I,365,
AMLSIM-CLI-10064,,I,365,
AMLSIM-CLI-10065,,I,365,
AMLSIM-CLI-10066,,I,365,
AMLSIM-CLI-10067,,I,365,
AMLSIM-CLI-10068,,I,365,
AMLSIM-CLI-10069,,I,365,
AMLSIM-CLI-10070,,I,365,
AMLSIM-CLI-10071,,I,365,
AMLSIM-CLI-10072,,I,365,
AMLSIM-CLI-10073,,I,365,
AMLSIM-CLI-10074,,I,365,
AMLSIM-CLI-10075,,I,365,
AMLSIM-CLI-10076,,I,365,
AMLSIM-CLI-10077,,I,365,
AMLSIM-CLI-10078,,I,365,
AMLSIM-CLI-10079,,I,365,
AMLSIM-CLI-10080,,I,365,
AMLSIM-CLI-10081,,I,365,
AMLSIM-CLI-10082,,I,365,
AMLSIM-CLI-10083,,I,365,
AMLSIM-CLI-10084,,I,365,
AMLSIM-CLI-10085,,I,365,
AMLSIM-CLI-10086,,I,365,
AMLSIM-CLI-10087,,I,365,
AMLSIM-CLI-10088,,I,365,
AMLSIM-CLI-10089,,I,365,
AMLSIM-CLI-10090,,I,365,
AMLSIM-CLI-10091,,I,365,
AMLSIM-CLI-10092,,I,365,
AMLSIM-CLI-10093,,I,365,
AMLSIM-CLI-10094,,I,365,
AMLSIM-CLI-10095,,I,365,
AMLSIM-CLI-10096,,I,365,
AMLSIM-CLI-10097,,I,365,
AMLSIM-CLI-10098,,I,365,
AMLSIM-CLI-10099,,I,365,
AMLSIM-CLI-10100,,I,365,
AMLSIM-CLI-10101,,I,365,
AMLSIM-CLI-10102,,I,365,
AMLSIM-CLI-10103,,I,365,
AMLSIM-CLI-10104,,I,365,
AMLSIM-CLI-10105,,I,365,
AMLSIM-CLI-10106,,I,365,
AMLSIM-CLI-10107,,I,365,
AMLSIM-CLI-10108,,I,365,
AMLSIM-CLI-10109,,I,365,
AMLSIM-CLI-10110,,I,365,
AMLSIM-CLI-10111,,I,365,
AMLSIM-CLI-10112,,I,365,
AMLSIM-CLI-10113,,I,365,
AMLSIM-CLI-10114,,I,365,
AMLSIM-CLI-10115,,I,365,
AMLSIM-CLI-10116,,I,365,
AMLSIM-CLI-10117,,I,365,
AMLSIM-CLI-10118,,I,365,
AMLSIM-CLI-10119,,I,365,
AMLSIM-CLI-10120,,I,365,
AMLSIM-CLI-10121,,I,365,
AMLSIM-CLI-10122,,I,365,
AMLSIM-CLI-10123,,I,365,
AMLSIM-CLI-10124,,I,365,
AMLSIM-CLI-10125,,I,365,
AMLSIM-CLI-10126,,I,365,
AMLSIM-CLI-10127,,I,365,
AMLSIM-CLI-10128,,I,365,
AMLSIM-CLI-10129,,I,365,
AMLSIM-CLI-10130,,I,365,
AMLSIM-CLI-10131,,I,365,
AMLSIM-CLI-10132,,I,365,
AMLSIM-CLI-10133,,I,365,
AMLSIM-CLI-10134,,I,365,
AMLSIM-CLI-10135,,I,365,
AMLSIM-CLI-10136,,I,365,
AMLSIM-CLI-10137,,I,365,
AMLSIM-CLI-10138,,I,365,
AMLSIM-CLI-10139,,I,365,
AMLSIM-CLI-10140,,I,365,
AMLSIM-CLI-10141,,I,365,
AMLSIM-CLI-10142,,I,365,
AMLSIM-CLI-10143,,I,365,
AMLSIM-CLI-10144,,I,365,
AMLSIM-CLI-10145,,I,365,
AMLSIM-CLI-10146,,I,365,
AMLSIM-CLI-10147,,I,365,
AMLSIM-CLI-10148,,I,365,
AMLSIM-CLI-10149,,I,365,
AMLSIM-CLI-10150,,I,365,
AMLSIM-CLI-10151,,I,365,
AMLSIM-CLI-10152,,I,365,
AMLSIM-CLI-10153,,I,365,
AMLSIM-CLI-10154,,I,365,
AMLSIM-CLI-10155,,I,365,
AMLSIM-CLI-10156,,I,365,
AMLSIM-CLI-10157,,I,365,
AMLSIM-CLI-10158,,I,365,
AMLSIM-CLI-10159,,I,365,
AMLSIM-CLI-10160,,I,365,
AMLSIM-CLI-10161,,I,365,
AMLSIM-CLI-10162,,I,365,
AMLSIM-CLI-10163,,I,365,
AMLSIM-CLI-10164,,I,365,
AMLSIM-CLI-10165,,I,365,
AMLSIM-CLI-10166,,I,365,
AMLSIM-CLI-10167,,I,365,
AMLSIM-CLI-10168,,I,365,
AMLSIM-CLI-10169,,I,365,
AMLSIM-CLI-10170,,I,365,
AMLSIM-CLI-10171,,I,365,
AMLSIM-CLI-10172,,I,365,
AMLSIM-CLI-10173,,I,365,
AMLSIM-CLI-10174,,I,365,
AMLSIM-CLI-10175,,I,365,
AMLSIM-CLI-10176,,I,365,
AMLSIM-CLI-10177,,I,365,
AMLSIM-CLI-10178,,I,365,
AMLSIM-CLI-10179,,I,365,
AMLSIM-CLI-10180,,I,365,
AMLSIM-CLI-10181,,I,365,
AMLSIM-CLI-10182,,I,365,
AMLSIM-CLI-10183,,I,365,
AMLSIM-CLI-10184,,I,365,
AMLSIM-CLI-10185,,I,365,
AMLSIM-CLI-10186,,I,365,
AMLSIM-CLI-10187,,I,365,
AMLSIM-CLI-10188,,I,365,
AMLSIM-CLI-10189,,I,365,
AMLSIM-CLI-10190,,I,365,
AMLSIM-CLI-10191,,I,365,
AMLSIM-CLI-10192,,I,365,
AMLSIM-CLI-10193,,I,365,
AMLSIM-CLI-10194,,I,365,
AMLSIM-CLI-10195,,I,365,
AMLSIM-CLI-10196,,I,365,
AMLSIM-CLI-10197,,I,365,
AMLSIM-CLI-10198,,I,365,
AMLSIM-CLI-10199,,I,365,
AMLSIM-CLI-10200,,I,365,
AMLSIM-CLI-10201,,I,365,
AMLSIM-CLI-10202,,I,365,
AMLSIM-CLI-10203,,I,365,
AMLSIM-CLI-10204,,I,365,
AMLSIM-CLI-10205,,I,365,
AMLSIM-CLI-10206,,I,365,
AMLSIM-CLI-10207,,I,365,
AMLSIM-CLI-10208,,I,365,
AMLSIM-CLI-10209,,I,365,
AMLSIM-CLI-10210,,I,365,
AMLSIM-CLI-10211,,I,365,
AMLSIM-CLI-10212,,I,365,
AMLSIM-CLI-10213,,I,365,
AMLSIM-CLI-10214,,I,365,
AMLSIM-CLI-10215,,I,365,
AMLSIM-CLI-10216,,I,365,
AMLSIM-CLI-10217,,I,365,
AMLSIM-CLI-10218,,I,365,
AMLSIM-CLI-10219,,I,365,
AMLSIM-CLI-10220,,I,365,
AMLSIM-CLI-10221,,I,365,
AMLSIM-CLI-10222,,I,365,
AMLSIM-CLI-10223,,I,365,
AMLSIM-CLI-10224,,I,365,
AMLSIM-CLI-10225,,I,365,
AMLSIM-CLI-10226,,I,365,
AMLSIM-CLI-10227,,I,365,
AMLSIM-CLI-10228,,I,365,
AMLSIM-CLI-10229,,I,365,
AMLSIM-CLI-10230,,I,365,
AMLSIM-CLI-10231,,I,365,
AMLSIM-CLI-10232,,I,365,
AMLSIM-CLI-10233,,I,365,
AMLSIM-CLI-10234,,I,365,
AMLSIM-CLI-10235,,I,365,
AMLSIM-CLI-10236,,I,365,
AMLSIM-CLI-10237,,I,365,
AMLSIM-CLI-10238,,I,365,
AMLSIM-CLI-10239,,I,365,
AMLSIM-CLI-10240,,I,365,
AMLSIM-CLI-10241,,I,365,
AMLSIM-CLI-10242,,I,365,
AMLSIM-CLI-10243,,I,365,
AMLSIM-CLI-10244,,I,365,
AMLSIM-CLI-10245,,I,365,
AMLSIM-CLI-10246,,I,365,
AMLSIM-CLI-10247,,I,365,
AMLSIM-CLI-10248,,I,365,
AMLSIM-CLI-10249,,I,365,
AMLSIM-CLI-10250,,I,365,
AMLSIM-CLI-10251,,I,365,
AMLSIM-CLI-10252,,I,365,
AMLSIM-CLI-10253,,I,365,
AMLSIM-CLI-10254,,I,365,
AMLSIM-CLI-10255,,I,365,
AMLSIM-CLI-10256,,I,365,
AMLSIM-CLI-10257,,I,365,
AMLSIM-CLI-10258,,I,365,
AMLSIM-CLI-10259,,I,365,
AMLSIM-CLI-10260,,I,365,
AMLSIM-CLI-10261,,I,365,
AMLSIM-CLI-10262,,I,365,
AMLSIM-CLI-10263,,I,365,
AMLSIM-CLI-10264,,I,365,
AMLSIM-CLI-10265,,I,365,
AMLSIM-CLI-10266,,I,365,
AMLSIM-CLI-10267,,I,365,
AMLSIM-CLI-10268,,I,365,
AMLSIM-CLI-10269,,I,365,
AMLSIM-CLI-10270,,I,365,
AMLSIM-CLI-10271,,I,365,
AMLSIM-CLI-10272,,I,365,
AMLSIM-CLI-10273,,I,365,
AMLSIM-CLI-10274,,I,365,
AMLSIM-CLI-10275,,I,365,
AMLSIM-CLI-10276,,I,365,
AMLSIM-CLI-10277,,I,365,
AMLSIM-CLI-10278,,I,365,
AMLSIM-CLI-10279,,I,365,
AMLSIM-CLI-10280,,I,365,
AMLSIM-CLI-10281,,I,365,
AMLSIM-CLI-10282,,I,365,
AMLSIM-CLI-10283,,I,365,
AMLSIM-CLI-10284,,I,365,
AMLSIM-CLI-10285,,I,365,
AMLSIM-CLI-10286,,I,365,
AMLSIM-CLI-10287,,I,365,
AMLSIM-CLI-10288,,I,365,
AMLSIM-CLI-10289,,I,365,
AMLSIM-CLI-10290,,I,365,
AMLSIM-CLI-10291,,I,365,
AMLSIM-CLI-10292,,I,365,
AMLSIM-CLI-10293,,I,365,
AMLSIM-CLI-10294,,I,365,
AMLSIM-CLI-10295,,I,365,
AMLSIM-CLI-10296,,I,365,
AMLSIM-CLI-10297,,I,365,
AMLSIM-CLI-10298,,I,365,
AMLSIM-CLI-10299,,I,365,
AMLSIM-CLI-10300,,I,365,
AMLSIM-CLI-10301,,I,365,
AMLSIM-CLI-10302,,I,365,
AMLSIM-CLI-10303,,I,365,
AMLSIM-CLI-10304,,I,365,
AMLSIM-CLI-10305,,I,365,
AMLSIM-CLI-10306,,I,365,
AMLSIM-CLI-10307,,I,365,
AMLSIM-CLI-10308,,I,365,
AMLSIM-CLI-10309,,I,365,
AMLSIM-CLI-10310,,I,365,
AMLSIM-CLI-10311,,I,365,
AMLSIM-CLI-10312,,I,365,
AMLSIM-CLI-10313,,I,365,
AMLSIM-CLI-10314,,I,365,
AMLSIM-CLI-10315,,I,365,
AMLSIM-CLI-10316,,I,365,
AMLSIM-CLI-10317,,I,365,
AMLSIM-CLI-10318,,I,365,
AMLSIM-CLI-10319,,I,365,
AMLSIM-CLI-10320,,I,365,
AMLSIM-CLI-10321,,I,365,
AMLSIM-CLI-10322,,I,365,
AMLSIM-CLI-10323,,I,365,
AMLSIM-CLI-10324,,I,365,
AMLSIM-CLI-10325,,I,365,
AMLSIM-CLI-10326,,I,365,
AMLSIM-CLI-10327,,I,365,
AMLSIM-CLI-10328,,I,365,
AMLSIM-CLI-10329,,I,365,
AMLSIM-CLI-10330,,I,365,
AMLSIM-CLI-10331,,I,365,
AMLSIM-CLI-10332,,I,365,
AMLSIM-CLI-10333,,I,365,
AMLSIM-CLI-10334,,I,365,
AMLSIM-CLI-10335,,I,365,
AMLSIM-CLI-10336,,I,365,
AMLSIM-CLI-10337,,I,365,
AMLSIM-CLI-10338,,I,365,
AMLSIM-CLI-10339,,I,365,
AMLSIM-CLI-10340,,I,365,
AMLSIM-CLI-10341,,I,365,
AMLSIM-CLI-10342,,I,365,
AMLSIM-CLI-10343,,I,365,
AMLSIM-CLI-10344,,I,365,
AMLSIM-CLI-10345,,I,365,
AMLSIM-CLI-10346,,I,365,
AMLSIM-CLI-10347,,I,365,
AMLSIM-CLI-10348,,I,365,
AMLSIM-CLI-10349,,I,365,
AMLSIM-CLI-10350,,I,365,
AMLSIM-CLI-10351,,I,365,
AMLSIM-CLI-10352,,I,365,
AMLSIM-CLI-10353,,I,365,
AMLSIM-CLI-10354,,I,365,
AMLSIM-CLI-10355,,I,365,
AMLSIM-CLI-10356,,I,365,
AMLSIM-CLI-10357,,I,365,
AMLSIM-CLI-10358,,I,365,
AMLSIM-CLI-10359,,I,365,
AMLSIM-CLI-10360,,I,365,
AMLSIM-CLI-10361,,I,365,
AMLSIM-CLI-10362,,I,365,
AMLSIM-CLI-10363,,I,365,
AMLSIM-CLI-10364,,I,365,
AMLSIM-CLI-10365,,I,365,
AMLSIM-CLI-10366,,I,365,
AMLSIM-CLI-10367,,I,365,
AMLSIM-CLI-10368,,I,365,
AMLSIM-CLI-10369,,I,365,
AMLSIM-CLI-10370,,I,365,
AMLSIM-CLI-10371,,I,365,
AMLSIM-CLI-10372,,I,365,
AMLSIM-CLI-10373,,I,365,
AMLSIM-CLI-10374,,I,365,
AMLSIM-CLI-10375,,I,365,
AMLSIM-CLI-10376,,I,365,
AMLSIM-CLI-10377,,I,365,
AMLSIM-CLI-10378,,I,365,
AMLSIM-CLI-10379,,I,365,
AMLSIM-CLI-10380,,I,365,
AMLSIM-CLI-10381,,I,365,
AMLSIM-CLI-10382,,I,365,
AMLSIM-CLI-10383,,I,365,
AMLSIM-CLI-10384,,I,365,
AMLSIM-CLI-10385,,I,365,
AMLSIM-CLI-10386,,I,365,
AMLSIM-CLI-10387,,I,365,
AMLSIM-CLI-10388,,I,365,
AMLSIM-CLI-10389,,I,365,
AMLSIM-CLI-10390,,I,365,
AMLSIM-CLI-10391,,I,365,
AMLSIM-CLI-10392,,I,365,
AMLSIM-CLI-10393,,I,365,
AMLSIM-CLI-10394,,I,365,
AMLSIM-CLI-10395,,I,365,
AMLSIM-CLI-10396,,I,365,
AMLSIM-CLI-10397,,I,365,
AMLSIM-CLI-10398,,I,365,
AMLSIM-CLI-10399,,I,365,
AMLSIM-CLI-10400,,I,365,
AMLSIM-CLI-10401,,I,365,
AMLSIM-CLI-10402,,I,365,
AMLSIM-CLI-10403,,I,365,
AMLSIM-CLI-10404,,I,365,
AMLSIM-CLI-10405,,I,365,
AMLSIM-CLI-10406,,I,365,
AMLSIM-CLI-10407,,I,365,
AMLSIM-CLI-10408,,I,365,
AMLSIM-CLI-10409,,I,365,
AMLSIM-CLI-10410,,I,365,
AMLSIM-CLI-10411,,I,365,
AMLSIM-CLI-10412,,I,365,
AMLSIM-CLI-10413,,I,365,
AMLSIM-CLI-10414,,I,365,
AMLSIM-CLI-10415,,I,365,
AMLSIM-CLI-10416,,I,365,
AMLSIM-CLI-10417,,I,365,
AMLSIM-CLI-10418,,I,365,
AMLSIM-CLI-10419,,I,365,
AMLSIM-CLI-10420,,I,365,
AMLSIM-CLI-10421,,I,365,
AMLSIM-CLI-10422,,I,365,
AMLSIM-CLI-10423,,I,365,
AMLSIM-CLI-10424,,I,365,
AMLSIM-CLI-10425,,I,365,
AMLSIM-CLI-10426,,I,365,
AMLSIM-CLI-10427,,I,365,
AMLSIM-CLI-10428,,I,365,
AMLSIM-CLI-10429,,I,365,
AMLSIM-CLI-10430,,I,365,
AMLSIM-CLI-10431,,I,365,
AMLSIM-CLI-10432,,I,365,
AMLSIM-CLI-10433,,I,365,
AMLSIM-CLI-10434,,I,365,
AMLSIM-CLI-10435,,I,365,
AMLSIM-CLI-10436,,I,365,
AMLSIM-CLI-10437,,I,365,
AMLSIM-CLI-10438,,I,365,
AMLSIM-CLI-10439,,I,365,
AMLSIM-CLI-10440,,I,365,
AMLSIM-CLI-10441,,I,365,
AMLSIM-CLI-10442,,I,365,
AMLSIM-CLI-10443,,I,365,
AMLSIM-CLI-10444,,I,365,
AMLSIM-CLI-10445,,I,365,
AMLSIM-CLI-10446,,I,365,
AMLSIM-CLI-10447,,I,365,
AMLSIM-CLI-10448,,I,365,
AMLSIM-CLI-10449,,I,365,
AMLSIM-CLI-10450,,I,365,
AMLSIM-CLI-10451,,I,365,
AMLSIM-CLI-10452,,I,365,
AMLSIM-CLI-10453,,I,365,
AMLSIM-CLI-10454,,I,365,
AMLSIM-CLI-10455,,I,365,
AMLSIM-CLI-10456,,I,365,
AMLSIM-CLI-10457,,I,365,
AMLSIM-CLI-10458,,I,365,
AMLSIM-CLI-10459,,I,365,
AMLSIM-CLI-10460,,I,365,
AMLSIM-CLI-10461,,I,365,
AMLSIM-CLI-10462,,I,365,
AMLSIM-CLI-10463,,I,365,
AMLSIM-CLI-10464,,I,365,
AMLSIM-CLI-10465,,I,365,
AMLSIM-CLI-10466,,I,365,
AMLSIM-CLI-10467,,I,365,
AMLSIM-CLI-10468,,I,365,
AMLSIM-CLI-10469,,I,365,
AMLSIM-CLI-10470,,I,365,
AMLSIM-CLI-10471,,I,365,
AMLSIM-CLI-10472,,I,365,
AMLSIM-CLI-10473,,I,365,
AMLSIM-CLI-10474,,I,365,
AMLSIM-CLI-10475,,I,365,
AMLSIM-CLI-10476,,I,365,
AMLSIM-CLI-10477,,I,365,
AMLSIM-CLI-10478,,I,365,
AMLSIM-CLI-10479,,I,365,
AMLSIM-CLI-10480,,I,365,
AMLSIM-CLI-10481,,I,365,
AMLSIM-CLI-10482,,I,365,
AMLSIM-CLI-10483,,I,365,
AMLSIM-CLI-10484,,I,365,
AMLSIM-CLI-10485,,I,365,
AMLSIM-CLI-10486,,I,365,
AMLSIM-CLI-10487,,I,365,
AMLSIM-CLI-10488,,I,365,
AMLSIM-CLI-10489,,I,365,
AMLSIM-CLI-10490,,I,365,
AMLSIM-CLI-10491,,I,365,
AMLSIM-CLI-10492,,I,365,
AMLSIM-CLI-10493,,I,365,
AMLSIM-CLI-10494,,I,365,
AMLSIM-CLI-10495,,I,365,
AMLSIM-CLI-10496,,I,365,
AMLSIM-CLI-10497,,I,365,
AMLSIM-CLI-10498,,I,365,
AMLSIM-CLI-10499,,I,365,
AMLSIM-CLI-10500,,I,365,
AMLSIM-CLI-10501,,I,365,
AMLSIM-CLI-10502,,I,365,
AMLSIM-CLI-10503,,I,365,
AMLSIM-CLI-10504,,I,365,
AMLSIM-CLI-10505,,I,365,
AMLSIM-CLI-10506,,I,365,
AMLSIM-CLI-10507,,I,365,
AMLSIM-CLI-10508,,I,365,
AMLSIM-CLI-10509,,I,365,
AMLSIM-CLI-10510,,I,365,
AMLSIM-CLI-10511,,I,365,
AMLSIM-CLI-10512,,I,365,
AMLSIM-CLI-10513,,I,365,
AMLSIM-CLI-10514,,I,365,
AMLSIM-CLI-10515,,I,365,
AMLSIM-CLI-10516,,I,365,
AMLSIM-CLI-10517,,I,365,
AMLSIM-CLI-10518,,I,365,
AMLSIM-CLI-10519,,I,365,
AMLSIM-CLI-10520,,I,365,
AMLSIM-CLI-10521,,I,365,
AMLSIM-CLI-10522,,I,365,
AMLSIM-CLI-10523,,I,365,
AMLSIM-CLI-10524,,I,365,
AMLSIM-CLI-10525,,I,365,
AMLSIM-CLI-10526,,I,365,
AMLSIM-CLI-10527,,I,365,
AMLSIM-CLI-10528,,I,365,
AMLSIM-CLI-10529,,I,365,
AMLSIM-CLI-10530,,I,365,
AMLSIM-CLI-10531,,I,365,
AMLSIM-CLI-10532,,I,365,
AMLSIM-CLI-10533,,I,365,
AMLSIM-CLI-10534,,I,365,
AMLSIM-CLI-10535,,I,365,
AMLSIM-CLI-10536,,I,365,
AMLSIM-CLI-10537,,I,365,
AMLSIM-CLI-10538,,I,365,
AMLSIM-CLI-10539,,I,365,
AMLSIM-CLI-10540,,I,365,
AMLSIM-CLI-10541,,I,365,
AMLSIM-CLI-10542,,I,365,
AMLSIM-CLI-10543,,I,365,
AMLSIM-CLI-10544,,I,365,
AMLSIM-CLI-10545,,I,365,
AMLSIM-CLI-10546,,I,365,
AMLSIM-CLI-10547,,I,365,
AMLSIM-CLI-10548,,I,365,
AMLSIM-CLI-10549,,I,365,
AMLSIM-CLI-10550,,I,365,
AMLSIM-CLI-10551,,I,365,
AMLSIM-CLI-10552,,I,365,
AMLSIM-CLI-10553,,I,365,
AMLSIM-CLI-10554,,I,365,
AMLSIM-CLI-10555,,I,365,
AMLSIM-CLI-10556,,I,365,
AMLSIM-CLI-10557,,I,365,
AMLSIM-CLI-10558,,I,365,
AMLSIM-CLI-10559,,I,365,
AMLSIM-CLI-10560,,I,365,
AMLSIM-CLI-10561,,I,365,
AMLSIM-CLI-10562,,I,365,
AMLSIM-CLI-10563,,I,365,
AMLSIM-CLI-10564,,I,365,
AMLSIM-CLI-10565,,I,365,
AMLSIM-CLI-10566,,I,365,
AMLSIM-CLI-10567,,I,365,
AMLSIM-CLI-10568,,I,365,
AMLSIM-CLI-10569,,I,365,
AMLSIM-CLI-10570,,I,365,
AMLSIM-CLI-10571,,I,365,
AMLSIM-CLI-10572,,I,365,
AMLSIM-CLI-10573,,I,365,
AMLSIM-CLI-10574,,I,365,
AMLSIM-CLI-10575,,I,365,
AMLSIM-CLI-10576,,I,365,
AMLSIM-CLI-10577,,I,365,
AMLSIM-CLI-10578,,I,365,
AMLSIM-CLI-10579,,I,365,
AMLSIM-CLI-10580,,I,365,
AMLSIM-CLI-10581,,I,365,
AMLSIM-CLI-10582,,I,365,
AMLSIM-CLI-10583,,I,365,
AMLSIM-CLI-10584,,I,365,
AMLSIM-CLI-10585,,I,365,
AMLSIM-CLI-10586,,I,365,
AMLSIM-CLI-10587,,I,365,
AMLSIM-CLI-10588,,I,365,
AMLSIM-CLI-10589,,I,365,
AMLSIM-CLI-10590,,I,365,
AMLSIM-CLI-10591,,I,365,
AMLSIM-CLI-10592,,I,365,
AMLSIM-CLI-10593,,I,365,
AMLSIM-CLI-10594,,I,365,
AMLSIM-CLI-10595,,I,365,
AMLSIM-CLI-10596,,I,365,
AMLSIM-CLI-10597,,I,365,
AMLSIM-CLI-10598,,I,365,
AMLSIM-CLI-10599,,I,365,
AMLSIM-CLI-10600,,I,365,
AMLSIM-CLI-10601,,I,365,
AMLSIM-CLI-10602,,I,365,
AMLSIM-CLI-10603,,I,365,
AMLSIM-CLI-10604,,I,365,
AMLSIM-CLI-10605,,I,365,
AMLSIM-CLI-10606,,I,365,
AMLSIM-CLI-10607,,I,365,
AMLSIM-CLI-10608,,I,365,
AMLSIM-CLI-10609,,I,365,
AMLSIM-CLI-10610,,I,365,
AMLSIM-CLI-10611,,I,365,
AMLSIM-CLI-10612,,I,365,
AMLSIM-CLI-10613,,I,365,
AMLSIM-CLI-10614,,I,365,
AMLSIM-CLI-10615,,I,365,
AMLSIM-CLI-10616,,I,365,
AMLSIM-CLI-10617,,I,365,
AMLSIM-CLI-10618,,I,365,
AMLSIM-CLI-10619,,I,365,
AMLSIM-CLI-10620,,I,365,
AMLSIM-CLI-10621,,I,365,
AMLSIM-CLI-10622,,I,365,
AMLSIM-CLI-10623,,I,365,
AMLSIM-CLI-10624,,I,365,
AMLSIM-CLI-10625,,I,365,
AMLSIM-CLI-10626,,I,365,
AMLSIM-CLI-10627,,I,365,
AMLSIM-CLI-10628,,I,365,
AMLSIM-CLI-10629,,I,365,
AMLSIM-CLI-10630,,I,365,
AMLSIM-CLI-10631,,I,365,
AMLSIM-CLI-10632,,I,365,
AMLSIM-CLI-10633,,I,365,
AMLSIM-CLI-10634,,I,365,
AMLSIM-CLI-10635,,I,365,
AMLSIM-CLI-10636,,I,365,
AMLSIM-CLI-10637,,I,365,
AMLSIM-CLI-10638,,I,365,
AMLSIM-CLI-10639,,I,365,
AMLSIM-CLI-10640,,I,365,
AMLSIM-CLI-10641,,I,365,
AMLSIM-CLI-10642,,I,365,
AMLSIM-CLI-10643,,I,365,
AMLSIM-CLI-10644,,I,365,
AMLSIM-CLI-10645,,I,365,
AMLSIM-CLI-10646,,I,365,
AMLSIM-CLI-10647,,I,365,
AMLSIM-CLI-10648,,I,365,
AMLSIM-CLI-10649,,I,365,
AMLSIM-CLI-10650,,I,365,
AMLSIM-CLI-10651,,I,365,
AMLSIM-CLI-10652,,I,365,
AMLSIM-CLI-10653,,I,365,
AMLSIM-CLI-10654,,I,365,
AMLSIM-CLI-10655,,I,365,
AMLSIM-CLI-10656,,I,365,
AMLSIM-CLI-10657,,I,365,
AMLSIM-CLI-10658,,I,365,
AMLSIM-CLI-10659,,I,365,
AMLSIM-CLI-10660,,I,365,
AMLSIM-CLI-10661,,I,365,
AMLSIM-CLI-10662,,I,365,
AMLSIM-CLI-10663,,I,365,
AMLSIM-CLI-10664,,I,365,
AMLSIM-CLI-10665,,I,365,
AMLSIM-CLI-10666,,I,365,
AMLSIM-CLI-10667,,I,365,
AMLSIM-CLI-10668,,I,365,
AMLSIM-CLI-10669,,I,365,
AMLSIM-CLI-10670,,I,365,
AMLSIM-CLI-10671,,I,365,
AMLSIM-CLI-10672,,I,365,
AMLSIM-CLI-10673,,I,365,
AMLSIM-CLI-10674,,I,365,
AMLSIM-CLI-10675,,I,365,
AMLSIM-CLI-10676,,I,365,
AMLSIM-CLI-10677,,I,365,
AMLSIM-CLI-10678,,I,365,
AMLSIM-CLI-10679,,I,365,
AMLSIM-CLI-10680,,I,365,
AMLSIM-CLI-10681,,I,365,
AMLSIM-CLI-10682,,I,365,
AMLSIM-CLI-10683,,I,365,
AMLSIM-CLI-10684,,I,365,
AMLSIM-CLI-10685,,I,365,
AMLSIM-CLI-10686,,I,365,
AMLSIM-CLI-10687,,I,365,
AMLSIM-CLI-10688,,I,365,
AMLSIM-CLI-10689,,I,365,
AMLSIM-CLI-10690,,I,365,
AMLSIM-CLI-10691,,I,365,
AMLSIM-CLI-10692,,I,365,
AMLSIM-CLI-10693,,I,365,
AMLSIM-CLI-10694,,I,365,
AMLSIM-CLI-10695,,I,365,
AMLSIM-CLI-10696,,I,365,
AMLSIM-CLI-10697,,I,365,
AMLSIM-CLI-10698,,I,365,
AMLSIM-CLI-10699,,I,365,
AMLSIM-CLI-10700,,I,365,
AMLSIM-CLI-10701,,I,365,
AMLSIM-CLI-10702,,I,365,
AMLSIM-CLI-10703,,I,365,
AMLSIM-CLI-10704,,I,365,
AMLSIM-CLI-10705,,I,365,
AMLSIM-CLI-10706,,I,365,
AMLSIM-CLI-10707,,I,365,
AMLSIM-CLI-10708,,I,365,
AMLSIM-CLI-10709,,I,365,
AMLSIM-CLI-10710,,I,365,
AMLSIM-CLI-10711,,I,365,
AMLSIM-CLI-10712,,I,365,
AMLSIM-CLI-10713,,I,365,
AMLSIM-CLI-10714,,I,365,
AMLSIM-CLI-10715,,I,365,
AMLSIM-CLI-10716,,I,365,
AMLSIM-CLI-10717,,I,365,
AMLSIM-CLI-10718,,I,365,
AMLSIM-CLI-10719,,I,365,
AMLSIM-CLI-10720,,I,365,
AMLSIM-CLI-10721,,I,365,
AMLSIM-CLI-10722,,I,365,
AMLSIM-CLI-10723,,I,365,
AMLSIM-CLI-10724,,I,365,
AMLSIM-CLI-10725,,I,365,
AMLSIM-CLI-10726,,I,365,
AMLSIM-CLI-10727,,I,365,
AMLSIM-CLI-10728,,I,365,
AMLSIM-CLI-10729,,I,365,
AMLSIM-CLI-10730,,I,365,
AMLSIM-CLI-10731,,I,365,
AMLSIM-CLI-10732,,I,365,
AMLSIM-CLI-10733,,I,365,
AMLSIM-CLI-10734,,I,365,
AMLSIM-CLI-10735,,I,365,
AMLSIM-CLI-10736,,I,365,
AMLSIM-CLI-10737,,I,365,
AMLSIM-CLI-10738,,I,365,
AMLSIM-CLI-10739,,I,365,
AMLSIM-CLI-10740,,I,365,
AMLSIM-CLI-10741,,I,365,
AMLSIM-CLI-10742,,I,365,
AMLSIM-CLI-10743,,I,365,
AMLSIM-CLI-10744,,I,365,
AMLSIM-CLI-10745,,I,365,
AMLSIM-CLI-10746,,I,365,
AMLSIM-CLI-10747,,I,365,
AMLSIM-CLI-10748,,I,365,
AMLSIM-CLI-10749,,I,365,
AMLSIM-CLI-10750,,I,365,
AMLSIM-CLI-10751,,I,365,
AMLSIM-CLI-10752,,I,365,
AMLSIM-CLI-10753,,I,365,
AMLSIM-CLI-10754,,I,365,
AMLSIM-CLI-10755,,I,365,
AMLSIM-CLI-10756,,I,365,
AMLSIM-CLI-10757,,I,365,
AMLSIM-CLI-10758,,I,365,
AMLSIM-CLI-10759,,I,365,
AMLSIM-CLI-10760,,I,365,
AMLSIM-CLI-10761,,I,365,
AMLSIM-CLI-10762,,I,365,
AMLSIM-CLI-10763,,I,365,
AMLSIM-CLI-10764,,I,365,
AMLSIM-CLI-10765,,I,365,
AMLSIM-CLI-10766,,I,365,
AMLSIM-CLI-10767,,I,365,
AMLSIM-CLI-10768,,I,365,
AMLSIM-CLI-10769,,I,365,
AMLSIM-CLI-10770,,I,365,
AMLSIM-CLI-10771,,I,365,
AMLSIM-CLI-10772,,I,365,
AMLSIM-CLI-10773,,I,365,
AMLSIM-CLI-10774,,I,365,
AMLSIM-CLI-10775,,I,365,
AMLSIM-CLI-10776,,I,365,
AMLSIM-CLI-10777,,I,365,
AMLSIM-CLI-10778,,I,365,
AMLSIM-CLI-10779,,I,365,
AMLSIM-CLI-10780,,I,365,
AMLSIM-CLI-10781,,I,365,
AMLSIM-CLI-10782,,I,365,
AMLSIM-CLI-10783,,I,365,
AMLSIM-CLI-10784,,I,365,
AMLSIM-CLI-10785,,I,365,
AMLSIM-CLI-10786,,I,365,
AMLSIM-CLI-10787,,I,365,
AMLSIM-CLI-10788,,I,365,
AMLSIM-CLI-10789,,I,365,
AMLSIM-CLI-10790,,I,365,
AMLSIM-CLI-10791,,I,365,
AMLSIM-CLI-10792,,I,365,
AMLSIM-CLI-10793,,I,365,
AMLSIM-CLI-10794,,I,365,
AMLSIM-CLI-10795,,I,365,
AMLSIM-CLI-10796,,I,365,
AMLSIM-CLI-10797,,I,365,
AMLSIM-CLI-10798,,I,365,
AMLSIM-CLI-10799,,I,365,
AMLSIM-CLI-10800,,I,365,
AMLSIM-CLI-10801,,I,365,
AMLSIM-CLI-10802,,I,365,
AMLSIM-CLI-10803,,I,365,
AMLSIM-CLI-10804,,I,365,
AMLSIM-CLI-10805,,I,365,
AMLSIM-CLI-10806,,I,365,
AMLSIM-CLI-10807,,I,365,
AMLSIM-CLI-10808,,I,365,
AMLSIM-CLI-10809,,I,365,
AMLSIM-CLI-10810,,I,365,
AMLSIM-CLI-10811,,I,365,
AMLSIM-CLI-10812,,I,365,
AMLSIM-CLI-10813,,I,365,
AMLSIM-CLI-10814,,I,365,
AMLSIM-CLI-10815,,I,365,
AMLSIM-CLI-10816,,I,365,
AMLSIM-CLI-10817,,I,365,
AMLSIM-CLI-10818,,I,365,
AMLSIM-CLI-10819,,I,365,
AMLSIM-CLI-10820,,I,365,
AMLSIM-CLI-10821,,I,365,
AMLSIM-CLI-10822,,I,365,
AMLSIM-CLI-10823,,I,365,
AMLSIM-CLI-10824,,I,365,
AMLSIM-CLI-10825,,I,365,
AMLSIM-CLI-10826,,I,365,
AMLSIM-CLI-10827,,I,365,
AMLSIM-CLI-10828,,I,365,
AMLSIM-CLI-10829,,I,365,
AMLSIM-CLI-10830,,I,365,
AMLSIM-CLI-10831,,I,365,
AMLSIM-CLI-10832,,I,365,
AMLSIM-CLI-10833,,I,365,
AMLSIM-CLI-10834,,I,365,
AMLSIM-CLI-10835,,I,365,
AMLSIM-CLI-10836,,I,365,
AMLSIM-CLI-10837,,I,365,
AMLSIM-CLI-10838,,I,365,
AMLSIM-CLI-10839,,I,365,
AMLSIM-CLI-10840,,I,365,
AMLSIM-CLI-10841,,I,365,
AMLSIM-CLI-10842,,I,365,
AMLSIM-CLI-10843,,I,365,
AMLSIM-CLI-10844,,I,365,
AMLSIM-CLI-10845,,I,365,
AMLSIM-CLI-10846,,I,365,
AMLSIM-CLI-10847,,I,365,
AMLSIM-CLI-10848,,I,365,
AMLSIM-CLI-10849,,I,365,
AMLSIM-CLI-10850,,I,365,
AMLSIM-CLI-10851,,I,365,
AMLSIM-CLI-10852,,I,365,
AMLSIM-CLI-10853,,I,365,
AMLSIM-CLI-10854,,I,365,
AMLSIM-CLI-10855,,I,365,
AMLSIM-CLI-10856,,I,365,
AMLSIM-CLI-10857,,I,365,
AMLSIM-CLI-10858,,I,365,
AMLSIM-CLI-10859,,I,365,
AMLSIM-CLI-10860,,I,365,
AMLSIM-CLI-10861,,I,365,
AMLSIM-CLI-10862,,I,365,
AMLSIM-CLI-10863,,I,365,
AMLSIM-CLI-10864,,I,365,
AMLSIM-CLI-10865,,I,365,
AMLSIM-CLI-10866,,I,365,
AMLSIM-CLI-10867,,I,365,
AMLSIM-CLI-10868,,I,365,
AMLSIM-CLI-10869,,I,365,
AMLSIM-CLI-10870,,I,365,
AMLSIM-CLI-10871,,I,365,
AMLSIM-CLI-10872,,I,365,
AMLSIM-CLI-10873,,I,365,
AMLSIM-CLI-10874,,I,365,
AMLSIM-CLI-10875,,I,365,
AMLSIM-CLI-10876,,I,365,
AMLSIM-CLI-10877,,I,365,
AMLSIM-CLI-10878,,I,365,
AMLSIM-CLI-10879,,I,365,
AMLSIM-CLI-10880,,I,365,
AMLSIM-CLI-10881,,I,365,
AMLSIM-CLI-10882,,I,365,
AMLSIM-CLI-10883,,I,365,
AMLSIM-CLI-10884,,I,365,
AMLSIM-CLI-10885,,I,365,
AMLSIM-CLI-10886,,I,365,
AMLSIM-CLI-10887,,I,365,
AMLSIM-CLI-10888,,I,365,
AMLSIM-CLI-10889,,I,365,
AMLSIM-CLI-10890,,I,365,
AMLSIM-CLI-10891,,I,365,
AMLSIM-CLI-10892,,I,365,
AMLSIM-CLI-10893,,I,365,
AMLSIM-CLI-10894,,I,365,
AMLSIM-CLI-10895,,I,365,
AMLSIM-CLI-10896,,I,365,
AMLSIM-CLI-10897,,I,365,
AMLSIM-CLI-10898,,I,365,
AMLSIM-CLI-10899,,I,365,
AMLSIM-CLI-10900,,I,365,
AMLSIM-CLI-10901,,I,365,
AMLSIM-CLI-10902,,I,365,
AMLSIM-CLI-10903,,I,365,
AMLSIM-CLI-10904,,I,365,
AMLSIM-CLI-10905,,I,365,
AMLSIM-CLI-10906,,I,365,
AMLSIM-CLI-10907,,I,365,
AMLSIM-CLI-10908,,I,365,
AMLSIM-CLI-10909,,I,365,
AMLSIM-CLI-10910,,I,365,
AMLSIM-CLI-10911,,I,365,
AMLSIM-CLI-10912,,I,365,
AMLSIM-CLI-10913,,I,365,
AMLSIM-CLI-10914,,I,365,
AMLSIM-CLI-10915,,I,365,
AMLSIM-CLI-10916,,I,365,
AMLSIM-CLI-10917,,I,365,
AMLSIM-CLI-10918,,I,365,
AMLSIM-CLI-10919,,I,365,
AMLSIM-CLI-10920,,I,365,
AMLSIM-CLI-10921,,I,365,
AMLSIM-CLI-10922,,I,365,
AMLSIM-CLI-10923,,I,365,
AMLSIM-CLI-10924,,I,365,
AMLSIM-CLI-10925,,I,365,
AMLSIM-CLI-10926,,I,365,
AMLSIM-CLI-10927,,I,365,
AMLSIM-CLI-10928,,I,365,
AMLSIM-CLI-10929,,I,365,
AMLSIM-CLI-10930,,I,365,
AMLSIM-CLI-10931,,I,365,
AMLSIM-CLI-10932,,I,365,
AMLSIM-CLI-10933,,I,365,
AMLSIM-CLI-10934,,I,365,
AMLSIM-CLI-10935,,I,365,
AMLSIM-CLI-10936,,I,365,
AMLSIM-CLI-10937,,I,365,
AMLSIM-CLI-10938,,I,365,
AMLSIM-CLI-10939,,I,365,
AMLSIM-CLI-10940,,I,365,
AMLSIM-CLI-10941,,I,365,
AMLSIM-CLI-10942,,I,365,
AMLSIM-CLI-10943,,I,365,
AMLSIM-CLI-10944,,I,365,
AMLSIM-CLI-10945,,I,365,
AMLSIM-CLI-10946,,I,365,
AMLSIM-CLI-10947,,I,365,
AMLSIM-CLI-10948,,I,365,
AMLSIM-CLI-10949,,I,365,
AMLSIM-CLI-10950,,I,365,
AMLSIM-CLI-10951,,I,365,
AMLSIM-CLI-10952,,I,365,
AMLSIM-CLI-10953,,I,365,
AMLSIM-CLI-10954,,I,365,
AMLSIM-CLI-10955,,I,365,
AMLSIM-CLI-10956,,I,365,
AMLSIM-CLI-10957,,I,365,
AMLSIM-CLI-10958,,I,365,
AMLSIM-CLI-10959,,I,365,
AMLSIM-CLI-10960,,I,365,
AMLSIM-CLI-10961,,I,365,
AMLSIM-CLI-10962,,I,365,
AMLSIM-CLI-10963,,I,365,
AMLSIM-CLI-10964,,I,365,
AMLSIM-CLI-10965,,I,365,
AMLSIM-CLI-10966,,I,365,
AMLSIM-CLI-10967,,I,365,
AMLSIM-CLI-10968,,I,365,
AMLSIM-CLI-10969,,I,365,
AMLSIM-CLI-10970,,I,365,
AMLSIM-CLI-10971,,I,365,
AMLSIM-CLI-10972,,I,365,
AMLSIM-CLI-10973,,I,365,
AMLSIM-CLI-10974,,I,365,
AMLSIM-CLI-10975,,I,365,
AMLSIM-CLI-10976,,I,365,
AMLSIM-CLI-10977,,I,365,
AMLSIM-CLI-10978,,I,365,
AMLSIM-CLI-10979,,I,365,
AMLSIM-CLI-10980,,I,365,
AMLSIM-CLI-10981,,I,365,
AMLSIM-CLI-10982,,I,365,
AMLSIM-CLI-10983,,I,365,
AMLSIM-CLI-10984,,I,365,
AMLSIM-CLI-10985,,I,365,
AMLSIM-CLI-10986,,I,365,
AMLSIM-CLI-10987,,I,365,
AMLSIM-CLI-10988,,I,365,
AMLSIM-CLI-10989,,I,365,
AMLSIM-CLI-10990,,I,365,
AMLSIM-CLI-10991,,I,365,
AMLSIM-CLI-10992,,I,365,
AMLSIM-CLI-10993,,I,365,
AMLSIM-CLI-10994,,I,365,
AMLSIM-CLI-10995,,I,365,
AMLSIM-CLI-10996,,I,365,
AMLSIM-CLI-10997,,I,365,
AMLSIM-CLI-10998,,I,365,
AMLSIM-CLI-10999,,I,365,
AMLSIM-CLI-11000,,I,365,
AMLSIM-CLI-11001,,I,365,
AMLSIM-CLI-11002,,I,365,
AMLSIM-CLI-11003,,I,365,
AMLSIM-CLI-11004,,I,365,
AMLSIM-CLI-11005,,I,365,
AMLSIM-CLI-11006,,I,365,
AMLSIM-CLI-11007,,I,365,
AMLSIM-CLI-11008,,I,365,
AMLSIM-CLI-11009,,I,365,
AMLSIM-CLI-11010,,I,365,
AMLSIM-CLI-11011,,I,365,
AMLSIM-CLI-11012,,I,365,
AMLSIM-CLI-11013,,I,365,
AMLSIM-CLI-11014,,I,365,
AMLSIM-CLI-11015,,I,365,
AMLSIM-CLI-11016,,I,365,
AMLSIM-CLI-11017,,I,365,
AMLSIM-CLI-11018,,I,365,
AMLSIM-CLI-11019,,I,365,
AMLSIM-CLI-11020,,I,365,
AMLSIM-CLI-11021,,I,365,
AMLSIM-CLI-11022,,I,365,
AMLSIM-CLI-11023,,I,365,
AMLSIM-CLI-11024,,I,365,
AMLSIM-CLI-11025,,I,365,
AMLSIM-CLI-11026,,I,365,
AMLSIM-CLI-11027,,I,365,
AMLSIM-CLI-11028,,I,365,
AMLSIM-CLI-11029,,I,365,
AMLSIM-CLI-11030,,I,365,
AMLSIM-CLI-11031,,I,365,
AMLSIM-CLI-11032,,I,365,
AMLSIM-CLI-11033,,I,365,
AMLSIM-CLI-11034,,I,365,
AMLSIM-CLI-11035,,I,365,
AMLSIM-CLI-11036,,I,365,
AMLSIM-CLI-11037,,I,365,
AMLSIM-CLI-11038,,I,365,
AMLSIM-CLI-11039,,I,365,
AMLSIM-CLI-11040,,I,365,
AMLSIM-CLI-11041,,I,365,
AMLSIM-CLI-11042,,I,365,
AMLSIM-CLI-11043,,I,365,
AMLSIM-CLI-11044,,I,365,
AMLSIM-CLI-11045,,I,365,
AMLSIM-CLI-11046,,I,365,
AMLSIM-CLI-11047,,I,365,
AMLSIM-CLI-11048,,I,365,
AMLSIM-CLI-11049,,I,365,
AMLSIM-CLI-11050,,I,365,
AMLSIM-CLI-11051,,I,365,
AMLSIM-CLI-11052,,I,365,
AMLSIM-CLI-11053,,I,365,
AMLSIM-CLI-11054,,I,365,
AMLSIM-CLI-11055,,I,365,
AMLSIM-CLI-11056,,I,365,
AMLSIM-CLI-11057,,I,365,
AMLSIM-CLI-11058,,I,365,
AMLSIM-CLI-11059,,I,365,
AMLSIM-CLI-11060,,I,365,
AMLSIM-CLI-11061,,I,365,
AMLSIM-CLI-11062,,I,365,
AMLSIM-CLI-11063,,I,365,
AMLSIM-CLI-11064,,I,365,
AMLSIM-CLI-11065,,I,365,
AMLSIM-CLI-11066,,I,365,
AMLSIM-CLI-11067,,I,365,
AMLSIM-CLI-11068,,I,365,
AMLSIM-CLI-11069,,I,365,
AMLSIM-CLI-11070,,I,365,
AMLSIM-CLI-11071,,I,365,
AMLSIM-CLI-11072,,I,365,
AMLSIM-CLI-11073,,I,365,
AMLSIM-CLI-11074,,I,365,
AMLSIM-CLI-11075,,I,365,
AMLSIM-CLI-11076,,I,365,
AMLSIM-CLI-11077,,I,365,
AMLSIM-CLI-11078,,I,365,
AMLSIM-CLI-11079,,I,365,
AMLSIM-CLI-11080,,I,365,
AMLSIM-CLI-11081,,I,365,
AMLSIM-CLI-11082,,I,365,
AMLSIM-CLI-11083,,I,365,
AMLSIM-CLI-11084,,I,365,
AMLSIM-CLI-11085,,I,365,
AMLSIM-CLI-11086,,I,365,
AMLSIM-CLI-11087,,I,365,
AMLSIM-CLI-11088,,I,365,
AMLSIM-CLI-11089,,I,365,
AMLSIM-CLI-11090,,I,365,
AMLSIM-CLI-11091,,I,365,
AMLSIM-CLI-11092,,I,365,
AMLSIM-CLI-11093,,I,365,
AMLSIM-CLI-11094,,I,365,
AMLSIM-CLI-11095,,I,365,
AMLSIM-CLI-11096,,I,365,
AMLSIM-CLI-11097,,I,365,
AMLSIM-CLI-11098,,I,365,
AMLSIM-CLI-11099,,I,365,
AMLSIM-CLI-11100,,I,365,
AMLSIM-CLI-11101,,I,365,
AMLSIM-CLI-11102,,I,365,
AMLSIM-CLI-11103,,I,365,
AMLSIM-CLI-11104,,I,365,
AMLSIM-CLI-11105,,I,365,
AMLSIM-CLI-11106,,I,365,
AMLSIM-CLI-11107,,I,365,
AMLSIM-CLI-11108,,I,365,
AMLSIM-CLI-11109,,I,365,
AMLSIM-CLI-11110,,I,365,
AMLSIM-CLI-11111,,I,365,
AMLSIM-CLI-11112,,I,365,
AMLSIM-CLI-11113,,I,365,
AMLSIM-CLI-11114,,I,365,
AMLSIM-CLI-11115,,I,365,
AMLSIM-CLI-11116,,I,365,
AMLSIM-CLI-11117,,I,365,
AMLSIM-CLI-11118,,I,365,
AMLSIM-CLI-11119,,I,365,
AMLSIM-CLI-11120,,I,365,
AMLSIM-CLI-11121,,I,365,
AMLSIM-CLI-11122,,I,365,
AMLSIM-CLI-11123,,I,365,
AMLSIM-CLI-11124,,I,365,
AMLSIM-CLI-11125,,I,365,
AMLSIM-CLI-11126,,I,365,
AMLSIM-CLI-11127,,I,365,
AMLSIM-CLI-11128,,I,365,
AMLSIM-CLI-11129,,I,365,
AMLSIM-CLI-11130,,I,365,
AMLSIM-CLI-11131,,I,365,
AMLSIM-CLI-11132,,I,365,
AMLSIM-CLI-11133,,I,365,
AMLSIM-CLI-11134,,I,365,
AMLSIM-CLI-11135,,I,365,
AMLSIM-CLI-11136,,I,365,
AMLSIM-CLI-11137,,I,365,
AMLSIM-CLI-11138,,I,365,
AMLSIM-CLI-11139,,I,365,
AMLSIM-CLI-11140,,I,365,
AMLSIM-CLI-11141,,I,365,
AMLSIM-CLI-11142,,I,365,
AMLSIM-CLI-11143,,I,365,
AMLSIM-CLI-11144,,I,365,
AMLSIM-CLI-11145,,I,365,
AMLSIM-CLI-11146,,I,365,
AMLSIM-CLI-11147,,I,365,
AMLSIM-CLI-11148,,I,365,
AMLSIM-CLI-11149,,I,365,
AMLSIM-CLI-11150,,I,365,
AMLSIM-CLI-11151,,I,365,
AMLSIM-CLI-11152,,I,365,
AMLSIM-CLI-11153,,I,365,
AMLSIM-CLI-11154,,I,365,
AMLSIM-CLI-11155,,I,365,
AMLSIM-CLI-11156,,I,365,
AMLSIM-CLI-11157,,I,365,
AMLSIM-CLI-11158,,I,365,
AMLSIM-CLI-11159,,I,365,
AMLSIM-CLI-11160,,I,365,
AMLSIM-CLI-11161,,I,365,
AMLSIM-CLI-11162,,I,365,
AMLSIM-CLI-11163,,I,365,
AMLSIM-CLI-11164,,I,365,
AMLSIM-CLI-11165,,I,365,
AMLSIM-CLI-11166,,I,365,
AMLSIM-CLI-11167,,I,365,
AMLSIM-CLI-11168,,I,365,
AMLSIM-CLI-11169,,I,365,
AMLSIM-CLI-11170,,I,365,
AMLSIM-CLI-11171,,I,365,
AMLSIM-CLI-11172,,I,365,
AMLSIM-CLI-11173,,I,365,
AMLSIM-CLI-11174,,I,365,
AMLSIM-CLI-11175,,I,365,
AMLSIM-CLI-11176,,I,365,
AMLSIM-CLI-11177,,I,365,
AMLSIM-CLI-11178,,I,365,
AMLSIM-CLI-11179,,I,365,
AMLSIM-CLI-11180,,I,365,
AMLSIM-CLI-11181,,I,365,
AMLSIM-CLI-11182,,I,365,
AMLSIM-CLI-11183,,I,365,
AMLSIM-CLI-11184,,I,365,
AMLSIM-CLI-11185,,I,365,
AMLSIM-CLI-11186,,I,365,
AMLSIM-CLI-11187,,I,365,
AMLSIM-CLI-11188,,I,365,
AMLSIM-CLI-11189,,I,365,
AMLSIM-CLI-11190,,I,365,
AMLSIM-CLI-11191,,I,365,
AMLSIM-CLI-11192,,I,365,
AMLSIM-CLI-11193,,I,365,
AMLSIM-CLI-11194,,I,365,
AMLSIM-CLI-11195,,I,365,
AMLSIM-CLI-11196,,I,365,
AMLSIM-CLI-11197,,I,365,
AMLSIM-CLI-11198,,I,365,
AMLSIM-CLI-11199,,I,365,
AMLSIM-CLI-11200,,I,365,
AMLSIM-CLI-11201,,I,365,
AMLSIM-CLI-11202,,I,365,
AMLSIM-CLI-11203,,I,365,
AMLSIM-CLI-11204,,I,365,
AMLSIM-CLI-11205,,I,365,
AMLSIM-CLI-11206,,I,365,
AMLSIM-CLI-11207,,I,365,
AMLSIM-CLI-11208,,I,365,
AMLSIM-CLI-11209,,I,365,
AMLSIM-CLI-11210,,I,365,
AMLSIM-CLI-11211,,I,365,
AMLSIM-CLI-11212,,I,365,
AMLSIM-CLI-11213,,I,365,
AMLSIM-CLI-11214,,I,365,
AMLSIM-CLI-11215,,I,365,
AMLSIM-CLI-11216,,I,365,
AMLSIM-CLI-11217,,I,365,
AMLSIM-CLI-11218,,I,365,
AMLSIM-CLI-11219,,I,365,
AMLSIM-CLI-11220,,I,365,
AMLSIM-CLI-11221,,I,365,
AMLSIM-CLI-11222,,I,365,
AMLSIM-CLI-11223,,I,365,
AMLSIM-CLI-11224,,I,365,
AMLSIM-CLI-11225,,I,365,
AMLSIM-CLI-11226,,I,365,
AMLSIM-CLI-11227,,I,365,
AMLSIM-CLI-11228,,I,365,
AMLSIM-CLI-11229,,I,365,
AMLSIM-CLI-11230,,I,365,
AMLSIM-CLI-11231,,I,365,
AMLSIM-CLI-11232,,I,365,
AMLSIM-CLI-11233,,I,365,
AMLSIM-CLI-11234,,I,365,
AMLSIM-CLI-11235,,I,365,
AMLSIM-CLI-11236,,I,365,
AMLSIM-CLI-11237,,I,365,
AMLSIM-CLI-11238,,I,365,
AMLSIM-CLI-11239,,I,365,
AMLSIM-CLI-11240,,I,365,
AMLSIM-CLI-11241,,I,365,
AMLSIM-CLI-11242,,I,365,
AMLSIM-CLI-11243,,I,365,
AMLSIM-CLI-11244,,I,365,
AMLSIM-CLI-11245,,I,365,
AMLSIM-CLI-11246,,I,365,
AMLSIM-CLI-11247,,I,365,
AMLSIM-CLI-11248,,I,365,
AMLSIM-CLI-11249,,I,365,
AMLSIM-CLI-11250,,I,365,
AMLSIM-CLI-11251,,I,365,
AMLSIM-CLI-11252,,I,365,
AMLSIM-CLI-11253,,I,365,
AMLSIM-CLI-11254,,I,365,
AMLSIM-CLI-11255,,I,365,
AMLSIM-CLI-11256,,I,365,
AMLSIM-CLI-11257,,I,365,
AMLSIM-CLI-11258,,I,365,
AMLSIM-CLI-11259,,I,365,
AMLSIM-CLI-11260,,I,365,
AMLSIM-CLI-11261,,I,365,
AMLSIM-CLI-11262,,I,365,
AMLSIM-CLI-11263,,I,365,
AMLSIM-CLI-11264,,I,365,
AMLSIM-CLI-11265,,I,365,
AMLSIM-CLI-11266,,I,365,
AMLSIM-CLI-11267,,I,365,
AMLSIM-CLI-11268,,I,365,
AMLSIM-CLI-11269,,I,365,
AMLSIM-CLI-11270,,I,365,
AMLSIM-CLI-11271,,I,365,
AMLSIM-CLI-11272,,I,365,
AMLSIM-CLI-11273,,I,365,
AMLSIM-CLI-11274,,I,365,
AMLSIM-CLI-11275,,I,365,
AMLSIM-CLI-11276,,I,365,
AMLSIM-CLI-11277,,I,365,
AMLSIM-CLI-11278,,I,365,
AMLSIM-CLI-11279,,I,365,
AMLSIM-CLI-11280,,I,365,
AMLSIM-CLI-11281,,I,365,
AMLSIM-CLI-11282,,I,365,
AMLSIM-CLI-11283,,I,365,
AMLSIM-CLI-11284,,I,365,
AMLSIM-CLI-11285,,I,365,
AMLSIM-CLI-11286,,I,365,
AMLSIM-CLI-11287,,I,365,
AMLSIM-CLI-11288,,I,365,
AMLSIM-CLI-11289,,I,365,
AMLSIM-CLI-11290,,I,365,
AMLSIM-CLI-11291,,I,365,
AMLSIM-CLI-11292,,I,365,
AMLSIM-CLI-11293,,I,365,
AMLSIM-CLI-11294,,I,365,
AMLSIM-CLI-11295,,I,365,
AMLSIM-CLI-11296,,I,365,
AMLSIM-CLI-11297,,I,365,
AMLSIM-CLI-11298,,I,365,
AMLSIM-CLI-11299,,I,365,
AMLSIM-CLI-11300,,I,365,
AMLSIM-CLI-11301,,I,365,
AMLSIM-CLI-11302,,I,365,
AMLSIM-CLI-11303,,I,365,
AMLSIM-CLI-11304,,I,365,
AMLSIM-CLI-11305,,I,365,
AMLSIM-CLI-11306,,I,365,
AMLSIM-CLI-11307,,I,365,
AMLSIM-CLI-11308,,I,365,
AMLSIM-CLI-11309,,I,365,
AMLSIM-CLI-11310,,I,365,
AMLSIM-CLI-11311,,I,365,
AMLSIM-CLI-11312,,I,365,
AMLSIM-CLI-11313,,I,365,
AMLSIM-CLI-11314,,I,365,
AMLSIM-CLI-11315,,I,365,
AMLSIM-CLI-11316,,I,365,
AMLSIM-CLI-11317,,I,365,
AMLSIM-CLI-11318,,I,365,
AMLSIM-CLI-11319,,I,365,
AMLSIM-CLI-11320,,I,365,
AMLSIM-CLI-11321,,I,365,
AMLSIM-CLI-11322,,I,365,
AMLSIM-CLI-11323,,I,365,
AMLSIM-CLI-11324,,I,365,
AMLSIM-CLI-11325,,I,365,
AMLSIM-CLI-11326,,I,365,
AMLSIM-CLI-11327,,I,365,
AMLSIM-CLI-11328,,I,365,
AMLSIM-CLI-11329,,I,365,
AMLSIM-CLI-11330,,I,365,
AMLSIM-CLI-11331,,I,365,
AMLSIM-CLI-11332,,I,365,
AMLSIM-CLI-11333,,I,365,
AMLSIM-CLI-11334,,I,365,
AMLSIM-CLI-11335,,I,365,
AMLSIM-CLI-11336,,I,365,
AMLSIM-CLI-11337,,I,365,
AMLSIM-CLI-11338,,I,365,
AMLSIM-CLI-11339,,I,365,
AMLSIM-CLI-11340,,I,365,
AMLSIM-CLI-11341,,I,365,
AMLSIM-CLI-11342,,I,365,
AMLSIM-CLI-11343,,I,365,
AMLSIM-CLI-11344,,I,365,
AMLSIM-CLI-11345,,I,365,
AMLSIM-CLI-11346,,I,365,
AMLSIM-CLI-11347,,I,365,
AMLSIM-CLI-11348,,I,365,
AMLSIM-CLI-11349,,I,365,
AMLSIM-CLI-11350,,I,365,
AMLSIM-CLI-11351,,I,365,
AMLSIM-CLI-11352,,I,365,
AMLSIM-CLI-11353,,I,365,
AMLSIM-CLI-11354,,I,365,
AMLSIM-CLI-11355,,I,365,
AMLSIM-CLI-11356,,I,365,
AMLSIM-CLI-11357,,I,365,
AMLSIM-CLI-11358,,I,365,
AMLSIM-CLI-11359,,I,365,
AMLSIM-CLI-11360,,I,365,
AMLSIM-CLI-11361,,I,365,
AMLSIM-CLI-11362,,I,365,
AMLSIM-CLI-11363,,I,365,
AMLSIM-CLI-11364,,I,365,
AMLSIM-CLI-11365,,I,365,
AMLSIM-CLI-11366,,I,365,
AMLSIM-CLI-11367,,I,365,
AMLSIM-CLI-11368,,I,365,
AMLSIM-CLI-11369,,I,365,
AMLSIM-CLI-11370,,I,365,
AMLSIM-CLI-11371,,I,365,
AMLSIM-CLI-11372,,I,365,
AMLSIM-CLI-11373,,I,365,
AMLSIM-CLI-11374,,I,365,
AMLSIM-CLI-11375,,I,365,
AMLSIM-CLI-11376,,I,365,
AMLSIM-CLI-11377,,I,365,
AMLSIM-CLI-11378,,I,365,
AMLSIM-CLI-11379,,I,365,
AMLSIM-CLI-11380,,I,365,
AMLSIM-CLI-11381,,I,365,
AMLSIM-CLI-11382,,I,365,
AMLSIM-CLI-11383,,I,365,
AMLSIM-CLI-11384,,I,365,
AMLSIM-CLI-11385,,I,365,
AMLSIM-CLI-11386,,I,365,
AMLSIM-CLI-11387,,I,365,
AMLSIM-CLI-11388,,I,365,
AMLSIM-CLI-11389,,I,365,
AMLSIM-CLI-11390,,I,365,
AMLSIM-CLI-11391,,I,365,
AMLSIM-CLI-11392,,I,365,
AMLSIM-CLI-11393,,I,365,
AMLSIM-CLI-11394,,I,365,
AMLSIM-CLI-11395,,I,365,
AMLSIM-CLI-11396,,I,365,
AMLSIM-CLI-11397,,I,365,
AMLSIM-CLI-11398,,I,365,
AMLSIM-CLI-11399,,I,365,
AMLSIM-CLI-11400,,I,365,
AMLSIM-CLI-11401,,I,365,
AMLSIM-CLI-11402,,I,365,
AMLSIM-CLI-11403,,I,365,
AMLSIM-CLI-11404,,I,365,
AMLSIM-CLI-11405,,I,365,
AMLSIM-CLI-11406,,I,365,
AMLSIM-CLI-11407,,I,365,
AMLSIM-CLI-11408,,I,365,
AMLSIM-CLI-11409,,I,365,
AMLSIM-CLI-11410,,I,365,
AMLSIM-CLI-11411,,I,365,
AMLSIM-CLI-11412,,I,365,
AMLSIM-CLI-11413,,I,365,
AMLSIM-CLI-11414,,I,365,
AMLSIM-CLI-11415,,I,365,
AMLSIM-CLI-11416,,I,365,
AMLSIM-CLI-11417,,I,365,
AMLSIM-CLI-11418,,I,365,
AMLSIM-CLI-11419,,I,365,
AMLSIM-CLI-11420,,I,365,
AMLSIM-CLI-11421,,I,365,
AMLSIM-CLI-11422,,I,365,
AMLSIM-CLI-11423,,I,365,
AMLSIM-CLI-11424,,I,365,
AMLSIM-CLI-11425,,I,365,
AMLSIM-CLI-11426,,I,365,
AMLSIM-CLI-11427,,I,365,
AMLSIM-CLI-11428,,I,365,
AMLSIM-CLI-11429,,I,365,
AMLSIM-CLI-11430,,I,365,
AMLSIM-CLI-11431,,I,365,
AMLSIM-CLI-11432,,I,365,
AMLSIM-CLI-11433,,I,365,
AMLSIM-CLI-11434,,I,365,
AMLSIM-CLI-11435,,I,365,
AMLSIM-CLI-11436,,I,365,
AMLSIM-CLI-11437,,I,365,
AMLSIM-CLI-11438,,I,365,
AMLSIM-CLI-11439,,I,365,
AMLSIM-CLI-11440,,I,365,
AMLSIM-CLI-11441,,I,365,
AMLSIM-CLI-11442,,I,365,
AMLSIM-CLI-11443,,I,365,
AMLSIM-CLI-11444,,I,365,
AMLSIM-CLI-11445,,I,365,
AMLSIM-CLI-11446,,I,365,
AMLSIM-CLI-11447,,I,365,
AMLSIM-CLI-11448,,I,365,
AMLSIM-CLI-11449,,I,365,
AMLSIM-CLI-11450,,I,365,
AMLSIM-CLI-11451,,I,365,
AMLSIM-CLI-11452,,I,365,
AMLSIM-CLI-11453,,I,365,
AMLSIM-CLI-11454,,I,365,
AMLSIM-CLI-11455,,I,365,
AMLSIM-CLI-11456,,I,365,
AMLSIM-CLI-11457,,I,365,
AMLSIM-CLI-11458,,I,365,
AMLSIM-CLI-11459,,I,365,
AMLSIM-CLI-11460,,I,365,
AMLSIM-CLI-11461,,I,365,
AMLSIM-CLI-11462,,I,365,
AMLSIM-CLI-11463,,I,365,
AMLSIM-CLI-11464,,I,365,
AMLSIM-CLI-11465,,I,365,
AMLSIM-CLI-11466,,I,365,
AMLSIM-CLI-11467,,I,365,
AMLSIM-CLI-11468,,I,365,
AMLSIM-CLI-11469,,I,365,
AMLSIM-CLI-11470,,I,365,
AMLSIM-CLI-11471,,I,365,
AMLSIM-CLI-11472,,I,365,
AMLSIM-CLI-11473,,I,365,
AMLSIM-CLI-11474,,I,365,
AMLSIM-CLI-11475,,I,365,
AMLSIM-CLI-11476,,I,365,
AMLSIM-CLI-11477,,I,365,
AMLSIM-CLI-11478,,I,365,
AMLSIM-CLI-11479,,I,365,
AMLSIM-CLI-11480,,I,365,
AMLSIM-CLI-11481,,I,365,
AMLSIM-CLI-11482,,I,365,
AMLSIM-CLI-11483,,I,365,
AMLSIM-CLI-11484,,I,365,
AMLSIM-CLI-11485,,I,365,
AMLSIM-CLI-11486,,I,365,
AMLSIM-CLI-11487,,I,365,
AMLSIM-CLI-11488,,I,365,
AMLSIM-CLI-11489,,I,365,
AMLSIM-CLI-11490,,I,365,
AMLSIM-CLI-11491,,I,365,
AMLSIM-CLI-11492,,I,365,
AMLSIM-CLI-11493,,I,365,
AMLSIM-CLI-11494,,I,365,
AMLSIM-CLI-11495,,I,365,
AMLSIM-CLI-11496,,I,365,
AMLSIM-CLI-11497,,I,365,
AMLSIM-CLI-11498,,I,365,
AMLSIM-CLI-11499,,I,365,
AMLSIM-CLI-11500,,I,365,
AMLSIM-CLI-11501,,I,365,
AMLSIM-CLI-11502,,I,365,
AMLSIM-CLI-11503,,I,365,
AMLSIM-CLI-11504,,I,365,
AMLSIM-CLI-11505,,I,365,
AMLSIM-CLI-11506,,I,365,
AMLSIM-CLI-11507,,I,365,
AMLSIM-CLI-11508,,I,365,
AMLSIM-CLI-11509,,I,365,
AMLSIM-CLI-11510,,I,365,
AMLSIM-CLI-11511,,I,365,
AMLSIM-CLI-11512,,I,365,
AMLSIM-CLI-11513,,I,365,
AMLSIM-CLI-11514,,I,365,
AMLSIM-CLI-11515,,I,365,
AMLSIM-CLI-11516,,I,365,
AMLSIM-CLI-11517,,I,365,
AMLSIM-CLI-11518,,I,365,
AMLSIM-CLI-11519,,I,365,
AMLSIM-CLI-11520,,I,365,
AMLSIM-CLI-11521,,I,365,
AMLSIM-CLI-11522,,I,365,
AMLSIM-CLI-11523,,I,365,
AMLSIM-CLI-11524,,I,365,
AMLSIM-CLI-11525,,I,365,
AMLSIM-CLI-11526,,I,365,
AMLSIM-CLI-11527,,I,365,
AMLSIM-CLI-11528,,I,365,
AMLSIM-CLI-11529,,I,365,
AMLSIM-CLI-11530,,I,365,
AMLSIM-CLI-11531,,I,365,
AMLSIM-CLI-11532,,I,365,
AMLSIM-CLI-11533,,I,365,
AMLSIM-CLI-11534,,I,365,
AMLSIM-CLI-11535,,I,365,
AMLSIM-CLI-11536,,I,365,
AMLSIM-CLI-11537,,I,365,
AMLSIM-CLI-11538,,I,365,
AMLSIM-CLI-11539,,I,365,
AMLSIM-CLI-11540,,I,365,
AMLSIM-CLI-11541,,I,365,
AMLSIM-CLI-11542,,I,365,
AMLSIM-CLI-11543,,I,365,
AMLSIM-CLI-11544,,I,365,
AMLSIM-CLI-11545,,I,365,
AMLSIM-CLI-11546,,I,365,
AMLSIM-CLI-11547,,I,365,
AMLSIM-CLI-11548,,I,365,
AMLSIM-CLI-11549,,I,365,
AMLSIM-CLI-11550,,I,365,
AMLSIM-CLI-11551,,I,365,
AMLSIM-CLI-11552,,I,365,
AMLSIM-CLI-11553,,I,365,
AMLSIM-CLI-11554,,I,365,
AMLSIM-CLI-11555,,I,365,
AMLSIM-CLI-11556,,I,365,
AMLSIM-CLI-11557,,I,365,
AMLSIM-CLI-11558,,I,365,
AMLSIM-CLI-11559,,I,365,
AMLSIM-CLI-11560,,I,365,
AMLSIM-CLI-11561,,I,365,
AMLSIM-CLI-11562,,I,365,
AMLSIM-CLI-11563,,I,365,
AMLSIM-CLI-11564,,I,365,
AMLSIM-CLI-11565,,I,365,
AMLSIM-CLI-11566,,I,365,
AMLSIM-CLI-11567,,I,365,
AMLSIM-CLI-11568,,I,365,
AMLSIM-CLI-11569,,I,365,
AMLSIM-CLI-11570,,I,365,
AMLSIM-CLI-11571,,I,365,
AMLSIM-CLI-11572,,I,365,
AMLSIM-CLI-11573,,I,365,
AMLSIM-CLI-11574,,I,365,
AMLSIM-CLI-11575,,I,365,
AMLSIM-CLI-11576,,I,365,
AMLSIM-CLI-11577,,I,365,
AMLSIM-CLI-11578,,I,365,
AMLSIM-CLI-11579,,I,365,
AMLSIM-CLI-11580,,I,365,
AMLSIM-CLI-11581,,I,365,
AMLSIM-CLI-11582,,I,365,
AMLSIM-CLI-11583,,I,365,
AMLSIM-CLI-11584,,I,365,
AMLSIM-CLI-11585,,I,365,
AMLSIM-CLI-11586,,I,365,
AMLSIM-CLI-11587,,I,365,
AMLSIM-CLI-11588,,I,365,
AMLSIM-CLI-11589,,I,365,
AMLSIM-CLI-11590,,I,365,
AMLSIM-CLI-11591,,I,365,
AMLSIM-CLI-11592,,I,365,
AMLSIM-CLI-11593,,I,365,
AMLSIM-CLI-11594,,I,365,
AMLSIM-CLI-11595,,I,365,
AMLSIM-CLI-11596,,I,365,
AMLSIM-CLI-11597,,I,365,
AMLSIM-CLI-11598,,I,365,
AMLSIM-CLI-11599,,I,365,
AMLSIM-CLI-11600,,I,365,
AMLSIM-CLI-11601,,I,365,
AMLSIM-CLI-11602,,I,365,
AMLSIM-CLI-11603,,I,365,
AMLSIM-CLI-11604,,I,365,
AMLSIM-CLI-11605,,I,365,
AMLSIM-CLI-11606,,I,365,
AMLSIM-CLI-11607,,I,365,
AMLSIM-CLI-11608,,I,365,
AMLSIM-CLI-11609,,I,365,
AMLSIM-CLI-11610,,I,365,
AMLSIM-CLI-11611,,I,365,
AMLSIM-CLI-11612,,I,365,
AMLSIM-CLI-11613,,I,365,
AMLSIM-CLI-11614,,I,365,
AMLSIM-CLI-11615,,I,365,
AMLSIM-CLI-11616,,I,365,
AMLSIM-CLI-11617,,I,365,
AMLSIM-CLI-11618,,I,365,
AMLSIM-CLI-11619,,I,365,
AMLSIM-CLI-11620,,I,365,
AMLSIM-CLI-11621,,I,365,
AMLSIM-CLI-11622,,I,365,
AMLSIM-CLI-11623,,I,365,
AMLSIM-CLI-11624,,I,365,
AMLSIM-CLI-11625,,I,365,
AMLSIM-CLI-11626,,I,365,
AMLSIM-CLI-11627,,I,365,
AMLSIM-CLI-11628,,I,365,
AMLSIM-CLI-11629,,I,365,
AMLSIM-CLI-11630,,I,365,
AMLSIM-CLI-11631,,I,365,
AMLSIM-CLI-11632,,I,365,
AMLSIM-CLI-11633,,I,365,
AMLSIM-CLI-11634,,I,365,
AMLSIM-CLI-11635,,I,365,
AMLSIM-CLI-11636,,I,365,
AMLSIM-CLI-11637,,I,365,
AMLSIM-CLI-11638,,I,365,
AMLSIM-CLI-11639,,I,365,
AMLSIM-CLI-11640,,I,365,
AMLSIM-CLI-11641,,I,365,
AMLSIM-CLI-11642,,I,365,
AMLSIM-CLI-11643,,I,365,
AMLSIM-CLI-11644,,I,365,
AMLSIM-CLI-11645,,I,365,
AMLSIM-CLI-11646,,I,365,
AMLSIM-CLI-11647,,I,365,
AMLSIM-CLI-11648,,I,365,
AMLSIM-CLI-11649,,I,365,
AMLSIM-CLI-11650,,I,365,
AMLSIM-CLI-11651,,I,365,
AMLSIM-CLI-11652,,I,365,
AMLSIM-CLI-11653,,I,365,
AMLSIM-CLI-11654,,I,365,
AMLSIM-CLI-11655,,I,365,
AMLSIM-CLI-11656,,I,365,
AMLSIM-CLI-11657,,I,365,
AMLSIM-CLI-11658,,I,365,
AMLSIM-CLI-11659,,I,365,
AMLSIM-CLI-11660,,I,365,
AMLSIM-CLI-11661,,I,365,
AMLSIM-CLI-11662,,I,365,
AMLSIM-CLI-11663,,I,365,
AMLSIM-CLI-11664,,I,365,
AMLSIM-CLI-11665,,I,365,
AMLSIM-CLI-11666,,I,365,
AMLSIM-CLI-11667,,I,365,
AMLSIM-CLI-11668,,I,365,
AMLSIM-CLI-11669,,I,365,
AMLSIM-CLI-11670,,I,365,
AMLSIM-CLI-11671,,I,365,
AMLSIM-CLI-11672,,I,365,
AMLSIM-CLI-11673,,I,365,
AMLSIM-CLI-11674,,I,365,
AMLSIM-CLI-11675,,I,365,
AMLSIM-CLI-11676,,I,365,
AMLSIM-CLI-11677,,I,365,
AMLSIM-CLI-11678,,I,365,
AMLSIM-CLI-11679,,I,365,
AMLSIM-CLI-11680,,I,365,
AMLSIM-CLI-11681,,I,365,
AMLSIM-CLI-11682,,I,365,
AMLSIM-CLI-11683,,I,365,
AMLSIM-CLI-11684,,I,365,
AMLSIM-CLI-11685,,I,365,
AMLSIM-CLI-11686,,I,365,
AMLSIM-CLI-11687,,I,365,
AMLSIM-CLI-11688,,I,365,
AMLSIM-CLI-11689,,I,365,
AMLSIM-CLI-11690,,I,365,
AMLSIM-CLI-11691,,I,365,
AMLSIM-CLI-11692,,I,365,
AMLSIM-CLI-11693,,I,365,
AMLSIM-CLI-11694,,I,365,
AMLSIM-CLI-11695,,I,365,
AMLSIM-CLI-11696,,I,365,
AMLSIM-CLI-11697,,I,365,
AMLSIM-CLI-11698,,I,365,
AMLSIM-CLI-11699,,I,365,
AMLSIM-CLI-11700,,I,365,
AMLSIM-CLI-11701,,I,365,
AMLSIM-CLI-11702,,I,365,
AMLSIM-CLI-11703,,I,365,
AMLSIM-CLI-11704,,I,365,
AMLSIM-CLI-11705,,I,365,
AMLSIM-CLI-11706,,I,365,
AMLSIM-CLI-11707,,I,365,
AMLSIM-CLI-11708,,I,365,
AMLSIM-CLI-11709,,I,365,
AMLSIM-CLI-11710,,I,365,
AMLSIM-CLI-11711,,I,365,
AMLSIM-CLI-11712,,I,365,
AMLSIM-CLI-11713,,I,365,
AMLSIM-CLI-11714,,I,365,
AMLSIM-CLI-11715,,I,365,
AMLSIM-CLI-11716,,I,365,
AMLSIM-CLI-11717,,I,365,
AMLSIM-CLI-11718,,I,365,
AMLSIM-CLI-11719,,I,365,
AMLSIM-CLI-11720,,I,365,
AMLSIM-CLI-11721,,I,365,
AMLSIM-CLI-11722,,I,365,
AMLSIM-CLI-11723,,I,365,
AMLSIM-CLI-11724,,I,365,
AMLSIM-CLI-11725,,I,365,
AMLSIM-CLI-11726,,I,365,
AMLSIM-CLI-11727,,I,365,
AMLSIM-CLI-11728,,I,365,
AMLSIM-CLI-11729,,I,365,
AMLSIM-CLI-11730,,I,365,
AMLSIM-CLI-11731,,I,365,
AMLSIM-CLI-11732,,I,365,
AMLSIM-CLI-11733,,I,365,
AMLSIM-CLI-11734,,I,365,
AMLSIM-CLI-11735,,I,365,
AMLSIM-CLI-11736,,I,365,
AMLSIM-CLI-11737,,I,365,
AMLSIM-CLI-11738,,I,365,
AMLSIM-CLI-11739,,I,365,
AMLSIM-CLI-11740,,I,365,
AMLSIM-CLI-11741,,I,365,
AMLSIM-CLI-11742,,I,365,
AMLSIM-CLI-11743,,I,365,
AMLSIM-CLI-11744,,I,365,
AMLSIM-CLI-11745,,I,365,
AMLSIM-CLI-11746,,I,365,
AMLSIM-CLI-11747,,I,365,
AMLSIM-CLI-11748,,I,365,
AMLSIM-CLI-11749,,I,365,
AMLSIM-CLI-11750,,I,365,
AMLSIM-CLI-11751,,I,365,
AMLSIM-CLI-11752,,I,365,
AMLSIM-CLI-11753,,I,365,
AMLSIM-CLI-11754,,I,365,
AMLSIM-CLI-11755,,I,365,
AMLSIM-CLI-11756,,I,365,
AMLSIM-CLI-11757,,I,365,
AMLSIM-CLI-11758,,I,365,
AMLSIM-CLI-11759,,I,365,
AMLSIM-CLI-11760,,I,365,
AMLSIM-CLI-11761,,I,365,
AMLSIM-CLI-11762,,I,365,
AMLSIM-CLI-11763,,I,365,
AMLSIM-CLI-11764,,I,365,
AMLSIM-CLI-11765,,I,365,
AMLSIM-CLI-11766,,I,365,
AMLSIM-CLI-11767,,I,365,
AMLSIM-CLI-11768,,I,365,
AMLSIM-CLI-11769,,I,365,
AMLSIM-CLI-11770,,I,365,
AMLSIM-CLI-11771,,I,365,
AMLSIM-CLI-11772,,I,365,
AMLSIM-CLI-11773,,I,365,
AMLSIM-CLI-11774,,I,365,
AMLSIM-CLI-11775,,I,365,
AMLSIM-CLI-11776,,I,365,
AMLSIM-CLI-11777,,I,365,
AMLSIM-CLI-11778,,I,365,
AMLSIM-CLI-11779,,I,365,
AMLSIM-CLI-11780,,I,365,
AMLSIM-CLI-11781,,I,365,
AMLSIM-CLI-11782,,I,365,
AMLSIM-CLI-11783,,I,365,
AMLSIM-CLI-11784,,I,365,
AMLSIM-CLI-11785,,I,365,
AMLSIM-CLI-11786,,I,365,
AMLSIM-CLI-11787,,I,365,
AMLSIM-CLI-11788,,I,365,
AMLSIM-CLI-11789,,I,365,
AMLSIM-CLI-11790,,I,365,
AMLSIM-CLI-11791,,I,365,
AMLSIM-CLI-11792,,I,365,
AMLSIM-CLI-11793,,I,365,
AMLSIM-CLI-11794,,I,365,
AMLSIM-CLI-11795,,I,365,
AMLSIM-CLI-11796,,I,365,
AMLSIM-CLI-11797,,I,365,
AMLSIM-CLI-11798,,I,365,
AMLSIM-CLI-11799,,I,365,
AMLSIM-CLI-11800,,I,365,
AMLSIM-CLI-11801,,I,365,
AMLSIM-CLI-11802,,I,365,
AMLSIM-CLI-11803,,I,365,
AMLSIM-CLI-11804,,I,365,
AMLSIM-CLI-11805,,I,365,
AMLSIM-CLI-11806,,I,365,
AMLSIM-CLI-11807,,I,365,
AMLSIM-CLI-11808,,I,365,
AMLSIM-CLI-11809,,I,365,
AMLSIM-CLI-11810,,I,365,
AMLSIM-CLI-11811,,I,365,
AMLSIM-CLI-11812,,I,365,
AMLSIM-CLI-11813,,I,365,
AMLSIM-CLI-11814,,I,365,
AMLSIM-CLI-11815,,I,365,
AMLSIM-CLI-11816,,I,365,
AMLSIM-CLI-11817,,I,365,
AMLSIM-CLI-11818,,I,365,
AMLSIM-CLI-11819,,I,365,
AMLSIM-CLI-11820,,I,365,
AMLSIM-CLI-11821,,I,365,
AMLSIM-CLI-11822,,I,365,
AMLSIM-CLI-11823,,I,365,
AMLSIM-CLI-11824,,I,365,
AMLSIM-CLI-11825,,I,365,
AMLSIM-CLI-11826,,I,365,
AMLSIM-CLI-11827,,I,365,
AMLSIM-CLI-11828,,I,365,
AMLSIM-CLI-11829,,I,365,
AMLSIM-CLI-11830,,I,365,
AMLSIM-CLI-11831,,I,365,
AMLSIM-CLI-11832,,I,365,
AMLSIM-CLI-11833,,I,365,
AMLSIM-CLI-11834,,I,365,
AMLSIM-CLI-11835,,I,365,
AMLSIM-CLI-11836,,I,365,
AMLSIM-CLI-11837,,I,365,
AMLSIM-CLI-11838,,I,365,
AMLSIM-CLI-11839,,I,365,
AMLSIM-CLI-11840,,I,365,
AMLSIM-CLI-11841,,I,365,
AMLSIM-CLI-11842,,I,365,
AMLSIM-CLI-11843,,I,365,
AMLSIM-CLI-11844,,I,365,
AMLSIM-CLI-11845,,I,365,
AMLSIM-CLI-11846,,I,365,
AMLSIM-CLI-11847,,I,365,
AMLSIM-CLI-11848,,I,365,
AMLSIM-CLI-11849,,I,365,
AMLSIM-CLI-11850,,I,365,
AMLSIM-CLI-11851,,I,365,
AMLSIM-CLI-11852,,I,365,
AMLSIM-CLI-11853,,I,365,
AMLSIM-CLI-11854,,I,365,
AMLSIM-CLI-11855,,I,365,
AMLSIM-CLI-11856,,I,365,
AMLSIM-CLI-11857,,I,365,
AMLSIM-CLI-11858,,I,365,
AMLSIM-CLI-11859,,I,365,
AMLSIM-CLI-11860,,I,365,
AMLSIM-CLI-11861,,I,365,
AMLSIM-CLI-11862,,I,365,
AMLSIM-CLI-11863,,I,365,
AMLSIM-CLI-11864,,I,365,
AMLSIM-CLI-11865,,I,365,
AMLSIM-CLI-11866,,I,365,
AMLSIM-CLI-11867,,I,365,
AMLSIM-CLI-11868,,I,365,
AMLSIM-CLI-11869,,I,365,
AMLSIM-CLI-11870,,I,365,
AMLSIM-CLI-11871,,I,365,
AMLSIM-CLI-11872,,I,365,
AMLSIM-CLI-11873,,I,365,
AMLSIM-CLI-11874,,I,365,
AMLSIM-CLI-11875,,I,365,
AMLSIM-CLI-11876,,I,365,
AMLSIM-CLI-11877,,I,365,
AMLSIM-CLI-11878,,I,365,
AMLSIM-CLI-11879,,I,365,
AMLSIM-CLI-11880,,I,365,
AMLSIM-CLI-11881,,I,365,
AMLSIM-CLI-11882,,I,365,
AMLSIM-CLI-11883,,I,365,
AMLSIM-CLI-11884,,I,365,
AMLSIM-CLI-11885,,I,365,
AMLSIM-CLI-11886,,I,365,
AMLSIM-CLI-11887,,I,365,
AMLSIM-CLI-11888,,I,365,
AMLSIM-CLI-11889,,I,365,
AMLSIM-CLI-11890,,I,365,
AMLSIM-CLI-11891,,I,365,
AMLSIM-CLI-11892,,I,365,
AMLSIM-CLI-11893,,I,365,
AMLSIM-CLI-11894,,I,365,
AMLSIM-CLI-11895,,I,365,
AMLSIM-CLI-11896,,I,365,
AMLSIM-CLI-11897,,I,365,
AMLSIM-CLI-11898,,I,365,
AMLSIM-CLI-11899,,I,365,
AMLSIM-CLI-11900,,I,365,
AMLSIM-CLI-11901,,I,365,
AMLSIM-CLI-11902,,I,365,
AMLSIM-CLI-11903,,I,365,
AMLSIM-CLI-11904,,I,365,
AMLSIM-CLI-11905,,I,365,
AMLSIM-CLI-11906,,I,365,
AMLSIM-CLI-11907,,I,365,
AMLSIM-CLI-11908,,I,365,
AMLSIM-CLI-11909,,I,365,
AMLSIM-CLI-11910,,I,365,
AMLSIM-CLI-11911,,I,365,
AMLSIM-CLI-11912,,I,365,
AMLSIM-CLI-11913,,I,365,
AMLSIM-CLI-11914,,I,365,
AMLSIM-CLI-11915,,I,365,
AMLSIM-CLI-11916,,I,365,
AMLSIM-CLI-11917,,I,365,
AMLSIM-CLI-11918,,I,365,
AMLSIM-CLI-11919,,I,365,
AMLSIM-CLI-11920,,I,365,
AMLSIM-CLI-11921,,I,365,
AMLSIM-CLI-11922,,I,365,
AMLSIM-CLI-11923,,I,365,
AMLSIM-CLI-11924,,I,365,
AMLSIM-CLI-11925,,I,365,
AMLSIM-CLI-11926,,I,365,
AMLSIM-CLI-11927,,I,365,
AMLSIM-CLI-11928,,I,365,
AMLSIM-CLI-11929,,I,365,
AMLSIM-CLI-11930,,I,365,
AMLSIM-CLI-11931,,I,365,
AMLSIM-CLI-11932,,I,365,
AMLSIM-CLI-11933,,I,365,
AMLSIM-CLI-11934,,I,365,
AMLSIM-CLI-11935,,I,365,
AMLSIM-CLI-11936,,I,365,
AMLSIM-CLI-11937,,I,365,
AMLSIM-CLI-11938,,I,365,
AMLSIM-CLI-11939,,I,365,
AMLSIM-CLI-11940,,I,365,
AMLSIM-CLI-11941,,I,365,
AMLSIM-CLI-11942,,I,365,
AMLSIM-CLI-11943,,I,365,
AMLSIM-CLI-11944,,I,365,
AMLSIM-CLI-11945,,I,365,
AMLSIM-CLI-11946,,I,365,
AMLSIM-CLI-11947,,I,365,
AMLSIM-CLI-11948,,I,365,
AMLSIM-CLI-11949,,I,365,
AMLSIM-CLI-11950,,I,365,
AMLSIM-CLI-11951,,I,365,
AMLSIM-CLI-11952,,I,365,
AMLSIM-CLI-11953,,I,365,
AMLSIM-CLI-11954,,I,365,
AMLSIM-CLI-11955,,I,365,
AMLSIM-CLI-11956,,I,365,
AMLSIM-CLI-11957,,I,365,
AMLSIM-CLI-11958,,I,365,
AMLSIM-CLI-11959,,I,365,
AMLSIM-CLI-11960,,I,365,
AMLSIM-CLI-11961,,I,365,
AMLSIM-CLI-11962,,I,365,
AMLSIM-CLI-11963,,I,365,
AMLSIM-CLI-11964,,I,365,
AMLSIM-CLI-11965,,I,365,
AMLSIM-CLI-11966,,I,365,
AMLSIM-CLI-11967,,I,365,
AMLSIM-CLI-11968,,I,365,
AMLSIM-CLI-11969,,I,365,
AMLSIM-CLI-11970,,I,365,
AMLSIM-CLI-11971,,I,365,
AMLSIM-CLI-11972,,I,365,
AMLSIM-CLI-11973,,I,365,
AMLSIM-CLI-11974,,I,365,
AMLSIM-CLI-11975,,I,365,
AMLSIM-CLI-11976,,I,365,
AMLSIM-CLI-11977,,I,365,
AMLSIM-CLI-11978,,I,365,
AMLSIM-CLI-11979,,I,365,
AMLSIM-CLI-11980,,I,365,
AMLSIM-CLI-11981,,I,365,
AMLSIM-CLI-11982,,I,365,
AMLSIM-CLI-11983,,I,365,
AMLSIM-CLI-11984,,I,365,
AMLSIM-CLI-11985,,I,365,
AMLSIM-CLI-11986,,I,365,
AMLSIM-CLI-11987,,I,365,
AMLSIM-CLI-11988,,I,365,
AMLSIM-CLI-11989,,I,365,
AMLSIM-CLI-11990,,I,365,
AMLSIM-CLI-11991,,I,365,
AMLSIM-CLI-11992,,I,365,
AMLSIM-CLI-11993,,I,365,
AMLSIM-CLI-11994,,I,365,
AMLSIM-CLI-11995,,I,365,
AMLSIM-CLI-11996,,I,365,
AMLSIM-CLI-11997,,I,365,
AMLSIM-CLI-11998,,I,365,
AMLSIM-CLI-11999,,I,365,
AMLSIM-CLI-12000,,I,365,
AMLSIM-CLI-12001,,I,365,
AMLSIM-CLI-12002,,I,365,
AMLSIM-CLI-12003,,I,365,
AMLSIM-CLI-12004,,I,365,
AMLSIM-CLI-12005,,I,365,
AMLSIM-CLI-12006,,I,365,
AMLSIM-CLI-12007,,I,365,
AMLSIM-CLI-12008,,I,365,
AMLSIM-CLI-12009,,I,365,
AMLSIM-CLI-12010,,I,365,
AMLSIM-CLI-12011,,I,365,
AMLSIM-CLI-12012,,I,365,
AMLSIM-CLI-12013,,I,365,
AMLSIM-CLI-12014,,I,365,
AMLSIM-CLI-12015,,I,365,
AMLSIM-CLI-12016,,I,365,
AMLSIM-CLI-12017,,I,365,
AMLSIM-CLI-12018,,I,365,
AMLSIM-CLI-12019,,I,365,
AMLSIM-CLI-12020,,I,365,
AMLSIM-CLI-12021,,I,365,
AMLSIM-CLI-12022,,I,365,
AMLSIM-CLI-12023,,I,365,
AMLSIM-CLI-12024,,I,365,
AMLSIM-CLI-12025,,I,365,
AMLSIM-CLI-12026,,I,365,
AMLSIM-CLI-12027,,I,365,
AMLSIM-CLI-12028,,I,365,
AMLSIM-CLI-12029,,I,365,
AMLSIM-CLI-12030,,I,365,
AMLSIM-CLI-12031,,I,365,
AMLSIM-CLI-12032,,I,365,
AMLSIM-CLI-12033,,I,365,
AMLSIM-CLI-12034,,I,365,
AMLSIM-CLI-12035,,I,365,
AMLSIM-CLI-12036,,I,365,
AMLSIM-CLI-12037,,I,365,
AMLSIM-CLI-12038,,I,365,
AMLSIM-CLI-12039,,I,365,
AMLSIM-CLI-12040,,I,365,
AMLSIM-CLI-12041,,I,365,
AMLSIM-CLI-12042,,I,365,
