transaction_id,client_id,date_transaction,montant_fcfa,type_transaction,compte_destination_id,corridor,is_risky,type_anomalie
a17918e8,CLI-00533,2026-02-03 00:00:00,10000.0,retrait,,transfrontalier_sensible,False,aucune
548bb089,CLI-00554,2026-02-03 00:00:00,60200.0,remboursement_credit,,local,False,aucune
d7ef78e5,CLI-00550,2026-02-03 00:00:00,13500.0,transfert_sortant,CLI-00019,local,False,aucune
86660825,CLI-00363,2026-02-03 00:00:00,21200.0,remboursement_credit,,local,False,aucune
c2c749e6,CLI-00170,2026-02-03 00:00:00,9800.0,depot,,local,False,aucune
cb310b90,CLI-00799,2026-02-03 00:00:00,7200.0,depot,,regional_uemoa,False,aucune
8799446f,CLI-00643,2026-02-03 00:00:00,8500.0,depot,,local,False,aucune
6f89572e,CLI-00269,2026-02-03 00:00:00,3700.0,transfert_entrant,CLI-00001,local,False,aucune
45d25b87,CLI-00529,2026-02-03 00:00:00,76100.0,retrait,,local,False,aucune
f43f4617,CLI-00278,2026-02-03 00:00:00,19900.0,transfert_sortant,CLI-00715,local,False,aucune
47e40358,CLI-00279,2026-02-03 00:00:00,29400.0,transfert_sortant,CLI-00170,local,False,aucune
be58ef25,CLI-00645,2026-02-03 00:00:00,34300.0,depot,,local,False,aucune
a1b8c479,CLI-00768,2026-02-03 00:00:00,21700.0,depot,,local,False,aucune
6ebb2edb,CLI-00095,2026-02-03 00:00:00,48400.0,transfert_entrant,CLI-00269,regional_uemoa,False,aucune
9028267d,CLI-00350,2026-02-03 00:00:00,9500.0,remboursement_credit,,local,False,aucune
52fff2fb,CLI-00102,2026-02-03 00:00:00,56400.0,depot,,local,False,aucune
562efe0a,CLI-00241,2026-02-03 00:00:00,8100.0,decaissement_credit,,regional_uemoa,False,aucune
74af83ac,CLI-00113,2026-02-03 00:00:00,128100.0,retrait,,regional_uemoa,False,aucune
affc4088,CLI-00267,2026-02-03 00:00:00,29400.0,retrait,,regional_uemoa,False,aucune
f5315b7a,CLI-00257,2026-02-03 00:00:00,203000.0,retrait,,local,False,aucune
c38889ae,CLI-00131,2026-02-03 00:00:00,5800.0,depot,,local,False,aucune
f6498432,CLI-00025,2026-02-03 00:00:00,8000.0,remboursement_credit,,local,False,aucune
2b74675f,CLI-00586,2026-02-03 00:00:00,63000.0,remboursement_credit,,local,False,aucune
9b7e6413,CLI-00405,2026-02-03 00:00:00,14000.0,retrait,,local,False,aucune
b28198c1,CLI-00383,2026-02-03 00:00:00,232800.0,depot,,local,False,aucune
6464af08,CLI-00115,2026-02-03 00:00:00,9100.0,depot,,local,False,aucune
38ad25e3,CLI-00380,2026-02-03 00:00:00,9200.0,transfert_entrant,CLI-00464,local,False,aucune
dbda1675,CLI-00615,2026-02-03 00:00:00,50600.0,retrait,,local,False,aucune
7478e1e1,CLI-00143,2026-02-03 00:00:00,76300.0,decaissement_credit,,local,False,aucune
78aac0ce,CLI-00409,2026-02-03 00:00:00,39900.0,depot,,local,False,aucune
13cfdebe,CLI-00374,2026-02-03 00:00:00,6600.0,retrait,,local,False,aucune
7d4eff51,CLI-00621,2026-02-03 00:00:00,31400.0,transfert_entrant,CLI-00376,regional_uemoa,False,aucune
4dc16478,CLI-00372,2026-02-03 00:00:00,180100.0,depot,,local,False,aucune
b52dc7ac,CLI-00125,2026-02-03 00:00:00,32600.0,retrait,,local,False,aucune
b1658c51,CLI-00779,2026-02-03 00:00:00,43600.0,retrait,,local,False,aucune
7acc7c2b,CLI-00654,2026-02-03 00:00:00,28300.0,depot,,local,False,aucune
ee8e2c2c,CLI-00068,2026-02-03 00:00:00,233200.0,remboursement_credit,,local,False,aucune
0487063a,CLI-00323,2026-02-03 00:00:00,18200.0,transfert_sortant,CLI-00598,local,False,aucune
e714c7b5,CLI-00446,2026-02-03 00:00:00,79600.0,retrait,,local,False,aucune
8bd41611,CLI-00461,2026-02-03 00:00:00,45600.0,depot,,regional_uemoa,False,aucune
078796bb,CLI-00060,2026-02-03 00:00:00,16800.0,remboursement_credit,,local,False,aucune
ae729d76,CLI-00469,2026-02-03 00:00:00,22900.0,transfert_sortant,CLI-00731,regional_uemoa,False,aucune
9d68a7d9,CLI-00785,2026-02-03 00:00:00,9800.0,decaissement_credit,,local,False,aucune
35789d77,CLI-00490,2026-02-03 00:00:00,66200.0,transfert_sortant,CLI-00709,local,False,aucune
bc7a7c86,CLI-00446,2026-02-03 00:00:00,24900.0,depot,,local,False,aucune
c04f6506,CLI-00315,2026-02-03 00:00:00,44300.0,retrait,,regional_uemoa,False,aucune
6a1a9849,CLI-00305,2026-02-03 00:00:00,21200.0,retrait,,regional_uemoa,False,aucune
510e1395,CLI-00043,2026-02-03 00:00:00,93300.0,retrait,,local,False,aucune
276b4d6f,CLI-00066,2026-02-03 00:00:00,80000.0,depot,,local,False,aucune
63448ff4,CLI-00328,2026-02-03 00:00:00,32000.0,remboursement_credit,,local,False,aucune
86c34cbd,CLI-00703,2026-02-03 00:00:00,6800.0,transfert_entrant,CLI-00599,regional_uemoa,False,aucune
335d4b5c,CLI-00054,2026-02-03 00:00:00,130600.0,depot,,local,False,aucune
4eaa886e,CLI-00460,2026-02-03 00:00:00,20600.0,retrait,,local,False,aucune
609fc6e9,CLI-00788,2026-02-03 00:00:00,219400.0,depot,,local,False,aucune
bdfd9056,CLI-00345,2026-02-03 00:00:00,11100.0,decaissement_credit,,local,False,aucune
be869836,CLI-00670,2026-02-03 00:00:00,262000.0,depot,,transfrontalier_sensible,False,aucune
90786335,CLI-00755,2026-02-03 00:00:00,346800.0,retrait,,local,False,aucune
3b2c526b,CLI-00336,2026-02-03 00:00:00,8700.0,depot,,local,False,aucune
40acdd8d,CLI-00737,2026-02-03 00:00:00,6400.0,depot,,local,False,aucune
0a12f005,CLI-00674,2026-02-03 00:00:00,23100.0,depot,,regional_uemoa,False,aucune
b559a7b9,CLI-00693,2026-02-03 00:00:00,46600.0,remboursement_credit,,local,False,aucune
f77a5773,CLI-00488,2026-02-03 00:00:00,30600.0,transfert_entrant,CLI-00304,local,False,aucune
a94a82d8,CLI-00311,2026-02-03 00:00:00,22700.0,depot,,transfrontalier_sensible,False,aucune
55e40af4,CLI-00676,2026-02-03 00:00:00,67500.0,retrait,,local,False,aucune
a71a5062,CLI-00459,2026-02-04 00:00:00,27200.0,depot,,transfrontalier_sensible,False,aucune
1ef5d652,CLI-00139,2026-02-04 00:00:00,37800.0,depot,,local,False,aucune
799020c6,CLI-00405,2026-02-04 00:00:00,14800.0,retrait,,transfrontalier_sensible,False,aucune
eadc7b55,CLI-00588,2026-02-04 00:00:00,9900.0,transfert_entrant,CLI-00658,local,False,aucune
5ccd8acd,CLI-00591,2026-02-04 00:00:00,23600.0,depot,,local,False,aucune
79821fa5,CLI-00196,2026-02-04 00:00:00,23600.0,transfert_entrant,CLI-00416,local,False,aucune
c058e265,CLI-00149,2026-02-04 00:00:00,15800.0,decaissement_credit,,regional_uemoa,False,aucune
86b61e5a,CLI-00580,2026-02-04 00:00:00,443700.0,depot,,local,False,aucune
32df57ab,CLI-00013,2026-02-04 00:00:00,227600.0,depot,,local,False,aucune
8190266e,CLI-00567,2026-02-04 00:00:00,28600.0,retrait,,local,False,aucune
2b504a2e,CLI-00775,2026-02-04 00:00:00,32700.0,retrait,,regional_uemoa,False,aucune
47772e8c,CLI-00208,2026-02-04 00:00:00,24300.0,remboursement_credit,,regional_uemoa,False,aucune
050dde39,CLI-00010,2026-02-04 00:00:00,101500.0,remboursement_credit,,local,False,aucune
487ac9bb,CLI-00529,2026-02-04 00:00:00,1100.0,transfert_entrant,CLI-00383,regional_uemoa,False,aucune
abd37d03,CLI-00206,2026-02-04 00:00:00,5200.0,retrait,,transfrontalier_sensible,False,aucune
b9dad926,CLI-00202,2026-02-04 00:00:00,148700.0,retrait,,local,False,aucune
eb3b54d7,CLI-00242,2026-02-04 00:00:00,42600.0,remboursement_credit,,local,False,aucune
df4d632b,CLI-00490,2026-02-04 00:00:00,10700.0,retrait,,local,False,aucune
6cdbb761,CLI-00520,2026-02-04 00:00:00,76100.0,depot,,local,False,aucune
48f93065,CLI-00421,2026-02-04 00:00:00,52100.0,retrait,,local,False,aucune
667deed2,CLI-00407,2026-02-04 00:00:00,203100.0,retrait,,local,False,aucune
690f7642,CLI-00592,2026-02-04 00:00:00,17400.0,remboursement_credit,,regional_uemoa,False,aucune
a7e48b35,CLI-00796,2026-02-04 00:00:00,210900.0,depot,,local,False,aucune
78041892,CLI-00390,2026-02-04 00:00:00,28800.0,retrait,,local,False,aucune
97915a7d,CLI-00357,2026-02-04 00:00:00,26300.0,depot,,local,False,aucune
86ca64fa,CLI-00103,2026-02-04 00:00:00,43600.0,retrait,,local,False,aucune
e4ee3a2e,CLI-00759,2026-02-04 00:00:00,37500.0,depot,,local,False,aucune
99c413a4,CLI-00092,2026-02-04 00:00:00,69100.0,retrait,,local,False,aucune
356ba1d6,CLI-00664,2026-02-04 00:00:00,18300.0,transfert_entrant,CLI-00387,regional_uemoa,False,aucune
73f5c159,CLI-00665,2026-02-04 00:00:00,35600.0,depot,,local,False,aucune
8d5beaf0,CLI-00033,2026-02-04 00:00:00,4000.0,retrait,,local,False,aucune
72b54f78,CLI-00334,2026-02-04 00:00:00,83300.0,depot,,regional_uemoa,False,aucune
2690d9af,CLI-00071,2026-02-04 00:00:00,114400.0,transfert_entrant,CLI-00354,local,False,aucune
fa3b8971,CLI-00070,2026-02-04 00:00:00,68100.0,depot,,local,False,aucune
ee17a1a3,CLI-00065,2026-02-04 00:00:00,70500.0,decaissement_credit,,local,False,aucune
3e70d144,CLI-00065,2026-02-04 00:00:00,45600.0,remboursement_credit,,local,False,aucune
f44f5113,CLI-00054,2026-02-04 00:00:00,38700.0,remboursement_credit,,local,False,aucune
6960f6f5,CLI-00734,2026-02-04 00:00:00,19900.0,retrait,,regional_uemoa,False,aucune
fb7d60a6,CLI-00037,2026-02-04 00:00:00,19400.0,retrait,,local,False,aucune
1b92de93,CLI-00274,2026-02-04 00:00:00,35700.0,retrait,,local,False,aucune
1867f945,CLI-00366,2026-02-04 00:00:00,15300.0,decaissement_credit,,local,False,aucune
2a882045,CLI-00283,2026-02-04 00:00:00,142000.0,remboursement_credit,,regional_uemoa,False,aucune
abef7b9f,CLI-00452,2026-02-04 00:00:00,159700.0,retrait,,transfrontalier_sensible,False,aucune
3910be10,CLI-00597,2026-02-04 00:00:00,59300.0,transfert_sortant,CLI-00193,local,False,aucune
6695b517,CLI-00798,2026-02-04 00:00:00,41300.0,depot,,regional_uemoa,False,aucune
88617ac2,CLI-00121,2026-02-04 00:00:00,72000.0,transfert_entrant,CLI-00552,local,False,aucune
6c0d62b5,CLI-00619,2026-02-04 00:00:00,10500.0,depot,,local,False,aucune
8a9ce8ae,CLI-00266,2026-02-04 00:00:00,67500.0,transfert_sortant,CLI-00763,local,False,aucune
9853681b,CLI-00629,2026-02-04 00:00:00,21700.0,decaissement_credit,,local,False,aucune
94029ee8,CLI-00457,2026-02-04 00:00:00,39500.0,transfert_sortant,CLI-00672,local,False,aucune
d436a88b,CLI-00126,2026-02-04 00:00:00,129700.0,decaissement_credit,,local,False,aucune
62dcdcb9,CLI-00476,2026-02-05 00:00:00,412500.0,depot,,transfrontalier_sensible,False,aucune
5a7a5e92,CLI-00706,2026-02-05 00:00:00,13000.0,transfert_sortant,CLI-00313,local,False,aucune
56583762,CLI-00709,2026-02-05 00:00:00,67000.0,depot,,local,False,aucune
0941d2fd,CLI-00715,2026-02-05 00:00:00,4500.0,depot,,local,False,aucune
56b4a7d9,CLI-00603,2026-02-05 00:00:00,50500.0,decaissement_credit,,local,False,aucune
66ba1d2d,CLI-00728,2026-02-05 00:00:00,13000.0,retrait,,regional_uemoa,False,aucune
317f249f,CLI-00046,2026-02-05 00:00:00,44000.0,remboursement_credit,,local,False,aucune
d87a3275,CLI-00139,2026-02-05 00:00:00,26900.0,depot,,local,False,aucune
ef2b1a3f,CLI-00040,2026-02-05 00:00:00,22500.0,retrait,,local,False,aucune
b6621048,CLI-00128,2026-02-05 00:00:00,114800.0,remboursement_credit,,local,False,aucune
f240ff23,CLI-00615,2026-02-05 00:00:00,116000.0,depot,,local,False,aucune
f6c6dcd2,CLI-00548,2026-02-05 00:00:00,222900.0,depot,,local,False,aucune
21d74c96,CLI-00552,2026-02-05 00:00:00,18700.0,remboursement_credit,,local,False,aucune
b83dff7b,CLI-00782,2026-02-05 00:00:00,16000.0,depot,,local,False,aucune
fb098cc0,CLI-00507,2026-02-05 00:00:00,44900.0,transfert_sortant,CLI-00451,transfrontalier_sensible,False,aucune
d2bad4e1,CLI-00570,2026-02-05 00:00:00,1081600.0,decaissement_credit,,local,False,aucune
51927c20,CLI-00507,2026-02-05 00:00:00,25200.0,retrait,,regional_uemoa,False,aucune
3a6b4bd1,CLI-00661,2026-02-05 00:00:00,36600.0,depot,,local,False,aucune
8f0f3936,CLI-00594,2026-02-05 00:00:00,174800.0,remboursement_credit,,transfrontalier_sensible,False,aucune
97b260d8,CLI-00511,2026-02-05 00:00:00,4100.0,transfert_entrant,CLI-00440,transfrontalier_sensible,False,aucune
3ba5005e,CLI-00111,2026-02-05 00:00:00,13800.0,transfert_entrant,CLI-00772,local,False,aucune
e398e29f,CLI-00155,2026-02-05 00:00:00,143500.0,transfert_sortant,CLI-00755,local,False,aucune
04bb5e2f,CLI-00761,2026-02-05 00:00:00,61200.0,depot,,local,False,aucune
84373cc7,CLI-00641,2026-02-05 00:00:00,433300.0,depot,,local,False,aucune
05a64fa0,CLI-00479,2026-02-05 00:00:00,64800.0,depot,,regional_uemoa,False,aucune
acebdff6,CLI-00014,2026-02-05 00:00:00,93400.0,depot,,local,False,aucune
cc75cab8,CLI-00746,2026-02-05 00:00:00,247400.0,retrait,,local,False,aucune
65ca823e,CLI-00417,2026-02-05 00:00:00,25500.0,remboursement_credit,,local,False,aucune
8b007015,CLI-00274,2026-02-05 00:00:00,16800.0,remboursement_credit,,regional_uemoa,False,aucune
946db829,CLI-00334,2026-02-05 00:00:00,113800.0,retrait,,regional_uemoa,False,aucune
9c625521,CLI-00292,2026-02-05 00:00:00,94800.0,transfert_entrant,CLI-00028,local,False,aucune
e974d37a,CLI-00394,2026-02-05 00:00:00,92200.0,depot,,local,False,aucune
fcb27400,CLI-00299,2026-02-05 00:00:00,68400.0,remboursement_credit,,regional_uemoa,False,aucune
e130c622,CLI-00352,2026-02-05 00:00:00,275900.0,depot,,local,False,aucune
cc145282,CLI-00415,2026-02-05 00:00:00,6200.0,remboursement_credit,,local,False,aucune
ef49c4ab,CLI-00236,2026-02-05 00:00:00,40800.0,retrait,,local,False,aucune
7e193f31,CLI-00413,2026-02-05 00:00:00,150700.0,depot,,local,False,aucune
e2f2ee41,CLI-00380,2026-02-05 00:00:00,43400.0,depot,,local,False,aucune
58105f26,CLI-00787,2026-02-05 00:00:00,3100.0,transfert_sortant,CLI-00635,local,False,aucune
cf8ba71b,CLI-00312,2026-02-05 00:00:00,393800.0,retrait,,local,False,aucune
36cd3528,CLI-00310,2026-02-05 00:00:00,219000.0,remboursement_credit,,local,False,aucune
57b62870,CLI-00328,2026-02-05 00:00:00,125200.0,transfert_sortant,CLI-00729,regional_uemoa,False,aucune
6a82bd04,CLI-00370,2026-02-06 00:00:00,198800.0,transfert_sortant,CLI-00482,local,False,aucune
b79dce51,CLI-00627,2026-02-06 00:00:00,46100.0,transfert_entrant,CLI-00291,local,False,aucune
9b41d1c0,CLI-00519,2026-02-06 00:00:00,11000.0,retrait,,local,False,aucune
caa048d1,CLI-00113,2026-02-06 00:00:00,110100.0,depot,,local,False,aucune
729463b1,CLI-00420,2026-02-06 00:00:00,90000.0,transfert_entrant,CLI-00526,local,False,aucune
7bd73743,CLI-00602,2026-02-06 00:00:00,3400.0,decaissement_credit,,local,False,aucune
65600841,CLI-00277,2026-02-06 00:00:00,50600.0,transfert_entrant,CLI-00446,regional_uemoa,False,aucune
03b78bac,CLI-00620,2026-02-06 00:00:00,58400.0,retrait,,local,False,aucune
1a4f571b,CLI-00353,2026-02-06 00:00:00,21700.0,retrait,,local,False,aucune
adcd4f93,CLI-00569,2026-02-06 00:00:00,61800.0,transfert_entrant,CLI-00504,regional_uemoa,False,aucune
54ec1998,CLI-00758,2026-02-06 00:00:00,290900.0,transfert_entrant,CLI-00056,local,False,aucune
f810bfbc,CLI-00370,2026-02-06 00:00:00,39900.0,transfert_sortant,CLI-00437,regional_uemoa,False,aucune
1de96146,CLI-00242,2026-02-06 00:00:00,22400.0,transfert_entrant,CLI-00189,local,False,aucune
23c4c3de,CLI-00610,2026-02-06 00:00:00,11700.0,retrait,,local,False,aucune
1d45afab,CLI-00173,2026-02-06 00:00:00,39400.0,retrait,,local,False,aucune
2a77c42d,CLI-00794,2026-02-06 00:00:00,31700.0,depot,,local,False,aucune
7ba4922f,CLI-00572,2026-02-06 00:00:00,82200.0,transfert_entrant,CLI-00348,local,False,aucune
950aeb32,CLI-00412,2026-02-06 00:00:00,279400.0,depot,,local,False,aucune
542fe4bd,CLI-00574,2026-02-06 00:00:00,24300.0,depot,,local,False,aucune
845a444a,CLI-00396,2026-02-06 00:00:00,88500.0,decaissement_credit,,local,False,aucune
dae1c0d7,CLI-00391,2026-02-06 00:00:00,115300.0,retrait,,regional_uemoa,False,aucune
9086502a,CLI-00134,2026-02-06 00:00:00,9800.0,depot,,local,False,aucune
cbfc353a,CLI-00602,2026-02-06 00:00:00,49900.0,decaissement_credit,,local,False,aucune
373aeb16,CLI-00537,2026-02-06 00:00:00,352000.0,transfert_entrant,CLI-00045,local,False,aucune
a60ef4fb,CLI-00385,2026-02-06 00:00:00,26400.0,decaissement_credit,,local,False,aucune
88c1e457,CLI-00609,2026-02-06 00:00:00,115800.0,transfert_entrant,CLI-00601,regional_uemoa,False,aucune
dff6ce3f,CLI-00383,2026-02-06 00:00:00,76400.0,depot,,local,False,aucune
1bee0408,CLI-00126,2026-02-06 00:00:00,18700.0,depot,,local,False,aucune
31ab4ca6,CLI-00664,2026-02-06 00:00:00,224000.0,remboursement_credit,,local,False,aucune
096b8b9c,CLI-00611,2026-02-06 00:00:00,47000.0,depot,,local,False,aucune
181f51a7,CLI-00125,2026-02-06 00:00:00,10300.0,depot,,local,False,aucune
a6adf672,CLI-00433,2026-02-06 00:00:00,19700.0,retrait,,local,False,aucune
6895a7a6,CLI-00497,2026-02-06 00:00:00,34900.0,decaissement_credit,,local,False,aucune
330e94fa,CLI-00669,2026-02-06 00:00:00,153500.0,depot,,local,False,aucune
73770fb6,CLI-00689,2026-02-06 00:00:00,17300.0,retrait,,local,False,aucune
e17f3b13,CLI-00070,2026-02-06 00:00:00,13100.0,retrait,,local,False,aucune
1a08301f,CLI-00068,2026-02-06 00:00:00,206500.0,decaissement_credit,,local,False,aucune
3bb6e6f7,CLI-00286,2026-02-06 00:00:00,10600.0,depot,,regional_uemoa,False,aucune
a2d56ea8,CLI-00296,2026-02-06 00:00:00,6600.0,transfert_entrant,CLI-00457,local,False,aucune
3bbc5c76,CLI-00065,2026-02-06 00:00:00,85200.0,retrait,,local,False,aucune
579c2f25,CLI-00228,2026-02-06 00:00:00,325600.0,depot,,local,False,aucune
995d2549,CLI-00469,2026-02-06 00:00:00,38500.0,depot,,local,False,aucune
df182581,CLI-00060,2026-02-06 00:00:00,6900.0,transfert_entrant,CLI-00382,transfrontalier_sensible,False,aucune
7c1d3c36,CLI-00464,2026-02-06 00:00:00,69300.0,depot,,local,False,aucune
5685bbf6,CLI-00215,2026-02-06 00:00:00,48400.0,transfert_sortant,CLI-00636,local,False,aucune
f8b0a99a,CLI-00058,2026-02-06 00:00:00,8700.0,transfert_sortant,CLI-00217,local,False,aucune
7e63a3c4,CLI-00730,2026-02-06 00:00:00,109000.0,retrait,,local,False,aucune
70d4efe2,CLI-00731,2026-02-06 00:00:00,56800.0,decaissement_credit,,local,False,aucune
264f0d02,CLI-00043,2026-02-06 00:00:00,14100.0,transfert_entrant,CLI-00362,local,False,aucune
7b5ba4e2,CLI-00080,2026-02-06 00:00:00,15200.0,remboursement_credit,,local,False,aucune
0cd3c8fd,CLI-00479,2026-02-06 00:00:00,106600.0,depot,,local,False,aucune
a1aa16ec,CLI-00329,2026-02-06 00:00:00,3100.0,remboursement_credit,,local,False,aucune
4375771c,CLI-00568,2026-02-06 00:00:00,45100.0,transfert_entrant,CLI-00349,local,False,aucune
b2788f3b,CLI-00681,2026-02-06 00:00:00,48000.0,transfert_sortant,CLI-00031,local,False,aucune
b3419827,CLI-00487,2026-02-06 00:00:00,29600.0,remboursement_credit,,local,False,aucune
4fc358af,CLI-00232,2026-02-06 00:00:00,6400.0,depot,,local,False,aucune
fd2fe9d3,CLI-00002,2026-02-06 00:00:00,16400.0,retrait,,local,False,aucune
690529ef,CLI-00082,2026-02-06 00:00:00,17700.0,transfert_entrant,CLI-00256,local,False,aucune
001014ab,CLI-00671,2026-02-06 00:00:00,121400.0,retrait,,local,False,aucune
1f88f64b,CLI-00680,2026-02-06 00:00:00,10500.0,transfert_entrant,CLI-00615,local,False,aucune
788e5462,CLI-00756,2026-02-06 00:00:00,23700.0,retrait,,transfrontalier_sensible,False,aucune
1276141f,CLI-00671,2026-02-07 00:00:00,82500.0,remboursement_credit,,regional_uemoa,False,aucune
bad5d2a0,CLI-00582,2026-02-07 00:00:00,5100.0,depot,,local,False,aucune
97e7a649,CLI-00407,2026-02-07 00:00:00,113000.0,decaissement_credit,,regional_uemoa,False,aucune
d9ad9a0c,CLI-00141,2026-02-07 00:00:00,30600.0,remboursement_credit,,regional_uemoa,False,aucune
dc411513,CLI-00296,2026-02-07 00:00:00,60700.0,depot,,transfrontalier_sensible,False,aucune
67fb5f9d,CLI-00349,2026-02-07 00:00:00,32700.0,decaissement_credit,,local,False,aucune
81da9d1e,CLI-00313,2026-02-07 00:00:00,57800.0,transfert_sortant,CLI-00221,regional_uemoa,False,aucune
ad01bccb,CLI-00572,2026-02-07 00:00:00,11400.0,decaissement_credit,,local,False,aucune
d64f663c,CLI-00723,2026-02-07 00:00:00,62900.0,retrait,,local,False,aucune
e0e9aeb2,CLI-00721,2026-02-07 00:00:00,324100.0,depot,,local,False,aucune
492be2a6,CLI-00097,2026-02-07 00:00:00,328900.0,retrait,,local,False,aucune
54eccee5,CLI-00768,2026-02-07 00:00:00,104600.0,depot,,local,False,aucune
50625441,CLI-00306,2026-02-07 00:00:00,34500.0,retrait,,local,False,aucune
1ee092f2,CLI-00400,2026-02-07 00:00:00,101600.0,remboursement_credit,,local,False,aucune
97b855cf,CLI-00113,2026-02-07 00:00:00,104600.0,remboursement_credit,,local,False,aucune
2f579e79,CLI-00136,2026-02-07 00:00:00,16100.0,depot,,local,False,aucune
483d1f1b,CLI-00631,2026-02-07 00:00:00,22500.0,retrait,,regional_uemoa,False,aucune
2892ec2e,CLI-00072,2026-02-07 00:00:00,92400.0,retrait,,local,False,aucune
0fd4045c,CLI-00072,2026-02-07 00:00:00,33800.0,depot,,local,False,aucune
baa65fa7,CLI-00379,2026-02-07 00:00:00,444400.0,transfert_sortant,CLI-00546,local,False,aucune
d0c12a35,CLI-00766,2026-02-07 00:00:00,5900.0,transfert_sortant,CLI-00645,regional_uemoa,False,aucune
023d0f59,CLI-00109,2026-02-07 00:00:00,9700.0,transfert_sortant,CLI-00486,local,False,aucune
2b5d17fe,CLI-00768,2026-02-07 00:00:00,18200.0,retrait,,local,False,aucune
5a9fd689,CLI-00070,2026-02-07 00:00:00,66200.0,retrait,,regional_uemoa,False,aucune
b7b40e0d,CLI-00369,2026-02-07 00:00:00,71400.0,transfert_sortant,CLI-00108,local,False,aucune
ca4702cc,CLI-00705,2026-02-07 00:00:00,68200.0,depot,,local,False,aucune
e8e64915,CLI-00649,2026-02-07 00:00:00,5900.0,depot,,local,False,aucune
f6dbb7af,CLI-00296,2026-02-07 00:00:00,33400.0,depot,,local,False,aucune
b6531070,CLI-00711,2026-02-07 00:00:00,214200.0,transfert_sortant,CLI-00215,local,False,aucune
12ce365b,CLI-00132,2026-02-07 00:00:00,55200.0,depot,,local,False,aucune
bfc8d37b,CLI-00106,2026-02-07 00:00:00,22500.0,retrait,,local,False,aucune
a765be06,CLI-00653,2026-02-07 00:00:00,26300.0,depot,,local,False,aucune
f24fc64d,CLI-00450,2026-02-07 00:00:00,51300.0,retrait,,transfrontalier_sensible,False,aucune
320ea347,CLI-00565,2026-02-07 00:00:00,31300.0,depot,,local,False,aucune
0389e1de,CLI-00531,2026-02-07 00:00:00,71100.0,depot,,local,False,aucune
b28dd435,CLI-00515,2026-02-07 00:00:00,28100.0,depot,,local,False,aucune
eea3b66b,CLI-00420,2026-02-07 00:00:00,19100.0,remboursement_credit,,regional_uemoa,False,aucune
da121311,CLI-00192,2026-02-07 00:00:00,39200.0,depot,,regional_uemoa,False,aucune
3cf1f0f6,CLI-00541,2026-02-07 00:00:00,175100.0,retrait,,regional_uemoa,False,aucune
ae983205,CLI-00195,2026-02-07 00:00:00,15700.0,transfert_sortant,CLI-00569,local,False,aucune
4ce8529c,CLI-00492,2026-02-07 00:00:00,241600.0,decaissement_credit,,local,False,aucune
c99ff097,CLI-00550,2026-02-07 00:00:00,35900.0,transfert_entrant,CLI-00473,local,False,aucune
d4308faf,CLI-00432,2026-02-07 00:00:00,8000.0,transfert_entrant,CLI-00593,regional_uemoa,False,aucune
d6096154,CLI-00172,2026-02-07 00:00:00,1007300.0,depot,,local,False,aucune
0e1dae52,CLI-00481,2026-02-07 00:00:00,539800.0,transfert_sortant,CLI-00398,local,False,aucune
0bfc3085,CLI-00556,2026-02-07 00:00:00,21200.0,depot,,local,False,aucune
b9377c33,CLI-00488,2026-02-07 00:00:00,286100.0,depot,,local,False,aucune
f7206dc3,CLI-00008,2026-02-07 00:00:00,229200.0,retrait,,local,False,aucune
b141e0ce,CLI-00786,2026-02-07 00:00:00,155400.0,depot,,local,False,aucune
f1d9be34,CLI-00787,2026-02-07 00:00:00,237700.0,remboursement_credit,,transfrontalier_sensible,False,aucune
6ebfe3f1,CLI-00228,2026-02-07 00:00:00,16100.0,retrait,,local,False,aucune
f9346e80,CLI-00461,2026-02-08 00:00:00,61600.0,depot,,local,False,aucune
d91b4aee,CLI-00653,2026-02-08 00:00:00,12100.0,transfert_sortant,CLI-00491,local,False,aucune
2279310d,CLI-00651,2026-02-08 00:00:00,80900.0,transfert_entrant,CLI-00410,local,False,aucune
267e0d4c,CLI-00195,2026-02-08 00:00:00,279500.0,remboursement_credit,,local,False,aucune
2e53b3a5,CLI-00724,2026-02-08 00:00:00,6900.0,transfert_sortant,CLI-00583,local,False,aucune
de95557b,CLI-00003,2026-02-08 00:00:00,114200.0,depot,,local,False,aucune
20661b62,CLI-00226,2026-02-08 00:00:00,42200.0,depot,,transfrontalier_sensible,False,aucune
f03da44d,CLI-00618,2026-02-08 00:00:00,44100.0,remboursement_credit,,local,False,aucune
6f35b797,CLI-00449,2026-02-08 00:00:00,108800.0,retrait,,local,False,aucune
7386f3bf,CLI-00185,2026-02-08 00:00:00,26300.0,retrait,,local,False,aucune
56687d7d,CLI-00449,2026-02-08 00:00:00,25300.0,retrait,,regional_uemoa,False,aucune
0bde9df2,CLI-00517,2026-02-08 00:00:00,82900.0,remboursement_credit,,local,False,aucune
8439a596,CLI-00181,2026-02-08 00:00:00,29600.0,decaissement_credit,,local,False,aucune
25fa6f12,CLI-00118,2026-02-08 00:00:00,264200.0,depot,,local,False,aucune
5743629d,CLI-00118,2026-02-08 00:00:00,40800.0,remboursement_credit,,local,False,aucune
2741062b,CLI-00526,2026-02-08 00:00:00,186400.0,transfert_entrant,CLI-00066,local,False,aucune
29e19bd0,CLI-00503,2026-02-08 00:00:00,85700.0,decaissement_credit,,local,False,aucune
dd26a81a,CLI-00210,2026-02-08 00:00:00,10600.0,transfert_entrant,CLI-00226,regional_uemoa,False,aucune
a29698e5,CLI-00352,2026-02-08 00:00:00,19100.0,depot,,local,False,aucune
e307eb59,CLI-00296,2026-02-08 00:00:00,26200.0,remboursement_credit,,local,False,aucune
a40c7542,CLI-00208,2026-02-08 00:00:00,11500.0,depot,,local,False,aucune
68e3c9f1,CLI-00332,2026-02-08 00:00:00,12400.0,transfert_entrant,CLI-00066,local,False,aucune
70f7738a,CLI-00750,2026-02-08 00:00:00,321400.0,retrait,,local,False,aucune
d88b0018,CLI-00440,2026-02-08 00:00:00,52000.0,transfert_sortant,CLI-00607,regional_uemoa,False,aucune
0cf6ec75,CLI-00477,2026-02-08 00:00:00,3600.0,depot,,local,False,aucune
4dc0a976,CLI-00783,2026-02-08 00:00:00,34700.0,depot,,local,False,aucune
28ee4a42,CLI-00654,2026-02-08 00:00:00,39300.0,depot,,local,False,aucune
9594f6c1,CLI-00440,2026-02-08 00:00:00,9100.0,depot,,local,False,aucune
cdc160d0,CLI-00434,2026-02-08 00:00:00,39200.0,retrait,,local,False,aucune
5dc35be2,CLI-00290,2026-02-08 00:00:00,142900.0,depot,,local,False,aucune
5bbebfb1,CLI-00015,2026-02-08 00:00:00,44000.0,remboursement_credit,,local,False,aucune
20be52c5,CLI-00445,2026-02-08 00:00:00,42300.0,retrait,,local,False,aucune
6a4b3b2f,CLI-00786,2026-02-08 00:00:00,8800.0,depot,,local,False,aucune
479b1e15,CLI-00092,2026-02-08 00:00:00,88400.0,transfert_sortant,CLI-00713,local,False,aucune
3c8523ac,CLI-00095,2026-02-08 00:00:00,389500.0,decaissement_credit,,regional_uemoa,False,aucune
63019547,CLI-00327,2026-02-08 00:00:00,34100.0,depot,,transfrontalier_sensible,False,aucune
82156f5b,CLI-00461,2026-02-08 00:00:00,18200.0,depot,,local,False,aucune
95558c90,CLI-00500,2026-02-08 00:00:00,133000.0,depot,,regional_uemoa,False,aucune
f77a2508,CLI-00605,2026-02-08 00:00:00,89500.0,retrait,,local,False,aucune
c5e3558a,CLI-00259,2026-02-08 00:00:00,63400.0,transfert_entrant,CLI-00373,local,False,aucune
18a2af64,CLI-00395,2026-02-08 00:00:00,48900.0,retrait,,local,False,aucune
1087b04c,CLI-00387,2026-02-08 00:00:00,7100.0,depot,,local,False,aucune
16e5c9c9,CLI-00129,2026-02-08 00:00:00,4000.0,depot,,local,False,aucune
34619e82,CLI-00250,2026-02-08 00:00:00,106900.0,retrait,,local,False,aucune
ad0782f4,CLI-00143,2026-02-08 00:00:00,94500.0,depot,,regional_uemoa,False,aucune
1014ffb4,CLI-00590,2026-02-08 00:00:00,21900.0,remboursement_credit,,regional_uemoa,False,aucune
8c44891d,CLI-00393,2026-02-08 00:00:00,210900.0,retrait,,local,False,aucune
c7fa8025,CLI-00777,2026-02-08 00:00:00,10900.0,transfert_entrant,CLI-00037,local,False,aucune
10a72f5d,CLI-00606,2026-02-08 00:00:00,81500.0,retrait,,local,False,aucune
a5e15954,CLI-00583,2026-02-08 00:00:00,28100.0,retrait,,regional_uemoa,False,aucune
b450a27f,CLI-00569,2026-02-08 00:00:00,62500.0,retrait,,local,False,aucune
e683eaa3,CLI-00546,2026-02-08 00:00:00,61900.0,retrait,,local,False,aucune
4d71f9ff,CLI-00137,2026-02-08 00:00:00,45400.0,retrait,,local,False,aucune
7a15a4fe,CLI-00244,2026-02-08 00:00:00,56100.0,decaissement_credit,,local,False,aucune
c2ac5bc5,CLI-00142,2026-02-08 00:00:00,84800.0,retrait,,local,False,aucune
545d406d,CLI-00159,2026-02-08 00:00:00,76100.0,depot,,local,False,aucune
cd4d718e,CLI-00169,2026-02-08 00:00:00,260000.0,retrait,,regional_uemoa,False,aucune
c9887a25,CLI-00252,2026-02-08 00:00:00,26300.0,transfert_sortant,CLI-00763,local,False,aucune
d5ff8593,CLI-00769,2026-02-08 00:00:00,97900.0,decaissement_credit,,local,False,aucune
72c0df1e,CLI-00088,2026-02-09 00:00:00,157200.0,retrait,,local,False,aucune
f7cb858d,CLI-00126,2026-02-09 00:00:00,13600.0,decaissement_credit,,transfrontalier_sensible,False,aucune
3fc5e49c,CLI-00152,2026-02-09 00:00:00,21200.0,remboursement_credit,,local,False,aucune
53b62b06,CLI-00161,2026-02-09 00:00:00,15600.0,retrait,,local,False,aucune
ead903a5,CLI-00156,2026-02-09 00:00:00,215900.0,retrait,,local,False,aucune
a28d6f29,CLI-00348,2026-02-09 00:00:00,133000.0,depot,,local,False,aucune
22be5906,CLI-00430,2026-02-09 00:00:00,65500.0,transfert_sortant,CLI-00455,transfrontalier_sensible,False,aucune
cc2a389b,CLI-00659,2026-02-09 00:00:00,6100.0,retrait,,local,False,aucune
19f664bd,CLI-00722,2026-02-09 00:00:00,18900.0,transfert_entrant,CLI-00431,local,False,aucune
25b42693,CLI-00094,2026-02-09 00:00:00,20600.0,retrait,,regional_uemoa,False,aucune
f6d145ff,CLI-00592,2026-02-09 00:00:00,253000.0,depot,,regional_uemoa,False,aucune
11e80c64,CLI-00053,2026-02-09 00:00:00,75600.0,depot,,local,False,aucune
5b92ce72,CLI-00297,2026-02-09 00:00:00,18900.0,depot,,local,False,aucune
f87a0eb3,CLI-00437,2026-02-09 00:00:00,23700.0,transfert_entrant,CLI-00630,local,False,aucune
591163d9,CLI-00682,2026-02-09 00:00:00,122300.0,transfert_sortant,CLI-00026,local,False,aucune
2f676d38,CLI-00589,2026-02-09 00:00:00,32900.0,remboursement_credit,,regional_uemoa,False,aucune
b6f46bc0,CLI-00211,2026-02-09 00:00:00,51400.0,remboursement_credit,,regional_uemoa,False,aucune
5506663d,CLI-00707,2026-02-09 00:00:00,26100.0,transfert_sortant,CLI-00628,local,False,aucune
68e8690f,CLI-00470,2026-02-09 00:00:00,40700.0,depot,,regional_uemoa,False,aucune
d0c8821a,CLI-00145,2026-02-09 00:00:00,29200.0,transfert_sortant,CLI-00239,local,False,aucune
50cc8934,CLI-00228,2026-02-09 00:00:00,29000.0,retrait,,local,False,aucune
20708063,CLI-00577,2026-02-09 00:00:00,35200.0,remboursement_credit,,local,False,aucune
9127dfdb,CLI-00785,2026-02-09 00:00:00,112500.0,depot,,transfrontalier_sensible,False,aucune
acaadea4,CLI-00473,2026-02-09 00:00:00,72900.0,retrait,,local,False,aucune
c077a69d,CLI-00294,2026-02-09 00:00:00,22400.0,remboursement_credit,,local,False,aucune
878402fd,CLI-00474,2026-02-09 00:00:00,16200.0,retrait,,local,False,aucune
73d73fc3,CLI-00074,2026-02-09 00:00:00,57900.0,decaissement_credit,,local,False,aucune
ec0d292a,CLI-00334,2026-02-09 00:00:00,127000.0,remboursement_credit,,regional_uemoa,False,aucune
d35f98fa,CLI-00693,2026-02-09 00:00:00,14200.0,retrait,,local,False,aucune
d12c4b6e,CLI-00690,2026-02-09 00:00:00,138000.0,depot,,local,False,aucune
8af63e1c,CLI-00688,2026-02-09 00:00:00,18200.0,transfert_sortant,CLI-00258,local,False,aucune
b0da2be2,CLI-00334,2026-02-09 00:00:00,9700.0,retrait,,transfrontalier_sensible,False,aucune
03ecc262,CLI-00230,2026-02-09 00:00:00,91800.0,transfert_sortant,CLI-00251,local,False,aucune
7bdcd174,CLI-00087,2026-02-09 00:00:00,97300.0,retrait,,local,False,aucune
77e40d55,CLI-00416,2026-02-09 00:00:00,23000.0,retrait,,local,False,aucune
d50fe9e0,CLI-00654,2026-02-09 00:00:00,18200.0,decaissement_credit,,regional_uemoa,False,aucune
878c0f55,CLI-00579,2026-02-09 00:00:00,20200.0,depot,,local,False,aucune
1fcdd901,CLI-00036,2026-02-09 00:00:00,12200.0,retrait,,local,False,aucune
f655ec37,CLI-00792,2026-02-09 00:00:00,24900.0,transfert_entrant,CLI-00782,local,False,aucune
ff44a7ad,CLI-00630,2026-02-09 00:00:00,14400.0,transfert_sortant,CLI-00026,regional_uemoa,False,aucune
31af7971,CLI-00455,2026-02-09 00:00:00,218900.0,depot,,local,False,aucune
1f4e9e68,CLI-00268,2026-02-09 00:00:00,62700.0,remboursement_credit,,regional_uemoa,False,aucune
96805b41,CLI-00267,2026-02-09 00:00:00,58400.0,retrait,,local,False,aucune
d5f72743,CLI-00623,2026-02-09 00:00:00,74400.0,depot,,local,False,aucune
a416a495,CLI-00623,2026-02-09 00:00:00,4800.0,depot,,local,False,aucune
0c6186a0,CLI-00029,2026-02-09 00:00:00,16500.0,depot,,regional_uemoa,False,aucune
e106064b,CLI-00797,2026-02-09 00:00:00,23000.0,depot,,regional_uemoa,False,aucune
fbeec2cd,CLI-00375,2026-02-09 00:00:00,79200.0,retrait,,regional_uemoa,False,aucune
6b5b4ecc,CLI-00618,2026-02-09 00:00:00,7900.0,retrait,,local,False,aucune
2ce7ef65,CLI-00739,2026-02-09 00:00:00,248200.0,transfert_sortant,CLI-00774,local,False,aucune
d92670da,CLI-00617,2026-02-09 00:00:00,152900.0,transfert_entrant,CLI-00243,local,False,aucune
29759e66,CLI-00378,2026-02-09 00:00:00,204200.0,depot,,transfrontalier_sensible,False,aucune
f48a4c7d,CLI-00528,2026-02-09 00:00:00,43900.0,retrait,,local,False,aucune
16f56e10,CLI-00612,2026-02-09 00:00:00,36300.0,transfert_sortant,CLI-00766,local,False,aucune
b09f0d3d,CLI-00452,2026-02-09 00:00:00,48700.0,remboursement_credit,,local,False,aucune
41760ba2,CLI-00523,2026-02-09 00:00:00,20500.0,remboursement_credit,,local,False,aucune
1acd3b2a,CLI-00236,2026-02-09 00:00:00,85900.0,depot,,local,False,aucune
ba6899ed,CLI-00424,2026-02-09 00:00:00,19700.0,remboursement_credit,,local,False,aucune
400c05a5,CLI-00468,2026-02-09 00:00:00,78900.0,decaissement_credit,,local,False,aucune
1d80c21d,CLI-00646,2026-02-09 00:00:00,14700.0,retrait,,local,False,aucune
72b6c2a7,CLI-00640,2026-02-09 00:00:00,24100.0,retrait,,local,False,aucune
a73781fe,CLI-00646,2026-02-09 00:00:00,75500.0,retrait,,local,False,aucune
495d360c,CLI-00568,2026-02-09 00:00:00,60500.0,transfert_sortant,CLI-00119,local,False,aucune
2f0ea31c,CLI-00300,2026-02-09 00:00:00,32900.0,remboursement_credit,,transfrontalier_sensible,False,aucune
7e8b22d6,CLI-00759,2026-02-09 00:00:00,64800.0,retrait,,regional_uemoa,False,aucune
d3aa27de,CLI-00562,2026-02-09 00:00:00,32300.0,retrait,,local,False,aucune
033fd9d4,CLI-00723,2026-02-09 00:00:00,93200.0,retrait,,local,False,aucune
adf55252,CLI-00166,2026-02-09 00:00:00,444100.0,retrait,,local,False,aucune
96fb7e04,CLI-00151,2026-02-09 00:00:00,68900.0,retrait,,local,False,aucune
eaa84cfd,CLI-00196,2026-02-09 00:00:00,14000.0,remboursement_credit,,local,False,aucune
bd7ec603,CLI-00648,2026-02-09 00:00:00,15600.0,retrait,,local,False,aucune
16d56689,CLI-00741,2026-02-10 00:00:00,12700.0,decaissement_credit,,local,False,aucune
29ed6f4d,CLI-00040,2026-02-10 00:00:00,36200.0,transfert_sortant,CLI-00033,local,False,aucune
d3904519,CLI-00465,2026-02-10 00:00:00,76500.0,depot,,local,False,aucune
5bd98a86,CLI-00452,2026-02-10 00:00:00,119200.0,retrait,,local,False,aucune
fa3f50b8,CLI-00412,2026-02-10 00:00:00,44600.0,transfert_sortant,CLI-00684,local,False,aucune
10beec87,CLI-00299,2026-02-10 00:00:00,247400.0,depot,,local,False,aucune
a56dcc76,CLI-00049,2026-02-10 00:00:00,14600.0,depot,,regional_uemoa,False,aucune
1b1fe9a6,CLI-00567,2026-02-10 00:00:00,20800.0,transfert_sortant,CLI-00740,local,False,aucune
e34132e7,CLI-00738,2026-02-10 00:00:00,188700.0,remboursement_credit,,local,False,aucune
f6055f7a,CLI-00212,2026-02-10 00:00:00,78200.0,depot,,local,False,aucune
993b63ec,CLI-00558,2026-02-10 00:00:00,96500.0,retrait,,local,False,aucune
7ed19906,CLI-00318,2026-02-10 00:00:00,27600.0,transfert_sortant,CLI-00149,local,False,aucune
fc00b182,CLI-00577,2026-02-10 00:00:00,229600.0,retrait,,local,False,aucune
542281b3,CLI-00150,2026-02-10 00:00:00,52400.0,depot,,local,False,aucune
10ac38c6,CLI-00560,2026-02-10 00:00:00,132500.0,retrait,,local,False,aucune
b087303d,CLI-00038,2026-02-10 00:00:00,115000.0,depot,,local,False,aucune
cea7942d,CLI-00491,2026-02-10 00:00:00,9170700.0,depot,,local,True,structuring
73e21b9c,CLI-00127,2026-02-10 00:00:00,53600.0,depot,,local,False,aucune
73f57b14,CLI-00173,2026-02-10 00:00:00,291800.0,transfert_sortant,CLI-00603,local,False,aucune
4e36a434,CLI-00418,2026-02-10 00:00:00,51500.0,transfert_sortant,CLI-00171,local,False,aucune
96e75b14,CLI-00384,2026-02-10 00:00:00,210200.0,retrait,,local,False,aucune
ff03ea69,CLI-00376,2026-02-10 00:00:00,21400.0,retrait,,local,False,aucune
2153997f,CLI-00131,2026-02-10 00:00:00,228700.0,retrait,,local,False,aucune
cffa0704,CLI-00166,2026-02-10 00:00:00,305200.0,depot,,local,False,aucune
954040bc,CLI-00110,2026-02-10 00:00:00,29400.0,depot,,local,False,aucune
0f799a06,CLI-00635,2026-02-10 00:00:00,67900.0,transfert_sortant,CLI-00002,regional_uemoa,False,aucune
2d85f711,CLI-00190,2026-02-10 00:00:00,79400.0,decaissement_credit,,regional_uemoa,False,aucune
689d7b7a,CLI-00450,2026-02-10 00:00:00,452100.0,depot,,regional_uemoa,False,aucune
8ae7bc8f,CLI-00357,2026-02-10 00:00:00,280000.0,remboursement_credit,,local,False,aucune
60eed0fc,CLI-00259,2026-02-10 00:00:00,36800.0,decaissement_credit,,regional_uemoa,False,aucune
2d04c8de,CLI-00327,2026-02-10 00:00:00,12900.0,depot,,local,False,aucune
0654f261,CLI-00101,2026-02-10 00:00:00,7800.0,transfert_entrant,CLI-00011,transfrontalier_sensible,False,aucune
e008f66c,CLI-00193,2026-02-10 00:00:00,43700.0,retrait,,local,False,aucune
ab6c5152,CLI-00545,2026-02-10 00:00:00,6300.0,retrait,,local,False,aucune
c33deee2,CLI-00164,2026-02-10 00:00:00,5400.0,retrait,,local,False,aucune
db69daf0,CLI-00137,2026-02-10 00:00:00,159300.0,decaissement_credit,,local,False,aucune
9915ee4e,CLI-00352,2026-02-10 00:00:00,431700.0,depot,,regional_uemoa,False,aucune
0ca65090,CLI-00093,2026-02-10 00:00:00,67000.0,retrait,,regional_uemoa,False,aucune
f3bf0646,CLI-00347,2026-02-10 00:00:00,86200.0,retrait,,regional_uemoa,False,aucune
f6c9a660,CLI-00199,2026-02-10 00:00:00,50200.0,depot,,regional_uemoa,False,aucune
06a4cedc,CLI-00140,2026-02-10 00:00:00,15600.0,depot,,local,False,aucune
76894ec2,CLI-00488,2026-02-10 00:00:00,259700.0,decaissement_credit,,local,False,aucune
a02e47c8,CLI-00484,2026-02-10 00:00:00,23800.0,transfert_entrant,CLI-00060,local,False,aucune
f97526cf,CLI-00230,2026-02-10 00:00:00,55100.0,transfert_sortant,CLI-00625,local,False,aucune
048bc7ab,CLI-00329,2026-02-10 00:00:00,48500.0,remboursement_credit,,transfrontalier_sensible,False,aucune
360ff908,CLI-00647,2026-02-10 00:00:00,93300.0,retrait,,local,False,aucune
866db6a7,CLI-00414,2026-02-10 00:00:00,42900.0,remboursement_credit,,local,False,aucune
80dc6e10,CLI-00491,2026-02-10 00:00:00,9642000.0,transfert_sortant,,local,True,structuring
60d5316a,CLI-00033,2026-02-10 00:00:00,107600.0,transfert_sortant,CLI-00415,local,False,aucune
391e1860,CLI-00766,2026-02-10 00:00:00,5500.0,remboursement_credit,,local,False,aucune
996e5691,CLI-00790,2026-02-10 00:00:00,53600.0,transfert_sortant,CLI-00194,local,False,aucune
499c5672,CLI-00776,2026-02-10 00:00:00,22300.0,decaissement_credit,,local,False,aucune
f23c56e2,CLI-00491,2026-02-10 00:00:00,9729100.0,transfert_sortant,,local,True,structuring
3e98bc4c,CLI-00443,2026-02-11 00:00:00,88900.0,transfert_entrant,CLI-00692,regional_uemoa,False,aucune
e856d2d5,CLI-00517,2026-02-11 00:00:00,60700.0,retrait,,local,False,aucune
fa4bfb06,CLI-00479,2026-02-11 00:00:00,58100.0,depot,,local,False,aucune
cc43562b,CLI-00231,2026-02-11 00:00:00,53600.0,depot,,local,False,aucune
cf8c2669,CLI-00272,2026-02-11 00:00:00,19100.0,depot,,local,False,aucune
6a3e1c07,CLI-00241,2026-02-11 00:00:00,275200.0,transfert_entrant,CLI-00099,local,False,aucune
fbc2bdc4,CLI-00348,2026-02-11 00:00:00,66300.0,depot,,local,False,aucune
a5a79277,CLI-00386,2026-02-11 00:00:00,24100.0,depot,,local,False,aucune
8f99872f,CLI-00258,2026-02-11 00:00:00,400000.0,retrait,,local,False,aucune
09af09f7,CLI-00150,2026-02-11 00:00:00,15900.0,depot,,local,False,aucune
fe467831,CLI-00693,2026-02-11 00:00:00,44500.0,depot,,regional_uemoa,False,aucune
5b62f10c,CLI-00572,2026-02-11 00:00:00,3400.0,retrait,,local,False,aucune
b5e9197c,CLI-00353,2026-02-11 00:00:00,492200.0,retrait,,regional_uemoa,False,aucune
b717b83c,CLI-00634,2026-02-11 00:00:00,26600.0,depot,,local,False,aucune
901dd93a,CLI-00764,2026-02-11 00:00:00,16200.0,decaissement_credit,,local,False,aucune
59e8f622,CLI-00715,2026-02-11 00:00:00,17600.0,retrait,,local,False,aucune
2b80d9d0,CLI-00187,2026-02-11 00:00:00,27100.0,remboursement_credit,,regional_uemoa,False,aucune
ee44a9b9,CLI-00356,2026-02-11 00:00:00,416600.0,remboursement_credit,,regional_uemoa,False,aucune
973c96f8,CLI-00680,2026-02-11 00:00:00,2900.0,decaissement_credit,,local,False,aucune
b9461821,CLI-00035,2026-02-11 00:00:00,45600.0,depot,,local,False,aucune
f006eb38,CLI-00531,2026-02-11 00:00:00,5500.0,transfert_entrant,CLI-00354,local,False,aucune
85e38dc3,CLI-00127,2026-02-11 00:00:00,10700.0,retrait,,regional_uemoa,False,aucune
bf62104c,CLI-00424,2026-02-11 00:00:00,32100.0,transfert_entrant,CLI-00282,regional_uemoa,False,aucune
a4e57c5e,CLI-00234,2026-02-11 00:00:00,296400.0,remboursement_credit,,regional_uemoa,False,aucune
37b24d83,CLI-00770,2026-02-11 00:00:00,2700.0,remboursement_credit,,local,False,aucune
8bd91c33,CLI-00238,2026-02-11 00:00:00,437600.0,retrait,,local,False,aucune
44d048a3,CLI-00429,2026-02-11 00:00:00,86800.0,retrait,,local,False,aucune
f1888ff1,CLI-00600,2026-02-11 00:00:00,33300.0,depot,,local,False,aucune
ece66a33,CLI-00517,2026-02-11 00:00:00,48700.0,depot,,local,False,aucune
5ea421d1,CLI-00389,2026-02-11 00:00:00,5400.0,remboursement_credit,,local,False,aucune
67668f71,CLI-00715,2026-02-11 00:00:00,31100.0,depot,,local,False,aucune
8a462b92,CLI-00760,2026-02-11 00:00:00,14200.0,retrait,,local,False,aucune
c1e8b1f9,CLI-00307,2026-02-11 00:00:00,118100.0,depot,,local,False,aucune
26d55039,CLI-00083,2026-02-11 00:00:00,40000.0,decaissement_credit,,local,False,aucune
b1be1e93,CLI-00753,2026-02-11 00:00:00,73800.0,retrait,,local,False,aucune
2c3555e1,CLI-00319,2026-02-11 00:00:00,54600.0,depot,,local,False,aucune
a88796e8,CLI-00777,2026-02-11 00:00:00,15600.0,retrait,,local,False,aucune
95178ab1,CLI-00223,2026-02-11 00:00:00,11500.0,depot,,local,False,aucune
396bde5e,CLI-00323,2026-02-11 00:00:00,108900.0,retrait,,local,False,aucune
506ef33b,CLI-00292,2026-02-11 00:00:00,106500.0,retrait,,transfrontalier_sensible,False,aucune
6cd8e50a,CLI-00079,2026-02-11 00:00:00,20300.0,transfert_entrant,CLI-00358,local,False,aucune
81976d0b,CLI-00062,2026-02-11 00:00:00,13500.0,depot,,local,False,aucune
f46f304d,CLI-00214,2026-02-11 00:00:00,4328700.0,transfert_sortant,CLI-00365,local,False,aucune
6e26daee,CLI-00367,2026-02-11 00:00:00,33800.0,depot,,local,False,aucune
4ba298db,CLI-00655,2026-02-11 00:00:00,77000.0,remboursement_credit,,local,False,aucune
09132eb8,CLI-00335,2026-02-11 00:00:00,150100.0,retrait,,local,False,aucune
fc326ad5,CLI-00649,2026-02-11 00:00:00,348200.0,depot,,local,False,aucune
178430a6,CLI-00720,2026-02-11 00:00:00,17400.0,retrait,,regional_uemoa,False,aucune
d523e6d3,CLI-00654,2026-02-11 00:00:00,247500.0,depot,,local,False,aucune
d1195e46,CLI-00226,2026-02-11 00:00:00,70100.0,retrait,,local,False,aucune
61b53e28,CLI-00596,2026-02-12 00:00:00,62800.0,retrait,,local,False,aucune
3e28fca3,CLI-00175,2026-02-12 00:00:00,16800.0,retrait,,local,False,aucune
79245d71,CLI-00135,2026-02-12 00:00:00,18100.0,depot,,regional_uemoa,False,aucune
b8d2d762,CLI-00004,2026-02-12 00:00:00,26900.0,remboursement_credit,,local,False,aucune
1ce5d402,CLI-00425,2026-02-12 00:00:00,4800.0,retrait,,local,False,aucune
04def03a,CLI-00704,2026-02-12 00:00:00,8600.0,depot,,local,False,aucune
80784d3b,CLI-00535,2026-02-12 00:00:00,33900.0,transfert_entrant,CLI-00349,local,False,aucune
74f8de37,CLI-00407,2026-02-12 00:00:00,19200.0,retrait,,local,False,aucune
b980c9a0,CLI-00157,2026-02-12 00:00:00,2400.0,retrait,,local,False,aucune
0f03c257,CLI-00220,2026-02-12 00:00:00,18300.0,transfert_entrant,CLI-00564,local,False,aucune
33dc4427,CLI-00375,2026-02-12 00:00:00,308600.0,transfert_sortant,CLI-00763,local,False,aucune
f98b0e60,CLI-00164,2026-02-12 00:00:00,59300.0,remboursement_credit,,local,False,aucune
9d1f2fd8,CLI-00239,2026-02-12 00:00:00,47400.0,transfert_sortant,CLI-00243,transfrontalier_sensible,False,aucune
f88a3c47,CLI-00555,2026-02-12 00:00:00,58100.0,retrait,,local,False,aucune
310ed4e3,CLI-00775,2026-02-12 00:00:00,38500.0,transfert_sortant,CLI-00007,local,False,aucune
6fdbffed,CLI-00554,2026-02-12 00:00:00,8700.0,remboursement_credit,,local,False,aucune
d868f0ca,CLI-00794,2026-02-12 00:00:00,30400.0,transfert_entrant,CLI-00202,local,False,aucune
19e42925,CLI-00583,2026-02-12 00:00:00,8000.0,depot,,local,False,aucune
33ed5e72,CLI-00250,2026-02-12 00:00:00,9700.0,transfert_sortant,CLI-00220,local,False,aucune
2505c67f,CLI-00550,2026-02-12 00:00:00,4700.0,retrait,,local,False,aucune
4231adca,CLI-00007,2026-02-12 00:00:00,162100.0,depot,,local,False,aucune
11cc535f,CLI-00182,2026-02-12 00:00:00,23600.0,remboursement_credit,,regional_uemoa,False,aucune
77a6c6de,CLI-00007,2026-02-12 00:00:00,202800.0,depot,,regional_uemoa,False,aucune
f51b03ef,CLI-00177,2026-02-12 00:00:00,45400.0,retrait,,local,False,aucune
890227be,CLI-00361,2026-02-12 00:00:00,82700.0,retrait,,local,False,aucune
097bd994,CLI-00426,2026-02-12 00:00:00,37300.0,retrait,,local,False,aucune
3d9b8562,CLI-00642,2026-02-12 00:00:00,167500.0,retrait,,local,False,aucune
fe29d962,CLI-00645,2026-02-12 00:00:00,98500.0,retrait,,local,False,aucune
4ca3d02b,CLI-00597,2026-02-12 00:00:00,100600.0,retrait,,regional_uemoa,False,aucune
809c7c09,CLI-00647,2026-02-12 00:00:00,84800.0,depot,,local,False,aucune
af009008,CLI-00742,2026-02-12 00:00:00,15400.0,retrait,,local,False,aucune
f8d48373,CLI-00332,2026-02-12 00:00:00,11100.0,retrait,,local,False,aucune
e154f48e,CLI-00654,2026-02-12 00:00:00,75000.0,retrait,,local,False,aucune
fa8405d5,CLI-00094,2026-02-12 00:00:00,20400.0,transfert_sortant,CLI-00730,local,False,aucune
3758a4fc,CLI-00664,2026-02-12 00:00:00,3400.0,depot,,transfrontalier_sensible,False,aucune
d4d9d8ab,CLI-00224,2026-02-12 00:00:00,1700.0,transfert_sortant,CLI-00689,local,False,aucune
1fe1a18a,CLI-00720,2026-02-12 00:00:00,148500.0,depot,,local,False,aucune
5231848b,CLI-00467,2026-02-12 00:00:00,264700.0,depot,,local,False,aucune
a0b97404,CLI-00321,2026-02-12 00:00:00,59800.0,transfert_sortant,CLI-00186,local,False,aucune
1b26d141,CLI-00321,2026-02-12 00:00:00,248000.0,retrait,,regional_uemoa,False,aucune
01a8f737,CLI-00317,2026-02-12 00:00:00,6700.0,retrait,,local,False,aucune
6a38ccb1,CLI-00458,2026-02-12 00:00:00,49200.0,depot,,local,False,aucune
e07ed538,CLI-00452,2026-02-12 00:00:00,20500.0,remboursement_credit,,local,False,aucune
3f198e8d,CLI-00109,2026-02-12 00:00:00,10000.0,retrait,,local,False,aucune
98f5463a,CLI-00630,2026-02-12 00:00:00,19400.0,remboursement_credit,,local,False,aucune
718d632f,CLI-00689,2026-02-12 00:00:00,58100.0,retrait,,local,False,aucune
4eb747dd,CLI-00626,2026-02-12 00:00:00,81200.0,retrait,,local,False,aucune
4f4fcc40,CLI-00133,2026-02-12 00:00:00,61400.0,depot,,local,False,aucune
650203a7,CLI-00364,2026-02-12 00:00:00,196400.0,remboursement_credit,,local,False,aucune
72f8feed,CLI-00133,2026-02-12 00:00:00,17300.0,decaissement_credit,,local,False,aucune
42f73a13,CLI-00131,2026-02-12 00:00:00,59000.0,transfert_entrant,CLI-00426,transfrontalier_sensible,False,aucune
ee94f5cf,CLI-00605,2026-02-12 00:00:00,131200.0,retrait,,regional_uemoa,False,aucune
22824450,CLI-00695,2026-02-12 00:00:00,40700.0,retrait,,local,False,aucune
c84ee9e8,CLI-00505,2026-02-12 00:00:00,20900.0,decaissement_credit,,local,False,aucune
637ec21d,CLI-00051,2026-02-12 00:00:00,78100.0,remboursement_credit,,local,False,aucune
03dc4417,CLI-00530,2026-02-12 00:00:00,296000.0,remboursement_credit,,local,False,aucune
9cb9682d,CLI-00624,2026-02-12 00:00:00,46900.0,transfert_sortant,CLI-00147,local,False,aucune
b83910f5,CLI-00491,2026-02-12 00:00:00,27700.0,remboursement_credit,,local,False,aucune
b741be9e,CLI-00063,2026-02-13 00:00:00,98900.0,transfert_sortant,CLI-00310,local,False,aucune
4be63d97,CLI-00513,2026-02-13 00:00:00,11500.0,retrait,,local,False,aucune
f0b77aff,CLI-00189,2026-02-13 00:00:00,31500.0,depot,,regional_uemoa,False,aucune
685c800d,CLI-00216,2026-02-13 00:00:00,155100.0,transfert_entrant,CLI-00518,local,False,aucune
b99b58a0,CLI-00013,2026-02-13 00:00:00,107000.0,retrait,,local,False,aucune
e7857915,CLI-00244,2026-02-13 00:00:00,82100.0,depot,,local,False,aucune
ba9587e3,CLI-00198,2026-02-13 00:00:00,69900.0,depot,,local,False,aucune
568ec696,CLI-00197,2026-02-13 00:00:00,35500.0,depot,,local,False,aucune
320b7a15,CLI-00052,2026-02-13 00:00:00,67600.0,depot,,local,False,aucune
0e222d55,CLI-00419,2026-02-13 00:00:00,14400.0,retrait,,regional_uemoa,False,aucune
381d2314,CLI-00438,2026-02-13 00:00:00,12400.0,retrait,,regional_uemoa,False,aucune
f2205fed,CLI-00414,2026-02-13 00:00:00,187000.0,decaissement_credit,,local,False,aucune
705c29c7,CLI-00726,2026-02-13 00:00:00,52000.0,transfert_entrant,CLI-00075,local,False,aucune
cd096612,CLI-00785,2026-02-13 00:00:00,138100.0,depot,,local,False,aucune
c6c02cd6,CLI-00501,2026-02-13 00:00:00,54900.0,decaissement_credit,,local,False,aucune
bdadfa7d,CLI-00465,2026-02-13 00:00:00,121300.0,transfert_sortant,CLI-00553,local,False,aucune
9f97ed94,CLI-00789,2026-02-13 00:00:00,32400.0,retrait,,local,False,aucune
00bf2e17,CLI-00772,2026-02-13 00:00:00,34300.0,depot,,local,False,aucune
2ed54745,CLI-00457,2026-02-13 00:00:00,58700.0,depot,,regional_uemoa,False,aucune
9142f78d,CLI-00694,2026-02-13 00:00:00,28300.0,retrait,,local,False,aucune
d5fcf2a9,CLI-00355,2026-02-13 00:00:00,43600.0,remboursement_credit,,local,False,aucune
4d1d2982,CLI-00623,2026-02-13 00:00:00,8300.0,retrait,,local,False,aucune
99bedaaa,CLI-00345,2026-02-13 00:00:00,10500.0,transfert_sortant,CLI-00176,local,False,aucune
2379ee2e,CLI-00609,2026-02-13 00:00:00,415800.0,transfert_sortant,CLI-00581,local,False,aucune
0a95f77a,CLI-00606,2026-02-13 00:00:00,51800.0,depot,,local,False,aucune
8307dd17,CLI-00742,2026-02-13 00:00:00,40100.0,retrait,,transfrontalier_sensible,False,aucune
366190d4,CLI-00737,2026-02-13 00:00:00,7200.0,transfert_sortant,CLI-00177,local,False,aucune
56736c79,CLI-00134,2026-02-13 00:00:00,44700.0,depot,,local,False,aucune
6937e530,CLI-00138,2026-02-13 00:00:00,57000.0,depot,,local,False,aucune
ba6e5c08,CLI-00652,2026-02-13 00:00:00,50100.0,retrait,,local,False,aucune
1727d749,CLI-00374,2026-02-13 00:00:00,15400.0,remboursement_credit,,local,False,aucune
e660674f,CLI-00142,2026-02-13 00:00:00,80200.0,retrait,,local,False,aucune
1946a144,CLI-00090,2026-02-13 00:00:00,93300.0,retrait,,local,False,aucune
5cdb9501,CLI-00144,2026-02-13 00:00:00,74000.0,retrait,,transfrontalier_sensible,False,aucune
b1d6d011,CLI-00068,2026-02-13 00:00:00,6100.0,retrait,,local,False,aucune
d517f78a,CLI-00553,2026-02-13 00:00:00,45700.0,depot,,local,False,aucune
948276c0,CLI-00384,2026-02-13 00:00:00,69100.0,retrait,,regional_uemoa,False,aucune
33addf86,CLI-00170,2026-02-13 00:00:00,101300.0,depot,,local,False,aucune
6f030083,CLI-00709,2026-02-13 00:00:00,73700.0,depot,,local,False,aucune
ec132e4a,CLI-00079,2026-02-13 00:00:00,89400.0,depot,,local,False,aucune
cd7cf710,CLI-00039,2026-02-13 00:00:00,14200.0,transfert_sortant,CLI-00524,local,False,aucune
2ef85cd8,CLI-00300,2026-02-13 00:00:00,34300.0,depot,,regional_uemoa,False,aucune
35934ad9,CLI-00772,2026-02-13 00:00:00,24800.0,transfert_entrant,CLI-00396,local,False,aucune
37bc0861,CLI-00254,2026-02-13 00:00:00,6600.0,depot,,local,False,aucune
057fdf73,CLI-00677,2026-02-13 00:00:00,72000.0,depot,,local,False,aucune
37477dbf,CLI-00217,2026-02-14 00:00:00,59200.0,remboursement_credit,,local,False,aucune
e0dcd652,CLI-00487,2026-02-14 00:00:00,83700.0,decaissement_credit,,regional_uemoa,False,aucune
c6bccdfe,CLI-00204,2026-02-14 00:00:00,25100.0,depot,,local,False,aucune
33ac9447,CLI-00083,2026-02-14 00:00:00,222000.0,depot,,local,False,aucune
fc6c0402,CLI-00644,2026-02-14 00:00:00,155400.0,depot,,regional_uemoa,False,aucune
931f8f0f,CLI-00090,2026-02-14 00:00:00,80400.0,depot,,local,False,aucune
ecbee13e,CLI-00676,2026-02-14 00:00:00,191300.0,depot,,local,False,aucune
11ef9497,CLI-00013,2026-02-14 00:00:00,76300.0,depot,,local,False,aucune
dff6ee4f,CLI-00653,2026-02-14 00:00:00,15600.0,retrait,,regional_uemoa,False,aucune
87fe2df5,CLI-00685,2026-02-14 00:00:00,118900.0,retrait,,local,False,aucune
6082a34e,CLI-00032,2026-02-14 00:00:00,355300.0,depot,,local,False,aucune
8d559a72,CLI-00057,2026-02-14 00:00:00,10700.0,transfert_sortant,CLI-00789,local,False,aucune
ed6a311a,CLI-00032,2026-02-14 00:00:00,8900.0,transfert_entrant,CLI-00269,local,False,aucune
1b9d4824,CLI-00784,2026-02-14 00:00:00,66600.0,transfert_entrant,CLI-00394,local,False,aucune
ca3c86b7,CLI-00637,2026-02-14 00:00:00,23900.0,retrait,,local,False,aucune
465417a0,CLI-00171,2026-02-14 00:00:00,60600.0,remboursement_credit,,local,False,aucune
7758d351,CLI-00199,2026-02-14 00:00:00,353700.0,remboursement_credit,,local,False,aucune
9a564455,CLI-00749,2026-02-14 00:00:00,29100.0,depot,,local,False,aucune
2a9eea31,CLI-00525,2026-02-14 00:00:00,146000.0,retrait,,local,False,aucune
097cd37e,CLI-00166,2026-02-14 00:00:00,70200.0,retrait,,local,False,aucune
9e7faeb3,CLI-00523,2026-02-14 00:00:00,82100.0,depot,,local,False,aucune
79a87b3f,CLI-00523,2026-02-14 00:00:00,38200.0,transfert_entrant,CLI-00394,local,False,aucune
c0a7b907,CLI-00522,2026-02-14 00:00:00,9800.0,depot,,local,False,aucune
e689febf,CLI-00155,2026-02-14 00:00:00,4600.0,retrait,,local,False,aucune
cb3ce99b,CLI-00562,2026-02-14 00:00:00,2100.0,depot,,local,False,aucune
4c3643d2,CLI-00569,2026-02-14 00:00:00,70600.0,retrait,,local,False,aucune
b94ed0ec,CLI-00185,2026-02-14 00:00:00,37400.0,retrait,,local,False,aucune
75c47aa1,CLI-00113,2026-02-14 00:00:00,31000.0,retrait,,local,False,aucune
5f613a1a,CLI-00579,2026-02-14 00:00:00,13300.0,decaissement_credit,,regional_uemoa,False,aucune
bdb98703,CLI-00017,2026-02-14 00:00:00,37300.0,transfert_sortant,CLI-00462,local,False,aucune
905a0187,CLI-00700,2026-02-14 00:00:00,39700.0,depot,,local,False,aucune
3b644639,CLI-00590,2026-02-14 00:00:00,86900.0,retrait,,local,False,aucune
454cb9ba,CLI-00602,2026-02-14 00:00:00,29300.0,depot,,local,False,aucune
72365159,CLI-00752,2026-02-14 00:00:00,804500.0,retrait,,local,False,aucune
23652909,CLI-00710,2026-02-14 00:00:00,39600.0,retrait,,local,False,aucune
7026f7b0,CLI-00614,2026-02-14 00:00:00,388000.0,transfert_entrant,CLI-00302,local,False,aucune
f7bea774,CLI-00623,2026-02-14 00:00:00,20600.0,depot,,local,False,aucune
0af4921f,CLI-00195,2026-02-14 00:00:00,26200.0,depot,,transfrontalier_sensible,False,aucune
4e857c46,CLI-00694,2026-02-14 00:00:00,68500.0,transfert_entrant,CLI-00647,local,False,aucune
25dcab31,CLI-00586,2026-02-14 00:00:00,14600.0,transfert_entrant,CLI-00131,local,False,aucune
c33e75e0,CLI-00125,2026-02-14 00:00:00,177500.0,retrait,,local,False,aucune
32509a1d,CLI-00746,2026-02-14 00:00:00,11700.0,decaissement_credit,,regional_uemoa,False,aucune
295b6d76,CLI-00732,2026-02-14 00:00:00,7900.0,transfert_entrant,CLI-00191,regional_uemoa,False,aucune
7b06010e,CLI-00728,2026-02-14 00:00:00,31000.0,retrait,,local,False,aucune
5975fffd,CLI-00361,2026-02-14 00:00:00,23200.0,transfert_entrant,CLI-00512,transfrontalier_sensible,False,aucune
5634e83c,CLI-00276,2026-02-14 00:00:00,16200.0,retrait,,local,False,aucune
7d6b89e7,CLI-00039,2026-02-14 00:00:00,40300.0,decaissement_credit,,local,False,aucune
d7899591,CLI-00374,2026-02-14 00:00:00,109500.0,retrait,,regional_uemoa,False,aucune
ec5c3729,CLI-00325,2026-02-14 00:00:00,142800.0,transfert_entrant,CLI-00110,transfrontalier_sensible,False,aucune
e562ee8b,CLI-00229,2026-02-14 00:00:00,65100.0,transfert_sortant,CLI-00374,local,False,aucune
e7fd92e6,CLI-00340,2026-02-14 00:00:00,10500.0,depot,,local,False,aucune
6ea3f5ce,CLI-00441,2026-02-14 00:00:00,40600.0,transfert_sortant,CLI-00387,local,False,aucune
59b86a4f,CLI-00011,2026-02-14 00:00:00,5500.0,retrait,,local,False,aucune
750a2850,CLI-00304,2026-02-14 00:00:00,175200.0,transfert_entrant,CLI-00566,local,False,aucune
b0d87db7,CLI-00415,2026-02-14 00:00:00,52300.0,depot,,local,False,aucune
ca5c12ac,CLI-00790,2026-02-14 00:00:00,49600.0,transfert_entrant,CLI-00094,local,False,aucune
f53dd8ba,CLI-00378,2026-02-14 00:00:00,9100.0,depot,,local,False,aucune
42c9c358,CLI-00248,2026-02-14 00:00:00,109100.0,transfert_entrant,CLI-00196,local,False,aucune
c7bc7498,CLI-00242,2026-02-14 00:00:00,249700.0,depot,,local,False,aucune
7976d6f7,CLI-00040,2026-02-14 00:00:00,41900.0,retrait,,local,False,aucune
4c2c78fe,CLI-00387,2026-02-14 00:00:00,35600.0,retrait,,local,False,aucune
073d9a65,CLI-00432,2026-02-14 00:00:00,45500.0,depot,,local,False,aucune
bc15d573,CLI-00391,2026-02-14 00:00:00,11300.0,transfert_sortant,CLI-00179,local,False,aucune
d2ac41ee,CLI-00732,2026-02-14 00:00:00,173100.0,remboursement_credit,,regional_uemoa,False,aucune
0ee84621,CLI-00730,2026-02-14 00:00:00,53400.0,transfert_entrant,CLI-00222,local,False,aucune
c3a1a1b5,CLI-00363,2026-02-14 00:00:00,66700.0,depot,,local,False,aucune
4bb1f902,CLI-00333,2026-02-14 00:00:00,125000.0,depot,,local,False,aucune
31e64956,CLI-00049,2026-02-14 00:00:00,30000.0,depot,,regional_uemoa,False,aucune
1df76b66,CLI-00247,2026-02-14 00:00:00,47700.0,depot,,regional_uemoa,False,aucune
da212bd6,CLI-00733,2026-02-14 00:00:00,265400.0,retrait,,local,False,aucune
b1100822,CLI-00349,2026-02-14 00:00:00,25900.0,decaissement_credit,,local,False,aucune
e06ca4f6,CLI-00255,2026-02-15 00:00:00,64500.0,depot,,local,False,aucune
239f0aa9,CLI-00407,2026-02-15 00:00:00,21400.0,retrait,,local,False,aucune
0ba3b6a9,CLI-00595,2026-02-15 00:00:00,292200.0,transfert_sortant,CLI-00677,local,False,aucune
a396eb2c,CLI-00135,2026-02-15 00:00:00,65800.0,transfert_sortant,CLI-00335,local,False,aucune
3f6b5234,CLI-00008,2026-02-15 00:00:00,78400.0,depot,,regional_uemoa,False,aucune
1a3fded2,CLI-00033,2026-02-15 00:00:00,98200.0,remboursement_credit,,local,False,aucune
56746ba7,CLI-00712,2026-02-15 00:00:00,100800.0,remboursement_credit,,local,False,aucune
2a4b1c56,CLI-00586,2026-02-15 00:00:00,152700.0,retrait,,local,False,aucune
27d49143,CLI-00344,2026-02-15 00:00:00,156400.0,depot,,local,False,aucune
c6be1339,CLI-00796,2026-02-15 00:00:00,5900.0,remboursement_credit,,transfrontalier_sensible,False,aucune
d3df3901,CLI-00029,2026-02-15 00:00:00,159300.0,transfert_sortant,CLI-00566,regional_uemoa,False,aucune
4851eea7,CLI-00344,2026-02-15 00:00:00,75800.0,transfert_sortant,CLI-00319,local,False,aucune
fa8544ee,CLI-00751,2026-02-15 00:00:00,112700.0,depot,,local,False,aucune
a817c22e,CLI-00002,2026-02-15 00:00:00,40500.0,transfert_entrant,CLI-00280,transfrontalier_sensible,False,aucune
aeb2eb0f,CLI-00588,2026-02-15 00:00:00,5600.0,remboursement_credit,,local,False,aucune
a68c4084,CLI-00578,2026-02-15 00:00:00,31700.0,depot,,regional_uemoa,False,aucune
cd5feffb,CLI-00379,2026-02-15 00:00:00,152600.0,retrait,,local,False,aucune
1be5e63c,CLI-00062,2026-02-15 00:00:00,68500.0,depot,,local,False,aucune
cea46298,CLI-00178,2026-02-15 00:00:00,121700.0,decaissement_credit,,regional_uemoa,False,aucune
396c8681,CLI-00097,2026-02-15 00:00:00,124700.0,decaissement_credit,,local,False,aucune
5287e41e,CLI-00075,2026-02-15 00:00:00,22600.0,retrait,,local,False,aucune
2febcc36,CLI-00419,2026-02-15 00:00:00,29600.0,depot,,local,False,aucune
533a8104,CLI-00578,2026-02-15 00:00:00,493200.0,decaissement_credit,,regional_uemoa,False,aucune
33753190,CLI-00293,2026-02-15 00:00:00,13200.0,depot,,local,False,aucune
549fe8e5,CLI-00132,2026-02-15 00:00:00,24800.0,depot,,regional_uemoa,False,aucune
d868e345,CLI-00168,2026-02-15 00:00:00,19400.0,depot,,local,False,aucune
f37b687b,CLI-00350,2026-02-15 00:00:00,56300.0,transfert_sortant,CLI-00473,local,False,aucune
17319787,CLI-00013,2026-02-15 00:00:00,6100.0,retrait,,local,False,aucune
16f4130c,CLI-00469,2026-02-15 00:00:00,53200.0,depot,,local,False,aucune
d227a1eb,CLI-00027,2026-02-15 00:00:00,67600.0,decaissement_credit,,regional_uemoa,False,aucune
beac1d3a,CLI-00156,2026-02-15 00:00:00,23900.0,transfert_entrant,CLI-00797,local,False,aucune
8b569c0b,CLI-00613,2026-02-15 00:00:00,46600.0,decaissement_credit,,local,False,aucune
2297ccc0,CLI-00786,2026-02-15 00:00:00,373900.0,transfert_entrant,CLI-00079,local,False,aucune
5fec0121,CLI-00277,2026-02-15 00:00:00,34400.0,retrait,,local,False,aucune
d96032c4,CLI-00224,2026-02-15 00:00:00,115900.0,retrait,,regional_uemoa,False,aucune
9dda8fdb,CLI-00547,2026-02-15 00:00:00,359500.0,remboursement_credit,,regional_uemoa,False,aucune
a0638f66,CLI-00118,2026-02-15 00:00:00,72600.0,retrait,,transfrontalier_sensible,False,aucune
14997a65,CLI-00451,2026-02-15 00:00:00,251100.0,transfert_sortant,CLI-00321,local,False,aucune
186d289b,CLI-00356,2026-02-15 00:00:00,67400.0,transfert_sortant,CLI-00743,local,False,aucune
b16902c4,CLI-00353,2026-02-15 00:00:00,32800.0,depot,,local,False,aucune
6df94467,CLI-00679,2026-02-15 00:00:00,30800.0,retrait,,regional_uemoa,False,aucune
11459a8f,CLI-00795,2026-02-15 00:00:00,321200.0,transfert_sortant,CLI-00358,local,False,aucune
cab010b2,CLI-00239,2026-02-15 00:00:00,8000.0,decaissement_credit,,local,False,aucune
21f24953,CLI-00039,2026-02-15 00:00:00,11700.0,retrait,,regional_uemoa,False,aucune
b5ccf3b6,CLI-00763,2026-02-15 00:00:00,13900.0,retrait,,regional_uemoa,False,aucune
be15e0e6,CLI-00189,2026-02-15 00:00:00,8000.0,depot,,local,False,aucune
a6e5b260,CLI-00079,2026-02-15 00:00:00,13600.0,depot,,local,False,aucune
7b7501e0,CLI-00153,2026-02-15 00:00:00,8700.0,transfert_entrant,CLI-00578,regional_uemoa,False,aucune
5f4d67b5,CLI-00433,2026-02-15 00:00:00,201800.0,retrait,,local,False,aucune
7cc80dd3,CLI-00604,2026-02-15 00:00:00,11100.0,retrait,,local,False,aucune
30d8fd52,CLI-00193,2026-02-15 00:00:00,23600.0,retrait,,local,False,aucune
78fb994f,CLI-00034,2026-02-15 00:00:00,28300.0,retrait,,local,False,aucune
a006255d,CLI-00738,2026-02-15 00:00:00,29900.0,depot,,regional_uemoa,False,aucune
fdb040db,CLI-00539,2026-02-15 00:00:00,26600.0,transfert_entrant,CLI-00742,local,False,aucune
8114af7f,CLI-00071,2026-02-15 00:00:00,9300.0,depot,,local,False,aucune
51ec87d7,CLI-00763,2026-02-15 00:00:00,57800.0,depot,,local,False,aucune
3862d818,CLI-00292,2026-02-15 00:00:00,16500.0,depot,,local,False,aucune
9fbf7b1e,CLI-00437,2026-02-15 00:00:00,20500.0,remboursement_credit,,local,False,aucune
ace861bb,CLI-00672,2026-02-15 00:00:00,9200.0,depot,,local,False,aucune
337000cb,CLI-00561,2026-02-15 00:00:00,117400.0,depot,,local,False,aucune
eb68ae67,CLI-00762,2026-02-15 00:00:00,35400.0,depot,,local,False,aucune
4ff898c9,CLI-00567,2026-02-15 00:00:00,259500.0,retrait,,local,False,aucune
6a430239,CLI-00002,2026-02-16 00:00:00,36300.0,transfert_sortant,CLI-00058,local,False,aucune
08094cc7,CLI-00370,2026-02-16 00:00:00,16800.0,retrait,,local,False,aucune
825e6600,CLI-00585,2026-02-16 00:00:00,34600.0,remboursement_credit,,local,False,aucune
e00748bf,CLI-00351,2026-02-16 00:00:00,21000.0,retrait,,regional_uemoa,False,aucune
9e83fc8d,CLI-00354,2026-02-16 00:00:00,21900.0,depot,,local,False,aucune
7fc9d18a,CLI-00627,2026-02-16 00:00:00,79300.0,retrait,,regional_uemoa,False,aucune
5e4470a4,CLI-00123,2026-02-16 00:00:00,45900.0,remboursement_credit,,local,False,aucune
3e9c5472,CLI-00694,2026-02-16 00:00:00,118700.0,transfert_entrant,CLI-00135,local,False,aucune
8a8cdec4,CLI-00125,2026-02-16 00:00:00,40000.0,retrait,,local,False,aucune
efc9d4a1,CLI-00360,2026-02-16 00:00:00,42800.0,depot,,local,False,aucune
cb1e30f9,CLI-00767,2026-02-16 00:00:00,122100.0,retrait,,local,False,aucune
099dabd2,CLI-00609,2026-02-16 00:00:00,272600.0,retrait,,local,False,aucune
f8583ffb,CLI-00606,2026-02-16 00:00:00,242100.0,depot,,local,False,aucune
7636e89f,CLI-00036,2026-02-16 00:00:00,73700.0,remboursement_credit,,local,False,aucune
f22f05f2,CLI-00273,2026-02-16 00:00:00,224400.0,retrait,,local,False,aucune
ba0cc635,CLI-00272,2026-02-16 00:00:00,243500.0,transfert_sortant,CLI-00539,local,False,aucune
c322a569,CLI-00601,2026-02-16 00:00:00,28500.0,remboursement_credit,,local,False,aucune
4df18eef,CLI-00736,2026-02-16 00:00:00,110500.0,transfert_entrant,CLI-00059,transfrontalier_sensible,False,aucune
6607c069,CLI-00268,2026-02-16 00:00:00,55200.0,depot,,local,False,aucune
7ffd1cc4,CLI-00218,2026-02-16 00:00:00,9700.0,depot,,local,False,aucune
7d96fc00,CLI-00584,2026-02-16 00:00:00,39500.0,depot,,local,False,aucune
686d2917,CLI-00650,2026-02-16 00:00:00,110900.0,retrait,,regional_uemoa,False,aucune
f72a49f6,CLI-00249,2026-02-16 00:00:00,68800.0,retrait,,local,False,aucune
1a554960,CLI-00657,2026-02-16 00:00:00,62600.0,retrait,,local,False,aucune
9841f05c,CLI-00232,2026-02-16 00:00:00,69700.0,depot,,local,False,aucune
792ce4a4,CLI-00232,2026-02-16 00:00:00,7600.0,transfert_sortant,CLI-00237,local,False,aucune
828cc8a7,CLI-00010,2026-02-16 00:00:00,15300.0,remboursement_credit,,local,False,aucune
1f5ff3ed,CLI-00415,2026-02-16 00:00:00,218900.0,depot,,regional_uemoa,False,aucune
b23e2d58,CLI-00718,2026-02-16 00:00:00,23700.0,retrait,,local,False,aucune
7363b748,CLI-00089,2026-02-16 00:00:00,405400.0,retrait,,local,False,aucune
001a6220,CLI-00656,2026-02-16 00:00:00,28800.0,depot,,local,False,aucune
8b8ec99b,CLI-00331,2026-02-16 00:00:00,66400.0,transfert_sortant,CLI-00298,local,False,aucune
1caccca2,CLI-00031,2026-02-16 00:00:00,54000.0,depot,,local,False,aucune
7d38ffe5,CLI-00174,2026-02-16 00:00:00,22000.0,decaissement_credit,,local,False,aucune
b8ce824f,CLI-00181,2026-02-16 00:00:00,111800.0,retrait,,local,False,aucune
26279fed,CLI-00450,2026-02-16 00:00:00,77700.0,depot,,local,False,aucune
04735415,CLI-00432,2026-02-16 00:00:00,17400.0,depot,,local,False,aucune
5f9c7cf7,CLI-00687,2026-02-16 00:00:00,51900.0,retrait,,local,False,aucune
1f10981d,CLI-00670,2026-02-16 00:00:00,249600.0,depot,,local,False,aucune
bf56296a,CLI-00162,2026-02-16 00:00:00,94400.0,depot,,local,False,aucune
c6e22446,CLI-00307,2026-02-16 00:00:00,170600.0,depot,,local,False,aucune
9019e113,CLI-00708,2026-02-16 00:00:00,13400.0,depot,,local,False,aucune
75b0c389,CLI-00090,2026-02-16 00:00:00,294300.0,retrait,,local,False,aucune
47c27acd,CLI-00514,2026-02-16 00:00:00,78100.0,transfert_entrant,CLI-00051,regional_uemoa,False,aucune
34dd84a7,CLI-00404,2026-02-16 00:00:00,67400.0,transfert_entrant,CLI-00056,local,False,aucune
f7439e1b,CLI-00759,2026-02-16 00:00:00,267900.0,retrait,,regional_uemoa,False,aucune
ef5b56df,CLI-00461,2026-02-16 00:00:00,82900.0,remboursement_credit,,transfrontalier_sensible,False,aucune
e06a2c8d,CLI-00064,2026-02-16 00:00:00,169500.0,retrait,,local,False,aucune
b19985d3,CLI-00313,2026-02-16 00:00:00,28500.0,retrait,,local,False,aucune
203a8452,CLI-00696,2026-02-17 00:00:00,5400.0,decaissement_credit,,local,False,aucune
bd50b647,CLI-00193,2026-02-17 00:00:00,10900.0,transfert_sortant,CLI-00568,local,False,aucune
e21b24d8,CLI-00110,2026-02-17 00:00:00,19300.0,transfert_entrant,CLI-00477,local,False,aucune
cd01a83d,CLI-00768,2026-02-17 00:00:00,99800.0,transfert_sortant,CLI-00373,local,False,aucune
3dd1a29e,CLI-00193,2026-02-17 00:00:00,27100.0,decaissement_credit,,local,False,aucune
97e0f6c6,CLI-00050,2026-02-17 00:00:00,211700.0,decaissement_credit,,local,False,aucune
0934475e,CLI-00058,2026-02-17 00:00:00,15500.0,retrait,,local,False,aucune
702cbb55,CLI-00365,2026-02-17 00:00:00,116700.0,depot,,local,False,aucune
5badcdc0,CLI-00016,2026-02-17 00:00:00,165900.0,retrait,,local,False,aucune
16ff26ee,CLI-00717,2026-02-17 00:00:00,309800.0,depot,,regional_uemoa,False,aucune
984d5c31,CLI-00090,2026-02-17 00:00:00,21000.0,depot,,local,False,aucune
f36c95b2,CLI-00789,2026-02-17 00:00:00,26800.0,transfert_sortant,CLI-00094,regional_uemoa,False,aucune
d0dfe974,CLI-00451,2026-02-17 00:00:00,104200.0,depot,,local,False,aucune
40d05de2,CLI-00459,2026-02-17 00:00:00,14100.0,depot,,local,False,aucune
df3a4dfd,CLI-00451,2026-02-17 00:00:00,38300.0,retrait,,regional_uemoa,False,aucune
c62370dc,CLI-00277,2026-02-17 00:00:00,42900.0,transfert_entrant,CLI-00225,local,False,aucune
22c4d38b,CLI-00627,2026-02-17 00:00:00,163000.0,retrait,,local,False,aucune
13985548,CLI-00450,2026-02-17 00:00:00,169600.0,decaissement_credit,,local,False,aucune
e321a785,CLI-00722,2026-02-17 00:00:00,24200.0,transfert_sortant,CLI-00428,local,False,aucune
a862572e,CLI-00614,2026-02-17 00:00:00,10200.0,remboursement_credit,,regional_uemoa,False,aucune
6416d769,CLI-00226,2026-02-17 00:00:00,56600.0,transfert_sortant,CLI-00729,local,False,aucune
40ae7219,CLI-00720,2026-02-17 00:00:00,110400.0,decaissement_credit,,local,False,aucune
577eae45,CLI-00720,2026-02-17 00:00:00,58700.0,retrait,,regional_uemoa,False,aucune
51ad5584,CLI-00444,2026-02-17 00:00:00,67600.0,retrait,,local,False,aucune
f35e9cb9,CLI-00483,2026-02-17 00:00:00,593200.0,depot,,local,False,aucune
1bf651c6,CLI-00323,2026-02-17 00:00:00,25800.0,remboursement_credit,,local,False,aucune
49fee16e,CLI-00275,2026-02-17 00:00:00,4700.0,transfert_entrant,CLI-00300,local,False,aucune
d6843a1d,CLI-00488,2026-02-17 00:00:00,75300.0,depot,,local,False,aucune
2b4b70b3,CLI-00423,2026-02-17 00:00:00,119400.0,transfert_entrant,CLI-00094,regional_uemoa,False,aucune
d28db531,CLI-00003,2026-02-17 00:00:00,82900.0,depot,,regional_uemoa,False,aucune
b081ecf4,CLI-00025,2026-02-17 00:00:00,119600.0,depot,,local,False,aucune
f5920630,CLI-00645,2026-02-17 00:00:00,48100.0,retrait,,transfrontalier_sensible,False,aucune
2fdb48c8,CLI-00691,2026-02-17 00:00:00,20400.0,depot,,local,False,aucune
6a7e43b9,CLI-00729,2026-02-17 00:00:00,17200.0,decaissement_credit,,local,False,aucune
aff06dc5,CLI-00330,2026-02-17 00:00:00,16200.0,depot,,local,False,aucune
91fd1932,CLI-00171,2026-02-17 00:00:00,44800.0,depot,,local,False,aucune
59b176c7,CLI-00263,2026-02-17 00:00:00,13000.0,retrait,,local,False,aucune
275b0fb7,CLI-00144,2026-02-17 00:00:00,25600.0,retrait,,regional_uemoa,False,aucune
2b0755af,CLI-00004,2026-02-17 00:00:00,992800.0,retrait,,regional_uemoa,False,aucune
92a4c3d9,CLI-00329,2026-02-17 00:00:00,62900.0,remboursement_credit,,local,False,aucune
873360bd,CLI-00658,2026-02-17 00:00:00,143500.0,transfert_entrant,CLI-00374,local,False,aucune
059df5ea,CLI-00636,2026-02-17 00:00:00,68500.0,transfert_sortant,CLI-00686,local,False,aucune
c56ffadb,CLI-00537,2026-02-17 00:00:00,38600.0,retrait,,transfrontalier_sensible,False,aucune
c9c2579f,CLI-00384,2026-02-17 00:00:00,203500.0,depot,,local,False,aucune
17152b3c,CLI-00061,2026-02-17 00:00:00,12300.0,transfert_sortant,CLI-00029,regional_uemoa,False,aucune
1bb100da,CLI-00540,2026-02-17 00:00:00,106800.0,transfert_sortant,CLI-00250,local,False,aucune
bff46354,CLI-00046,2026-02-17 00:00:00,103200.0,transfert_sortant,CLI-00391,local,False,aucune
f7a6d634,CLI-00099,2026-02-17 00:00:00,253200.0,retrait,,local,False,aucune
785482f8,CLI-00024,2026-02-17 00:00:00,36300.0,remboursement_credit,,local,False,aucune
c04a1a65,CLI-00373,2026-02-17 00:00:00,12600.0,depot,,local,False,aucune
6d65b557,CLI-00266,2026-02-17 00:00:00,20800.0,remboursement_credit,,local,False,aucune
73677356,CLI-00557,2026-02-17 00:00:00,251800.0,transfert_sortant,CLI-00231,local,False,aucune
5f18b122,CLI-00348,2026-02-17 00:00:00,40200.0,retrait,,transfrontalier_sensible,False,aucune
25b3e4c3,CLI-00137,2026-02-17 00:00:00,57000.0,transfert_entrant,CLI-00086,local,False,aucune
eba45315,CLI-00768,2026-02-17 00:00:00,19900.0,depot,,local,False,aucune
60895bb5,CLI-00624,2026-02-17 00:00:00,117000.0,transfert_sortant,CLI-00674,local,False,aucune
8a82ab69,CLI-00070,2026-02-17 00:00:00,11100.0,depot,,local,False,aucune
cd8288f3,CLI-00163,2026-02-17 00:00:00,22500.0,retrait,,local,False,aucune
9c03a954,CLI-00265,2026-02-17 00:00:00,67000.0,depot,,local,False,aucune
26f1e91c,CLI-00096,2026-02-17 00:00:00,21700.0,depot,,local,False,aucune
7091ed8f,CLI-00098,2026-02-18 00:00:00,12700.0,transfert_entrant,CLI-00422,local,False,aucune
6cae527d,CLI-00106,2026-02-18 00:00:00,38300.0,transfert_sortant,CLI-00313,local,False,aucune
3fbce72a,CLI-00314,2026-02-18 00:00:00,3900.0,decaissement_credit,,local,False,aucune
128fe380,CLI-00657,2026-02-18 00:00:00,169100.0,depot,,local,False,aucune
d97f15e6,CLI-00659,2026-02-18 00:00:00,43500.0,depot,,local,False,aucune
f2e3de88,CLI-00671,2026-02-18 00:00:00,79400.0,decaissement_credit,,regional_uemoa,False,aucune
bbf219e0,CLI-00327,2026-02-18 00:00:00,113300.0,transfert_entrant,CLI-00375,local,False,aucune
14b9f4e9,CLI-00078,2026-02-18 00:00:00,72800.0,transfert_sortant,CLI-00682,local,False,aucune
7ec6db49,CLI-00349,2026-02-18 00:00:00,17600.0,retrait,,local,False,aucune
af431288,CLI-00108,2026-02-18 00:00:00,109900.0,decaissement_credit,,local,False,aucune
0c8576a1,CLI-00662,2026-02-18 00:00:00,58800.0,transfert_sortant,CLI-00268,local,False,aucune
2600d742,CLI-00089,2026-02-18 00:00:00,74200.0,depot,,local,False,aucune
8c1d12c1,CLI-00077,2026-02-18 00:00:00,403800.0,transfert_entrant,CLI-00114,local,False,aucune
5af5f0e3,CLI-00689,2026-02-18 00:00:00,14800.0,remboursement_credit,,local,False,aucune
a1a19598,CLI-00263,2026-02-18 00:00:00,12700.0,depot,,local,False,aucune
6499a0af,CLI-00281,2026-02-18 00:00:00,112900.0,retrait,,regional_uemoa,False,aucune
45e91cea,CLI-00516,2026-02-18 00:00:00,501200.0,remboursement_credit,,local,False,aucune
43388cd4,CLI-00528,2026-02-18 00:00:00,23200.0,depot,,local,False,aucune
d7d5035f,CLI-00352,2026-02-18 00:00:00,48100.0,transfert_entrant,CLI-00629,regional_uemoa,False,aucune
bdb7b5a0,CLI-00170,2026-02-18 00:00:00,176000.0,transfert_entrant,CLI-00016,local,False,aucune
3219c77c,CLI-00421,2026-02-18 00:00:00,35600.0,remboursement_credit,,local,False,aucune
f593ec5a,CLI-00035,2026-02-18 00:00:00,36900.0,retrait,,local,False,aucune
6d0f07b1,CLI-00795,2026-02-18 00:00:00,2400.0,depot,,local,False,aucune
58fe4c44,CLI-00501,2026-02-18 00:00:00,54800.0,transfert_entrant,CLI-00718,local,False,aucune
c8a5381c,CLI-00556,2026-02-18 00:00:00,67600.0,remboursement_credit,,local,False,aucune
16906f2b,CLI-00705,2026-02-18 00:00:00,69300.0,depot,,regional_uemoa,False,aucune
7f631803,CLI-00021,2026-02-18 00:00:00,31200.0,transfert_entrant,CLI-00374,local,False,aucune
1f78ff12,CLI-00523,2026-02-18 00:00:00,41600.0,retrait,,local,False,aucune
67b35ffa,CLI-00733,2026-02-18 00:00:00,11300.0,remboursement_credit,,local,False,aucune
96db8e75,CLI-00022,2026-02-18 00:00:00,61000.0,remboursement_credit,,local,False,aucune
925989ea,CLI-00379,2026-02-18 00:00:00,88000.0,retrait,,local,False,aucune
6806ee04,CLI-00045,2026-02-18 00:00:00,31600.0,retrait,,regional_uemoa,False,aucune
f83b9b2e,CLI-00274,2026-02-18 00:00:00,31800.0,remboursement_credit,,regional_uemoa,False,aucune
31d34fc3,CLI-00721,2026-02-18 00:00:00,8700.0,depot,,regional_uemoa,False,aucune
33e19a73,CLI-00618,2026-02-18 00:00:00,36800.0,transfert_sortant,CLI-00745,local,False,aucune
8fd50a56,CLI-00450,2026-02-18 00:00:00,15900.0,retrait,,local,False,aucune
41d76185,CLI-00143,2026-02-18 00:00:00,25600.0,depot,,local,False,aucune
0fca6d5a,CLI-00767,2026-02-18 00:00:00,134900.0,retrait,,regional_uemoa,False,aucune
d560d9b5,CLI-00471,2026-02-18 00:00:00,92600.0,depot,,local,False,aucune
d60a3524,CLI-00367,2026-02-18 00:00:00,21800.0,retrait,,local,False,aucune
eea47534,CLI-00525,2026-02-18 00:00:00,7600.0,depot,,local,False,aucune
c874acdd,CLI-00482,2026-02-18 00:00:00,67600.0,depot,,local,False,aucune
044a4382,CLI-00057,2026-02-18 00:00:00,64200.0,retrait,,local,False,aucune
07bf4b15,CLI-00024,2026-02-18 00:00:00,11900.0,retrait,,local,False,aucune
c214633c,CLI-00005,2026-02-18 00:00:00,88100.0,retrait,,regional_uemoa,False,aucune
821e371f,CLI-00084,2026-02-19 00:00:00,58900.0,transfert_sortant,CLI-00484,local,False,aucune
a3d8a60b,CLI-00008,2026-02-19 00:00:00,30500.0,decaissement_credit,,local,False,aucune
d42e8d38,CLI-00519,2026-02-19 00:00:00,40000.0,retrait,,local,False,aucune
63f0bee4,CLI-00181,2026-02-19 00:00:00,41300.0,transfert_entrant,CLI-00388,local,False,aucune
31cf1e84,CLI-00453,2026-02-19 00:00:00,60100.0,depot,,local,False,aucune
fc6e975b,CLI-00183,2026-02-19 00:00:00,1800.0,transfert_sortant,CLI-00229,transfrontalier_sensible,False,aucune
e5d13e84,CLI-00296,2026-02-19 00:00:00,48500.0,remboursement_credit,,local,False,aucune
a86b0e63,CLI-00327,2026-02-19 00:00:00,71400.0,remboursement_credit,,local,False,aucune
681d0b01,CLI-00241,2026-02-19 00:00:00,51500.0,retrait,,local,False,aucune
12f41ceb,CLI-00186,2026-02-19 00:00:00,90300.0,decaissement_credit,,local,False,aucune
65f8a23c,CLI-00296,2026-02-19 00:00:00,42700.0,retrait,,regional_uemoa,False,aucune
540deabb,CLI-00470,2026-02-19 00:00:00,29000.0,depot,,local,False,aucune
73c8151b,CLI-00087,2026-02-19 00:00:00,118900.0,retrait,,local,False,aucune
240120fa,CLI-00240,2026-02-19 00:00:00,9000.0,depot,,local,False,aucune
ddf80eaa,CLI-00489,2026-02-19 00:00:00,90800.0,retrait,,regional_uemoa,False,aucune
c1f46a98,CLI-00191,2026-02-19 00:00:00,38000.0,depot,,local,False,aucune
d568ed85,CLI-00492,2026-02-19 00:00:00,67800.0,decaissement_credit,,local,False,aucune
1d6f02d2,CLI-00300,2026-02-19 00:00:00,14700.0,decaissement_credit,,regional_uemoa,False,aucune
8ce53e5c,CLI-00433,2026-02-19 00:00:00,149900.0,depot,,local,False,aucune
2283082f,CLI-00487,2026-02-19 00:00:00,29100.0,depot,,transfrontalier_sensible,False,aucune
73eeaa3d,CLI-00529,2026-02-19 00:00:00,14500.0,transfert_entrant,CLI-00746,local,False,aucune
7d34d91f,CLI-00245,2026-02-19 00:00:00,47000.0,transfert_sortant,CLI-00084,local,False,aucune
3418fb8b,CLI-00116,2026-02-19 00:00:00,117900.0,depot,,regional_uemoa,False,aucune
48b328a8,CLI-00764,2026-02-19 00:00:00,14700.0,retrait,,transfrontalier_sensible,False,aucune
7ae1f36e,CLI-00612,2026-02-19 00:00:00,9000.0,depot,,local,False,aucune
973bf9fe,CLI-00360,2026-02-19 00:00:00,27100.0,remboursement_credit,,local,False,aucune
dfd08623,CLI-00130,2026-02-19 00:00:00,38900.0,remboursement_credit,,local,False,aucune
847fd4f5,CLI-00131,2026-02-19 00:00:00,28700.0,depot,,local,False,aucune
87543e72,CLI-00135,2026-02-19 00:00:00,546300.0,depot,,local,False,aucune
033b07a3,CLI-00108,2026-02-19 00:00:00,13600.0,retrait,,local,False,aucune
29fee0ae,CLI-00770,2026-02-19 00:00:00,161200.0,depot,,local,False,aucune
a9eaca29,CLI-00106,2026-02-19 00:00:00,14800.0,retrait,,local,False,aucune
e62dc059,CLI-00570,2026-02-19 00:00:00,65800.0,retrait,,local,False,aucune
27ab4db0,CLI-00570,2026-02-19 00:00:00,10100.0,retrait,,local,False,aucune
a31e45fb,CLI-00288,2026-02-19 00:00:00,292000.0,retrait,,local,False,aucune
6ebfe9b8,CLI-00341,2026-02-19 00:00:00,33400.0,depot,,regional_uemoa,False,aucune
b6d06c7d,CLI-00099,2026-02-19 00:00:00,25900.0,decaissement_credit,,regional_uemoa,False,aucune
a3d80476,CLI-00257,2026-02-19 00:00:00,41900.0,retrait,,regional_uemoa,False,aucune
fecfe5a0,CLI-00405,2026-02-19 00:00:00,94900.0,retrait,,local,False,aucune
eaf90b27,CLI-00406,2026-02-19 00:00:00,13000.0,depot,,regional_uemoa,False,aucune
79d49e44,CLI-00334,2026-02-19 00:00:00,156400.0,remboursement_credit,,local,False,aucune
1f43cf68,CLI-00535,2026-02-19 00:00:00,95600.0,depot,,local,False,aucune
2149d987,CLI-00407,2026-02-19 00:00:00,7700.0,transfert_sortant,CLI-00008,regional_uemoa,False,aucune
895aa479,CLI-00247,2026-02-19 00:00:00,35300.0,remboursement_credit,,local,False,aucune
e3f42d2c,CLI-00409,2026-02-19 00:00:00,16300.0,decaissement_credit,,regional_uemoa,False,aucune
cb329120,CLI-00095,2026-02-19 00:00:00,37300.0,retrait,,local,False,aucune
ce60d3db,CLI-00246,2026-02-19 00:00:00,26400.0,transfert_sortant,CLI-00520,regional_uemoa,False,aucune
d91a20b4,CLI-00176,2026-02-19 00:00:00,241500.0,depot,,local,False,aucune
b087dc75,CLI-00245,2026-02-19 00:00:00,12400.0,retrait,,local,False,aucune
5d9f9c75,CLI-00413,2026-02-19 00:00:00,71500.0,transfert_sortant,CLI-00089,local,False,aucune
2421c7d6,CLI-00456,2026-02-19 00:00:00,2100.0,retrait,,regional_uemoa,False,aucune
43fa2928,CLI-00308,2026-02-19 00:00:00,2800.0,depot,,local,False,aucune
0f6395dc,CLI-00713,2026-02-19 00:00:00,38300.0,retrait,,transfrontalier_sensible,False,aucune
b6a44619,CLI-00746,2026-02-19 00:00:00,13800.0,retrait,,local,False,aucune
00520cc8,CLI-00066,2026-02-19 00:00:00,78700.0,retrait,,local,False,aucune
df029298,CLI-00735,2026-02-19 00:00:00,8700.0,depot,,local,False,aucune
379db08c,CLI-00752,2026-02-19 00:00:00,34600.0,depot,,local,False,aucune
c41115b6,CLI-00743,2026-02-19 00:00:00,10900.0,depot,,transfrontalier_sensible,False,aucune
39a262cd,CLI-00692,2026-02-19 00:00:00,14900.0,transfert_sortant,CLI-00226,local,False,aucune
922d1c8b,CLI-00036,2026-02-19 00:00:00,114700.0,depot,,local,False,aucune
7d79303b,CLI-00714,2026-02-19 00:00:00,148100.0,decaissement_credit,,local,False,aucune
eb203c66,CLI-00688,2026-02-19 00:00:00,1431200.0,retrait,,local,False,aucune
a9c04e6c,CLI-00703,2026-02-19 00:00:00,105700.0,retrait,,local,False,aucune
13783739,CLI-00038,2026-02-19 00:00:00,202500.0,retrait,,local,False,aucune
1c7803b5,CLI-00727,2026-02-19 00:00:00,61100.0,transfert_sortant,CLI-00793,local,False,aucune
1fb50e09,CLI-00703,2026-02-20 00:00:00,309600.0,retrait,,local,False,aucune
615a0e3b,CLI-00482,2026-02-20 00:00:00,655300.0,retrait,,local,False,aucune
75c7738e,CLI-00596,2026-02-20 00:00:00,210900.0,decaissement_credit,,local,False,aucune
f1e962a3,CLI-00500,2026-02-20 00:00:00,215900.0,depot,,local,False,aucune
14d5367a,CLI-00110,2026-02-20 00:00:00,314800.0,depot,,local,False,aucune
7dfb4fb3,CLI-00280,2026-02-20 00:00:00,30300.0,retrait,,local,False,aucune
d24cb2a9,CLI-00783,2026-02-20 00:00:00,29900.0,depot,,local,False,aucune
f326456c,CLI-00662,2026-02-20 00:00:00,52700.0,remboursement_credit,,local,False,aucune
e25ce821,CLI-00709,2026-02-20 00:00:00,94700.0,transfert_sortant,CLI-00352,local,False,aucune
e045d91c,CLI-00793,2026-02-20 00:00:00,309600.0,depot,,local,False,aucune
f562cca4,CLI-00797,2026-02-20 00:00:00,24600.0,remboursement_credit,,regional_uemoa,False,aucune
f03b8612,CLI-00411,2026-02-20 00:00:00,156600.0,transfert_entrant,CLI-00051,local,False,aucune
d13fe714,CLI-00401,2026-02-20 00:00:00,7100.0,transfert_entrant,CLI-00089,regional_uemoa,False,aucune
d2ea3470,CLI-00591,2026-02-20 00:00:00,10000.0,retrait,,transfrontalier_sensible,False,aucune
ce734f01,CLI-00534,2026-02-20 00:00:00,25500.0,depot,,local,False,aucune
90820d50,CLI-00795,2026-02-20 00:00:00,135800.0,remboursement_credit,,local,False,aucune
baf77dc3,CLI-00391,2026-02-20 00:00:00,63600.0,decaissement_credit,,transfrontalier_sensible,False,aucune
f035881b,CLI-00388,2026-02-20 00:00:00,86400.0,remboursement_credit,,transfrontalier_sensible,False,aucune
57e23951,CLI-00368,2026-02-20 00:00:00,108600.0,transfert_sortant,CLI-00399,local,False,aucune
8373611b,CLI-00024,2026-02-20 00:00:00,19500.0,decaissement_credit,,local,False,aucune
892aa676,CLI-00796,2026-02-20 00:00:00,41000.0,retrait,,local,False,aucune
c54f81a0,CLI-00492,2026-02-20 00:00:00,5700.0,depot,,local,False,aucune
9f7aae10,CLI-00584,2026-02-20 00:00:00,163800.0,transfert_sortant,CLI-00259,local,False,aucune
98e97d8e,CLI-00247,2026-02-20 00:00:00,138000.0,decaissement_credit,,local,False,aucune
7483749e,CLI-00186,2026-02-20 00:00:00,81200.0,remboursement_credit,,local,False,aucune
97839d45,CLI-00208,2026-02-20 00:00:00,49300.0,retrait,,local,False,aucune
d0ce88e2,CLI-00684,2026-02-20 00:00:00,16500.0,transfert_entrant,CLI-00134,local,False,aucune
47ace63a,CLI-00518,2026-02-20 00:00:00,49200.0,depot,,local,False,aucune
eaa12a7a,CLI-00403,2026-02-20 00:00:00,60100.0,retrait,,local,False,aucune
3c0f5132,CLI-00520,2026-02-20 00:00:00,5000.0,transfert_entrant,CLI-00344,local,False,aucune
d1c0772b,CLI-00335,2026-02-20 00:00:00,483700.0,retrait,,local,False,aucune
7ba70420,CLI-00519,2026-02-20 00:00:00,57300.0,depot,,local,False,aucune
c6a83023,CLI-00440,2026-02-20 00:00:00,33000.0,retrait,,transfrontalier_sensible,False,aucune
be77d5aa,CLI-00334,2026-02-20 00:00:00,40600.0,depot,,local,False,aucune
00e9f0de,CLI-00442,2026-02-20 00:00:00,3900.0,remboursement_credit,,local,False,aucune
3bc1c98f,CLI-00333,2026-02-20 00:00:00,119000.0,retrait,,local,False,aucune
2d3e6685,CLI-00608,2026-02-20 00:00:00,236900.0,remboursement_credit,,local,False,aucune
9778b9a7,CLI-00463,2026-02-20 00:00:00,12200.0,transfert_entrant,CLI-00755,local,False,aucune
a009a10b,CLI-00034,2026-02-20 00:00:00,119700.0,transfert_entrant,CLI-00060,local,False,aucune
20bd344c,CLI-00155,2026-02-20 00:00:00,31100.0,retrait,,local,False,aucune
c3a33aa0,CLI-00560,2026-02-20 00:00:00,38400.0,depot,,local,False,aucune
9d258e11,CLI-00527,2026-02-20 00:00:00,51700.0,retrait,,local,False,aucune
7c229ec9,CLI-00156,2026-02-20 00:00:00,36100.0,depot,,regional_uemoa,False,aucune
9d078a69,CLI-00306,2026-02-20 00:00:00,60700.0,decaissement_credit,,local,False,aucune
f7094030,CLI-00712,2026-02-20 00:00:00,45500.0,retrait,,local,False,aucune
92250abc,CLI-00521,2026-02-20 00:00:00,27000.0,decaissement_credit,,local,False,aucune
8bd95ebe,CLI-00399,2026-02-20 00:00:00,510000.0,depot,,regional_uemoa,False,aucune
f85bc48a,CLI-00528,2026-02-20 00:00:00,110800.0,depot,,local,False,aucune
ccf11c46,CLI-00100,2026-02-20 00:00:00,146900.0,retrait,,local,False,aucune
43da4dd8,CLI-00725,2026-02-20 00:00:00,17200.0,decaissement_credit,,local,False,aucune
226fbac0,CLI-00152,2026-02-20 00:00:00,24400.0,transfert_sortant,CLI-00612,local,False,aucune
0d6c6fec,CLI-00696,2026-02-20 00:00:00,35400.0,remboursement_credit,,local,False,aucune
3ce5f66d,CLI-00621,2026-02-20 00:00:00,14200.0,decaissement_credit,,local,False,aucune
db5757b5,CLI-00212,2026-02-20 00:00:00,51500.0,depot,,local,False,aucune
0ce9e580,CLI-00156,2026-02-21 00:00:00,47500.0,decaissement_credit,,local,False,aucune
66521d68,CLI-00450,2026-02-21 00:00:00,9000.0,transfert_sortant,CLI-00168,local,False,aucune
ad741d37,CLI-00545,2026-02-21 00:00:00,47600.0,retrait,,local,False,aucune
3697d6bd,CLI-00165,2026-02-21 00:00:00,414300.0,remboursement_credit,,local,False,aucune
caa24ed6,CLI-00101,2026-02-21 00:00:00,13000.0,transfert_sortant,CLI-00493,local,False,aucune
50cefce3,CLI-00401,2026-02-21 00:00:00,35000.0,depot,,local,False,aucune
01f08815,CLI-00193,2026-02-21 00:00:00,29600.0,retrait,,local,False,aucune
5d46535a,CLI-00556,2026-02-21 00:00:00,103300.0,remboursement_credit,,local,False,aucune
f250c50d,CLI-00250,2026-02-21 00:00:00,33700.0,transfert_sortant,CLI-00414,local,False,aucune
be28380f,CLI-00193,2026-02-21 00:00:00,129800.0,depot,,local,False,aucune
27a85367,CLI-00666,2026-02-21 00:00:00,163400.0,depot,,local,False,aucune
6862e414,CLI-00429,2026-02-21 00:00:00,237400.0,transfert_sortant,CLI-00194,regional_uemoa,False,aucune
159ac5f0,CLI-00583,2026-02-21 00:00:00,835200.0,retrait,,local,False,aucune
f2f4f622,CLI-00693,2026-02-21 00:00:00,93100.0,transfert_entrant,CLI-00174,regional_uemoa,False,aucune
2ac5299f,CLI-00534,2026-02-21 00:00:00,851500.0,retrait,,local,False,aucune
88dd1078,CLI-00437,2026-02-21 00:00:00,241600.0,depot,,local,False,aucune
ef14669d,CLI-00235,2026-02-21 00:00:00,12100.0,retrait,,local,False,aucune
f03ea533,CLI-00144,2026-02-21 00:00:00,4100.0,depot,,regional_uemoa,False,aucune
deac0a56,CLI-00049,2026-02-21 00:00:00,169300.0,retrait,,regional_uemoa,False,aucune
e396dd52,CLI-00409,2026-02-21 00:00:00,3000.0,depot,,local,False,aucune
10a0df04,CLI-00463,2026-02-21 00:00:00,46300.0,decaissement_credit,,local,False,aucune
fd5dfc7f,CLI-00211,2026-02-21 00:00:00,96700.0,remboursement_credit,,local,False,aucune
9a5b8f2f,CLI-00464,2026-02-21 00:00:00,13400.0,depot,,transfrontalier_sensible,False,aucune
a8347fab,CLI-00625,2026-02-21 00:00:00,46900.0,retrait,,regional_uemoa,False,aucune
75b080c2,CLI-00439,2026-02-21 00:00:00,37700.0,depot,,local,False,aucune
291bd8a7,CLI-00723,2026-02-21 00:00:00,503000.0,retrait,,local,False,aucune
fa1e183e,CLI-00753,2026-02-21 00:00:00,22500.0,transfert_entrant,CLI-00242,local,False,aucune
83c752fa,CLI-00244,2026-02-21 00:00:00,52800.0,transfert_sortant,CLI-00411,regional_uemoa,False,aucune
36e0e011,CLI-00194,2026-02-21 00:00:00,4500.0,depot,,local,False,aucune
cfa92d40,CLI-00756,2026-02-21 00:00:00,41700.0,retrait,,local,False,aucune
86f475f1,CLI-00455,2026-02-21 00:00:00,8400.0,depot,,local,False,aucune
356bd6f4,CLI-00070,2026-02-21 00:00:00,111500.0,remboursement_credit,,local,False,aucune
bccfb5fe,CLI-00766,2026-02-21 00:00:00,26300.0,remboursement_credit,,local,False,aucune
5cf53896,CLI-00176,2026-02-21 00:00:00,25800.0,transfert_sortant,CLI-00627,local,False,aucune
089e66c2,CLI-00291,2026-02-21 00:00:00,22800.0,depot,,local,False,aucune
34b1e75a,CLI-00083,2026-02-21 00:00:00,75400.0,transfert_sortant,CLI-00245,local,False,aucune
5df1d716,CLI-00531,2026-02-21 00:00:00,79400.0,retrait,,local,False,aucune
c0b6c479,CLI-00736,2026-02-21 00:00:00,27200.0,remboursement_credit,,local,False,aucune
836afa8f,CLI-00293,2026-02-21 00:00:00,8900.0,depot,,local,False,aucune
a38e2188,CLI-00682,2026-02-21 00:00:00,13600.0,retrait,,local,False,aucune
309c7ebf,CLI-00605,2026-02-21 00:00:00,30500.0,transfert_entrant,CLI-00151,local,False,aucune
4d31a014,CLI-00517,2026-02-21 00:00:00,20700.0,retrait,,local,False,aucune
520609a6,CLI-00601,2026-02-21 00:00:00,82800.0,depot,,local,False,aucune
7a768903,CLI-00674,2026-02-21 00:00:00,46600.0,transfert_sortant,CLI-00488,local,False,aucune
fe2d738a,CLI-00589,2026-02-21 00:00:00,157600.0,depot,,regional_uemoa,False,aucune
f6e79867,CLI-00676,2026-02-21 00:00:00,11200.0,retrait,,local,False,aucune
0bb731eb,CLI-00695,2026-02-21 00:00:00,13600.0,depot,,local,False,aucune
e70c6a1b,CLI-00297,2026-02-21 00:00:00,38800.0,retrait,,local,False,aucune
38cecb9e,CLI-00117,2026-02-21 00:00:00,10700.0,remboursement_credit,,local,False,aucune
8eae2685,CLI-00715,2026-02-21 00:00:00,90400.0,depot,,local,False,aucune
9612425f,CLI-00378,2026-02-21 00:00:00,77500.0,depot,,local,False,aucune
83310bd5,CLI-00778,2026-02-21 00:00:00,39000.0,depot,,local,False,aucune
e03078e4,CLI-00108,2026-02-21 00:00:00,402900.0,decaissement_credit,,local,False,aucune
59c39dff,CLI-00694,2026-02-21 00:00:00,177300.0,retrait,,local,False,aucune
c5c8fc23,CLI-00006,2026-02-21 00:00:00,36300.0,depot,,local,False,aucune
405341f4,CLI-00192,2026-02-21 00:00:00,30200.0,transfert_sortant,CLI-00414,local,False,aucune
60cb30e7,CLI-00257,2026-02-21 00:00:00,41300.0,depot,,regional_uemoa,False,aucune
1c089e2e,CLI-00621,2026-02-22 00:00:00,28900.0,retrait,,local,False,aucune
9e7824bf,CLI-00350,2026-02-22 00:00:00,18800.0,depot,,local,False,aucune
c4d71041,CLI-00571,2026-02-22 00:00:00,9500.0,retrait,,local,False,aucune
07ad5508,CLI-00081,2026-02-22 00:00:00,4000.0,remboursement_credit,,local,False,aucune
8e0294bc,CLI-00177,2026-02-22 00:00:00,36200.0,retrait,,local,False,aucune
0488ba95,CLI-00238,2026-02-22 00:00:00,48400.0,retrait,,local,False,aucune
46c33efe,CLI-00557,2026-02-22 00:00:00,34400.0,transfert_sortant,CLI-00370,local,False,aucune
d02ce4d7,CLI-00617,2026-02-22 00:00:00,111900.0,retrait,,regional_uemoa,False,aucune
5dd1b330,CLI-00313,2026-02-22 00:00:00,149500.0,depot,,local,False,aucune
4652ec88,CLI-00050,2026-02-22 00:00:00,69700.0,depot,,local,False,aucune
dcf18c92,CLI-00288,2026-02-22 00:00:00,459500.0,transfert_entrant,CLI-00646,local,False,aucune
ccb22804,CLI-00569,2026-02-22 00:00:00,4600.0,transfert_sortant,CLI-00552,local,False,aucune
4a4b898d,CLI-00648,2026-02-22 00:00:00,73900.0,remboursement_credit,,regional_uemoa,False,aucune
5d6ba838,CLI-00217,2026-02-22 00:00:00,683300.0,retrait,,local,False,aucune
fd31768c,CLI-00108,2026-02-22 00:00:00,79300.0,transfert_sortant,CLI-00129,transfrontalier_sensible,False,aucune
f0105cf7,CLI-00547,2026-02-22 00:00:00,21000.0,decaissement_credit,,regional_uemoa,False,aucune
8075d121,CLI-00226,2026-02-22 00:00:00,15100.0,retrait,,local,False,aucune
c76fd677,CLI-00572,2026-02-22 00:00:00,7100.0,remboursement_credit,,local,False,aucune
635b2ca7,CLI-00788,2026-02-22 00:00:00,38900.0,transfert_entrant,CLI-00331,local,False,aucune
1774bdd0,CLI-00560,2026-02-22 00:00:00,26400.0,decaissement_credit,,local,False,aucune
21adfebd,CLI-00679,2026-02-22 00:00:00,130200.0,retrait,,local,False,aucune
e3a0c039,CLI-00214,2026-02-22 00:00:00,90900.0,retrait,,local,False,aucune
628255d4,CLI-00677,2026-02-22 00:00:00,24000.0,depot,,regional_uemoa,False,aucune
d2c81298,CLI-00714,2026-02-22 00:00:00,140900.0,transfert_sortant,CLI-00064,local,False,aucune
b8f7a1a2,CLI-00424,2026-02-22 00:00:00,22500.0,retrait,,transfrontalier_sensible,False,aucune
5507a6cf,CLI-00014,2026-02-22 00:00:00,273400.0,transfert_entrant,CLI-00406,local,False,aucune
ddb4412f,CLI-00137,2026-02-22 00:00:00,30000.0,depot,,local,False,aucune
a71a8f83,CLI-00692,2026-02-22 00:00:00,5900.0,retrait,,local,False,aucune
90752e91,CLI-00584,2026-02-22 00:00:00,29800.0,remboursement_credit,,local,False,aucune
2ebaec5b,CLI-00382,2026-02-22 00:00:00,589700.0,remboursement_credit,,transfrontalier_sensible,False,aucune
cd950a5a,CLI-00137,2026-02-22 00:00:00,52900.0,retrait,,local,False,aucune
b62c69af,CLI-00622,2026-02-22 00:00:00,492000.0,depot,,local,False,aucune
6f3a2673,CLI-00507,2026-02-22 00:00:00,73800.0,decaissement_credit,,local,False,aucune
47a63c82,CLI-00364,2026-02-22 00:00:00,208500.0,decaissement_credit,,local,False,aucune
5c4da326,CLI-00585,2026-02-22 00:00:00,25300.0,decaissement_credit,,regional_uemoa,False,aucune
342413e4,CLI-00245,2026-02-22 00:00:00,541300.0,transfert_entrant,CLI-00706,local,False,aucune
ffa43866,CLI-00684,2026-02-22 00:00:00,40400.0,depot,,regional_uemoa,False,aucune
fef9b141,CLI-00584,2026-02-22 00:00:00,57800.0,depot,,regional_uemoa,False,aucune
adf4e8d1,CLI-00747,2026-02-22 00:00:00,15600.0,remboursement_credit,,local,False,aucune
e1e91278,CLI-00582,2026-02-22 00:00:00,959200.0,retrait,,local,False,aucune
451ae934,CLI-00690,2026-02-22 00:00:00,457400.0,decaissement_credit,,local,False,aucune
4558bbe1,CLI-00105,2026-02-22 00:00:00,34800.0,depot,,local,False,aucune
b5a1dcea,CLI-00683,2026-02-22 00:00:00,67700.0,retrait,,local,False,aucune
5514f99e,CLI-00254,2026-02-22 00:00:00,295200.0,transfert_sortant,CLI-00443,local,False,aucune
97105ffa,CLI-00022,2026-02-22 00:00:00,57800.0,transfert_entrant,CLI-00253,local,False,aucune
b564d5a4,CLI-00165,2026-02-22 00:00:00,28500.0,retrait,,regional_uemoa,False,aucune
942c6812,CLI-00484,2026-02-22 00:00:00,84400.0,transfert_sortant,CLI-00708,regional_uemoa,False,aucune
62fc4b36,CLI-00660,2026-02-22 00:00:00,16800.0,transfert_entrant,CLI-00577,local,False,aucune
2ea60c0f,CLI-00009,2026-02-22 00:00:00,8300.0,transfert_entrant,CLI-00580,regional_uemoa,False,aucune
15b824ff,CLI-00543,2026-02-22 00:00:00,2483300.0,depot,,local,True,layering
637738cf,CLI-00089,2026-02-22 00:00:00,248500.0,remboursement_credit,,regional_uemoa,False,aucune
ff4b6a3d,CLI-00530,2026-02-22 00:00:00,4800.0,retrait,,local,False,aucune
3585bcb9,CLI-00182,2026-02-22 00:00:00,169800.0,retrait,,local,False,aucune
8317e42b,CLI-00484,2026-02-22 00:00:00,27500.0,depot,,local,False,aucune
c5bdac75,CLI-00543,2026-02-22 02:00:00,662200.0,transfert_sortant,CLI-00307,regional_uemoa,True,layering
476e4bf1,CLI-00543,2026-02-22 09:00:00,638300.0,transfert_sortant,CLI-00666,regional_uemoa,True,layering
5e9c04a2,CLI-00543,2026-02-22 11:00:00,448300.0,transfert_sortant,CLI-00387,transfrontalier_sensible,True,layering
6958002a,CLI-00455,2026-02-23 00:00:00,217700.0,remboursement_credit,,local,False,aucune
d0ffaebc,CLI-00160,2026-02-23 00:00:00,285400.0,transfert_entrant,CLI-00164,local,False,aucune
cba595ae,CLI-00526,2026-02-23 00:00:00,20600.0,transfert_sortant,CLI-00370,local,False,aucune
5eb777fe,CLI-00216,2026-02-23 00:00:00,436300.0,retrait,,local,False,aucune
535ae2c6,CLI-00459,2026-02-23 00:00:00,349400.0,retrait,,transfrontalier_sensible,False,aucune
e4b134d6,CLI-00194,2026-02-23 00:00:00,67800.0,retrait,,local,False,aucune
602e5c3f,CLI-00459,2026-02-23 00:00:00,17000.0,depot,,local,False,aucune
356d8a46,CLI-00198,2026-02-23 00:00:00,4900.0,transfert_sortant,CLI-00028,local,False,aucune
baf19ddf,CLI-00531,2026-02-23 00:00:00,22300.0,depot,,local,False,aucune
a081300a,CLI-00480,2026-02-23 00:00:00,116400.0,depot,,local,False,aucune
2c683f65,CLI-00479,2026-02-23 00:00:00,139600.0,transfert_sortant,CLI-00049,local,False,aucune
ea60b975,CLI-00478,2026-02-23 00:00:00,15100.0,depot,,local,False,aucune
711928c1,CLI-00065,2026-02-23 00:00:00,63500.0,retrait,,local,False,aucune
cca3baa1,CLI-00472,2026-02-23 00:00:00,206200.0,depot,,local,False,aucune
87fbf762,CLI-00019,2026-02-23 00:00:00,373800.0,depot,,local,False,aucune
fae9903d,CLI-00647,2026-02-23 00:00:00,50400.0,transfert_sortant,CLI-00261,local,False,aucune
cb45f992,CLI-00637,2026-02-23 00:00:00,15200.0,depot,,regional_uemoa,False,aucune
46dafcd9,CLI-00180,2026-02-23 00:00:00,49100.0,remboursement_credit,,local,False,aucune
23bdbb8c,CLI-00061,2026-02-23 00:00:00,907900.0,retrait,,local,False,aucune
1fe402e7,CLI-00515,2026-02-23 00:00:00,14500.0,depot,,local,False,aucune
21fcb9c2,CLI-00213,2026-02-23 00:00:00,341400.0,depot,,local,False,aucune
138e6ded,CLI-00648,2026-02-23 00:00:00,82400.0,retrait,,local,False,aucune
eba786e3,CLI-00636,2026-02-23 00:00:00,45100.0,depot,,local,False,aucune
994c453b,CLI-00107,2026-02-23 00:00:00,97400.0,retrait,,transfrontalier_sensible,False,aucune
1413af12,CLI-00178,2026-02-23 00:00:00,71300.0,transfert_sortant,CLI-00079,local,False,aucune
dcb49071,CLI-00500,2026-02-23 00:00:00,157700.0,remboursement_credit,,regional_uemoa,False,aucune
6b81a670,CLI-00681,2026-02-23 00:00:00,109200.0,transfert_entrant,CLI-00071,transfrontalier_sensible,False,aucune
af19ab58,CLI-00451,2026-02-23 00:00:00,268700.0,transfert_sortant,CLI-00742,local,False,aucune
0a410b9c,CLI-00271,2026-02-23 00:00:00,126800.0,transfert_sortant,CLI-00531,regional_uemoa,False,aucune
80fccf05,CLI-00113,2026-02-23 00:00:00,24300.0,retrait,,local,False,aucune
ca60e049,CLI-00426,2026-02-23 00:00:00,5700.0,retrait,,regional_uemoa,False,aucune
8a956500,CLI-00361,2026-02-23 00:00:00,122500.0,transfert_sortant,CLI-00569,local,False,aucune
5ea48017,CLI-00580,2026-02-23 00:00:00,65700.0,retrait,,local,False,aucune
52e30f40,CLI-00733,2026-02-23 00:00:00,59900.0,transfert_entrant,CLI-00102,local,False,aucune
ca64f3c7,CLI-00732,2026-02-23 00:00:00,46200.0,decaissement_credit,,local,False,aucune
90bded00,CLI-00351,2026-02-23 00:00:00,42300.0,retrait,,local,False,aucune
da8f745f,CLI-00432,2026-02-23 00:00:00,17900.0,depot,,regional_uemoa,False,aucune
9dcdc934,CLI-00724,2026-02-23 00:00:00,53000.0,transfert_sortant,CLI-00324,regional_uemoa,False,aucune
f509283a,CLI-00583,2026-02-23 00:00:00,32100.0,depot,,local,False,aucune
7419ff3d,CLI-00287,2026-02-23 00:00:00,104400.0,retrait,,local,False,aucune
4b767f25,CLI-00078,2026-02-23 00:00:00,6500.0,depot,,transfrontalier_sensible,False,aucune
7014a09a,CLI-00300,2026-02-23 00:00:00,30500.0,depot,,local,False,aucune
28c36299,CLI-00082,2026-02-23 00:00:00,125800.0,remboursement_credit,,local,False,aucune
828d4f00,CLI-00048,2026-02-23 00:00:00,66100.0,remboursement_credit,,local,False,aucune
6e67e132,CLI-00125,2026-02-23 00:00:00,3400.0,depot,,local,False,aucune
ed858b80,CLI-00141,2026-02-23 00:00:00,40200.0,retrait,,local,False,aucune
4cecf4c4,CLI-00007,2026-02-23 00:00:00,16900.0,depot,,local,False,aucune
8a041333,CLI-00047,2026-02-23 00:00:00,105600.0,depot,,local,False,aucune
b7ec3033,CLI-00592,2026-02-23 00:00:00,129800.0,transfert_entrant,CLI-00386,local,False,aucune
8acd3b5a,CLI-00665,2026-02-23 00:00:00,119900.0,depot,,local,False,aucune
0281c7da,CLI-00313,2026-02-23 00:00:00,35700.0,retrait,,local,False,aucune
9c452110,CLI-00011,2026-02-23 00:00:00,110300.0,depot,,local,False,aucune
6a8ce064,CLI-00558,2026-02-23 00:00:00,427900.0,depot,,local,False,aucune
d6302f29,CLI-00543,2026-02-23 18:00:00,707700.0,transfert_sortant,CLI-00522,local,True,layering
3ec56118,CLI-00532,2026-02-24 00:00:00,74400.0,decaissement_credit,,regional_uemoa,False,aucune
ba69e949,CLI-00591,2026-02-24 00:00:00,17400.0,depot,,local,False,aucune
4ae67074,CLI-00383,2026-02-24 00:00:00,52400.0,depot,,local,False,aucune
9bee193f,CLI-00265,2026-02-24 00:00:00,133700.0,retrait,,local,False,aucune
bfe3feaf,CLI-00510,2026-02-24 00:00:00,27600.0,remboursement_credit,,regional_uemoa,False,aucune
26e8536a,CLI-00105,2026-02-24 00:00:00,43100.0,depot,,regional_uemoa,False,aucune
a92c8224,CLI-00362,2026-02-24 00:00:00,94100.0,depot,,regional_uemoa,False,aucune
e0a6615e,CLI-00267,2026-02-24 00:00:00,104400.0,transfert_entrant,CLI-00689,local,False,aucune
a4366e22,CLI-00302,2026-02-24 00:00:00,61100.0,remboursement_credit,,local,False,aucune
94664278,CLI-00018,2026-02-24 00:00:00,7600.0,transfert_sortant,CLI-00738,local,False,aucune
3a221266,CLI-00295,2026-02-24 00:00:00,172300.0,decaissement_credit,,local,False,aucune
0b037323,CLI-00634,2026-02-24 00:00:00,6900.0,retrait,,local,False,aucune
1d51c7e0,CLI-00337,2026-02-24 00:00:00,17000.0,depot,,local,False,aucune
4c173a63,CLI-00340,2026-02-24 00:00:00,23600.0,depot,,local,False,aucune
c7934869,CLI-00176,2026-02-24 00:00:00,59300.0,retrait,,regional_uemoa,False,aucune
67d4637c,CLI-00041,2026-02-24 00:00:00,37300.0,remboursement_credit,,local,False,aucune
1e421f00,CLI-00283,2026-02-24 00:00:00,82400.0,depot,,transfrontalier_sensible,False,aucune
dbdd6426,CLI-00697,2026-02-24 00:00:00,25400.0,decaissement_credit,,local,False,aucune
2c790c29,CLI-00768,2026-02-24 00:00:00,33200.0,depot,,regional_uemoa,False,aucune
00fffb35,CLI-00674,2026-02-24 00:00:00,23900.0,depot,,local,False,aucune
5b082d9e,CLI-00753,2026-02-24 00:00:00,81500.0,retrait,,local,False,aucune
ae4230e1,CLI-00515,2026-02-24 00:00:00,30200.0,retrait,,local,False,aucune
591613d6,CLI-00271,2026-02-24 00:00:00,75600.0,depot,,local,False,aucune
714461eb,CLI-00086,2026-02-24 00:00:00,8300.0,transfert_sortant,CLI-00218,local,False,aucune
798ba062,CLI-00404,2026-02-24 00:00:00,80600.0,retrait,,local,False,aucune
b65abde4,CLI-00177,2026-02-24 00:00:00,54900.0,remboursement_credit,,regional_uemoa,False,aucune
50e03a88,CLI-00584,2026-02-24 00:00:00,316600.0,retrait,,local,False,aucune
d80f9c8d,CLI-00427,2026-02-24 00:00:00,31900.0,remboursement_credit,,local,False,aucune
2144c431,CLI-00704,2026-02-24 00:00:00,174900.0,retrait,,local,False,aucune
df047b17,CLI-00617,2026-02-24 00:00:00,79700.0,depot,,local,False,aucune
367f1e51,CLI-00212,2026-02-24 00:00:00,13400.0,remboursement_credit,,regional_uemoa,False,aucune
4461f931,CLI-00435,2026-02-24 00:00:00,953700.0,depot,,local,False,aucune
352fcc5e,CLI-00656,2026-02-24 00:00:00,35800.0,retrait,,local,False,aucune
3078c39b,CLI-00152,2026-02-24 00:00:00,31500.0,depot,,local,False,aucune
5df0a643,CLI-00436,2026-02-24 00:00:00,374200.0,depot,,local,False,aucune
c60f5305,CLI-00439,2026-02-24 00:00:00,31900.0,depot,,local,False,aucune
18bfc609,CLI-00704,2026-02-24 00:00:00,58000.0,decaissement_credit,,local,False,aucune
c1f38dfc,CLI-00214,2026-02-24 00:00:00,115000.0,depot,,local,False,aucune
a0226575,CLI-00565,2026-02-24 00:00:00,12300.0,depot,,transfrontalier_sensible,False,aucune
9ed260b5,CLI-00654,2026-02-24 00:00:00,89800.0,remboursement_credit,,local,False,aucune
2a138106,CLI-00444,2026-02-24 00:00:00,76000.0,remboursement_credit,,local,False,aucune
b080a209,CLI-00553,2026-02-24 00:00:00,186100.0,retrait,,local,False,aucune
ebb3b4e4,CLI-00478,2026-02-24 00:00:00,25000.0,remboursement_credit,,local,False,aucune
9eda0190,CLI-00772,2026-02-24 00:00:00,9400.0,transfert_entrant,CLI-00217,local,False,aucune
ad8a582b,CLI-00235,2026-02-24 00:00:00,48900.0,depot,,local,False,aucune
0bfab524,CLI-00420,2026-02-24 00:00:00,17400.0,depot,,local,False,aucune
6d077501,CLI-00658,2026-02-24 00:00:00,23500.0,transfert_entrant,CLI-00236,local,False,aucune
f0161eb1,CLI-00420,2026-02-24 00:00:00,38100.0,transfert_entrant,CLI-00031,local,False,aucune
6499c6fb,CLI-00782,2026-02-24 00:00:00,13400.0,transfert_sortant,CLI-00723,regional_uemoa,False,aucune
da80435f,CLI-00491,2026-02-24 00:00:00,24700.0,remboursement_credit,,local,False,aucune
54eb377a,CLI-00661,2026-02-24 00:00:00,132500.0,transfert_entrant,CLI-00721,local,False,aucune
80c1e121,CLI-00414,2026-02-24 00:00:00,61300.0,remboursement_credit,,local,False,aucune
22b71cda,CLI-00421,2026-02-24 00:00:00,85800.0,remboursement_credit,,local,False,aucune
3a4f106b,CLI-00494,2026-02-24 00:00:00,33200.0,transfert_entrant,CLI-00230,regional_uemoa,False,aucune
fff808bb,CLI-00050,2026-02-24 00:00:00,38900.0,transfert_sortant,CLI-00275,local,False,aucune
b1616248,CLI-00020,2026-02-25 00:00:00,22700.0,retrait,,local,False,aucune
b5637a57,CLI-00115,2026-02-25 00:00:00,55900.0,depot,,transfrontalier_sensible,False,aucune
9c090e29,CLI-00073,2026-02-25 00:00:00,47400.0,remboursement_credit,,local,False,aucune
1c7a8012,CLI-00021,2026-02-25 00:00:00,62800.0,transfert_entrant,CLI-00519,transfrontalier_sensible,False,aucune
8276e960,CLI-00534,2026-02-25 00:00:00,89900.0,transfert_sortant,CLI-00654,local,False,aucune
c93ae6b2,CLI-00586,2026-02-25 00:00:00,152000.0,transfert_entrant,CLI-00179,regional_uemoa,False,aucune
1273c60a,CLI-00616,2026-02-25 00:00:00,132600.0,retrait,,regional_uemoa,False,aucune
afba3b28,CLI-00149,2026-02-25 00:00:00,141000.0,transfert_entrant,CLI-00468,regional_uemoa,False,aucune
9a9ed468,CLI-00608,2026-02-25 00:00:00,116500.0,retrait,,local,False,aucune
dfefd05e,CLI-00540,2026-02-25 00:00:00,61900.0,retrait,,transfrontalier_sensible,False,aucune
004b5f53,CLI-00594,2026-02-25 00:00:00,44000.0,depot,,local,False,aucune
c56ae281,CLI-00603,2026-02-25 00:00:00,6400.0,depot,,regional_uemoa,False,aucune
f75b0c8f,CLI-00109,2026-02-25 00:00:00,55100.0,depot,,local,False,aucune
539a9809,CLI-00569,2026-02-25 00:00:00,128700.0,depot,,local,False,aucune
a2e1ba5b,CLI-00697,2026-02-25 00:00:00,22800.0,retrait,,regional_uemoa,False,aucune
7b7b9bd7,CLI-00022,2026-02-25 00:00:00,254700.0,depot,,local,False,aucune
a3fe55e4,CLI-00020,2026-02-25 00:00:00,31000.0,decaissement_credit,,local,False,aucune
8ecd2508,CLI-00150,2026-02-25 00:00:00,40600.0,transfert_sortant,CLI-00132,local,False,aucune
17766efb,CLI-00699,2026-02-25 00:00:00,75900.0,transfert_entrant,CLI-00636,local,False,aucune
c8f6f87d,CLI-00762,2026-02-25 00:00:00,98400.0,depot,,local,False,aucune
e03a2d13,CLI-00631,2026-02-25 00:00:00,76000.0,depot,,local,False,aucune
ea3db0a1,CLI-00121,2026-02-25 00:00:00,3400.0,depot,,local,False,aucune
fd240d8e,CLI-00349,2026-02-25 00:00:00,25300.0,transfert_sortant,CLI-00366,local,False,aucune
2a67807e,CLI-00056,2026-02-25 00:00:00,56800.0,depot,,local,False,aucune
a49b6de3,CLI-00234,2026-02-25 00:00:00,43400.0,depot,,local,False,aucune
0f122ce9,CLI-00083,2026-02-25 00:00:00,67200.0,retrait,,local,False,aucune
279768e4,CLI-00756,2026-02-25 00:00:00,91200.0,transfert_sortant,CLI-00065,regional_uemoa,False,aucune
725ef4de,CLI-00055,2026-02-25 00:00:00,7000.0,transfert_sortant,CLI-00687,local,False,aucune
3a4982b3,CLI-00793,2026-02-25 00:00:00,106900.0,depot,,local,False,aucune
d71a2ed6,CLI-00419,2026-02-25 00:00:00,13200.0,transfert_sortant,CLI-00045,local,False,aucune
09d90823,CLI-00726,2026-02-25 00:00:00,52200.0,retrait,,local,False,aucune
89a3804c,CLI-00346,2026-02-25 00:00:00,975900.0,retrait,,local,False,aucune
76fb79d4,CLI-00406,2026-02-25 00:00:00,6900.0,depot,,local,False,aucune
84a87cf6,CLI-00223,2026-02-25 00:00:00,58100.0,depot,,local,False,aucune
0c372620,CLI-00653,2026-02-25 00:00:00,38400.0,transfert_entrant,CLI-00120,regional_uemoa,False,aucune
38325650,CLI-00723,2026-02-25 00:00:00,48600.0,decaissement_credit,,local,False,aucune
b0326bf5,CLI-00096,2026-02-25 00:00:00,230500.0,retrait,,local,False,aucune
c2ef89aa,CLI-00052,2026-02-25 00:00:00,3300.0,retrait,,local,False,aucune
43feeb42,CLI-00726,2026-02-25 00:00:00,21400.0,depot,,regional_uemoa,False,aucune
a7750259,CLI-00443,2026-02-25 00:00:00,78100.0,depot,,local,False,aucune
ae4c33ba,CLI-00441,2026-02-25 00:00:00,16900.0,retrait,,regional_uemoa,False,aucune
bfc77e4c,CLI-00788,2026-02-25 00:00:00,200500.0,retrait,,local,False,aucune
bb9f1bed,CLI-00233,2026-02-25 00:00:00,22600.0,retrait,,local,False,aucune
4d0a7254,CLI-00422,2026-02-25 00:00:00,27700.0,retrait,,regional_uemoa,False,aucune
aecb4f26,CLI-00484,2026-02-25 00:00:00,41300.0,retrait,,local,False,aucune
771637c6,CLI-00430,2026-02-25 00:00:00,2900.0,remboursement_credit,,local,False,aucune
1e5f17fa,CLI-00185,2026-02-25 00:00:00,5600.0,retrait,,local,False,aucune
06f97410,CLI-00679,2026-02-25 00:00:00,80400.0,depot,,local,False,aucune
b99b8778,CLI-00087,2026-02-25 00:00:00,19200.0,depot,,local,False,aucune
7366935a,CLI-00783,2026-02-25 00:00:00,21700.0,retrait,,local,False,aucune
cce9fa4d,CLI-00518,2026-02-25 00:00:00,367100.0,retrait,,local,False,aucune
bc7324cf,CLI-00508,2026-02-25 00:00:00,216500.0,depot,,local,False,aucune
ac46c715,CLI-00506,2026-02-25 00:00:00,39300.0,remboursement_credit,,local,False,aucune
72262d83,CLI-00313,2026-02-25 00:00:00,99200.0,retrait,,local,False,aucune
c6e8349e,CLI-00254,2026-02-25 00:00:00,487000.0,transfert_sortant,CLI-00590,local,False,aucune
39023e82,CLI-00520,2026-02-25 00:00:00,44400.0,retrait,,local,False,aucune
c491e9eb,CLI-00180,2026-02-25 00:00:00,6500.0,remboursement_credit,,local,False,aucune
16e6860f,CLI-00499,2026-02-25 00:00:00,73600.0,depot,,regional_uemoa,False,aucune
800a6a3b,CLI-00254,2026-02-25 00:00:00,109200.0,retrait,,local,False,aucune
7341571c,CLI-00274,2026-02-25 00:00:00,119900.0,depot,,local,False,aucune
4bd6d274,CLI-00252,2026-02-25 00:00:00,20000.0,depot,,local,False,aucune
4add3c9a,CLI-00798,2026-02-25 00:00:00,213700.0,retrait,,local,False,aucune
787b366b,CLI-00275,2026-02-25 00:00:00,56100.0,transfert_sortant,CLI-00129,local,False,aucune
caf1a908,CLI-00237,2026-02-26 00:00:00,23800.0,depot,,local,False,aucune
29c0a34f,CLI-00671,2026-02-26 00:00:00,140400.0,depot,,local,False,aucune
43cbf803,CLI-00423,2026-02-26 00:00:00,18400.0,retrait,,local,False,aucune
c8cf4f78,CLI-00429,2026-02-26 00:00:00,58600.0,depot,,local,False,aucune
3ca38702,CLI-00574,2026-02-26 00:00:00,24100.0,decaissement_credit,,local,False,aucune
d30d9a3d,CLI-00041,2026-02-26 00:00:00,70100.0,retrait,,local,False,aucune
3397217b,CLI-00725,2026-02-26 00:00:00,21800.0,retrait,,transfrontalier_sensible,False,aucune
9fab589e,CLI-00587,2026-02-26 00:00:00,50400.0,depot,,regional_uemoa,False,aucune
1ee5883e,CLI-00771,2026-02-26 00:00:00,32200.0,depot,,local,False,aucune
bb826842,CLI-00007,2026-02-26 00:00:00,73600.0,retrait,,local,False,aucune
81a9363e,CLI-00278,2026-02-26 00:00:00,51800.0,depot,,local,False,aucune
d58ef869,CLI-00354,2026-02-26 00:00:00,18400.0,depot,,local,False,aucune
e74394cc,CLI-00079,2026-02-26 00:00:00,23500.0,depot,,local,False,aucune
94bed554,CLI-00662,2026-02-26 00:00:00,97300.0,transfert_sortant,CLI-00734,local,False,aucune
a93887c0,CLI-00245,2026-02-26 00:00:00,28700.0,depot,,local,False,aucune
a9ff20ff,CLI-00794,2026-02-26 00:00:00,218500.0,retrait,,local,False,aucune
41b22469,CLI-00663,2026-02-26 00:00:00,151400.0,retrait,,regional_uemoa,False,aucune
16b45876,CLI-00584,2026-02-26 00:00:00,64500.0,depot,,regional_uemoa,False,aucune
452642fb,CLI-00118,2026-02-26 00:00:00,16500.0,retrait,,local,False,aucune
7bb00316,CLI-00042,2026-02-26 00:00:00,217200.0,decaissement_credit,,local,False,aucune
1b8e317f,CLI-00756,2026-02-26 00:00:00,120700.0,transfert_sortant,CLI-00382,regional_uemoa,False,aucune
97038d72,CLI-00130,2026-02-26 00:00:00,46300.0,transfert_entrant,CLI-00193,local,False,aucune
91e6b380,CLI-00062,2026-02-26 00:00:00,18900.0,transfert_sortant,CLI-00760,transfrontalier_sensible,False,aucune
744bcf0f,CLI-00442,2026-02-26 00:00:00,16400.0,transfert_entrant,CLI-00677,regional_uemoa,False,aucune
97818531,CLI-00234,2026-02-26 00:00:00,99000.0,transfert_sortant,CLI-00736,local,False,aucune
4861d6b5,CLI-00333,2026-02-26 00:00:00,18300.0,depot,,local,False,aucune
9d4259b5,CLI-00111,2026-02-26 00:00:00,27400.0,depot,,regional_uemoa,False,aucune
5f36f70d,CLI-00172,2026-02-26 00:00:00,331100.0,depot,,local,False,aucune
7f7ba496,CLI-00431,2026-02-26 00:00:00,34700.0,depot,,local,False,aucune
5be74a9c,CLI-00776,2026-02-26 00:00:00,89100.0,transfert_entrant,CLI-00418,local,False,aucune
5722b642,CLI-00614,2026-02-26 00:00:00,33600.0,remboursement_credit,,local,False,aucune
96f7164c,CLI-00649,2026-02-26 00:00:00,70500.0,retrait,,local,False,aucune
ef151da2,CLI-00472,2026-02-26 00:00:00,63800.0,remboursement_credit,,local,False,aucune
23ba0924,CLI-00334,2026-02-26 00:00:00,83700.0,transfert_sortant,CLI-00300,local,False,aucune
7435306e,CLI-00342,2026-02-26 00:00:00,40200.0,decaissement_credit,,local,False,aucune
edbd8571,CLI-00619,2026-02-26 00:00:00,28200.0,retrait,,local,False,aucune
5b5c2b62,CLI-00534,2026-02-26 00:00:00,47600.0,depot,,local,False,aucune
d87658e7,CLI-00190,2026-02-26 00:00:00,82000.0,depot,,local,False,aucune
775ca992,CLI-00645,2026-02-26 00:00:00,52500.0,decaissement_credit,,regional_uemoa,False,aucune
d080aee3,CLI-00288,2026-02-26 00:00:00,6000.0,depot,,local,False,aucune
b6bfe27a,CLI-00782,2026-02-26 00:00:00,157600.0,retrait,,local,False,aucune
68953723,CLI-00547,2026-02-26 00:00:00,118300.0,transfert_sortant,CLI-00381,regional_uemoa,False,aucune
8b82e751,CLI-00320,2026-02-26 00:00:00,36600.0,depot,,local,False,aucune
19f7858d,CLI-00435,2026-02-26 00:00:00,116100.0,transfert_entrant,CLI-00103,local,False,aucune
d6d10d27,CLI-00779,2026-02-26 00:00:00,13400.0,depot,,transfrontalier_sensible,False,aucune
51e8274b,CLI-00180,2026-02-26 00:00:00,15200.0,transfert_sortant,CLI-00284,local,False,aucune
4c6b5954,CLI-00748,2026-02-26 00:00:00,15800.0,decaissement_credit,,local,False,aucune
801773bc,CLI-00752,2026-02-26 00:00:00,52300.0,transfert_sortant,CLI-00040,transfrontalier_sensible,False,aucune
9dd36a85,CLI-00629,2026-02-26 00:00:00,111300.0,retrait,,local,False,aucune
1296a905,CLI-00549,2026-02-26 00:00:00,108100.0,remboursement_credit,,local,False,aucune
59b34bb8,CLI-00030,2026-02-26 00:00:00,73200.0,remboursement_credit,,local,False,aucune
0140e0da,CLI-00558,2026-02-26 00:00:00,196900.0,transfert_entrant,CLI-00034,local,False,aucune
120dcebc,CLI-00220,2026-02-26 00:00:00,133100.0,retrait,,local,False,aucune
40170ee8,CLI-00054,2026-02-26 00:00:00,10500.0,retrait,,local,False,aucune
80823960,CLI-00218,2026-02-26 00:00:00,37000.0,retrait,,local,False,aucune
18eb45db,CLI-00619,2026-02-26 00:00:00,225900.0,depot,,local,False,aucune
349725a7,CLI-00111,2026-02-26 00:00:00,60800.0,transfert_entrant,CLI-00725,regional_uemoa,False,aucune
20ace1b9,CLI-00223,2026-02-26 00:00:00,13000.0,depot,,local,False,aucune
e3ebbaa6,CLI-00500,2026-02-26 00:00:00,5200.0,depot,,local,False,aucune
3a2b82ae,CLI-00282,2026-02-27 00:00:00,73800.0,retrait,,regional_uemoa,False,aucune
602052d3,CLI-00599,2026-02-27 00:00:00,198500.0,decaissement_credit,,local,False,aucune
d436f833,CLI-00042,2026-02-27 00:00:00,475500.0,retrait,,local,False,aucune
c811725b,CLI-00042,2026-02-27 00:00:00,58000.0,retrait,,local,False,aucune
cfa3499b,CLI-00349,2026-02-27 00:00:00,84600.0,depot,,local,False,aucune
05f71c2a,CLI-00071,2026-02-27 00:00:00,4400.0,retrait,,regional_uemoa,False,aucune
cdd9c6f4,CLI-00607,2026-02-27 00:00:00,39100.0,depot,,local,False,aucune
aaf199a5,CLI-00273,2026-02-27 00:00:00,9300.0,depot,,local,False,aucune
2a3c57e6,CLI-00695,2026-02-27 00:00:00,162500.0,retrait,,local,False,aucune
af2a6cf9,CLI-00610,2026-02-27 00:00:00,46700.0,remboursement_credit,,local,False,aucune
b2623647,CLI-00699,2026-02-27 00:00:00,38300.0,depot,,local,False,aucune
65cddf3d,CLI-00576,2026-02-27 00:00:00,13200.0,retrait,,local,False,aucune
4cad3f14,CLI-00270,2026-02-27 00:00:00,189500.0,depot,,local,False,aucune
b82027fb,CLI-00528,2026-02-27 00:00:00,31100.0,remboursement_credit,,local,False,aucune
85dada99,CLI-00529,2026-02-27 00:00:00,11200.0,decaissement_credit,,local,False,aucune
b6bfa61a,CLI-00182,2026-02-27 00:00:00,46400.0,depot,,local,False,aucune
b838b5c0,CLI-00514,2026-02-27 00:00:00,76600.0,depot,,regional_uemoa,False,aucune
f6f49d11,CLI-00511,2026-02-27 00:00:00,43700.0,remboursement_credit,,local,False,aucune
2e743f37,CLI-00511,2026-02-27 00:00:00,27500.0,transfert_entrant,CLI-00058,local,False,aucune
a3cacdb6,CLI-00201,2026-02-27 00:00:00,25000.0,decaissement_credit,,regional_uemoa,False,aucune
84064c3b,CLI-00483,2026-02-27 00:00:00,65800.0,remboursement_credit,,local,False,aucune
2d934270,CLI-00165,2026-02-27 00:00:00,12600.0,retrait,,local,False,aucune
b1ba6bc7,CLI-00480,2026-02-27 00:00:00,18100.0,retrait,,local,False,aucune
568bc21b,CLI-00549,2026-02-27 00:00:00,32400.0,depot,,local,False,aucune
ebd4ad5a,CLI-00550,2026-02-27 00:00:00,54600.0,decaissement_credit,,local,False,aucune
76bc919f,CLI-00749,2026-02-27 00:00:00,80200.0,transfert_sortant,CLI-00682,regional_uemoa,False,aucune
7f771acf,CLI-00751,2026-02-27 00:00:00,17800.0,depot,,local,False,aucune
ef05f8db,CLI-00152,2026-02-27 00:00:00,30600.0,depot,,local,False,aucune
9dc4d580,CLI-00235,2026-02-27 00:00:00,196600.0,remboursement_credit,,local,False,aucune
aa660489,CLI-00527,2026-02-27 00:00:00,13300.0,decaissement_credit,,local,False,aucune
e784d5fa,CLI-00377,2026-02-27 00:00:00,113900.0,decaissement_credit,,local,False,aucune
d4219619,CLI-00593,2026-02-27 00:00:00,46000.0,remboursement_credit,,regional_uemoa,False,aucune
353ae123,CLI-00138,2026-02-27 00:00:00,55900.0,transfert_entrant,CLI-00747,local,False,aucune
8507774e,CLI-00731,2026-02-27 00:00:00,126700.0,retrait,,local,False,aucune
6912a681,CLI-00702,2026-02-27 00:00:00,69600.0,transfert_entrant,CLI-00489,local,False,aucune
ec1c6d83,CLI-00403,2026-02-27 00:00:00,41300.0,retrait,,local,False,aucune
216d7be7,CLI-00736,2026-02-27 00:00:00,26800.0,transfert_sortant,CLI-00566,local,False,aucune
a5a226a6,CLI-00249,2026-02-27 00:00:00,97000.0,depot,,local,False,aucune
5716025e,CLI-00248,2026-02-27 00:00:00,18900.0,depot,,local,False,aucune
0efd16c7,CLI-00408,2026-02-27 00:00:00,4900.0,decaissement_credit,,transfrontalier_sensible,False,aucune
552e8e1f,CLI-00008,2026-02-27 00:00:00,79400.0,retrait,,local,False,aucune
ed6471e0,CLI-00729,2026-02-27 00:00:00,98900.0,decaissement_credit,,local,False,aucune
d46792ed,CLI-00246,2026-02-27 00:00:00,42000.0,transfert_entrant,CLI-00343,local,False,aucune
a2411ef0,CLI-00581,2026-02-27 00:00:00,15000.0,retrait,,local,False,aucune
aa672a10,CLI-00407,2026-02-27 00:00:00,65000.0,depot,,transfrontalier_sensible,False,aucune
f184184d,CLI-00719,2026-02-27 00:00:00,75400.0,transfert_sortant,CLI-00444,local,False,aucune
44be4ea6,CLI-00192,2026-02-27 00:00:00,1401700.0,depot,,local,False,aucune
48073f3c,CLI-00085,2026-02-27 00:00:00,34500.0,transfert_entrant,CLI-00677,transfrontalier_sensible,False,aucune
f16d83db,CLI-00031,2026-02-27 00:00:00,14800.0,retrait,,local,False,aucune
a493616f,CLI-00692,2026-02-27 00:00:00,32500.0,depot,,local,False,aucune
32dfc089,CLI-00632,2026-02-27 00:00:00,114000.0,depot,,transfrontalier_sensible,False,aucune
abc79cf9,CLI-00661,2026-02-27 00:00:00,22400.0,depot,,transfrontalier_sensible,False,aucune
31ca2fc8,CLI-00074,2026-02-27 00:00:00,36600.0,decaissement_credit,,local,False,aucune
bc19a681,CLI-00102,2026-02-27 00:00:00,175900.0,depot,,local,False,aucune
9db0b80f,CLI-00031,2026-02-27 00:00:00,105400.0,depot,,local,False,aucune
1fdb0876,CLI-00679,2026-02-27 00:00:00,36400.0,retrait,,local,False,aucune
2276e537,CLI-00055,2026-02-28 00:00:00,14700.0,depot,,local,False,aucune
62e08f33,CLI-00286,2026-02-28 00:00:00,16500.0,transfert_sortant,CLI-00314,local,False,aucune
69c011d8,CLI-00708,2026-02-28 00:00:00,152000.0,transfert_entrant,CLI-00451,local,False,aucune
a57e0532,CLI-00387,2026-02-28 00:00:00,207600.0,remboursement_credit,,local,False,aucune
a4eadddf,CLI-00297,2026-02-28 00:00:00,16800.0,remboursement_credit,,local,False,aucune
35ec016c,CLI-00611,2026-02-28 00:00:00,5285400.0,depot,,local,True,layering
1f6f73ef,CLI-00709,2026-02-28 00:00:00,23400.0,depot,,local,False,aucune
f92d8215,CLI-00547,2026-02-28 00:00:00,17600.0,depot,,local,False,aucune
f0f43d03,CLI-00750,2026-02-28 00:00:00,41400.0,retrait,,transfrontalier_sensible,False,aucune
89f4576f,CLI-00502,2026-02-28 00:00:00,514200.0,retrait,,local,False,aucune
d5a72598,CLI-00167,2026-02-28 00:00:00,50800.0,depot,,local,False,aucune
8836c095,CLI-00343,2026-02-28 00:00:00,33100.0,decaissement_credit,,local,False,aucune
37c31bc7,CLI-00391,2026-02-28 00:00:00,32700.0,retrait,,regional_uemoa,False,aucune
1ec93b32,CLI-00723,2026-02-28 00:00:00,11700.0,depot,,local,False,aucune
813e321d,CLI-00291,2026-02-28 00:00:00,129600.0,decaissement_credit,,local,False,aucune
558af456,CLI-00223,2026-02-28 00:00:00,9700.0,transfert_sortant,CLI-00531,local,False,aucune
67c6fa04,CLI-00727,2026-02-28 00:00:00,7900.0,depot,,regional_uemoa,False,aucune
c5caae9d,CLI-00314,2026-02-28 00:00:00,166000.0,retrait,,local,False,aucune
92622b49,CLI-00148,2026-02-28 00:00:00,19300.0,retrait,,local,False,aucune
71d5bc9e,CLI-00254,2026-02-28 00:00:00,23700.0,depot,,regional_uemoa,False,aucune
2c96962e,CLI-00581,2026-02-28 00:00:00,26000.0,remboursement_credit,,local,False,aucune
838d1f86,CLI-00444,2026-02-28 00:00:00,4400.0,depot,,local,False,aucune
e308c717,CLI-00753,2026-02-28 00:00:00,38200.0,depot,,local,False,aucune
a84c38a4,CLI-00468,2026-02-28 00:00:00,124800.0,retrait,,local,False,aucune
7bf8f6ae,CLI-00228,2026-02-28 00:00:00,49400.0,depot,,local,False,aucune
c850895b,CLI-00200,2026-02-28 00:00:00,27000.0,depot,,local,False,aucune
468e9c6a,CLI-00015,2026-02-28 00:00:00,21100.0,depot,,local,False,aucune
6b231aba,CLI-00797,2026-02-28 00:00:00,38400.0,depot,,local,False,aucune
c7491dc1,CLI-00057,2026-02-28 00:00:00,262000.0,depot,,transfrontalier_sensible,False,aucune
be4c9e35,CLI-00622,2026-02-28 00:00:00,4100.0,remboursement_credit,,local,False,aucune
40f74b4d,CLI-00527,2026-02-28 00:00:00,5400.0,transfert_sortant,CLI-00257,local,False,aucune
9cc9a2a2,CLI-00370,2026-02-28 00:00:00,75500.0,retrait,,local,False,aucune
8e0014ac,CLI-00421,2026-02-28 00:00:00,88000.0,decaissement_credit,,local,False,aucune
da5e73f9,CLI-00018,2026-02-28 00:00:00,105000.0,transfert_entrant,CLI-00175,local,False,aucune
5640e8d6,CLI-00498,2026-02-28 00:00:00,31500.0,depot,,local,False,aucune
8024691d,CLI-00510,2026-02-28 00:00:00,38500.0,retrait,,local,False,aucune
2dc32333,CLI-00404,2026-02-28 00:00:00,163600.0,retrait,,local,False,aucune
542687b9,CLI-00270,2026-02-28 00:00:00,158900.0,retrait,,local,False,aucune
216c064e,CLI-00631,2026-02-28 00:00:00,7800.0,retrait,,local,False,aucune
57c6f560,CLI-00059,2026-02-28 00:00:00,78100.0,retrait,,local,False,aucune
37ac1a53,CLI-00095,2026-02-28 00:00:00,14400.0,retrait,,local,False,aucune
d7d33763,CLI-00531,2026-02-28 00:00:00,122400.0,depot,,local,False,aucune
deeaf1f3,CLI-00749,2026-02-28 00:00:00,81700.0,depot,,local,False,aucune
ef895aa1,CLI-00611,2026-02-28 01:00:00,844800.0,transfert_sortant,CLI-00599,regional_uemoa,True,layering
c2948679,CLI-00611,2026-02-28 01:00:00,673100.0,transfert_sortant,CLI-00755,local,True,layering
e9647f12,CLI-00611,2026-02-28 07:00:00,1081700.0,transfert_sortant,CLI-00239,local,True,layering
2d7d1a88,CLI-00000,2026-03-01 00:00:00,10100.0,retrait,,local,False,aucune
902eefcf,CLI-00625,2026-03-01 00:00:00,14900.0,depot,,local,False,aucune
95a2bd1d,CLI-00294,2026-03-01 00:00:00,6600.0,depot,,local,False,aucune
1c8b7b4e,CLI-00001,2026-03-01 00:00:00,13100.0,depot,,regional_uemoa,False,aucune
11b47140,CLI-00402,2026-03-01 00:00:00,64900.0,decaissement_credit,,transfrontalier_sensible,False,aucune
ce16c5e3,CLI-00684,2026-03-01 00:00:00,37800.0,retrait,,local,False,aucune
0f0a14db,CLI-00116,2026-03-01 00:00:00,312200.0,depot,,local,False,aucune
e4da1228,CLI-00001,2026-03-01 00:00:00,26100.0,retrait,,transfrontalier_sensible,False,aucune
d5683a8b,CLI-00132,2026-03-01 00:00:00,15500.0,transfert_sortant,CLI-00707,local,False,aucune
544efff6,CLI-00685,2026-03-01 00:00:00,70900.0,depot,,local,False,aucune
9ee32106,CLI-00428,2026-03-01 00:00:00,16200.0,remboursement_credit,,local,False,aucune
603d263c,CLI-00748,2026-03-01 00:00:00,15600.0,transfert_entrant,CLI-00018,local,False,aucune
2e78f509,CLI-00789,2026-03-01 00:00:00,10600.0,remboursement_credit,,local,False,aucune
2b2b7723,CLI-00138,2026-03-01 00:00:00,20100.0,retrait,,local,False,aucune
c49e4874,CLI-00326,2026-03-01 00:00:00,10800.0,transfert_entrant,CLI-00641,local,False,aucune
fe4535f7,CLI-00595,2026-03-01 00:00:00,10600.0,retrait,,local,False,aucune
98e6306c,CLI-00050,2026-03-01 00:00:00,1643800.0,remboursement_credit,,local,False,aucune
d827275e,CLI-00137,2026-03-01 00:00:00,16200.0,retrait,,regional_uemoa,False,aucune
a32e7939,CLI-00454,2026-03-01 00:00:00,28100.0,transfert_sortant,CLI-00397,local,False,aucune
5067ad8c,CLI-00572,2026-03-01 00:00:00,11900.0,depot,,transfrontalier_sensible,False,aucune
cc3ba38c,CLI-00495,2026-03-01 00:00:00,75900.0,retrait,,local,False,aucune
31934e7d,CLI-00197,2026-03-01 00:00:00,13300.0,retrait,,local,False,aucune
d6347d0e,CLI-00519,2026-03-01 00:00:00,34300.0,retrait,,regional_uemoa,False,aucune
22db047e,CLI-00645,2026-03-01 00:00:00,55600.0,transfert_entrant,CLI-00470,local,False,aucune
f35413cb,CLI-00674,2026-03-01 00:00:00,245000.0,retrait,,transfrontalier_sensible,False,aucune
fd9c1e4b,CLI-00528,2026-03-01 00:00:00,26600.0,transfert_sortant,CLI-00197,local,False,aucune
57c847fd,CLI-00740,2026-03-01 00:00:00,22700.0,retrait,,local,False,aucune
c92a7a66,CLI-00481,2026-03-01 00:00:00,10800.0,depot,,local,False,aucune
bfe9a279,CLI-00476,2026-03-01 00:00:00,35800.0,retrait,,local,False,aucune
3e9ffb12,CLI-00531,2026-03-01 00:00:00,20000.0,depot,,local,False,aucune
6a20a1de,CLI-00381,2026-03-01 00:00:00,68400.0,depot,,local,False,aucune
03d12811,CLI-00535,2026-03-01 00:00:00,18400.0,transfert_sortant,CLI-00535,local,False,aucune
b25bc418,CLI-00381,2026-03-01 00:00:00,27700.0,transfert_entrant,CLI-00705,regional_uemoa,False,aucune
9aeaf887,CLI-00351,2026-03-01 00:00:00,58100.0,retrait,,local,False,aucune
c18c468d,CLI-00350,2026-03-01 00:00:00,55300.0,depot,,local,False,aucune
3fc1aee4,CLI-00776,2026-03-01 00:00:00,113700.0,remboursement_credit,,local,False,aucune
8e212e0a,CLI-00385,2026-03-01 00:00:00,8500.0,depot,,local,False,aucune
ed707559,CLI-00689,2026-03-01 00:00:00,6600.0,retrait,,transfrontalier_sensible,False,aucune
d82cbedf,CLI-00542,2026-03-01 00:00:00,42400.0,remboursement_credit,,local,False,aucune
d0bedab7,CLI-00553,2026-03-01 00:00:00,28300.0,remboursement_credit,,local,False,aucune
56099665,CLI-00767,2026-03-01 00:00:00,24300.0,depot,,local,False,aucune
9db53a8e,CLI-00562,2026-03-01 00:00:00,7200.0,depot,,local,False,aucune
01c04833,CLI-00033,2026-03-01 00:00:00,39600.0,retrait,,local,False,aucune
6449e0ca,CLI-00566,2026-03-01 00:00:00,69900.0,remboursement_credit,,local,False,aucune
4ad4890d,CLI-00566,2026-03-01 00:00:00,23600.0,depot,,local,False,aucune
cbdf3795,CLI-00721,2026-03-01 00:00:00,24200.0,retrait,,regional_uemoa,False,aucune
61e49ab7,CLI-00787,2026-03-01 00:00:00,6300.0,retrait,,local,False,aucune
432b6c1b,CLI-00450,2026-03-01 00:00:00,105000.0,transfert_entrant,CLI-00300,local,False,aucune
a1c55444,CLI-00031,2026-03-01 00:00:00,434700.0,depot,,regional_uemoa,False,aucune
5644085b,CLI-00680,2026-03-01 00:00:00,65100.0,remboursement_credit,,regional_uemoa,False,aucune
e3342fd7,CLI-00026,2026-03-01 00:00:00,26800.0,retrait,,local,False,aucune
e3df6c60,CLI-00392,2026-03-01 00:00:00,136000.0,transfert_sortant,CLI-00295,regional_uemoa,False,aucune
ed2b083c,CLI-00607,2026-03-01 00:00:00,18500.0,depot,,regional_uemoa,False,aucune
762d568b,CLI-00308,2026-03-01 00:00:00,11400.0,depot,,transfrontalier_sensible,False,aucune
cd28d217,CLI-00049,2026-03-01 00:00:00,17900.0,depot,,regional_uemoa,False,aucune
9e5cb0d3,CLI-00310,2026-03-01 00:00:00,487900.0,retrait,,transfrontalier_sensible,False,aucune
4ecaacdc,CLI-00756,2026-03-01 00:00:00,4900.0,depot,,local,False,aucune
f63d8b2c,CLI-00248,2026-03-01 00:00:00,36700.0,transfert_entrant,CLI-00061,local,False,aucune
ac2d4f15,CLI-00418,2026-03-01 00:00:00,61500.0,decaissement_credit,,local,False,aucune
c4f6d834,CLI-00414,2026-03-01 00:00:00,35600.0,depot,,local,False,aucune
957548f1,CLI-00611,2026-03-01 05:00:00,880100.0,transfert_sortant,CLI-00254,local,True,layering
e9f23963,CLI-00611,2026-03-01 09:00:00,707100.0,transfert_sortant,CLI-00011,regional_uemoa,True,layering
27339213,CLI-00611,2026-03-01 15:00:00,985800.0,transfert_sortant,CLI-00266,regional_uemoa,True,layering
09864d79,CLI-00283,2026-03-02 00:00:00,319500.0,retrait,,regional_uemoa,False,aucune
9fbc3d9f,CLI-00742,2026-03-02 00:00:00,58400.0,retrait,,transfrontalier_sensible,False,aucune
46dc043e,CLI-00180,2026-03-02 00:00:00,35400.0,retrait,,transfrontalier_sensible,False,aucune
5c1859c2,CLI-00397,2026-03-02 00:00:00,39200.0,remboursement_credit,,local,False,aucune
c021d726,CLI-00514,2026-03-02 00:00:00,25900.0,depot,,local,False,aucune
610d1161,CLI-00594,2026-03-02 00:00:00,114400.0,remboursement_credit,,local,False,aucune
8a0f1124,CLI-00694,2026-03-02 00:00:00,83900.0,depot,,local,False,aucune
7ec154e8,CLI-00180,2026-03-02 00:00:00,65700.0,depot,,local,False,aucune
1cea4417,CLI-00253,2026-03-02 00:00:00,6400.0,transfert_sortant,CLI-00079,local,False,aucune
2aff1318,CLI-00193,2026-03-02 00:00:00,340400.0,depot,,local,False,aucune
37702aa3,CLI-00367,2026-03-02 00:00:00,13800.0,retrait,,local,False,aucune
d57df650,CLI-00352,2026-03-02 00:00:00,57000.0,remboursement_credit,,local,False,aucune
d8ed878c,CLI-00786,2026-03-02 00:00:00,122900.0,retrait,,transfrontalier_sensible,False,aucune
5b555d33,CLI-00702,2026-03-02 00:00:00,40500.0,retrait,,local,False,aucune
d9f3a0ee,CLI-00128,2026-03-02 00:00:00,82800.0,remboursement_credit,,local,False,aucune
238bfff1,CLI-00796,2026-03-02 00:00:00,284500.0,remboursement_credit,,local,False,aucune
76210d15,CLI-00182,2026-03-02 00:00:00,273600.0,depot,,local,False,aucune
68119ff7,CLI-00342,2026-03-02 00:00:00,14200.0,transfert_entrant,CLI-00387,local,False,aucune
afb488b8,CLI-00258,2026-03-02 00:00:00,151000.0,transfert_entrant,CLI-00474,local,False,aucune
66260cb3,CLI-00793,2026-03-02 00:00:00,9900.0,transfert_sortant,CLI-00059,local,False,aucune
746ec8ae,CLI-00258,2026-03-02 00:00:00,23000.0,depot,,regional_uemoa,False,aucune
d714c8c0,CLI-00079,2026-03-02 00:00:00,42500.0,retrait,,regional_uemoa,False,aucune
163f6ca1,CLI-00456,2026-03-02 00:00:00,79700.0,decaissement_credit,,local,False,aucune
93ce089e,CLI-00716,2026-03-02 00:00:00,149900.0,decaissement_credit,,local,False,aucune
b11bf44d,CLI-00766,2026-03-02 00:00:00,20400.0,transfert_sortant,CLI-00664,local,False,aucune
7bc73685,CLI-00459,2026-03-02 00:00:00,78900.0,retrait,,regional_uemoa,False,aucune
4fcb42a7,CLI-00198,2026-03-02 00:00:00,60900.0,transfert_entrant,CLI-00406,regional_uemoa,False,aucune
527d7539,CLI-00630,2026-03-02 00:00:00,64000.0,remboursement_credit,,local,False,aucune
13b13da1,CLI-00744,2026-03-02 00:00:00,86800.0,retrait,,local,False,aucune
f8d69439,CLI-00695,2026-03-02 00:00:00,26700.0,retrait,,local,False,aucune
baa7a5d0,CLI-00116,2026-03-02 00:00:00,72900.0,depot,,local,False,aucune
001df5a7,CLI-00460,2026-03-02 00:00:00,14700.0,remboursement_credit,,local,False,aucune
715ed4cb,CLI-00286,2026-03-02 00:00:00,78200.0,remboursement_credit,,local,False,aucune
43e00158,CLI-00349,2026-03-02 00:00:00,78600.0,retrait,,local,False,aucune
ba2675e4,CLI-00486,2026-03-02 00:00:00,206700.0,transfert_sortant,CLI-00356,local,False,aucune
8d23c960,CLI-00342,2026-03-02 00:00:00,141100.0,transfert_entrant,CLI-00224,local,False,aucune
1cd53098,CLI-00208,2026-03-02 00:00:00,34400.0,retrait,,local,False,aucune
bd8285dc,CLI-00633,2026-03-02 00:00:00,15400.0,transfert_sortant,CLI-00350,transfrontalier_sensible,False,aucune
0c1723ad,CLI-00359,2026-03-02 00:00:00,98800.0,decaissement_credit,,local,False,aucune
b697a5f3,CLI-00396,2026-03-02 00:00:00,110000.0,retrait,,local,False,aucune
333404ad,CLI-00056,2026-03-02 00:00:00,119400.0,remboursement_credit,,local,False,aucune
fa133c23,CLI-00044,2026-03-02 00:00:00,18600.0,decaissement_credit,,local,False,aucune
891df05a,CLI-00528,2026-03-02 00:00:00,78200.0,retrait,,local,False,aucune
34141e9b,CLI-00123,2026-03-02 00:00:00,112200.0,transfert_entrant,CLI-00539,transfrontalier_sensible,False,aucune
55687ab4,CLI-00262,2026-03-02 00:00:00,15600.0,depot,,local,False,aucune
66606af3,CLI-00577,2026-03-02 00:00:00,29000.0,retrait,,local,False,aucune
74a2f35e,CLI-00137,2026-03-03 00:00:00,65000.0,depot,,regional_uemoa,False,aucune
3b7cfa13,CLI-00128,2026-03-03 00:00:00,74100.0,retrait,,local,False,aucune
89ed0ba1,CLI-00542,2026-03-03 00:00:00,257200.0,retrait,,local,False,aucune
14a2b0aa,CLI-00546,2026-03-03 00:00:00,256300.0,decaissement_credit,,local,False,aucune
da789cf2,CLI-00015,2026-03-03 00:00:00,51300.0,depot,,local,False,aucune
4aca5ddc,CLI-00793,2026-03-03 00:00:00,27800.0,depot,,local,False,aucune
9e90dd2a,CLI-00708,2026-03-03 00:00:00,96900.0,transfert_sortant,CLI-00374,local,False,aucune
56763abf,CLI-00442,2026-03-03 00:00:00,40400.0,retrait,,local,False,aucune
7b069cfd,CLI-00105,2026-03-03 00:00:00,39200.0,transfert_sortant,CLI-00591,local,False,aucune
8f50cc35,CLI-00460,2026-03-03 00:00:00,14100.0,decaissement_credit,,local,False,aucune
f81a96bf,CLI-00093,2026-03-03 00:00:00,112200.0,depot,,local,False,aucune
9d2e072d,CLI-00063,2026-03-03 00:00:00,24300.0,depot,,local,False,aucune
a2eaf6c7,CLI-00259,2026-03-03 00:00:00,21300.0,depot,,regional_uemoa,False,aucune
0b05247d,CLI-00271,2026-03-03 00:00:00,24500.0,retrait,,local,False,aucune
33762772,CLI-00419,2026-03-03 00:00:00,17100.0,depot,,local,False,aucune
b252c55b,CLI-00272,2026-03-03 00:00:00,13700.0,retrait,,local,False,aucune
b787174f,CLI-00498,2026-03-03 00:00:00,90100.0,depot,,local,False,aucune
3a41d4a0,CLI-00554,2026-03-03 00:00:00,24000.0,retrait,,local,False,aucune
bb58845e,CLI-00456,2026-03-03 00:00:00,156800.0,retrait,,local,False,aucune
062f300d,CLI-00016,2026-03-03 00:00:00,42600.0,depot,,local,False,aucune
8384ac0b,CLI-00440,2026-03-03 00:00:00,8700.0,remboursement_credit,,local,False,aucune
2f23dd20,CLI-00068,2026-03-03 00:00:00,21700.0,retrait,,local,False,aucune
51b5b200,CLI-00629,2026-03-03 00:00:00,85400.0,retrait,,regional_uemoa,False,aucune
a84d78fe,CLI-00041,2026-03-03 00:00:00,35300.0,depot,,local,False,aucune
71fe5a28,CLI-00636,2026-03-03 00:00:00,146000.0,transfert_entrant,CLI-00032,regional_uemoa,False,aucune
11e6e5e5,CLI-00055,2026-03-03 00:00:00,100200.0,transfert_entrant,CLI-00586,local,False,aucune
d93e50f7,CLI-00782,2026-03-03 00:00:00,84700.0,transfert_sortant,CLI-00284,local,False,aucune
f103f113,CLI-00316,2026-03-03 00:00:00,161100.0,depot,,local,False,aucune
c384ccc9,CLI-00733,2026-03-03 00:00:00,17800.0,retrait,,local,False,aucune
de05639c,CLI-00710,2026-03-03 00:00:00,216000.0,depot,,local,False,aucune
57d20584,CLI-00535,2026-03-03 00:00:00,1564400.0,retrait,,local,False,aucune
abbdea58,CLI-00086,2026-03-03 00:00:00,58500.0,decaissement_credit,,local,False,aucune
6abd69c0,CLI-00447,2026-03-03 00:00:00,12200.0,transfert_sortant,CLI-00025,regional_uemoa,False,aucune
77b328de,CLI-00672,2026-03-03 00:00:00,22000.0,retrait,,transfrontalier_sensible,False,aucune
78e170f0,CLI-00726,2026-03-03 00:00:00,30100.0,depot,,local,False,aucune
152006fd,CLI-00471,2026-03-03 00:00:00,131900.0,depot,,local,False,aucune
b0998122,CLI-00196,2026-03-03 00:00:00,404800.0,retrait,,local,False,aucune
d12bd236,CLI-00745,2026-03-03 00:00:00,7100.0,remboursement_credit,,local,False,aucune
d0a2f318,CLI-00064,2026-03-03 00:00:00,2400.0,depot,,local,False,aucune
2bfd709d,CLI-00689,2026-03-04 00:00:00,332600.0,decaissement_credit,,local,False,aucune
6084b46a,CLI-00739,2026-03-04 00:00:00,57100.0,transfert_entrant,CLI-00004,local,False,aucune
7a2b879c,CLI-00644,2026-03-04 00:00:00,30200.0,retrait,,local,False,aucune
5efadef1,CLI-00719,2026-03-04 00:00:00,115300.0,depot,,local,False,aucune
a0e18dd6,CLI-00430,2026-03-04 00:00:00,76100.0,retrait,,local,False,aucune
03e51d9d,CLI-00761,2026-03-04 00:00:00,100700.0,decaissement_credit,,local,False,aucune
2af310e7,CLI-00094,2026-03-04 00:00:00,75000.0,depot,,local,False,aucune
a09bdd3a,CLI-00421,2026-03-04 00:00:00,109900.0,retrait,,local,False,aucune
cd5ef094,CLI-00363,2026-03-04 00:00:00,223700.0,transfert_sortant,CLI-00441,local,False,aucune
717978e6,CLI-00073,2026-03-04 00:00:00,26400.0,depot,,regional_uemoa,False,aucune
4e994034,CLI-00289,2026-03-04 00:00:00,36300.0,transfert_sortant,CLI-00049,local,False,aucune
55cb0d97,CLI-00472,2026-03-04 00:00:00,40800.0,retrait,,local,False,aucune
3b360fcd,CLI-00453,2026-03-04 00:00:00,23100.0,transfert_entrant,CLI-00109,local,False,aucune
58a5a2b2,CLI-00094,2026-03-04 00:00:00,10600.0,transfert_entrant,CLI-00295,local,False,aucune
7d695359,CLI-00179,2026-03-04 00:00:00,64000.0,retrait,,local,False,aucune
03f385aa,CLI-00192,2026-03-04 00:00:00,6700.0,retrait,,local,False,aucune
af1d723c,CLI-00238,2026-03-04 00:00:00,8800.0,depot,,local,False,aucune
70d91f48,CLI-00357,2026-03-04 00:00:00,17600.0,retrait,,regional_uemoa,False,aucune
4c357380,CLI-00118,2026-03-04 00:00:00,71500.0,retrait,,local,False,aucune
010d3604,CLI-00639,2026-03-04 00:00:00,12600.0,depot,,transfrontalier_sensible,False,aucune
df7a1ef9,CLI-00454,2026-03-04 00:00:00,45100.0,depot,,local,False,aucune
e7f5714e,CLI-00653,2026-03-04 00:00:00,77000.0,retrait,,regional_uemoa,False,aucune
e5015897,CLI-00088,2026-03-04 00:00:00,33100.0,transfert_entrant,CLI-00775,local,False,aucune
087026b2,CLI-00268,2026-03-04 00:00:00,688100.0,transfert_sortant,CLI-00746,local,False,aucune
753090d6,CLI-00731,2026-03-04 00:00:00,74200.0,retrait,,regional_uemoa,False,aucune
bb6be464,CLI-00785,2026-03-04 00:00:00,8000.0,depot,,local,False,aucune
6d5dd47c,CLI-00528,2026-03-04 00:00:00,31000.0,depot,,local,False,aucune
787322d2,CLI-00331,2026-03-04 00:00:00,133700.0,retrait,,local,False,aucune
e42ccc2a,CLI-00425,2026-03-04 00:00:00,7800.0,retrait,,local,False,aucune
6084e956,CLI-00665,2026-03-04 00:00:00,17200.0,retrait,,regional_uemoa,False,aucune
34f88649,CLI-00694,2026-03-04 00:00:00,135700.0,transfert_sortant,CLI-00171,regional_uemoa,False,aucune
56ab5294,CLI-00570,2026-03-04 00:00:00,133900.0,transfert_sortant,CLI-00221,local,False,aucune
e5e8431a,CLI-00181,2026-03-04 00:00:00,13700.0,retrait,,local,False,aucune
fc135195,CLI-00780,2026-03-04 00:00:00,45200.0,depot,,local,False,aucune
781e77d2,CLI-00113,2026-03-04 00:00:00,43500.0,depot,,local,False,aucune
a3f083ba,CLI-00761,2026-03-04 00:00:00,59000.0,depot,,local,False,aucune
98c8a418,CLI-00741,2026-03-04 00:00:00,314700.0,transfert_sortant,CLI-00365,local,False,aucune
b5890343,CLI-00189,2026-03-04 00:00:00,33100.0,depot,,local,False,aucune
93164496,CLI-00732,2026-03-04 00:00:00,15100.0,transfert_entrant,CLI-00025,regional_uemoa,False,aucune
79ff8819,CLI-00132,2026-03-04 00:00:00,479100.0,transfert_entrant,CLI-00651,regional_uemoa,False,aucune
a1a62723,CLI-00593,2026-03-04 00:00:00,82700.0,transfert_sortant,CLI-00256,regional_uemoa,False,aucune
630a09b5,CLI-00380,2026-03-04 00:00:00,23500.0,depot,,local,False,aucune
6c7843a5,CLI-00297,2026-03-04 00:00:00,4300.0,retrait,,transfrontalier_sensible,False,aucune
7cfb7f5e,CLI-00399,2026-03-04 00:00:00,202700.0,depot,,local,False,aucune
fef6cc4f,CLI-00215,2026-03-04 00:00:00,54900.0,depot,,local,False,aucune
f21e477f,CLI-00490,2026-03-04 00:00:00,54400.0,transfert_sortant,CLI-00598,transfrontalier_sensible,False,aucune
1ac7b6b8,CLI-00222,2026-03-04 00:00:00,9900.0,depot,,local,False,aucune
c5d39ab9,CLI-00145,2026-03-04 00:00:00,16500.0,retrait,,local,False,aucune
1b816f3c,CLI-00479,2026-03-04 00:00:00,25200.0,decaissement_credit,,local,False,aucune
917f7a59,CLI-00119,2026-03-04 00:00:00,25100.0,depot,,local,False,aucune
a2309d7e,CLI-00083,2026-03-04 00:00:00,239400.0,retrait,,local,False,aucune
0878c5e4,CLI-00271,2026-03-04 00:00:00,40000.0,remboursement_credit,,local,False,aucune
d63d31e7,CLI-00393,2026-03-04 00:00:00,8100.0,depot,,local,False,aucune
69397cae,CLI-00341,2026-03-05 00:00:00,162900.0,decaissement_credit,,regional_uemoa,False,aucune
c6885caa,CLI-00081,2026-03-05 00:00:00,83400.0,transfert_sortant,CLI-00298,local,False,aucune
e39ecc25,CLI-00513,2026-03-05 00:00:00,28400.0,transfert_entrant,CLI-00345,local,False,aucune
426eaf44,CLI-00022,2026-03-05 00:00:00,215000.0,depot,,local,False,aucune
51d08907,CLI-00010,2026-03-05 00:00:00,25000.0,transfert_sortant,CLI-00397,transfrontalier_sensible,False,aucune
b2e8641e,CLI-00362,2026-03-05 00:00:00,18500.0,transfert_sortant,CLI-00265,local,False,aucune
00f2cf95,CLI-00703,2026-03-05 00:00:00,22700.0,retrait,,local,False,aucune
03a96424,CLI-00494,2026-03-05 00:00:00,165600.0,transfert_sortant,CLI-00023,local,False,aucune
16a907ab,CLI-00732,2026-03-05 00:00:00,69900.0,transfert_entrant,CLI-00535,local,False,aucune
b9770bb6,CLI-00330,2026-03-05 00:00:00,205100.0,depot,,local,False,aucune
46280cb8,CLI-00495,2026-03-05 00:00:00,63500.0,transfert_entrant,CLI-00451,local,False,aucune
e101eb0d,CLI-00774,2026-03-05 00:00:00,35400.0,remboursement_credit,,local,False,aucune
db346147,CLI-00145,2026-03-05 00:00:00,42400.0,remboursement_credit,,local,False,aucune
0b534f49,CLI-00515,2026-03-05 00:00:00,55400.0,retrait,,local,False,aucune
f849cc0d,CLI-00774,2026-03-05 00:00:00,134600.0,retrait,,local,False,aucune
cec1d7d4,CLI-00494,2026-03-05 00:00:00,33400.0,retrait,,local,False,aucune
f2cb50aa,CLI-00069,2026-03-05 00:00:00,65400.0,retrait,,regional_uemoa,False,aucune
43fa7a79,CLI-00214,2026-03-05 00:00:00,17700.0,retrait,,local,False,aucune
0b354249,CLI-00645,2026-03-05 00:00:00,91500.0,depot,,local,False,aucune
036d475b,CLI-00260,2026-03-05 00:00:00,62800.0,remboursement_credit,,regional_uemoa,False,aucune
52773d28,CLI-00668,2026-03-05 00:00:00,143500.0,depot,,regional_uemoa,False,aucune
123d6a9c,CLI-00211,2026-03-05 00:00:00,66300.0,decaissement_credit,,local,False,aucune
a31bb7d5,CLI-00470,2026-03-05 00:00:00,67100.0,depot,,local,False,aucune
a5b13da8,CLI-00262,2026-03-05 00:00:00,7300.0,transfert_sortant,CLI-00320,regional_uemoa,False,aucune
3b5f5d69,CLI-00725,2026-03-05 00:00:00,27500.0,retrait,,local,False,aucune
c1743cc2,CLI-00485,2026-03-05 00:00:00,24000.0,depot,,local,False,aucune
0eea7c63,CLI-00319,2026-03-05 00:00:00,38700.0,remboursement_credit,,regional_uemoa,False,aucune
6952fe81,CLI-00531,2026-03-05 00:00:00,39900.0,depot,,local,False,aucune
09e8b5d4,CLI-00761,2026-03-05 00:00:00,11800.0,depot,,local,False,aucune
6bc073fe,CLI-00478,2026-03-05 00:00:00,15400.0,depot,,local,False,aucune
7f6fc4f6,CLI-00643,2026-03-05 00:00:00,24300.0,depot,,local,False,aucune
9d6b24fc,CLI-00797,2026-03-05 00:00:00,19500.0,depot,,local,False,aucune
3179bce7,CLI-00238,2026-03-05 00:00:00,157700.0,remboursement_credit,,local,False,aucune
05c173fa,CLI-00108,2026-03-05 00:00:00,11600.0,depot,,local,False,aucune
7b3b3566,CLI-00358,2026-03-05 00:00:00,87500.0,depot,,local,False,aucune
6a22283e,CLI-00691,2026-03-05 00:00:00,227600.0,retrait,,local,False,aucune
2dc28332,CLI-00214,2026-03-05 00:00:00,32500.0,decaissement_credit,,local,False,aucune
f0d1267e,CLI-00076,2026-03-05 00:00:00,14400.0,transfert_entrant,CLI-00405,local,False,aucune
010e5560,CLI-00433,2026-03-05 00:00:00,18500.0,retrait,,regional_uemoa,False,aucune
c650b600,CLI-00490,2026-03-05 00:00:00,55700.0,transfert_entrant,CLI-00643,local,False,aucune
1989bc9f,CLI-00688,2026-03-05 00:00:00,31800.0,transfert_sortant,CLI-00644,local,False,aucune
b8d940ad,CLI-00314,2026-03-05 00:00:00,24300.0,transfert_entrant,CLI-00339,local,False,aucune
637bf730,CLI-00402,2026-03-05 00:00:00,205000.0,transfert_entrant,CLI-00367,local,False,aucune
8775b539,CLI-00554,2026-03-05 00:00:00,242200.0,remboursement_credit,,local,False,aucune
8477c25e,CLI-00121,2026-03-05 00:00:00,26700.0,transfert_sortant,CLI-00746,regional_uemoa,False,aucune
f8a083fa,CLI-00288,2026-03-05 00:00:00,16000.0,depot,,local,False,aucune
514889d9,CLI-00159,2026-03-05 00:00:00,22100.0,transfert_sortant,CLI-00129,local,False,aucune
c05f6ccb,CLI-00436,2026-03-05 00:00:00,129300.0,retrait,,local,False,aucune
38b74de0,CLI-00550,2026-03-05 00:00:00,39400.0,transfert_sortant,CLI-00488,regional_uemoa,False,aucune
cdc4cc2f,CLI-00275,2026-03-05 00:00:00,31900.0,retrait,,transfrontalier_sensible,False,aucune
f5a98314,CLI-00140,2026-03-05 00:00:00,46800.0,transfert_entrant,CLI-00159,local,False,aucune
100db7ce,CLI-00053,2026-03-06 00:00:00,386400.0,retrait,,local,False,aucune
0dafac2a,CLI-00154,2026-03-06 00:00:00,324000.0,depot,,local,False,aucune
8e3a3ec0,CLI-00475,2026-03-06 00:00:00,68900.0,retrait,,transfrontalier_sensible,False,aucune
524c7485,CLI-00749,2026-03-06 00:00:00,132900.0,depot,,local,False,aucune
7a8c452f,CLI-00514,2026-03-06 00:00:00,12800.0,decaissement_credit,,local,False,aucune
53caff27,CLI-00514,2026-03-06 00:00:00,107200.0,transfert_entrant,CLI-00314,local,False,aucune
4c838dd5,CLI-00514,2026-03-06 00:00:00,41300.0,transfert_sortant,CLI-00033,local,False,aucune
4fc78c82,CLI-00711,2026-03-06 00:00:00,108600.0,remboursement_credit,,local,False,aucune
ea9dec85,CLI-00528,2026-03-06 00:00:00,59700.0,decaissement_credit,,local,False,aucune
dddb2fd3,CLI-00391,2026-03-06 00:00:00,2900.0,retrait,,transfrontalier_sensible,False,aucune
4608e0f2,CLI-00611,2026-03-06 00:00:00,75500.0,decaissement_credit,,local,False,aucune
f5192749,CLI-00615,2026-03-06 00:00:00,65600.0,depot,,local,False,aucune
f20cb64d,CLI-00568,2026-03-06 00:00:00,57000.0,retrait,,local,False,aucune
7b5e24ba,CLI-00085,2026-03-06 00:00:00,4200.0,transfert_sortant,CLI-00296,local,False,aucune
1d59c8f1,CLI-00152,2026-03-06 00:00:00,72600.0,depot,,local,False,aucune
eb9837b6,CLI-00496,2026-03-06 00:00:00,35700.0,retrait,,local,False,aucune
7c2843f4,CLI-00338,2026-03-06 00:00:00,29900.0,retrait,,local,False,aucune
ceb63e47,CLI-00153,2026-03-06 00:00:00,27500.0,remboursement_credit,,local,False,aucune
713ee222,CLI-00520,2026-03-06 00:00:00,23300.0,transfert_sortant,CLI-00657,local,False,aucune
21451bfb,CLI-00214,2026-03-06 00:00:00,56300.0,retrait,,local,False,aucune
2c8c9c4b,CLI-00222,2026-03-06 00:00:00,18800.0,retrait,,local,False,aucune
897f8e80,CLI-00311,2026-03-06 00:00:00,11500.0,depot,,regional_uemoa,False,aucune
c3241053,CLI-00213,2026-03-06 00:00:00,195000.0,transfert_entrant,CLI-00133,local,False,aucune
3cb88553,CLI-00653,2026-03-06 00:00:00,7400.0,transfert_entrant,CLI-00361,local,False,aucune
bd27a407,CLI-00787,2026-03-06 00:00:00,43400.0,transfert_sortant,CLI-00777,local,False,aucune
27a0a54a,CLI-00381,2026-03-06 00:00:00,89700.0,decaissement_credit,,local,False,aucune
0d3ce4d7,CLI-00414,2026-03-06 00:00:00,30000.0,retrait,,local,False,aucune
2b4dff17,CLI-00676,2026-03-06 00:00:00,155000.0,remboursement_credit,,local,False,aucune
3b378bee,CLI-00082,2026-03-06 00:00:00,53500.0,depot,,local,False,aucune
870b99c0,CLI-00358,2026-03-06 00:00:00,90600.0,transfert_sortant,CLI-00109,regional_uemoa,False,aucune
67649a7e,CLI-00795,2026-03-06 00:00:00,69000.0,retrait,,local,False,aucune
c9d2efd1,CLI-00637,2026-03-06 00:00:00,130900.0,depot,,local,False,aucune
656d27d0,CLI-00554,2026-03-06 00:00:00,31200.0,transfert_entrant,CLI-00564,local,False,aucune
ffd84389,CLI-00008,2026-03-06 00:00:00,525600.0,transfert_sortant,CLI-00041,local,False,aucune
fff15b66,CLI-00660,2026-03-06 00:00:00,220100.0,retrait,,local,False,aucune
cf8fc580,CLI-00069,2026-03-06 00:00:00,60900.0,retrait,,local,False,aucune
1c2f7ec6,CLI-00136,2026-03-06 00:00:00,94700.0,retrait,,local,False,aucune
3cc1e2b1,CLI-00582,2026-03-06 00:00:00,59200.0,depot,,local,False,aucune
abdfe72f,CLI-00423,2026-03-06 00:00:00,75100.0,depot,,regional_uemoa,False,aucune
284f5cf5,CLI-00724,2026-03-06 00:00:00,47600.0,depot,,local,False,aucune
a4516dbf,CLI-00269,2026-03-06 00:00:00,47300.0,remboursement_credit,,local,False,aucune
2db95dc4,CLI-00580,2026-03-06 00:00:00,123600.0,depot,,local,False,aucune
e034b273,CLI-00580,2026-03-06 00:00:00,61700.0,depot,,local,False,aucune
449c964e,CLI-00425,2026-03-06 00:00:00,296400.0,transfert_sortant,CLI-00773,local,False,aucune
a950532b,CLI-00401,2026-03-06 00:00:00,34300.0,retrait,,regional_uemoa,False,aucune
e2408658,CLI-00233,2026-03-06 00:00:00,170900.0,retrait,,local,False,aucune
af16a3ba,CLI-00695,2026-03-06 00:00:00,35800.0,retrait,,local,False,aucune
15756541,CLI-00329,2026-03-06 00:00:00,67500.0,transfert_entrant,CLI-00418,local,False,aucune
b9bb5d5c,CLI-00499,2026-03-06 00:00:00,138700.0,retrait,,local,False,aucune
62e7ea3d,CLI-00627,2026-03-06 00:00:00,37300.0,retrait,,local,False,aucune
18b40208,CLI-00142,2026-03-06 00:00:00,86300.0,retrait,,local,False,aucune
7362fb53,CLI-00593,2026-03-07 00:00:00,68400.0,transfert_entrant,CLI-00294,local,False,aucune
ac6036f6,CLI-00681,2026-03-07 00:00:00,15400.0,transfert_sortant,CLI-00009,regional_uemoa,False,aucune
7f24cfcc,CLI-00393,2026-03-07 00:00:00,32900.0,remboursement_credit,,local,False,aucune
b5647bec,CLI-00236,2026-03-07 00:00:00,85100.0,depot,,local,False,aucune
d6647910,CLI-00502,2026-03-07 00:00:00,273400.0,depot,,regional_uemoa,False,aucune
fecc2aac,CLI-00326,2026-03-07 00:00:00,4800.0,depot,,regional_uemoa,False,aucune
6a97d1ff,CLI-00745,2026-03-07 00:00:00,48000.0,depot,,local,False,aucune
3de9e294,CLI-00163,2026-03-07 00:00:00,28600.0,transfert_sortant,CLI-00109,local,False,aucune
563e2187,CLI-00435,2026-03-07 00:00:00,23000.0,transfert_entrant,CLI-00238,regional_uemoa,False,aucune
312c0d43,CLI-00619,2026-03-07 00:00:00,30400.0,transfert_sortant,CLI-00425,local,False,aucune
d07b6343,CLI-00372,2026-03-07 00:00:00,52700.0,decaissement_credit,,regional_uemoa,False,aucune
c0c411bc,CLI-00401,2026-03-07 00:00:00,30300.0,retrait,,regional_uemoa,False,aucune
e57a0f01,CLI-00077,2026-03-07 00:00:00,52400.0,remboursement_credit,,regional_uemoa,False,aucune
43b3ae48,CLI-00301,2026-03-07 00:00:00,44800.0,retrait,,local,False,aucune
c1f44fed,CLI-00560,2026-03-07 00:00:00,216400.0,transfert_sortant,CLI-00114,local,False,aucune
6025ce98,CLI-00797,2026-03-07 00:00:00,28400.0,decaissement_credit,,local,False,aucune
1ea63290,CLI-00063,2026-03-07 00:00:00,42600.0,depot,,local,False,aucune
4afcfb52,CLI-00154,2026-03-07 00:00:00,41600.0,retrait,,local,False,aucune
423c7daa,CLI-00437,2026-03-07 00:00:00,61200.0,transfert_sortant,CLI-00035,local,False,aucune
33b8738d,CLI-00564,2026-03-07 00:00:00,35300.0,transfert_sortant,CLI-00104,local,False,aucune
e42e7d1f,CLI-00244,2026-03-07 00:00:00,29900.0,retrait,,local,False,aucune
6308da5c,CLI-00563,2026-03-07 00:00:00,59600.0,transfert_sortant,CLI-00054,local,False,aucune
12fc00b5,CLI-00562,2026-03-07 00:00:00,83000.0,retrait,,local,False,aucune
08d98078,CLI-00085,2026-03-07 00:00:00,45800.0,retrait,,local,False,aucune
83d41b99,CLI-00257,2026-03-07 00:00:00,7400.0,remboursement_credit,,local,False,aucune
6744405c,CLI-00635,2026-03-07 00:00:00,25000.0,depot,,local,False,aucune
2561a0b2,CLI-00217,2026-03-07 00:00:00,28800.0,retrait,,local,False,aucune
4b0b0d32,CLI-00341,2026-03-07 00:00:00,37000.0,transfert_sortant,CLI-00376,local,False,aucune
51b0b0fe,CLI-00088,2026-03-07 00:00:00,76500.0,depot,,local,False,aucune
ef2fda9f,CLI-00525,2026-03-07 00:00:00,142800.0,depot,,local,False,aucune
3eb3feb5,CLI-00273,2026-03-07 00:00:00,85500.0,retrait,,local,False,aucune
2aa7e9f2,CLI-00405,2026-03-07 00:00:00,30100.0,retrait,,local,False,aucune
d980ee9b,CLI-00571,2026-03-07 00:00:00,29500.0,retrait,,local,False,aucune
9bb44429,CLI-00032,2026-03-07 00:00:00,23000.0,retrait,,local,False,aucune
44be4f0c,CLI-00165,2026-03-07 00:00:00,29200.0,depot,,regional_uemoa,False,aucune
a1aae71c,CLI-00657,2026-03-07 00:00:00,84500.0,transfert_entrant,CLI-00751,local,False,aucune
c57c69a3,CLI-00697,2026-03-07 00:00:00,47400.0,decaissement_credit,,local,False,aucune
bca1b152,CLI-00616,2026-03-07 00:00:00,18900.0,transfert_entrant,CLI-00730,local,False,aucune
b3e82c0d,CLI-00776,2026-03-07 00:00:00,47400.0,retrait,,local,False,aucune
19406cdc,CLI-00540,2026-03-07 00:00:00,284800.0,transfert_entrant,CLI-00330,local,False,aucune
2f4841f6,CLI-00212,2026-03-07 00:00:00,8200.0,depot,,regional_uemoa,False,aucune
ef4d01cc,CLI-00292,2026-03-07 00:00:00,19400.0,transfert_entrant,CLI-00155,local,False,aucune
2c8bcc53,CLI-00134,2026-03-07 00:00:00,20000.0,depot,,local,False,aucune
b0853f13,CLI-00333,2026-03-07 00:00:00,77100.0,depot,,local,False,aucune
fa017fd8,CLI-00204,2026-03-07 00:00:00,10600.0,retrait,,local,False,aucune
98860e08,CLI-00168,2026-03-07 00:00:00,86000.0,depot,,local,False,aucune
1393d12e,CLI-00746,2026-03-07 00:00:00,126900.0,depot,,local,False,aucune
2dee1c27,CLI-00447,2026-03-07 00:00:00,13200.0,remboursement_credit,,local,False,aucune
0968956a,CLI-00573,2026-03-08 00:00:00,146300.0,remboursement_credit,,regional_uemoa,False,aucune
de1f48d2,CLI-00184,2026-03-08 00:00:00,34500.0,decaissement_credit,,local,False,aucune
a8068759,CLI-00003,2026-03-08 00:00:00,100600.0,retrait,,local,False,aucune
0231565b,CLI-00021,2026-03-08 00:00:00,120300.0,depot,,local,False,aucune
c1c9eb49,CLI-00132,2026-03-08 00:00:00,147400.0,remboursement_credit,,local,False,aucune
863e0faf,CLI-00132,2026-03-08 00:00:00,13700.0,remboursement_credit,,local,False,aucune
c1442d80,CLI-00529,2026-03-08 00:00:00,638600.0,depot,,transfrontalier_sensible,False,aucune
9b7fe021,CLI-00319,2026-03-08 00:00:00,80500.0,depot,,local,False,aucune
9c673ddd,CLI-00658,2026-03-08 00:00:00,5100.0,remboursement_credit,,local,False,aucune
27ad9e80,CLI-00729,2026-03-08 00:00:00,17000.0,depot,,local,False,aucune
81463cef,CLI-00296,2026-03-08 00:00:00,39800.0,retrait,,regional_uemoa,False,aucune
dba7e90a,CLI-00087,2026-03-08 00:00:00,14800.0,depot,,local,False,aucune
840a2fa8,CLI-00578,2026-03-08 00:00:00,8200.0,retrait,,regional_uemoa,False,aucune
9039d7a9,CLI-00680,2026-03-08 00:00:00,275900.0,decaissement_credit,,local,False,aucune
5317a0ec,CLI-00218,2026-03-08 00:00:00,40800.0,depot,,local,False,aucune
0e32e5bd,CLI-00589,2026-03-08 00:00:00,177700.0,transfert_entrant,CLI-00473,local,False,aucune
51b1f3b5,CLI-00282,2026-03-08 00:00:00,379400.0,transfert_entrant,CLI-00694,local,False,aucune
4b3a6af7,CLI-00243,2026-03-08 00:00:00,28800.0,retrait,,local,False,aucune
dc50419c,CLI-00204,2026-03-08 00:00:00,18000.0,depot,,local,False,aucune
a01661c9,CLI-00691,2026-03-08 00:00:00,87300.0,depot,,local,False,aucune
15a6d853,CLI-00294,2026-03-08 00:00:00,63800.0,depot,,local,False,aucune
5f6c4f4b,CLI-00598,2026-03-08 00:00:00,31200.0,transfert_entrant,CLI-00503,regional_uemoa,False,aucune
94920b4e,CLI-00362,2026-03-08 00:00:00,108000.0,transfert_sortant,CLI-00232,local,False,aucune
89b2941e,CLI-00606,2026-03-08 00:00:00,40700.0,retrait,,regional_uemoa,False,aucune
35989b31,CLI-00127,2026-03-08 00:00:00,1960300.0,transfert_sortant,,transfrontalier_sensible,True,corridor_sensible
1bb707c8,CLI-00044,2026-03-08 00:00:00,55900.0,transfert_sortant,CLI-00408,local,False,aucune
d087e45c,CLI-00747,2026-03-08 00:00:00,33800.0,remboursement_credit,,transfrontalier_sensible,False,aucune
06bc9236,CLI-00148,2026-03-08 00:00:00,123100.0,transfert_sortant,CLI-00314,local,False,aucune
cfc575be,CLI-00041,2026-03-08 00:00:00,42000.0,retrait,,local,False,aucune
8c21ec00,CLI-00512,2026-03-08 00:00:00,40000.0,transfert_sortant,CLI-00760,local,False,aucune
e4495957,CLI-00592,2026-03-08 00:00:00,25000.0,retrait,,local,False,aucune
9e85b273,CLI-00043,2026-03-08 00:00:00,107300.0,retrait,,local,False,aucune
19b7cfa7,CLI-00650,2026-03-08 00:00:00,56600.0,transfert_sortant,CLI-00499,local,False,aucune
2f6cffb6,CLI-00385,2026-03-08 00:00:00,95100.0,transfert_sortant,CLI-00154,local,False,aucune
89a3b064,CLI-00690,2026-03-08 00:00:00,19400.0,transfert_sortant,CLI-00488,local,False,aucune
c4476277,CLI-00609,2026-03-08 00:00:00,210100.0,decaissement_credit,,local,False,aucune
88632ea8,CLI-00379,2026-03-08 00:00:00,74300.0,remboursement_credit,,regional_uemoa,False,aucune
405df4fa,CLI-00717,2026-03-08 00:00:00,85000.0,transfert_entrant,CLI-00054,regional_uemoa,False,aucune
300044de,CLI-00321,2026-03-08 00:00:00,1520700.0,retrait,,local,False,aucune
0e414099,CLI-00686,2026-03-08 00:00:00,10600.0,retrait,,local,False,aucune
25e54536,CLI-00098,2026-03-08 00:00:00,174600.0,depot,,local,False,aucune
e17b0d4d,CLI-00112,2026-03-08 00:00:00,13900.0,transfert_entrant,CLI-00173,local,False,aucune
7d153679,CLI-00610,2026-03-08 00:00:00,100700.0,transfert_sortant,CLI-00711,local,False,aucune
cf2b1177,CLI-00672,2026-03-08 00:00:00,22600.0,decaissement_credit,,transfrontalier_sensible,False,aucune
6fa274c0,CLI-00533,2026-03-08 00:00:00,17500.0,remboursement_credit,,regional_uemoa,False,aucune
d324f1a8,CLI-00742,2026-03-08 00:00:00,53300.0,retrait,,local,False,aucune
22146457,CLI-00251,2026-03-08 00:00:00,356100.0,remboursement_credit,,local,False,aucune
5fdc078c,CLI-00653,2026-03-08 00:00:00,52700.0,remboursement_credit,,local,False,aucune
9e8246ea,CLI-00432,2026-03-08 00:00:00,338600.0,remboursement_credit,,local,False,aucune
94238871,CLI-00416,2026-03-08 00:00:00,50000.0,retrait,,regional_uemoa,False,aucune
2e0a51cd,CLI-00566,2026-03-08 00:00:00,47700.0,depot,,regional_uemoa,False,aucune
f5efd395,CLI-00794,2026-03-08 00:00:00,15500.0,decaissement_credit,,local,False,aucune
7dc067b1,CLI-00378,2026-03-08 00:00:00,133500.0,transfert_entrant,CLI-00404,local,False,aucune
37430904,CLI-00117,2026-03-08 00:00:00,45900.0,retrait,,local,False,aucune
d7909a93,CLI-00635,2026-03-08 00:00:00,18700.0,retrait,,transfrontalier_sensible,False,aucune
ee271aee,CLI-00695,2026-03-08 00:00:00,144000.0,transfert_sortant,CLI-00263,regional_uemoa,False,aucune
bc71272f,CLI-00501,2026-03-08 00:00:00,92800.0,retrait,,local,False,aucune
d8eed857,CLI-00000,2026-03-09 00:00:00,32700.0,retrait,,local,False,aucune
0d00f80a,CLI-00462,2026-03-09 00:00:00,301400.0,depot,,local,False,aucune
7a621c58,CLI-00343,2026-03-09 00:00:00,153300.0,retrait,,transfrontalier_sensible,False,aucune
89c11534,CLI-00775,2026-03-09 00:00:00,14300.0,transfert_sortant,CLI-00615,regional_uemoa,False,aucune
91228e76,CLI-00631,2026-03-09 00:00:00,38400.0,transfert_sortant,CLI-00384,local,False,aucune
3d9392a3,CLI-00644,2026-03-09 00:00:00,53100.0,depot,,regional_uemoa,False,aucune
210f7708,CLI-00787,2026-03-09 00:00:00,4000.0,transfert_sortant,CLI-00188,local,False,aucune
53cfc250,CLI-00613,2026-03-09 00:00:00,332200.0,retrait,,local,False,aucune
55f2fc57,CLI-00611,2026-03-09 00:00:00,6500.0,retrait,,local,False,aucune
2aef07d0,CLI-00464,2026-03-09 00:00:00,109100.0,remboursement_credit,,transfrontalier_sensible,False,aucune
26c3b244,CLI-00214,2026-03-09 00:00:00,85000.0,transfert_sortant,CLI-00031,local,False,aucune
1bd41b59,CLI-00508,2026-03-09 00:00:00,138200.0,depot,,local,False,aucune
ad4e6961,CLI-00008,2026-03-09 00:00:00,170200.0,retrait,,local,False,aucune
d0e5d638,CLI-00078,2026-03-09 00:00:00,100600.0,remboursement_credit,,local,False,aucune
a7006146,CLI-00787,2026-03-09 00:00:00,446300.0,retrait,,local,False,aucune
2882a0fc,CLI-00299,2026-03-09 00:00:00,13300.0,remboursement_credit,,local,False,aucune
5110b939,CLI-00432,2026-03-09 00:00:00,69000.0,depot,,transfrontalier_sensible,False,aucune
fc0c9f66,CLI-00577,2026-03-09 00:00:00,12000.0,remboursement_credit,,local,False,aucune
eb74c676,CLI-00102,2026-03-09 00:00:00,51900.0,depot,,local,False,aucune
26250d36,CLI-00744,2026-03-09 00:00:00,33000.0,transfert_entrant,CLI-00486,regional_uemoa,False,aucune
cf7a4ed1,CLI-00282,2026-03-09 00:00:00,33900.0,depot,,local,False,aucune
6a464e1a,CLI-00792,2026-03-09 00:00:00,44700.0,depot,,regional_uemoa,False,aucune
6160a85a,CLI-00707,2026-03-09 00:00:00,25100.0,retrait,,local,False,aucune
3390e766,CLI-00242,2026-03-09 00:00:00,213800.0,retrait,,local,False,aucune
28d4c576,CLI-00175,2026-03-09 00:00:00,58000.0,transfert_entrant,CLI-00736,regional_uemoa,False,aucune
eed9c961,CLI-00278,2026-03-09 00:00:00,15600.0,transfert_entrant,CLI-00110,local,False,aucune
f6ed5f65,CLI-00027,2026-03-09 00:00:00,23000.0,depot,,local,False,aucune
4a425f7a,CLI-00255,2026-03-09 00:00:00,105900.0,remboursement_credit,,local,False,aucune
e98f5b90,CLI-00029,2026-03-09 00:00:00,82000.0,depot,,regional_uemoa,False,aucune
021c3900,CLI-00774,2026-03-09 00:00:00,16000.0,transfert_sortant,CLI-00526,local,False,aucune
5a8b6747,CLI-00151,2026-03-09 00:00:00,12200.0,depot,,local,False,aucune
be99b8a7,CLI-00331,2026-03-09 00:00:00,16200.0,retrait,,local,False,aucune
9160413a,CLI-00773,2026-03-09 00:00:00,70100.0,depot,,regional_uemoa,False,aucune
36722c43,CLI-00497,2026-03-09 00:00:00,46400.0,transfert_entrant,CLI-00729,local,False,aucune
88c965d6,CLI-00638,2026-03-09 00:00:00,29700.0,transfert_sortant,CLI-00709,local,False,aucune
98c7fef1,CLI-00113,2026-03-09 00:00:00,36400.0,transfert_sortant,CLI-00621,local,False,aucune
8aa2cf10,CLI-00496,2026-03-09 00:00:00,410000.0,retrait,,local,False,aucune
437b4099,CLI-00120,2026-03-09 00:00:00,144800.0,transfert_sortant,CLI-00767,local,False,aucune
2931c3de,CLI-00693,2026-03-09 00:00:00,44900.0,remboursement_credit,,regional_uemoa,False,aucune
78ebae6b,CLI-00736,2026-03-09 00:00:00,42900.0,remboursement_credit,,local,False,aucune
d44ec538,CLI-00583,2026-03-09 00:00:00,14800.0,depot,,regional_uemoa,False,aucune
be621c84,CLI-00452,2026-03-09 00:00:00,25100.0,transfert_entrant,CLI-00507,regional_uemoa,False,aucune
0568c15f,CLI-00381,2026-03-09 00:00:00,17300.0,transfert_sortant,CLI-00271,local,False,aucune
156b6369,CLI-00112,2026-03-09 00:00:00,14900.0,transfert_sortant,CLI-00080,regional_uemoa,False,aucune
7d8c820a,CLI-00280,2026-03-09 00:00:00,11200.0,retrait,,local,False,aucune
d504f8dc,CLI-00557,2026-03-10 00:00:00,188400.0,decaissement_credit,,local,False,aucune
eb3e55ee,CLI-00294,2026-03-10 00:00:00,7600.0,retrait,,local,False,aucune
19e59a07,CLI-00612,2026-03-10 00:00:00,2700.0,retrait,,regional_uemoa,False,aucune
b28f56c8,CLI-00739,2026-03-10 00:00:00,28800.0,transfert_sortant,CLI-00290,local,False,aucune
b89b64e1,CLI-00224,2026-03-10 00:00:00,103000.0,retrait,,local,False,aucune
a5f4b844,CLI-00567,2026-03-10 00:00:00,30900.0,decaissement_credit,,transfrontalier_sensible,False,aucune
8d214bc0,CLI-00589,2026-03-10 00:00:00,649800.0,retrait,,local,False,aucune
791d741f,CLI-00347,2026-03-10 00:00:00,48000.0,remboursement_credit,,local,False,aucune
13c76a0b,CLI-00367,2026-03-10 00:00:00,230400.0,depot,,regional_uemoa,False,aucune
c5ab0a34,CLI-00185,2026-03-10 00:00:00,6000.0,transfert_sortant,CLI-00304,local,False,aucune
39391d72,CLI-00762,2026-03-10 00:00:00,126000.0,depot,,local,False,aucune
a9e68745,CLI-00095,2026-03-10 00:00:00,185400.0,depot,,transfrontalier_sensible,False,aucune
253474f1,CLI-00729,2026-03-10 00:00:00,24500.0,retrait,,local,False,aucune
8028063c,CLI-00611,2026-03-10 00:00:00,59100.0,retrait,,local,False,aucune
296e4e23,CLI-00127,2026-03-10 00:00:00,3417900.0,transfert_sortant,,transfrontalier_sensible,True,corridor_sensible
aa25ccb5,CLI-00676,2026-03-10 00:00:00,9400.0,retrait,,local,False,aucune
c94fce65,CLI-00413,2026-03-10 00:00:00,9900.0,depot,,regional_uemoa,False,aucune
17f358d4,CLI-00324,2026-03-10 00:00:00,247000.0,depot,,local,False,aucune
b8ac20c1,CLI-00036,2026-03-10 00:00:00,85300.0,depot,,local,False,aucune
1f4820cc,CLI-00161,2026-03-10 00:00:00,19800.0,retrait,,local,False,aucune
751fc281,CLI-00133,2026-03-10 00:00:00,45600.0,retrait,,local,False,aucune
de46dc80,CLI-00098,2026-03-10 00:00:00,12600.0,remboursement_credit,,regional_uemoa,False,aucune
9adbd58f,CLI-00441,2026-03-10 00:00:00,2900.0,depot,,local,False,aucune
b17149c9,CLI-00040,2026-03-10 00:00:00,29800.0,depot,,local,False,aucune
6ab3161a,CLI-00243,2026-03-10 00:00:00,254300.0,remboursement_credit,,local,False,aucune
150660f7,CLI-00101,2026-03-10 00:00:00,41700.0,remboursement_credit,,local,False,aucune
98f761c5,CLI-00294,2026-03-10 00:00:00,45000.0,transfert_sortant,CLI-00068,local,False,aucune
2487d067,CLI-00438,2026-03-10 00:00:00,12900.0,remboursement_credit,,local,False,aucune
ab4fb62d,CLI-00755,2026-03-10 00:00:00,11700.0,depot,,regional_uemoa,False,aucune
770a5e19,CLI-00092,2026-03-10 00:00:00,70700.0,retrait,,local,False,aucune
531cdf36,CLI-00770,2026-03-10 00:00:00,3400.0,remboursement_credit,,local,False,aucune
b12fe271,CLI-00102,2026-03-10 00:00:00,55900.0,depot,,local,False,aucune
0899b8c9,CLI-00183,2026-03-10 00:00:00,37500.0,retrait,,local,False,aucune
ccb3f2fc,CLI-00028,2026-03-10 00:00:00,96100.0,retrait,,local,False,aucune
26662793,CLI-00749,2026-03-10 00:00:00,37600.0,decaissement_credit,,local,False,aucune
75fe3e2f,CLI-00072,2026-03-10 00:00:00,34800.0,retrait,,local,False,aucune
56e45735,CLI-00345,2026-03-10 00:00:00,17700.0,depot,,regional_uemoa,False,aucune
20d25f76,CLI-00504,2026-03-10 00:00:00,31100.0,depot,,local,False,aucune
85c03890,CLI-00492,2026-03-10 00:00:00,43200.0,retrait,,local,False,aucune
789f5629,CLI-00446,2026-03-10 00:00:00,120400.0,retrait,,local,False,aucune
285438c9,CLI-00765,2026-03-10 00:00:00,37400.0,retrait,,local,False,aucune
f6356810,CLI-00014,2026-03-10 00:00:00,14100.0,depot,,local,False,aucune
d9826f44,CLI-00436,2026-03-10 00:00:00,78300.0,decaissement_credit,,regional_uemoa,False,aucune
9092c993,CLI-00335,2026-03-10 00:00:00,82500.0,depot,,local,False,aucune
1f2b7161,CLI-00684,2026-03-10 00:00:00,3900.0,transfert_sortant,CLI-00424,local,False,aucune
088d2e70,CLI-00127,2026-03-11 00:00:00,1215800.0,transfert_sortant,,transfrontalier_sensible,True,corridor_sensible
be67af24,CLI-00608,2026-03-11 00:00:00,43900.0,depot,,local,False,aucune
07b915de,CLI-00723,2026-03-11 00:00:00,419200.0,depot,,local,False,aucune
702a370c,CLI-00291,2026-03-11 00:00:00,115700.0,depot,,local,False,aucune
4eb9626f,CLI-00528,2026-03-11 00:00:00,44600.0,transfert_entrant,CLI-00345,local,False,aucune
4c42fd9e,CLI-00582,2026-03-11 00:00:00,5500.0,transfert_sortant,CLI-00440,local,False,aucune
58325939,CLI-00759,2026-03-11 00:00:00,47500.0,retrait,,local,False,aucune
87060662,CLI-00227,2026-03-11 00:00:00,44700.0,remboursement_credit,,local,False,aucune
5844486d,CLI-00719,2026-03-11 00:00:00,13400.0,depot,,regional_uemoa,False,aucune
8a46f240,CLI-00358,2026-03-11 00:00:00,125900.0,depot,,local,False,aucune
1312430d,CLI-00374,2026-03-11 00:00:00,158700.0,depot,,local,False,aucune
269f6727,CLI-00109,2026-03-11 00:00:00,42800.0,retrait,,local,False,aucune
9c024adc,CLI-00574,2026-03-11 00:00:00,68400.0,depot,,local,False,aucune
c9969842,CLI-00536,2026-03-11 00:00:00,15600.0,retrait,,local,False,aucune
c3f4dd83,CLI-00765,2026-03-11 00:00:00,73600.0,transfert_entrant,CLI-00637,local,False,aucune
585c34b2,CLI-00050,2026-03-11 00:00:00,205300.0,remboursement_credit,,local,False,aucune
80fc594e,CLI-00126,2026-03-11 00:00:00,129500.0,depot,,local,False,aucune
a23cd679,CLI-00608,2026-03-11 00:00:00,6000.0,remboursement_credit,,local,False,aucune
a917046d,CLI-00284,2026-03-11 00:00:00,285200.0,decaissement_credit,,local,False,aucune
e5314850,CLI-00769,2026-03-11 00:00:00,32000.0,depot,,transfrontalier_sensible,False,aucune
310fbd72,CLI-00405,2026-03-11 00:00:00,86400.0,retrait,,local,False,aucune
aee1b0e2,CLI-00445,2026-03-11 00:00:00,41200.0,remboursement_credit,,local,False,aucune
fbea3da1,CLI-00004,2026-03-11 00:00:00,6600.0,transfert_sortant,CLI-00522,local,False,aucune
70a8ba4c,CLI-00659,2026-03-11 00:00:00,486500.0,depot,,local,False,aucune
9df8708a,CLI-00320,2026-03-11 00:00:00,21400.0,depot,,regional_uemoa,False,aucune
b4d5f5e1,CLI-00702,2026-03-11 00:00:00,122400.0,retrait,,regional_uemoa,False,aucune
32ca385f,CLI-00741,2026-03-11 00:00:00,31900.0,retrait,,local,False,aucune
2d234b43,CLI-00766,2026-03-11 00:00:00,12500.0,transfert_entrant,CLI-00628,local,False,aucune
7a08e7ec,CLI-00038,2026-03-11 00:00:00,66000.0,depot,,local,False,aucune
bcbffca4,CLI-00042,2026-03-11 00:00:00,18400.0,transfert_sortant,CLI-00210,local,False,aucune
12acf4d8,CLI-00678,2026-03-11 00:00:00,14600.0,retrait,,regional_uemoa,False,aucune
8860149f,CLI-00084,2026-03-11 00:00:00,40500.0,retrait,,local,False,aucune
c69af8ff,CLI-00060,2026-03-11 00:00:00,30500.0,depot,,local,False,aucune
d3ad7afb,CLI-00369,2026-03-11 00:00:00,175300.0,decaissement_credit,,local,False,aucune
e3804c86,CLI-00230,2026-03-11 00:00:00,52100.0,retrait,,local,False,aucune
15bfaac3,CLI-00215,2026-03-11 00:00:00,1900.0,decaissement_credit,,local,False,aucune
9c5fd20a,CLI-00144,2026-03-11 00:00:00,9400.0,transfert_sortant,CLI-00203,local,False,aucune
7f06b394,CLI-00034,2026-03-11 00:00:00,35200.0,decaissement_credit,,local,False,aucune
d3fb96bd,CLI-00142,2026-03-11 00:00:00,58100.0,transfert_entrant,CLI-00319,local,False,aucune
27fe55b5,CLI-00029,2026-03-11 00:00:00,17800.0,depot,,local,False,aucune
9e200e5a,CLI-00337,2026-03-11 00:00:00,24700.0,decaissement_credit,,local,False,aucune
51466643,CLI-00320,2026-03-11 00:00:00,110500.0,depot,,local,False,aucune
c538d5ad,CLI-00745,2026-03-11 00:00:00,118300.0,retrait,,local,False,aucune
410f97f2,CLI-00610,2026-03-11 00:00:00,29900.0,depot,,local,False,aucune
3b899fa1,CLI-00194,2026-03-11 00:00:00,41800.0,decaissement_credit,,local,False,aucune
2a181a85,CLI-00328,2026-03-11 00:00:00,42500.0,transfert_entrant,CLI-00799,local,False,aucune
c1ca9eda,CLI-00318,2026-03-11 00:00:00,48800.0,transfert_entrant,CLI-00133,transfrontalier_sensible,False,aucune
ef028f41,CLI-00489,2026-03-11 00:00:00,22600.0,depot,,local,False,aucune
14d4f8a6,CLI-00260,2026-03-11 00:00:00,37000.0,transfert_entrant,CLI-00570,transfrontalier_sensible,False,aucune
388bd735,CLI-00641,2026-03-11 00:00:00,80500.0,retrait,,local,False,aucune
0edee605,CLI-00512,2026-03-11 00:00:00,61500.0,depot,,local,False,aucune
94cd8a37,CLI-00579,2026-03-11 00:00:00,40000.0,retrait,,local,False,aucune
a7a7be31,CLI-00282,2026-03-12 00:00:00,79100.0,retrait,,local,False,aucune
f391650c,CLI-00237,2026-03-12 00:00:00,198300.0,retrait,,local,False,aucune
07d79f87,CLI-00110,2026-03-12 00:00:00,96800.0,transfert_sortant,CLI-00131,local,False,aucune
d8b8fff2,CLI-00719,2026-03-12 00:00:00,165400.0,depot,,regional_uemoa,False,aucune
07617bf5,CLI-00483,2026-03-12 00:00:00,39300.0,retrait,,regional_uemoa,False,aucune
ae7e99ac,CLI-00009,2026-03-12 00:00:00,30500.0,depot,,local,False,aucune
2c22a740,CLI-00352,2026-03-12 00:00:00,28600.0,transfert_entrant,CLI-00011,regional_uemoa,False,aucune
f654671d,CLI-00676,2026-03-12 00:00:00,11700.0,transfert_sortant,CLI-00104,local,False,aucune
c708d67d,CLI-00529,2026-03-12 00:00:00,24700.0,transfert_entrant,CLI-00742,local,False,aucune
93feee68,CLI-00171,2026-03-12 00:00:00,42100.0,transfert_sortant,CLI-00170,local,False,aucune
befac60e,CLI-00524,2026-03-12 00:00:00,32300.0,decaissement_credit,,local,False,aucune
aae2d820,CLI-00005,2026-03-12 00:00:00,132200.0,retrait,,local,False,aucune
5d155c9d,CLI-00778,2026-03-12 00:00:00,68500.0,transfert_entrant,CLI-00234,local,False,aucune
b68f039d,CLI-00039,2026-03-12 00:00:00,809000.0,transfert_sortant,CLI-00375,regional_uemoa,False,aucune
9758b6a8,CLI-00056,2026-03-12 00:00:00,57100.0,decaissement_credit,,local,False,aucune
f41cc38b,CLI-00123,2026-03-12 00:00:00,39500.0,transfert_entrant,CLI-00046,local,False,aucune
55903a78,CLI-00374,2026-03-12 00:00:00,97300.0,retrait,,local,False,aucune
c93e761b,CLI-00435,2026-03-12 00:00:00,29200.0,depot,,local,False,aucune
af79b8b5,CLI-00644,2026-03-12 00:00:00,35200.0,depot,,local,False,aucune
52d0e094,CLI-00120,2026-03-12 00:00:00,13000.0,depot,,local,False,aucune
5d18b715,CLI-00460,2026-03-12 00:00:00,32700.0,depot,,local,False,aucune
db906529,CLI-00770,2026-03-12 00:00:00,4300.0,retrait,,local,False,aucune
be95f188,CLI-00256,2026-03-12 00:00:00,48200.0,retrait,,local,False,aucune
5c69a489,CLI-00519,2026-03-12 00:00:00,15100.0,retrait,,regional_uemoa,False,aucune
743b3a45,CLI-00413,2026-03-12 00:00:00,138200.0,depot,,transfrontalier_sensible,False,aucune
32c8179d,CLI-00401,2026-03-12 00:00:00,63100.0,depot,,regional_uemoa,False,aucune
925f23e6,CLI-00700,2026-03-12 00:00:00,60400.0,depot,,regional_uemoa,False,aucune
f67e9e3e,CLI-00154,2026-03-12 00:00:00,224800.0,depot,,local,False,aucune
514fc93e,CLI-00742,2026-03-12 00:00:00,241100.0,depot,,local,False,aucune
80b576ee,CLI-00315,2026-03-12 00:00:00,49100.0,remboursement_credit,,local,False,aucune
817fc577,CLI-00154,2026-03-12 00:00:00,83800.0,retrait,,local,False,aucune
684bf89d,CLI-00054,2026-03-12 00:00:00,75900.0,remboursement_credit,,local,False,aucune
c71acfdf,CLI-00218,2026-03-12 00:00:00,57700.0,transfert_entrant,CLI-00300,local,False,aucune
9f454361,CLI-00674,2026-03-12 00:00:00,69300.0,decaissement_credit,,local,False,aucune
de262ad2,CLI-00288,2026-03-12 00:00:00,128300.0,decaissement_credit,,regional_uemoa,False,aucune
11a1ec89,CLI-00400,2026-03-12 00:00:00,43600.0,remboursement_credit,,local,False,aucune
b2e35d70,CLI-00586,2026-03-12 00:00:00,26900.0,decaissement_credit,,local,False,aucune
cc898e04,CLI-00795,2026-03-12 00:00:00,72400.0,retrait,,local,False,aucune
ae67eefb,CLI-00770,2026-03-12 00:00:00,15000.0,transfert_entrant,CLI-00035,local,False,aucune
74740572,CLI-00641,2026-03-12 00:00:00,28000.0,transfert_sortant,CLI-00436,regional_uemoa,False,aucune
848a1b31,CLI-00441,2026-03-12 00:00:00,177800.0,depot,,transfrontalier_sensible,False,aucune
17811a7d,CLI-00561,2026-03-12 00:00:00,127100.0,depot,,local,False,aucune
f1b83b03,CLI-00794,2026-03-12 00:00:00,21600.0,remboursement_credit,,local,False,aucune
35828e32,CLI-00596,2026-03-12 00:00:00,37400.0,transfert_sortant,CLI-00195,transfrontalier_sensible,False,aucune
6aec8146,CLI-00641,2026-03-12 00:00:00,324900.0,retrait,,local,False,aucune
461fcce6,CLI-00395,2026-03-12 00:00:00,60200.0,decaissement_credit,,local,False,aucune
9eac5acf,CLI-00167,2026-03-12 00:00:00,90900.0,transfert_sortant,CLI-00030,regional_uemoa,False,aucune
1aeb208f,CLI-00226,2026-03-12 00:00:00,6800.0,retrait,,regional_uemoa,False,aucune
7290f71f,CLI-00777,2026-03-12 00:00:00,222900.0,retrait,,regional_uemoa,False,aucune
89fba712,CLI-00538,2026-03-12 00:00:00,85600.0,transfert_sortant,CLI-00093,local,False,aucune
8810d422,CLI-00722,2026-03-12 00:00:00,74300.0,remboursement_credit,,local,False,aucune
019f0c9f,CLI-00434,2026-03-12 00:00:00,41500.0,depot,,local,False,aucune
f52efae2,CLI-00126,2026-03-12 00:00:00,25600.0,retrait,,regional_uemoa,False,aucune
54982ee2,CLI-00774,2026-03-12 00:00:00,5600.0,depot,,regional_uemoa,False,aucune
93dc932f,CLI-00284,2026-03-12 00:00:00,6200.0,remboursement_credit,,local,False,aucune
551b1d33,CLI-00203,2026-03-13 00:00:00,237600.0,decaissement_credit,,local,False,aucune
34186dd7,CLI-00484,2026-03-13 00:00:00,31100.0,retrait,,local,False,aucune
6093508b,CLI-00289,2026-03-13 00:00:00,55300.0,transfert_entrant,CLI-00693,local,False,aucune
5019f2a6,CLI-00448,2026-03-13 00:00:00,47700.0,depot,,local,False,aucune
ce7831c8,CLI-00407,2026-03-13 00:00:00,6500.0,transfert_sortant,CLI-00671,local,False,aucune
6cfd3a28,CLI-00289,2026-03-13 00:00:00,2500.0,depot,,local,False,aucune
f3962e19,CLI-00242,2026-03-13 00:00:00,21900.0,retrait,,local,False,aucune
e17ee2f4,CLI-00290,2026-03-13 00:00:00,21000.0,depot,,regional_uemoa,False,aucune
dfa6ac1c,CLI-00448,2026-03-13 00:00:00,181900.0,retrait,,local,False,aucune
0db4da17,CLI-00424,2026-03-13 00:00:00,38400.0,retrait,,regional_uemoa,False,aucune
8ccdd5b9,CLI-00115,2026-03-13 00:00:00,27100.0,transfert_sortant,CLI-00783,local,False,aucune
a1ff0b42,CLI-00771,2026-03-13 00:00:00,182300.0,depot,,local,False,aucune
c85c5ec8,CLI-00627,2026-03-13 00:00:00,120500.0,retrait,,regional_uemoa,False,aucune
aeaa9a46,CLI-00624,2026-03-13 00:00:00,97200.0,retrait,,local,False,aucune
6038544a,CLI-00570,2026-03-13 00:00:00,133000.0,transfert_entrant,CLI-00726,local,False,aucune
87a0ebe0,CLI-00027,2026-03-13 00:00:00,16600.0,transfert_sortant,CLI-00649,local,False,aucune
29ed05af,CLI-00046,2026-03-13 00:00:00,68000.0,depot,,local,False,aucune
a789e005,CLI-00516,2026-03-13 00:00:00,840300.0,retrait,,local,False,aucune
61b511f1,CLI-00634,2026-03-13 00:00:00,38100.0,depot,,regional_uemoa,False,aucune
86a8cb85,CLI-00671,2026-03-13 00:00:00,478000.0,remboursement_credit,,local,False,aucune
f7d5524e,CLI-00021,2026-03-13 00:00:00,21400.0,remboursement_credit,,local,False,aucune
e8125864,CLI-00168,2026-03-13 00:00:00,42200.0,retrait,,local,False,aucune
f9bae6e5,CLI-00076,2026-03-13 00:00:00,19400.0,decaissement_credit,,local,False,aucune
fed00fb4,CLI-00103,2026-03-13 00:00:00,28400.0,transfert_sortant,CLI-00433,transfrontalier_sensible,False,aucune
14aa2257,CLI-00713,2026-03-13 00:00:00,23100.0,depot,,local,False,aucune
b1de4cc1,CLI-00324,2026-03-13 00:00:00,15600.0,retrait,,local,False,aucune
249c261f,CLI-00404,2026-03-13 00:00:00,31100.0,transfert_entrant,CLI-00763,transfrontalier_sensible,False,aucune
20be2278,CLI-00260,2026-03-13 00:00:00,71400.0,decaissement_credit,,regional_uemoa,False,aucune
9ba6d006,CLI-00796,2026-03-13 00:00:00,214600.0,transfert_sortant,CLI-00739,local,False,aucune
0b8c06c0,CLI-00106,2026-03-13 00:00:00,69300.0,remboursement_credit,,local,False,aucune
4e443558,CLI-00118,2026-03-13 00:00:00,709900.0,depot,,local,False,aucune
ee15d5b2,CLI-00543,2026-03-13 00:00:00,166600.0,depot,,local,False,aucune
06f1139a,CLI-00272,2026-03-13 00:00:00,8900.0,depot,,local,False,aucune
c4f38327,CLI-00603,2026-03-13 00:00:00,21700.0,depot,,local,False,aucune
dc42ff70,CLI-00386,2026-03-13 00:00:00,109600.0,transfert_sortant,CLI-00175,local,False,aucune
cc8fd9a0,CLI-00320,2026-03-13 00:00:00,8600.0,retrait,,local,False,aucune
d03079d9,CLI-00656,2026-03-13 00:00:00,289700.0,depot,,transfrontalier_sensible,False,aucune
0caa2740,CLI-00369,2026-03-13 00:00:00,3800.0,retrait,,local,False,aucune
18e3bfff,CLI-00530,2026-03-13 00:00:00,599100.0,transfert_sortant,CLI-00303,local,False,aucune
e50854c8,CLI-00622,2026-03-13 00:00:00,16100.0,depot,,local,False,aucune
4774d8c1,CLI-00295,2026-03-13 00:00:00,40700.0,depot,,local,False,aucune
e3881771,CLI-00158,2026-03-13 00:00:00,55100.0,depot,,local,False,aucune
9532fb02,CLI-00000,2026-03-13 00:00:00,27400.0,decaissement_credit,,transfrontalier_sensible,False,aucune
9e4ba869,CLI-00231,2026-03-13 00:00:00,9400.0,retrait,,local,False,aucune
4da0ce28,CLI-00015,2026-03-13 00:00:00,44000.0,retrait,,regional_uemoa,False,aucune
04a93873,CLI-00525,2026-03-13 00:00:00,110800.0,depot,,local,False,aucune
bce3bf33,CLI-00531,2026-03-13 00:00:00,13100.0,transfert_sortant,CLI-00353,transfrontalier_sensible,False,aucune
edcaffe2,CLI-00119,2026-03-13 00:00:00,15500.0,decaissement_credit,,local,False,aucune
f5029c4d,CLI-00499,2026-03-13 00:00:00,41700.0,decaissement_credit,,local,False,aucune
be7191d8,CLI-00671,2026-03-13 00:00:00,116300.0,retrait,,local,False,aucune
d6637614,CLI-00493,2026-03-13 00:00:00,161100.0,decaissement_credit,,local,False,aucune
b8f75a61,CLI-00265,2026-03-14 00:00:00,74300.0,depot,,local,False,aucune
dea5108b,CLI-00190,2026-03-14 00:00:00,52200.0,retrait,,local,False,aucune
4a0a5c96,CLI-00761,2026-03-14 00:00:00,6800.0,remboursement_credit,,regional_uemoa,False,aucune
a82adabb,CLI-00503,2026-03-14 00:00:00,12100.0,depot,,local,False,aucune
6cf5ce52,CLI-00489,2026-03-14 00:00:00,22600.0,transfert_sortant,CLI-00710,local,False,aucune
96e84c90,CLI-00181,2026-03-14 00:00:00,7400.0,retrait,,local,False,aucune
9ca092f0,CLI-00715,2026-03-14 00:00:00,52900.0,depot,,local,False,aucune
f81e1a14,CLI-00309,2026-03-14 00:00:00,42200.0,retrait,,local,False,aucune
caed2a9c,CLI-00240,2026-03-14 00:00:00,99600.0,decaissement_credit,,local,False,aucune
64715dd4,CLI-00674,2026-03-14 00:00:00,20500.0,remboursement_credit,,local,False,aucune
105c22af,CLI-00439,2026-03-14 00:00:00,85600.0,depot,,local,False,aucune
d665619d,CLI-00100,2026-03-14 00:00:00,45400.0,transfert_entrant,CLI-00471,local,False,aucune
526ff359,CLI-00786,2026-03-14 00:00:00,21400.0,remboursement_credit,,regional_uemoa,False,aucune
48d941ba,CLI-00650,2026-03-14 00:00:00,14900.0,transfert_sortant,CLI-00589,local,False,aucune
1d893368,CLI-00330,2026-03-14 00:00:00,94700.0,decaissement_credit,,local,False,aucune
caacfd69,CLI-00052,2026-03-14 00:00:00,36600.0,transfert_entrant,CLI-00605,local,False,aucune
0db79d22,CLI-00127,2026-03-14 00:00:00,71500.0,depot,,local,False,aucune
78332004,CLI-00681,2026-03-14 00:00:00,32800.0,transfert_entrant,CLI-00429,local,False,aucune
7055f446,CLI-00630,2026-03-14 00:00:00,14500.0,retrait,,local,False,aucune
32f56dc1,CLI-00410,2026-03-14 00:00:00,12900.0,retrait,,transfrontalier_sensible,False,aucune
d7254fb9,CLI-00749,2026-03-14 00:00:00,229200.0,remboursement_credit,,local,False,aucune
5253e728,CLI-00460,2026-03-14 00:00:00,49000.0,depot,,local,False,aucune
51f3cd02,CLI-00729,2026-03-14 00:00:00,468000.0,retrait,,regional_uemoa,False,aucune
8611766c,CLI-00757,2026-03-14 00:00:00,112000.0,transfert_sortant,CLI-00740,local,False,aucune
043f27c9,CLI-00227,2026-03-14 00:00:00,123800.0,depot,,local,False,aucune
796ac7ab,CLI-00148,2026-03-14 00:00:00,33800.0,retrait,,local,False,aucune
cca6d638,CLI-00344,2026-03-14 00:00:00,28200.0,remboursement_credit,,local,False,aucune
3cbaec44,CLI-00149,2026-03-14 00:00:00,24400.0,depot,,local,False,aucune
7e3d5633,CLI-00313,2026-03-14 00:00:00,138500.0,transfert_sortant,CLI-00608,regional_uemoa,False,aucune
ad3cbcfb,CLI-00342,2026-03-14 00:00:00,196900.0,transfert_entrant,CLI-00160,local,False,aucune
983de049,CLI-00775,2026-03-14 00:00:00,16000.0,depot,,local,False,aucune
5407a073,CLI-00391,2026-03-14 00:00:00,60800.0,transfert_sortant,CLI-00348,local,False,aucune
07d5e1d6,CLI-00707,2026-03-14 00:00:00,22600.0,depot,,local,False,aucune
ef03c27e,CLI-00439,2026-03-14 00:00:00,40000.0,remboursement_credit,,local,False,aucune
7656876f,CLI-00112,2026-03-14 00:00:00,49800.0,transfert_entrant,CLI-00757,local,False,aucune
973c9fe6,CLI-00073,2026-03-14 00:00:00,54700.0,retrait,,local,False,aucune
fb8167a8,CLI-00431,2026-03-14 00:00:00,86200.0,transfert_entrant,CLI-00243,regional_uemoa,False,aucune
2820e2a5,CLI-00248,2026-03-14 00:00:00,14800.0,retrait,,local,False,aucune
2583e4ed,CLI-00403,2026-03-14 00:00:00,20300.0,remboursement_credit,,local,False,aucune
3f1528d0,CLI-00070,2026-03-14 00:00:00,18400.0,retrait,,local,False,aucune
b62b78ce,CLI-00473,2026-03-14 00:00:00,148800.0,remboursement_credit,,local,False,aucune
b1403fc5,CLI-00740,2026-03-14 00:00:00,49400.0,depot,,local,False,aucune
7a4a7d9c,CLI-00475,2026-03-14 00:00:00,1195300.0,remboursement_credit,,local,False,aucune
ecd2ee28,CLI-00434,2026-03-15 00:00:00,93200.0,retrait,,local,False,aucune
9256b885,CLI-00424,2026-03-15 00:00:00,229800.0,remboursement_credit,,regional_uemoa,False,aucune
7505f4eb,CLI-00254,2026-03-15 00:00:00,10600.0,transfert_entrant,CLI-00507,local,False,aucune
3979d50d,CLI-00185,2026-03-15 00:00:00,20700.0,depot,,local,False,aucune
1767b83c,CLI-00725,2026-03-15 00:00:00,11500.0,retrait,,regional_uemoa,False,aucune
d9be4fc5,CLI-00767,2026-03-15 00:00:00,43400.0,depot,,local,False,aucune
b56c2d82,CLI-00703,2026-03-15 00:00:00,22100.0,retrait,,transfrontalier_sensible,False,aucune
1f27d01b,CLI-00192,2026-03-15 00:00:00,246800.0,depot,,local,False,aucune
0c174791,CLI-00767,2026-03-15 00:00:00,166600.0,transfert_entrant,CLI-00621,local,False,aucune
52fd1e2f,CLI-00742,2026-03-15 00:00:00,22000.0,remboursement_credit,,regional_uemoa,False,aucune
2c4b0ebe,CLI-00149,2026-03-15 00:00:00,38900.0,retrait,,local,False,aucune
db4a4b19,CLI-00447,2026-03-15 00:00:00,32100.0,decaissement_credit,,regional_uemoa,False,aucune
feb0490c,CLI-00448,2026-03-15 00:00:00,646200.0,transfert_sortant,CLI-00164,local,False,aucune
97234846,CLI-00422,2026-03-15 00:00:00,23200.0,retrait,,local,False,aucune
27b1ad1b,CLI-00423,2026-03-15 00:00:00,25800.0,depot,,local,False,aucune
50282c0f,CLI-00571,2026-03-15 00:00:00,120500.0,transfert_entrant,CLI-00483,local,False,aucune
bb73d6fb,CLI-00695,2026-03-15 00:00:00,6800.0,transfert_entrant,CLI-00145,regional_uemoa,False,aucune
75e25ce9,CLI-00794,2026-03-15 00:00:00,26600.0,retrait,,local,False,aucune
e59c9d35,CLI-00053,2026-03-15 00:00:00,1252400.0,depot,,local,False,aucune
2ae0f085,CLI-00597,2026-03-15 00:00:00,180200.0,transfert_entrant,CLI-00405,regional_uemoa,False,aucune
ce044aee,CLI-00684,2026-03-15 00:00:00,51200.0,transfert_sortant,CLI-00293,local,False,aucune
bc0072f0,CLI-00328,2026-03-15 00:00:00,22400.0,retrait,,local,False,aucune
f820a4e6,CLI-00788,2026-03-15 00:00:00,8700.0,retrait,,local,False,aucune
c1461f92,CLI-00587,2026-03-15 00:00:00,20300.0,transfert_entrant,CLI-00434,local,False,aucune
6a121f8a,CLI-00431,2026-03-15 00:00:00,285000.0,remboursement_credit,,local,False,aucune
dd913320,CLI-00643,2026-03-15 00:00:00,59400.0,depot,,local,False,aucune
0abdd97d,CLI-00571,2026-03-15 00:00:00,80300.0,depot,,local,False,aucune
cd25dda6,CLI-00779,2026-03-15 00:00:00,10700.0,transfert_sortant,CLI-00372,local,False,aucune
4f0c03e3,CLI-00332,2026-03-15 00:00:00,3400.0,depot,,local,False,aucune
9d885688,CLI-00404,2026-03-15 00:00:00,14000.0,depot,,local,False,aucune
bf8ea855,CLI-00035,2026-03-15 00:00:00,31900.0,depot,,regional_uemoa,False,aucune
761cdceb,CLI-00086,2026-03-15 00:00:00,23400.0,remboursement_credit,,local,False,aucune
39f516c0,CLI-00584,2026-03-15 00:00:00,941200.0,depot,,local,False,aucune
c331fb85,CLI-00409,2026-03-15 00:00:00,78200.0,retrait,,transfrontalier_sensible,False,aucune
cc8074ba,CLI-00399,2026-03-15 00:00:00,30400.0,remboursement_credit,,regional_uemoa,False,aucune
872ef401,CLI-00253,2026-03-15 00:00:00,33900.0,retrait,,local,False,aucune
e45e5144,CLI-00715,2026-03-15 00:00:00,15100.0,decaissement_credit,,local,False,aucune
a5a040dc,CLI-00369,2026-03-15 00:00:00,46900.0,depot,,regional_uemoa,False,aucune
2f424b38,CLI-00294,2026-03-15 00:00:00,24800.0,retrait,,local,False,aucune
ebffbd8a,CLI-00092,2026-03-15 00:00:00,116400.0,transfert_sortant,CLI-00317,local,False,aucune
d9b2feec,CLI-00520,2026-03-15 00:00:00,207600.0,remboursement_credit,,local,False,aucune
8487d7ae,CLI-00462,2026-03-15 00:00:00,99200.0,transfert_entrant,CLI-00672,local,False,aucune
c1275663,CLI-00002,2026-03-15 00:00:00,110800.0,remboursement_credit,,regional_uemoa,False,aucune
d2db6f51,CLI-00746,2026-03-15 00:00:00,31500.0,depot,,local,False,aucune
53403893,CLI-00618,2026-03-15 00:00:00,35700.0,retrait,,local,False,aucune
d1f40d97,CLI-00160,2026-03-15 00:00:00,5200.0,retrait,,local,False,aucune
438be8db,CLI-00786,2026-03-15 00:00:00,12100.0,depot,,local,False,aucune
3f0ce9c4,CLI-00387,2026-03-15 00:00:00,87900.0,decaissement_credit,,local,False,aucune
0efdd6c8,CLI-00086,2026-03-15 00:00:00,42300.0,depot,,local,False,aucune
48317c91,CLI-00168,2026-03-15 00:00:00,158200.0,transfert_entrant,CLI-00365,local,False,aucune
ee2bf00b,CLI-00462,2026-03-15 00:00:00,64200.0,depot,,local,False,aucune
84f691d0,CLI-00380,2026-03-15 00:00:00,300000.0,depot,,local,False,aucune
52f79bef,CLI-00159,2026-03-15 00:00:00,40200.0,transfert_sortant,CLI-00051,local,False,aucune
368ab9ae,CLI-00214,2026-03-15 00:00:00,56800.0,decaissement_credit,,local,False,aucune
c8466aa3,CLI-00262,2026-03-15 00:00:00,336800.0,transfert_entrant,CLI-00618,local,False,aucune
3ec4be48,CLI-00528,2026-03-15 00:00:00,35500.0,transfert_entrant,CLI-00424,local,False,aucune
8cba199e,CLI-00059,2026-03-15 00:00:00,10300.0,transfert_entrant,CLI-00755,local,False,aucune
3787e0ee,CLI-00735,2026-03-15 00:00:00,20500.0,depot,,local,False,aucune
98965b73,CLI-00779,2026-03-15 00:00:00,95900.0,remboursement_credit,,local,False,aucune
fe6b42f0,CLI-00354,2026-03-15 00:00:00,21500.0,retrait,,local,False,aucune
16dacf81,CLI-00747,2026-03-15 00:00:00,163600.0,retrait,,local,False,aucune
c24ee918,CLI-00702,2026-03-16 00:00:00,9800.0,decaissement_credit,,transfrontalier_sensible,False,aucune
7ee656d7,CLI-00003,2026-03-16 00:00:00,25600.0,transfert_sortant,CLI-00535,local,False,aucune
43026df9,CLI-00127,2026-03-16 00:00:00,71500.0,depot,,regional_uemoa,False,aucune
f33fa129,CLI-00355,2026-03-16 00:00:00,50100.0,depot,,transfrontalier_sensible,False,aucune
53441ef6,CLI-00230,2026-03-16 00:00:00,263100.0,remboursement_credit,,local,False,aucune
68baa692,CLI-00466,2026-03-16 00:00:00,59100.0,remboursement_credit,,regional_uemoa,False,aucune
f1d358e2,CLI-00589,2026-03-16 00:00:00,41200.0,depot,,local,False,aucune
8a6153a0,CLI-00120,2026-03-16 00:00:00,36800.0,depot,,local,False,aucune
b3bd30ec,CLI-00505,2026-03-16 00:00:00,49800.0,depot,,local,False,aucune
4bc762f7,CLI-00270,2026-03-16 00:00:00,69800.0,depot,,local,False,aucune
b33f73e0,CLI-00382,2026-03-16 00:00:00,12800.0,transfert_sortant,CLI-00089,local,False,aucune
f91c4c12,CLI-00794,2026-03-16 00:00:00,70100.0,retrait,,local,False,aucune
0bdcf211,CLI-00261,2026-03-16 00:00:00,150500.0,retrait,,local,False,aucune
dd5e9749,CLI-00747,2026-03-16 00:00:00,35000.0,retrait,,local,False,aucune
ca883263,CLI-00428,2026-03-16 00:00:00,90800.0,transfert_sortant,CLI-00708,local,False,aucune
14627428,CLI-00208,2026-03-16 00:00:00,119800.0,retrait,,local,False,aucune
ddf9fa5a,CLI-00409,2026-03-16 00:00:00,137500.0,transfert_sortant,CLI-00021,local,False,aucune
1c5080a8,CLI-00599,2026-03-16 00:00:00,14900.0,depot,,regional_uemoa,False,aucune
0433f09a,CLI-00430,2026-03-16 00:00:00,14000.0,retrait,,local,False,aucune
36904f79,CLI-00000,2026-03-16 00:00:00,40700.0,transfert_entrant,CLI-00017,local,False,aucune
cb0485e6,CLI-00352,2026-03-16 00:00:00,146300.0,depot,,local,False,aucune
b897aeee,CLI-00003,2026-03-16 00:00:00,25300.0,retrait,,local,False,aucune
52d7f2ac,CLI-00094,2026-03-16 00:00:00,8900.0,retrait,,local,False,aucune
f1f406c3,CLI-00182,2026-03-16 00:00:00,137100.0,retrait,,local,False,aucune
2072d668,CLI-00214,2026-03-16 00:00:00,45400.0,depot,,local,False,aucune
17286869,CLI-00767,2026-03-16 00:00:00,10700.0,depot,,local,False,aucune
d8bd4828,CLI-00060,2026-03-16 00:00:00,28000.0,transfert_sortant,CLI-00434,local,False,aucune
0f9797bd,CLI-00553,2026-03-16 00:00:00,20900.0,retrait,,transfrontalier_sensible,False,aucune
2b08febc,CLI-00544,2026-03-16 00:00:00,8200.0,depot,,local,False,aucune
b0b1a0a0,CLI-00575,2026-03-16 00:00:00,46700.0,remboursement_credit,,local,False,aucune
1aa7e1b0,CLI-00446,2026-03-16 00:00:00,5800.0,depot,,local,False,aucune
89e97d5b,CLI-00721,2026-03-16 00:00:00,13600.0,transfert_entrant,CLI-00483,regional_uemoa,False,aucune
4173b2ef,CLI-00728,2026-03-16 00:00:00,700800.0,retrait,,transfrontalier_sensible,False,aucune
eacf289f,CLI-00645,2026-03-16 00:00:00,68800.0,retrait,,local,False,aucune
d289b9b0,CLI-00017,2026-03-16 00:00:00,91700.0,retrait,,local,False,aucune
436c5133,CLI-00255,2026-03-16 00:00:00,19400.0,transfert_sortant,CLI-00575,local,False,aucune
3fb8d382,CLI-00113,2026-03-16 00:00:00,210800.0,depot,,local,False,aucune
5ea0ca33,CLI-00767,2026-03-16 00:00:00,69200.0,retrait,,local,False,aucune
cd8c4a07,CLI-00566,2026-03-16 00:00:00,95400.0,transfert_entrant,CLI-00299,local,False,aucune
2131393f,CLI-00691,2026-03-16 00:00:00,2800.0,depot,,local,False,aucune
d0ee62e2,CLI-00185,2026-03-16 00:00:00,114300.0,retrait,,local,False,aucune
3d5e89d0,CLI-00011,2026-03-16 00:00:00,27100.0,retrait,,local,False,aucune
68d4b88b,CLI-00578,2026-03-16 00:00:00,151900.0,retrait,,local,False,aucune
cc935768,CLI-00677,2026-03-16 00:00:00,21100.0,retrait,,local,False,aucune
57a729de,CLI-00348,2026-03-16 00:00:00,78000.0,transfert_sortant,CLI-00490,local,False,aucune
c34c1426,CLI-00443,2026-03-16 00:00:00,23500.0,remboursement_credit,,local,False,aucune
00a12943,CLI-00559,2026-03-16 00:00:00,7870300.0,depot,,local,True,layering
15d94612,CLI-00713,2026-03-16 00:00:00,39800.0,transfert_entrant,CLI-00265,regional_uemoa,False,aucune
c4e8ef76,CLI-00627,2026-03-16 00:00:00,51100.0,depot,,local,False,aucune
40d2a85c,CLI-00559,2026-03-16 07:00:00,2236200.0,transfert_sortant,CLI-00169,local,True,layering
adfc4dd9,CLI-00559,2026-03-16 18:00:00,3458600.0,transfert_sortant,CLI-00182,local,True,layering
78ab8e73,CLI-00216,2026-03-17 00:00:00,42800.0,retrait,,local,False,aucune
c166fbe5,CLI-00392,2026-03-17 00:00:00,8900.0,depot,,regional_uemoa,False,aucune
5d0d5166,CLI-00377,2026-03-17 00:00:00,24100.0,retrait,,local,False,aucune
6a8d24df,CLI-00223,2026-03-17 00:00:00,123600.0,retrait,,local,False,aucune
098eb2bf,CLI-00096,2026-03-17 00:00:00,52300.0,retrait,,regional_uemoa,False,aucune
13d44d3b,CLI-00397,2026-03-17 00:00:00,36000.0,depot,,local,False,aucune
0502f980,CLI-00008,2026-03-17 00:00:00,113900.0,depot,,local,False,aucune
9162ba79,CLI-00257,2026-03-17 00:00:00,41200.0,retrait,,local,False,aucune
88abb010,CLI-00252,2026-03-17 00:00:00,11300.0,transfert_entrant,CLI-00745,local,False,aucune
3b032301,CLI-00647,2026-03-17 00:00:00,41000.0,depot,,local,False,aucune
0e6b8d33,CLI-00478,2026-03-17 00:00:00,24100.0,depot,,local,False,aucune
f27fbc3d,CLI-00092,2026-03-17 00:00:00,14900.0,remboursement_credit,,local,False,aucune
8c3437c6,CLI-00735,2026-03-17 00:00:00,19000.0,retrait,,local,False,aucune
39c3af28,CLI-00445,2026-03-17 00:00:00,122100.0,transfert_sortant,CLI-00773,transfrontalier_sensible,False,aucune
e3691aa0,CLI-00258,2026-03-17 00:00:00,36600.0,transfert_sortant,CLI-00451,local,False,aucune
69241560,CLI-00784,2026-03-17 00:00:00,19000.0,transfert_entrant,CLI-00581,local,False,aucune
e9792296,CLI-00054,2026-03-17 00:00:00,32900.0,depot,,local,False,aucune
8f819af4,CLI-00243,2026-03-17 00:00:00,161500.0,retrait,,local,False,aucune
ec04c260,CLI-00644,2026-03-17 00:00:00,663400.0,depot,,local,False,aucune
778eb8c7,CLI-00091,2026-03-17 00:00:00,45200.0,depot,,regional_uemoa,False,aucune
ac6dfad2,CLI-00198,2026-03-17 00:00:00,18700.0,depot,,local,False,aucune
6a03111f,CLI-00472,2026-03-17 00:00:00,532400.0,transfert_sortant,CLI-00545,local,False,aucune
903130da,CLI-00076,2026-03-17 00:00:00,43000.0,retrait,,local,False,aucune
3aceda1b,CLI-00430,2026-03-17 00:00:00,4100.0,retrait,,local,False,aucune
6d171ecd,CLI-00120,2026-03-17 00:00:00,68400.0,depot,,local,False,aucune
e6f6fdec,CLI-00074,2026-03-17 00:00:00,126100.0,remboursement_credit,,local,False,aucune
0b04a798,CLI-00558,2026-03-17 00:00:00,24900.0,transfert_entrant,CLI-00463,local,False,aucune
ebe2b1d0,CLI-00317,2026-03-17 00:00:00,362700.0,retrait,,regional_uemoa,False,aucune
e87bd89e,CLI-00131,2026-03-17 00:00:00,16600.0,transfert_sortant,CLI-00306,local,False,aucune
e94dea14,CLI-00303,2026-03-17 00:00:00,37400.0,depot,,local,False,aucune
2fff2ad8,CLI-00000,2026-03-17 00:00:00,46600.0,retrait,,local,False,aucune
ee43aa79,CLI-00629,2026-03-17 00:00:00,176800.0,transfert_entrant,CLI-00271,regional_uemoa,False,aucune
c6cb6736,CLI-00604,2026-03-17 00:00:00,8500.0,retrait,,local,False,aucune
8cde6947,CLI-00074,2026-03-17 00:00:00,68900.0,transfert_entrant,CLI-00055,local,False,aucune
ea1cd92f,CLI-00074,2026-03-17 00:00:00,10400.0,depot,,local,False,aucune
6dda3837,CLI-00353,2026-03-17 00:00:00,79900.0,depot,,regional_uemoa,False,aucune
083a3068,CLI-00158,2026-03-17 00:00:00,29200.0,depot,,local,False,aucune
01abbada,CLI-00690,2026-03-17 00:00:00,9243100.0,transfert_sortant,,local,True,structuring
a6239eff,CLI-00561,2026-03-17 00:00:00,20300.0,depot,,local,False,aucune
1b81c53b,CLI-00035,2026-03-17 00:00:00,33000.0,retrait,,local,False,aucune
26f55df0,CLI-00742,2026-03-17 00:00:00,47200.0,transfert_entrant,CLI-00003,local,False,aucune
89cb5f41,CLI-00680,2026-03-17 00:00:00,9300.0,transfert_entrant,CLI-00539,local,False,aucune
59fb5724,CLI-00700,2026-03-17 00:00:00,155400.0,remboursement_credit,,local,False,aucune
9e655769,CLI-00280,2026-03-17 00:00:00,207900.0,transfert_sortant,CLI-00190,local,False,aucune
7c968404,CLI-00694,2026-03-17 00:00:00,45500.0,remboursement_credit,,local,False,aucune
abbd615a,CLI-00291,2026-03-17 00:00:00,5200.0,transfert_sortant,CLI-00308,local,False,aucune
35dcd097,CLI-00690,2026-03-17 00:00:00,9328200.0,transfert_sortant,,local,True,structuring
f71e78a8,CLI-00690,2026-03-17 00:00:00,9100200.0,transfert_sortant,,local,True,structuring
d8997572,CLI-00275,2026-03-17 00:00:00,41800.0,transfert_entrant,CLI-00036,local,False,aucune
c66220d7,CLI-00526,2026-03-17 00:00:00,193000.0,depot,,local,False,aucune
c1a010a4,CLI-00537,2026-03-17 00:00:00,44800.0,depot,,regional_uemoa,False,aucune
6314131d,CLI-00515,2026-03-17 00:00:00,1524200.0,decaissement_credit,,local,False,aucune
5edca4bc,CLI-00111,2026-03-17 00:00:00,39100.0,depot,,local,False,aucune
e7e43a7e,CLI-00279,2026-03-17 00:00:00,27200.0,transfert_entrant,CLI-00255,local,False,aucune
be151c85,CLI-00621,2026-03-17 00:00:00,36200.0,depot,,transfrontalier_sensible,False,aucune
792f2ab8,CLI-00156,2026-03-17 00:00:00,72900.0,transfert_sortant,CLI-00052,regional_uemoa,False,aucune
9fda8d54,CLI-00336,2026-03-17 00:00:00,11100.0,depot,,local,False,aucune
a3b41df1,CLI-00559,2026-03-17 02:00:00,1987400.0,transfert_sortant,CLI-00731,local,True,layering
95ef4276,CLI-00433,2026-03-18 00:00:00,90800.0,depot,,regional_uemoa,False,aucune
0f279ebf,CLI-00223,2026-03-18 00:00:00,150000.0,depot,,regional_uemoa,False,aucune
33955cab,CLI-00487,2026-03-18 00:00:00,31100.0,depot,,local,False,aucune
e0626957,CLI-00334,2026-03-18 00:00:00,32300.0,retrait,,local,False,aucune
534dd250,CLI-00680,2026-03-18 00:00:00,47600.0,depot,,regional_uemoa,False,aucune
1316cedf,CLI-00446,2026-03-18 00:00:00,54300.0,remboursement_credit,,local,False,aucune
75bf7790,CLI-00116,2026-03-18 00:00:00,22400.0,retrait,,local,False,aucune
f56cd1aa,CLI-00183,2026-03-18 00:00:00,9300.0,transfert_sortant,CLI-00412,local,False,aucune
e708dd40,CLI-00595,2026-03-18 00:00:00,16100.0,retrait,,local,False,aucune
d9279309,CLI-00534,2026-03-18 00:00:00,112200.0,retrait,,local,False,aucune
505b2beb,CLI-00371,2026-03-18 00:00:00,502400.0,transfert_sortant,CLI-00536,local,False,aucune
0e126500,CLI-00720,2026-03-18 00:00:00,59500.0,depot,,local,False,aucune
9f633340,CLI-00009,2026-03-18 00:00:00,27500.0,retrait,,local,False,aucune
e1265190,CLI-00426,2026-03-18 00:00:00,66800.0,transfert_entrant,CLI-00685,local,False,aucune
abee0e16,CLI-00002,2026-03-18 00:00:00,33700.0,depot,,local,False,aucune
bcf3e000,CLI-00196,2026-03-18 00:00:00,463700.0,retrait,,local,False,aucune
87cde14a,CLI-00025,2026-03-18 00:00:00,45200.0,depot,,local,False,aucune
957225b3,CLI-00525,2026-03-18 00:00:00,202900.0,transfert_sortant,CLI-00440,local,False,aucune
63494f3b,CLI-00742,2026-03-18 00:00:00,70800.0,depot,,local,False,aucune
db842078,CLI-00782,2026-03-18 00:00:00,17600.0,depot,,local,False,aucune
402c2d2f,CLI-00332,2026-03-18 00:00:00,30900.0,depot,,local,False,aucune
bb3faf15,CLI-00687,2026-03-18 00:00:00,210000.0,retrait,,local,False,aucune
b6a7515d,CLI-00479,2026-03-18 00:00:00,166000.0,depot,,local,False,aucune
e41a9360,CLI-00039,2026-03-18 00:00:00,5300.0,transfert_entrant,CLI-00647,local,False,aucune
f81086d5,CLI-00089,2026-03-18 00:00:00,184200.0,depot,,regional_uemoa,False,aucune
3b708155,CLI-00019,2026-03-18 00:00:00,78100.0,retrait,,local,False,aucune
7ac457cb,CLI-00037,2026-03-18 00:00:00,416100.0,transfert_entrant,CLI-00147,regional_uemoa,False,aucune
8338c4b0,CLI-00036,2026-03-18 00:00:00,284600.0,retrait,,local,False,aucune
4c4a9001,CLI-00194,2026-03-18 00:00:00,24900.0,decaissement_credit,,local,False,aucune
da5e75cd,CLI-00024,2026-03-18 00:00:00,133300.0,transfert_sortant,CLI-00655,local,False,aucune
85f56554,CLI-00312,2026-03-18 00:00:00,39800.0,transfert_sortant,CLI-00228,local,False,aucune
2eaca889,CLI-00206,2026-03-18 00:00:00,104300.0,retrait,,local,False,aucune
26d34af8,CLI-00206,2026-03-18 00:00:00,497800.0,depot,,local,False,aucune
eb91cc03,CLI-00241,2026-03-18 00:00:00,60800.0,transfert_sortant,CLI-00158,local,False,aucune
a60c35f9,CLI-00077,2026-03-18 00:00:00,44800.0,retrait,,transfrontalier_sensible,False,aucune
5056e95c,CLI-00174,2026-03-18 00:00:00,10200.0,depot,,local,False,aucune
2c2a2aaa,CLI-00437,2026-03-18 00:00:00,120000.0,retrait,,regional_uemoa,False,aucune
6836ba52,CLI-00317,2026-03-18 00:00:00,185800.0,remboursement_credit,,local,False,aucune
854a0340,CLI-00187,2026-03-18 00:00:00,89100.0,transfert_entrant,CLI-00059,local,False,aucune
bc0045c7,CLI-00038,2026-03-18 00:00:00,45500.0,depot,,local,False,aucune
bc1f19b3,CLI-00744,2026-03-18 00:00:00,129800.0,retrait,,local,False,aucune
564d2444,CLI-00138,2026-03-18 00:00:00,15800.0,transfert_entrant,CLI-00531,local,False,aucune
45d56383,CLI-00659,2026-03-18 00:00:00,52600.0,retrait,,local,False,aucune
64fd76a9,CLI-00690,2026-03-18 00:00:00,9002100.0,depot,,local,True,structuring
c00e0e10,CLI-00245,2026-03-18 00:00:00,92300.0,depot,,local,False,aucune
a92caa6f,CLI-00268,2026-03-18 00:00:00,14400.0,transfert_sortant,CLI-00590,local,False,aucune
5b671f00,CLI-00186,2026-03-18 00:00:00,7300.0,retrait,,local,False,aucune
7f019306,CLI-00313,2026-03-18 00:00:00,3000.0,decaissement_credit,,local,False,aucune
1a414a1d,CLI-00651,2026-03-18 00:00:00,1196800.0,depot,,local,False,aucune
d4d718d9,CLI-00389,2026-03-18 00:00:00,22600.0,depot,,local,False,aucune
0a66090f,CLI-00758,2026-03-18 00:00:00,28500.0,remboursement_credit,,local,False,aucune
4ea5ff83,CLI-00431,2026-03-19 00:00:00,14600.0,depot,,regional_uemoa,False,aucune
56ea8c6c,CLI-00062,2026-03-19 00:00:00,84000.0,retrait,,local,False,aucune
27bd929c,CLI-00324,2026-03-19 00:00:00,50000.0,depot,,local,False,aucune
010cfc8b,CLI-00740,2026-03-19 00:00:00,121900.0,retrait,,local,False,aucune
270d99b3,CLI-00147,2026-03-19 00:00:00,16400.0,decaissement_credit,,transfrontalier_sensible,False,aucune
ddfe1584,CLI-00148,2026-03-19 00:00:00,100600.0,transfert_entrant,CLI-00178,local,False,aucune
32d9246f,CLI-00044,2026-03-19 00:00:00,14400.0,decaissement_credit,,local,False,aucune
40757343,CLI-00441,2026-03-19 00:00:00,18200.0,depot,,regional_uemoa,False,aucune
df881c12,CLI-00746,2026-03-19 00:00:00,442800.0,transfert_entrant,CLI-00180,local,False,aucune
324a9d8b,CLI-00170,2026-03-19 00:00:00,125900.0,retrait,,local,False,aucune
8465c580,CLI-00251,2026-03-19 00:00:00,5700.0,depot,,local,False,aucune
1c230c3b,CLI-00005,2026-03-19 00:00:00,76700.0,depot,,regional_uemoa,False,aucune
04e9380e,CLI-00281,2026-03-19 00:00:00,132800.0,transfert_entrant,CLI-00484,regional_uemoa,False,aucune
a572c897,CLI-00672,2026-03-19 00:00:00,19900.0,depot,,local,False,aucune
e4100c82,CLI-00374,2026-03-19 00:00:00,9300.0,transfert_sortant,CLI-00652,local,False,aucune
d21bb0cb,CLI-00376,2026-03-19 00:00:00,24500.0,depot,,regional_uemoa,False,aucune
d5728fa4,CLI-00175,2026-03-19 00:00:00,90700.0,remboursement_credit,,local,False,aucune
78b567dc,CLI-00042,2026-03-19 00:00:00,274100.0,decaissement_credit,,regional_uemoa,False,aucune
85ac9e06,CLI-00294,2026-03-19 00:00:00,20300.0,retrait,,transfrontalier_sensible,False,aucune
081ccb34,CLI-00436,2026-03-19 00:00:00,28100.0,retrait,,regional_uemoa,False,aucune
fda63d15,CLI-00138,2026-03-19 00:00:00,22400.0,retrait,,local,False,aucune
ba22f123,CLI-00724,2026-03-19 00:00:00,65600.0,transfert_sortant,CLI-00090,local,False,aucune
6c16f2cd,CLI-00005,2026-03-19 00:00:00,53100.0,remboursement_credit,,local,False,aucune
1be828fd,CLI-00691,2026-03-19 00:00:00,45000.0,retrait,,local,False,aucune
3de9b46f,CLI-00537,2026-03-19 00:00:00,38200.0,retrait,,local,False,aucune
601411ca,CLI-00260,2026-03-19 00:00:00,42300.0,transfert_entrant,CLI-00012,local,False,aucune
75dfdcdb,CLI-00351,2026-03-19 00:00:00,72700.0,retrait,,local,False,aucune
ff98500e,CLI-00512,2026-03-19 00:00:00,43200.0,depot,,local,False,aucune
10558786,CLI-00542,2026-03-19 00:00:00,15800.0,retrait,,regional_uemoa,False,aucune
251dbad0,CLI-00628,2026-03-19 00:00:00,67700.0,transfert_entrant,CLI-00535,local,False,aucune
5b601939,CLI-00082,2026-03-19 00:00:00,288700.0,transfert_sortant,CLI-00220,regional_uemoa,False,aucune
589e4065,CLI-00187,2026-03-19 00:00:00,21500.0,retrait,,local,False,aucune
9129304d,CLI-00316,2026-03-19 00:00:00,98600.0,depot,,local,False,aucune
5e95f0bb,CLI-00127,2026-03-19 00:00:00,21900.0,retrait,,regional_uemoa,False,aucune
c31cd709,CLI-00510,2026-03-19 00:00:00,9800.0,decaissement_credit,,regional_uemoa,False,aucune
f81151b2,CLI-00016,2026-03-19 00:00:00,115500.0,retrait,,local,False,aucune
2b3a1e9c,CLI-00629,2026-03-19 00:00:00,12600.0,transfert_sortant,CLI-00160,local,False,aucune
d5db6d99,CLI-00506,2026-03-19 00:00:00,16800.0,depot,,local,False,aucune
0ada964c,CLI-00285,2026-03-19 00:00:00,129200.0,retrait,,regional_uemoa,False,aucune
031a71f8,CLI-00347,2026-03-19 00:00:00,306600.0,transfert_entrant,CLI-00294,regional_uemoa,False,aucune
efb804b7,CLI-00504,2026-03-19 00:00:00,52100.0,decaissement_credit,,local,False,aucune
e6f8eeea,CLI-00215,2026-03-19 00:00:00,11800.0,transfert_sortant,CLI-00761,local,False,aucune
914552e1,CLI-00721,2026-03-19 00:00:00,74500.0,depot,,regional_uemoa,False,aucune
6c5c27c5,CLI-00414,2026-03-19 00:00:00,49100.0,decaissement_credit,,regional_uemoa,False,aucune
d848acb7,CLI-00310,2026-03-19 00:00:00,60800.0,depot,,local,False,aucune
5b9a8bed,CLI-00217,2026-03-19 00:00:00,23500.0,decaissement_credit,,local,False,aucune
264aaf05,CLI-00221,2026-03-19 00:00:00,60000.0,remboursement_credit,,local,False,aucune
2e485f3a,CLI-00341,2026-03-19 00:00:00,162100.0,depot,,local,False,aucune
360c8104,CLI-00518,2026-03-19 00:00:00,74700.0,transfert_sortant,CLI-00241,local,False,aucune
50cbbce7,CLI-00260,2026-03-19 00:00:00,178400.0,retrait,,local,False,aucune
9ad73398,CLI-00600,2026-03-19 00:00:00,43900.0,remboursement_credit,,local,False,aucune
1a87272b,CLI-00538,2026-03-19 00:00:00,22900.0,transfert_entrant,CLI-00752,local,False,aucune
6275c3ea,CLI-00198,2026-03-19 00:00:00,45600.0,depot,,regional_uemoa,False,aucune
47e27aa3,CLI-00067,2026-03-19 00:00:00,17600.0,depot,,local,False,aucune
c09de5d6,CLI-00683,2026-03-19 00:00:00,193000.0,depot,,local,False,aucune
01522ddc,CLI-00540,2026-03-19 00:00:00,154000.0,decaissement_credit,,regional_uemoa,False,aucune
c1497459,CLI-00134,2026-03-19 00:00:00,13400.0,transfert_entrant,CLI-00782,regional_uemoa,False,aucune
f0ba2c9e,CLI-00597,2026-03-19 00:00:00,163200.0,depot,,regional_uemoa,False,aucune
d423da71,CLI-00044,2026-03-19 00:00:00,41800.0,decaissement_credit,,local,False,aucune
1793fb48,CLI-00017,2026-03-19 00:00:00,672300.0,retrait,,local,False,aucune
4db4fada,CLI-00372,2026-03-19 00:00:00,9300.0,depot,,local,False,aucune
85df402b,CLI-00036,2026-03-19 00:00:00,19500.0,depot,,local,False,aucune
d2a9c36a,CLI-00082,2026-03-20 00:00:00,10500.0,depot,,regional_uemoa,False,aucune
8e32d9d4,CLI-00172,2026-03-20 00:00:00,587700.0,retrait,,local,False,aucune
d6397f84,CLI-00548,2026-03-20 00:00:00,436600.0,retrait,,local,False,aucune
d779456d,CLI-00215,2026-03-20 00:00:00,19500.0,remboursement_credit,,local,False,aucune
1d792054,CLI-00535,2026-03-20 00:00:00,46500.0,decaissement_credit,,local,False,aucune
3d27ebdf,CLI-00723,2026-03-20 00:00:00,430200.0,depot,,local,False,aucune
edcfc16f,CLI-00160,2026-03-20 00:00:00,56300.0,decaissement_credit,,local,False,aucune
d06b6e40,CLI-00340,2026-03-20 00:00:00,60800.0,depot,,local,False,aucune
03baaddf,CLI-00531,2026-03-20 00:00:00,50700.0,retrait,,transfrontalier_sensible,False,aucune
8d90c1f9,CLI-00450,2026-03-20 00:00:00,4400.0,remboursement_credit,,local,False,aucune
c35bea05,CLI-00335,2026-03-20 00:00:00,82700.0,retrait,,local,False,aucune
dd4c80cb,CLI-00052,2026-03-20 00:00:00,20300.0,depot,,local,False,aucune
eff14f90,CLI-00571,2026-03-20 00:00:00,12500.0,transfert_entrant,CLI-00494,local,False,aucune
9ac159b6,CLI-00671,2026-03-20 00:00:00,87200.0,transfert_sortant,CLI-00130,transfrontalier_sensible,False,aucune
e90937b6,CLI-00109,2026-03-20 00:00:00,10000.0,decaissement_credit,,local,False,aucune
830283b1,CLI-00452,2026-03-20 00:00:00,296300.0,transfert_sortant,CLI-00703,local,False,aucune
140ddbb2,CLI-00705,2026-03-20 00:00:00,41500.0,transfert_sortant,CLI-00246,local,False,aucune
af187736,CLI-00571,2026-03-20 00:00:00,35800.0,transfert_entrant,CLI-00262,local,False,aucune
c81b6e05,CLI-00113,2026-03-20 00:00:00,472800.0,depot,,local,False,aucune
428a7d6e,CLI-00583,2026-03-20 00:00:00,26300.0,depot,,local,False,aucune
00b87cc1,CLI-00019,2026-03-20 00:00:00,24000.0,transfert_sortant,CLI-00159,local,False,aucune
9370c40c,CLI-00647,2026-03-20 00:00:00,182400.0,transfert_sortant,CLI-00040,local,False,aucune
68270fdf,CLI-00139,2026-03-20 00:00:00,10800.0,decaissement_credit,,local,False,aucune
89bf77af,CLI-00287,2026-03-20 00:00:00,47700.0,retrait,,local,False,aucune
5487496b,CLI-00178,2026-03-20 00:00:00,6000.0,transfert_sortant,CLI-00642,local,False,aucune
8bf3c6a9,CLI-00609,2026-03-20 00:00:00,16000.0,transfert_entrant,CLI-00378,local,False,aucune
00be0950,CLI-00606,2026-03-20 00:00:00,6400.0,remboursement_credit,,local,False,aucune
7c35cb6b,CLI-00129,2026-03-20 00:00:00,34000.0,retrait,,local,False,aucune
0e1cbcbe,CLI-00081,2026-03-20 00:00:00,74200.0,transfert_entrant,CLI-00626,local,False,aucune
4ba323d5,CLI-00496,2026-03-20 00:00:00,61400.0,remboursement_credit,,local,False,aucune
d5eb0fa1,CLI-00604,2026-03-20 00:00:00,92100.0,depot,,local,False,aucune
5229829d,CLI-00735,2026-03-20 00:00:00,280700.0,retrait,,local,False,aucune
3a8e7640,CLI-00276,2026-03-20 00:00:00,40700.0,transfert_sortant,CLI-00069,local,False,aucune
961b4275,CLI-00515,2026-03-20 00:00:00,114700.0,retrait,,regional_uemoa,False,aucune
0280f2dc,CLI-00735,2026-03-20 00:00:00,44200.0,depot,,local,False,aucune
2971ef85,CLI-00797,2026-03-20 00:00:00,237000.0,transfert_entrant,CLI-00403,local,False,aucune
f6fd68aa,CLI-00276,2026-03-20 00:00:00,74800.0,transfert_sortant,CLI-00266,local,False,aucune
8450df82,CLI-00494,2026-03-20 00:00:00,29200.0,depot,,local,False,aucune
d4ce2f92,CLI-00519,2026-03-20 00:00:00,61800.0,transfert_entrant,CLI-00475,local,False,aucune
95fbb7ef,CLI-00713,2026-03-20 00:00:00,34700.0,retrait,,local,False,aucune
4a18a76a,CLI-00237,2026-03-20 00:00:00,101100.0,transfert_sortant,CLI-00729,local,False,aucune
d8bd0268,CLI-00249,2026-03-20 00:00:00,8600.0,depot,,regional_uemoa,False,aucune
11d49234,CLI-00767,2026-03-20 00:00:00,25600.0,depot,,local,False,aucune
c0b64a21,CLI-00070,2026-03-20 00:00:00,121600.0,transfert_entrant,CLI-00238,local,False,aucune
5dc7ec46,CLI-00637,2026-03-20 00:00:00,74200.0,depot,,local,False,aucune
82339de0,CLI-00024,2026-03-20 00:00:00,68200.0,depot,,local,False,aucune
6ca397b8,CLI-00664,2026-03-20 00:00:00,19300.0,depot,,local,False,aucune
a394c3a5,CLI-00047,2026-03-20 00:00:00,22200.0,depot,,local,False,aucune
0f847cac,CLI-00504,2026-03-20 00:00:00,177300.0,decaissement_credit,,local,False,aucune
6d7e94f9,CLI-00033,2026-03-20 00:00:00,77400.0,transfert_entrant,CLI-00244,local,False,aucune
2c98111b,CLI-00729,2026-03-20 00:00:00,89800.0,depot,,local,False,aucune
0976fa2f,CLI-00617,2026-03-20 00:00:00,9100.0,depot,,local,False,aucune
fe21c019,CLI-00368,2026-03-20 00:00:00,129300.0,depot,,local,False,aucune
fe20a47a,CLI-00328,2026-03-20 00:00:00,9200.0,retrait,,local,False,aucune
0fe7e22b,CLI-00014,2026-03-20 00:00:00,56800.0,remboursement_credit,,regional_uemoa,False,aucune
30566ee8,CLI-00205,2026-03-20 00:00:00,125500.0,decaissement_credit,,local,False,aucune
13814a31,CLI-00138,2026-03-20 00:00:00,12100.0,retrait,,local,False,aucune
8f2704db,CLI-00435,2026-03-20 00:00:00,53100.0,retrait,,local,False,aucune
5c7dad50,CLI-00591,2026-03-20 00:00:00,49500.0,transfert_sortant,CLI-00766,local,False,aucune
47a7f869,CLI-00738,2026-03-21 00:00:00,5800.0,remboursement_credit,,local,False,aucune
3c314639,CLI-00319,2026-03-21 00:00:00,27500.0,transfert_sortant,CLI-00371,local,False,aucune
1f4cd481,CLI-00073,2026-03-21 00:00:00,22100.0,retrait,,local,False,aucune
4f9ddab7,CLI-00122,2026-03-21 00:00:00,27500.0,retrait,,local,False,aucune
dbc2f0b0,CLI-00504,2026-03-21 00:00:00,106000.0,decaissement_credit,,local,False,aucune
9929bdc8,CLI-00306,2026-03-21 00:00:00,19200.0,retrait,,local,False,aucune
e206b1e1,CLI-00748,2026-03-21 00:00:00,18600.0,retrait,,local,False,aucune
355fcb18,CLI-00651,2026-03-21 00:00:00,31300.0,remboursement_credit,,local,False,aucune
75ef261e,CLI-00086,2026-03-21 00:00:00,153800.0,depot,,local,False,aucune
a9f7d00c,CLI-00159,2026-03-21 00:00:00,54600.0,transfert_entrant,CLI-00101,local,False,aucune
1c3dcf44,CLI-00243,2026-03-21 00:00:00,27000.0,retrait,,local,False,aucune
f3e10c18,CLI-00799,2026-03-21 00:00:00,41000.0,transfert_entrant,CLI-00636,regional_uemoa,False,aucune
c408b422,CLI-00456,2026-03-21 00:00:00,39800.0,retrait,,regional_uemoa,False,aucune
a22044b9,CLI-00514,2026-03-21 00:00:00,31000.0,depot,,local,False,aucune
d08e6faf,CLI-00017,2026-03-21 00:00:00,43700.0,remboursement_credit,,local,False,aucune
3d468779,CLI-00513,2026-03-21 00:00:00,123800.0,depot,,local,False,aucune
be7985c3,CLI-00612,2026-03-21 00:00:00,50500.0,retrait,,local,False,aucune
495ee73a,CLI-00066,2026-03-21 00:00:00,7600.0,decaissement_credit,,local,False,aucune
4b71126d,CLI-00787,2026-03-21 00:00:00,39700.0,depot,,regional_uemoa,False,aucune
97c1b622,CLI-00559,2026-03-21 00:00:00,25000.0,retrait,,local,False,aucune
ad75b8c5,CLI-00713,2026-03-21 00:00:00,92800.0,depot,,local,False,aucune
e734db2a,CLI-00727,2026-03-21 00:00:00,34700.0,transfert_sortant,CLI-00577,local,False,aucune
38a327c9,CLI-00680,2026-03-21 00:00:00,21500.0,retrait,,local,False,aucune
2333ee3d,CLI-00361,2026-03-21 00:00:00,17100.0,depot,,local,False,aucune
90bcaa05,CLI-00713,2026-03-21 00:00:00,134700.0,retrait,,local,False,aucune
63a3c649,CLI-00179,2026-03-21 00:00:00,30400.0,depot,,transfrontalier_sensible,False,aucune
4ce25215,CLI-00680,2026-03-21 00:00:00,88700.0,transfert_sortant,CLI-00181,local,False,aucune
c0611dba,CLI-00114,2026-03-21 00:00:00,27500.0,decaissement_credit,,local,False,aucune
350bee42,CLI-00251,2026-03-21 00:00:00,57300.0,depot,,local,False,aucune
dae5fc60,CLI-00699,2026-03-21 00:00:00,110200.0,depot,,local,False,aucune
0264cadf,CLI-00551,2026-03-21 00:00:00,8500.0,depot,,local,False,aucune
540bd15d,CLI-00051,2026-03-21 00:00:00,154100.0,retrait,,local,False,aucune
bb037d49,CLI-00785,2026-03-21 00:00:00,85400.0,transfert_sortant,CLI-00744,local,False,aucune
0a637ca1,CLI-00532,2026-03-21 00:00:00,40400.0,remboursement_credit,,regional_uemoa,False,aucune
fca42b58,CLI-00109,2026-03-21 00:00:00,80200.0,transfert_sortant,CLI-00337,local,False,aucune
e89efd4a,CLI-00023,2026-03-21 00:00:00,51000.0,retrait,,local,False,aucune
8915f0f4,CLI-00625,2026-03-21 00:00:00,9000.0,depot,,transfrontalier_sensible,False,aucune
c5932dd5,CLI-00622,2026-03-21 00:00:00,26600.0,transfert_entrant,CLI-00401,regional_uemoa,False,aucune
42660324,CLI-00435,2026-03-21 00:00:00,623800.0,decaissement_credit,,local,False,aucune
5ca02077,CLI-00473,2026-03-21 00:00:00,59700.0,depot,,transfrontalier_sensible,False,aucune
57d9d3b5,CLI-00198,2026-03-21 00:00:00,149900.0,depot,,local,False,aucune
7e394b70,CLI-00670,2026-03-21 00:00:00,24000.0,transfert_sortant,CLI-00163,local,False,aucune
5e731f24,CLI-00144,2026-03-21 00:00:00,41000.0,depot,,regional_uemoa,False,aucune
cdc30cd0,CLI-00262,2026-03-21 00:00:00,22600.0,transfert_entrant,CLI-00338,regional_uemoa,False,aucune
b0bfe8df,CLI-00014,2026-03-21 00:00:00,225800.0,transfert_sortant,CLI-00626,local,False,aucune
324e846b,CLI-00700,2026-03-21 00:00:00,210900.0,remboursement_credit,,local,False,aucune
071f6b85,CLI-00761,2026-03-21 00:00:00,13700.0,retrait,,local,False,aucune
15a84a96,CLI-00682,2026-03-21 00:00:00,15000.0,depot,,local,False,aucune
a369db45,CLI-00360,2026-03-21 00:00:00,45300.0,remboursement_credit,,local,False,aucune
1745284e,CLI-00466,2026-03-21 00:00:00,208800.0,remboursement_credit,,local,False,aucune
cef495ed,CLI-00276,2026-03-21 00:00:00,2100.0,depot,,regional_uemoa,False,aucune
aa3140b7,CLI-00374,2026-03-21 00:00:00,131900.0,retrait,,local,False,aucune
544c5c59,CLI-00429,2026-03-21 00:00:00,427700.0,retrait,,local,False,aucune
b0149ec3,CLI-00140,2026-03-21 00:00:00,66100.0,remboursement_credit,,regional_uemoa,False,aucune
d75c9a42,CLI-00071,2026-03-21 00:00:00,150100.0,remboursement_credit,,local,False,aucune
1e097323,CLI-00260,2026-03-21 00:00:00,16700.0,transfert_entrant,CLI-00447,local,False,aucune
b3ad7044,CLI-00440,2026-03-22 00:00:00,92100.0,retrait,,local,False,aucune
d48b39f0,CLI-00555,2026-03-22 00:00:00,299500.0,decaissement_credit,,local,False,aucune
e19eae0d,CLI-00591,2026-03-22 00:00:00,71600.0,transfert_sortant,CLI-00018,local,False,aucune
9f8d91b4,CLI-00287,2026-03-22 00:00:00,46500.0,transfert_entrant,CLI-00596,local,False,aucune
607c9f60,CLI-00416,2026-03-22 00:00:00,127800.0,transfert_entrant,CLI-00156,local,False,aucune
23e41f8f,CLI-00143,2026-03-22 00:00:00,96900.0,transfert_sortant,CLI-00440,local,False,aucune
e6eed124,CLI-00140,2026-03-22 00:00:00,132200.0,retrait,,local,False,aucune
fb7bb469,CLI-00591,2026-03-22 00:00:00,61900.0,depot,,local,False,aucune
ccd76436,CLI-00700,2026-03-22 00:00:00,450800.0,transfert_sortant,CLI-00724,local,False,aucune
88ab17b6,CLI-00688,2026-03-22 00:00:00,43100.0,retrait,,local,False,aucune
a17a7163,CLI-00294,2026-03-22 00:00:00,147900.0,depot,,local,False,aucune
a386bb8f,CLI-00132,2026-03-22 00:00:00,33000.0,transfert_sortant,CLI-00134,local,False,aucune
a94a3234,CLI-00679,2026-03-22 00:00:00,220100.0,transfert_sortant,CLI-00209,local,False,aucune
385b151f,CLI-00131,2026-03-22 00:00:00,110700.0,depot,,local,False,aucune
8e4f36b1,CLI-00224,2026-03-22 00:00:00,42300.0,depot,,local,False,aucune
9b7c0636,CLI-00404,2026-03-22 00:00:00,13900.0,depot,,transfrontalier_sensible,False,aucune
d933dc13,CLI-00684,2026-03-22 00:00:00,9800.0,retrait,,transfrontalier_sensible,False,aucune
1e387761,CLI-00291,2026-03-22 00:00:00,70900.0,decaissement_credit,,local,False,aucune
feb355c7,CLI-00318,2026-03-22 00:00:00,11000.0,remboursement_credit,,local,False,aucune
8710bf3c,CLI-00605,2026-03-22 00:00:00,25100.0,retrait,,local,False,aucune
242c30e1,CLI-00422,2026-03-22 00:00:00,34800.0,depot,,local,False,aucune
2653f5f3,CLI-00792,2026-03-22 00:00:00,522400.0,retrait,,local,False,aucune
ff01a96e,CLI-00594,2026-03-22 00:00:00,174300.0,depot,,local,False,aucune
05895d92,CLI-00622,2026-03-22 00:00:00,25500.0,retrait,,local,False,aucune
752c1021,CLI-00453,2026-03-22 00:00:00,31900.0,retrait,,local,False,aucune
b705ab7c,CLI-00112,2026-03-22 00:00:00,48900.0,transfert_sortant,CLI-00645,local,False,aucune
56fd357a,CLI-00081,2026-03-22 00:00:00,15200.0,remboursement_credit,,local,False,aucune
d7964b73,CLI-00230,2026-03-22 00:00:00,68300.0,transfert_sortant,CLI-00250,local,False,aucune
ab83770c,CLI-00629,2026-03-22 00:00:00,26800.0,retrait,,transfrontalier_sensible,False,aucune
c79f7ff8,CLI-00174,2026-03-22 00:00:00,29400.0,remboursement_credit,,local,False,aucune
8c2a2b2a,CLI-00103,2026-03-22 00:00:00,4400.0,depot,,local,False,aucune
41e866c8,CLI-00004,2026-03-22 00:00:00,11800.0,retrait,,local,False,aucune
730a1c53,CLI-00514,2026-03-22 00:00:00,40700.0,remboursement_credit,,local,False,aucune
93d6c541,CLI-00517,2026-03-22 00:00:00,41800.0,retrait,,local,False,aucune
6c6ce9a5,CLI-00776,2026-03-22 00:00:00,45900.0,depot,,local,False,aucune
ee61425f,CLI-00539,2026-03-22 00:00:00,79200.0,depot,,local,False,aucune
2cb8ce8a,CLI-00075,2026-03-22 00:00:00,295100.0,transfert_sortant,CLI-00477,local,False,aucune
71584f86,CLI-00523,2026-03-22 00:00:00,87400.0,retrait,,regional_uemoa,False,aucune
4bd0de4d,CLI-00780,2026-03-22 00:00:00,99300.0,depot,,local,False,aucune
3c18e50c,CLI-00501,2026-03-22 00:00:00,29300.0,depot,,local,False,aucune
92490673,CLI-00468,2026-03-22 00:00:00,44500.0,retrait,,local,False,aucune
c092db2a,CLI-00201,2026-03-22 00:00:00,39400.0,transfert_entrant,CLI-00783,regional_uemoa,False,aucune
10f88468,CLI-00055,2026-03-22 00:00:00,63400.0,transfert_entrant,CLI-00344,local,False,aucune
7487052e,CLI-00080,2026-03-22 00:00:00,99700.0,depot,,local,False,aucune
8055d53b,CLI-00499,2026-03-22 00:00:00,80500.0,transfert_entrant,CLI-00353,local,False,aucune
3dadbb6d,CLI-00111,2026-03-22 00:00:00,2700.0,remboursement_credit,,local,False,aucune
9ba9981e,CLI-00202,2026-03-22 00:00:00,22100.0,transfert_sortant,CLI-00053,local,False,aucune
36920a16,CLI-00107,2026-03-22 00:00:00,146300.0,retrait,,local,False,aucune
1ee3aae3,CLI-00177,2026-03-22 00:00:00,10500.0,depot,,local,False,aucune
d4312359,CLI-00034,2026-03-23 00:00:00,50300.0,retrait,,regional_uemoa,False,aucune
090b2910,CLI-00001,2026-03-23 00:00:00,18900.0,retrait,,regional_uemoa,False,aucune
f04679e2,CLI-00648,2026-03-23 00:00:00,31500.0,remboursement_credit,,local,False,aucune
6a790515,CLI-00223,2026-03-23 00:00:00,13300.0,depot,,local,False,aucune
6de11f8f,CLI-00755,2026-03-23 00:00:00,42200.0,depot,,regional_uemoa,False,aucune
2d18ce34,CLI-00757,2026-03-23 00:00:00,19200.0,transfert_entrant,CLI-00245,local,False,aucune
62c08e59,CLI-00275,2026-03-23 00:00:00,27300.0,depot,,local,False,aucune
11b99fc8,CLI-00272,2026-03-23 00:00:00,31300.0,transfert_entrant,CLI-00261,local,False,aucune
8d31ab6e,CLI-00422,2026-03-23 00:00:00,60700.0,depot,,local,False,aucune
75ca600c,CLI-00302,2026-03-23 00:00:00,45500.0,retrait,,local,False,aucune
99e89240,CLI-00329,2026-03-23 00:00:00,14600.0,transfert_sortant,CLI-00166,local,False,aucune
fb30c40d,CLI-00529,2026-03-23 00:00:00,6500.0,depot,,local,False,aucune
4b458c74,CLI-00694,2026-03-23 00:00:00,58700.0,depot,,local,False,aucune
cc825b3d,CLI-00448,2026-03-23 00:00:00,8800.0,retrait,,transfrontalier_sensible,False,aucune
5155a285,CLI-00114,2026-03-23 00:00:00,5800.0,retrait,,local,False,aucune
aa6c2fd4,CLI-00762,2026-03-23 00:00:00,31600.0,transfert_sortant,CLI-00752,regional_uemoa,False,aucune
54bebfca,CLI-00051,2026-03-23 00:00:00,29400.0,depot,,local,False,aucune
2e4c770f,CLI-00446,2026-03-23 00:00:00,22600.0,depot,,regional_uemoa,False,aucune
f944c957,CLI-00226,2026-03-23 00:00:00,33300.0,transfert_sortant,CLI-00519,local,False,aucune
f495dceb,CLI-00327,2026-03-23 00:00:00,2900.0,retrait,,regional_uemoa,False,aucune
bc8ab685,CLI-00355,2026-03-23 00:00:00,205500.0,depot,,local,False,aucune
539ae0e9,CLI-00634,2026-03-23 00:00:00,18600.0,depot,,local,False,aucune
d6b4c036,CLI-00660,2026-03-23 00:00:00,24800.0,transfert_sortant,CLI-00538,local,False,aucune
57d7e35e,CLI-00137,2026-03-23 00:00:00,9000.0,depot,,local,False,aucune
1490114e,CLI-00577,2026-03-23 00:00:00,39700.0,remboursement_credit,,local,False,aucune
f98cf008,CLI-00168,2026-03-23 00:00:00,8600.0,remboursement_credit,,local,False,aucune
9f87634d,CLI-00712,2026-03-23 00:00:00,187900.0,transfert_sortant,CLI-00189,local,False,aucune
9146b695,CLI-00233,2026-03-23 00:00:00,122000.0,depot,,local,False,aucune
40e5af8f,CLI-00460,2026-03-23 00:00:00,28800.0,depot,,regional_uemoa,False,aucune
673c779c,CLI-00594,2026-03-23 00:00:00,50400.0,transfert_entrant,CLI-00796,local,False,aucune
3cad980c,CLI-00231,2026-03-23 00:00:00,16200.0,depot,,transfrontalier_sensible,False,aucune
4839e042,CLI-00569,2026-03-23 00:00:00,32500.0,depot,,regional_uemoa,False,aucune
f5a0b515,CLI-00615,2026-03-23 00:00:00,127700.0,retrait,,local,False,aucune
457c415b,CLI-00157,2026-03-23 00:00:00,10800.0,decaissement_credit,,local,False,aucune
caab018d,CLI-00019,2026-03-23 00:00:00,132300.0,transfert_sortant,CLI-00785,transfrontalier_sensible,False,aucune
88f4aae4,CLI-00419,2026-03-23 00:00:00,47300.0,depot,,local,False,aucune
7afc4034,CLI-00736,2026-03-23 00:00:00,13500.0,decaissement_credit,,local,False,aucune
9e66a047,CLI-00270,2026-03-23 00:00:00,15300.0,remboursement_credit,,local,False,aucune
137d3dcf,CLI-00046,2026-03-23 00:00:00,49800.0,retrait,,local,False,aucune
6f406bb7,CLI-00246,2026-03-23 00:00:00,209900.0,retrait,,transfrontalier_sensible,False,aucune
4d8e1530,CLI-00736,2026-03-23 00:00:00,210200.0,remboursement_credit,,local,False,aucune
e9c36af7,CLI-00459,2026-03-23 00:00:00,134000.0,depot,,regional_uemoa,False,aucune
92ea40dd,CLI-00507,2026-03-23 00:00:00,63200.0,decaissement_credit,,local,False,aucune
ae65a9ee,CLI-00287,2026-03-23 00:00:00,93700.0,transfert_sortant,CLI-00295,local,False,aucune
5f0b1fd9,CLI-00192,2026-03-24 00:00:00,316100.0,retrait,,local,False,aucune
81b194dd,CLI-00461,2026-03-24 00:00:00,30100.0,retrait,,regional_uemoa,False,aucune
97e34e49,CLI-00135,2026-03-24 00:00:00,303800.0,retrait,,local,False,aucune
7e451066,CLI-00360,2026-03-24 00:00:00,84100.0,transfert_entrant,CLI-00532,local,False,aucune
206a8406,CLI-00540,2026-03-24 00:00:00,25200.0,depot,,local,False,aucune
5c1fe9d8,CLI-00574,2026-03-24 00:00:00,6000.0,transfert_sortant,CLI-00093,local,False,aucune
e020a073,CLI-00212,2026-03-24 00:00:00,67600.0,remboursement_credit,,local,False,aucune
785cefd2,CLI-00555,2026-03-24 00:00:00,98500.0,depot,,local,False,aucune
f94c6aef,CLI-00235,2026-03-24 00:00:00,168900.0,depot,,local,False,aucune
da5a4465,CLI-00538,2026-03-24 00:00:00,67300.0,depot,,local,False,aucune
cebe21b4,CLI-00521,2026-03-24 00:00:00,52500.0,retrait,,local,False,aucune
64198d65,CLI-00446,2026-03-24 00:00:00,13900.0,transfert_entrant,CLI-00565,local,False,aucune
a593d311,CLI-00325,2026-03-24 00:00:00,32700.0,retrait,,local,False,aucune
9067d6eb,CLI-00614,2026-03-24 00:00:00,247600.0,retrait,,local,False,aucune
59ec6796,CLI-00589,2026-03-24 00:00:00,9600.0,depot,,local,False,aucune
9158d9b4,CLI-00552,2026-03-24 00:00:00,49100.0,depot,,local,False,aucune
062d3a08,CLI-00441,2026-03-24 00:00:00,29100.0,retrait,,regional_uemoa,False,aucune
7d58bcba,CLI-00710,2026-03-24 00:00:00,124900.0,transfert_entrant,CLI-00489,local,False,aucune
f9512e2a,CLI-00401,2026-03-24 00:00:00,54700.0,decaissement_credit,,local,False,aucune
1ddf2952,CLI-00752,2026-03-24 00:00:00,87800.0,transfert_sortant,CLI-00497,local,False,aucune
b61011dd,CLI-00312,2026-03-24 00:00:00,58300.0,retrait,,local,False,aucune
33cff483,CLI-00533,2026-03-24 00:00:00,133300.0,decaissement_credit,,local,False,aucune
2a38fd8c,CLI-00484,2026-03-24 00:00:00,86100.0,depot,,local,False,aucune
33908c86,CLI-00503,2026-03-24 00:00:00,62000.0,decaissement_credit,,local,False,aucune
2d017add,CLI-00326,2026-03-24 00:00:00,41600.0,decaissement_credit,,local,False,aucune
847b788f,CLI-00457,2026-03-24 00:00:00,26800.0,retrait,,local,False,aucune
eb148183,CLI-00163,2026-03-24 00:00:00,42900.0,depot,,local,False,aucune
3d267df8,CLI-00598,2026-03-24 00:00:00,1500.0,depot,,local,False,aucune
590af3c2,CLI-00344,2026-03-24 00:00:00,39800.0,remboursement_credit,,local,False,aucune
6c072bfc,CLI-00545,2026-03-24 00:00:00,228500.0,retrait,,regional_uemoa,False,aucune
a64bf44e,CLI-00628,2026-03-24 00:00:00,61500.0,transfert_sortant,CLI-00219,local,False,aucune
3b66c796,CLI-00764,2026-03-24 00:00:00,71700.0,retrait,,regional_uemoa,False,aucune
4ee21b27,CLI-00091,2026-03-24 00:00:00,9600.0,remboursement_credit,,regional_uemoa,False,aucune
3ef34a67,CLI-00422,2026-03-24 00:00:00,477200.0,depot,,local,False,aucune
6f27bd64,CLI-00240,2026-03-24 00:00:00,411500.0,remboursement_credit,,local,False,aucune
83113cae,CLI-00165,2026-03-24 00:00:00,31400.0,transfert_sortant,CLI-00662,local,False,aucune
e3b92404,CLI-00567,2026-03-24 00:00:00,14700.0,retrait,,local,False,aucune
c32ef725,CLI-00125,2026-03-24 00:00:00,147400.0,retrait,,local,False,aucune
46df88a7,CLI-00156,2026-03-24 00:00:00,2800.0,decaissement_credit,,local,False,aucune
cca32f03,CLI-00463,2026-03-24 00:00:00,265700.0,remboursement_credit,,local,False,aucune
a5b50ddb,CLI-00516,2026-03-24 00:00:00,60500.0,transfert_entrant,CLI-00088,regional_uemoa,False,aucune
9666bfae,CLI-00774,2026-03-24 00:00:00,24900.0,transfert_entrant,CLI-00653,local,False,aucune
48cc9ee7,CLI-00509,2026-03-24 00:00:00,44100.0,depot,,local,False,aucune
42910130,CLI-00627,2026-03-24 00:00:00,10800.0,transfert_sortant,CLI-00783,local,False,aucune
25f5031e,CLI-00031,2026-03-24 00:00:00,29100.0,depot,,local,False,aucune
f64a60fe,CLI-00362,2026-03-24 00:00:00,34300.0,remboursement_credit,,local,False,aucune
9cf1ea72,CLI-00609,2026-03-24 00:00:00,10000.0,retrait,,local,False,aucune
21ae6845,CLI-00104,2026-03-24 00:00:00,3400.0,retrait,,local,False,aucune
1e55d189,CLI-00186,2026-03-24 00:00:00,139600.0,remboursement_credit,,local,False,aucune
2d378e83,CLI-00083,2026-03-24 00:00:00,96300.0,transfert_entrant,CLI-00290,local,False,aucune
5da8bb3e,CLI-00151,2026-03-24 00:00:00,47900.0,retrait,,local,False,aucune
8c5af10d,CLI-00152,2026-03-24 00:00:00,45400.0,depot,,local,False,aucune
67cc8a43,CLI-00617,2026-03-25 00:00:00,111300.0,decaissement_credit,,local,False,aucune
91ed8748,CLI-00273,2026-03-25 00:00:00,57800.0,retrait,,regional_uemoa,False,aucune
0b266504,CLI-00526,2026-03-25 00:00:00,67200.0,transfert_entrant,CLI-00649,local,False,aucune
664d885b,CLI-00680,2026-03-25 00:00:00,139700.0,transfert_entrant,CLI-00617,local,False,aucune
fa3e1276,CLI-00656,2026-03-25 00:00:00,26200.0,depot,,local,False,aucune
cc4f1eb0,CLI-00038,2026-03-25 00:00:00,28100.0,remboursement_credit,,local,False,aucune
a2308bde,CLI-00610,2026-03-25 00:00:00,199700.0,decaissement_credit,,local,False,aucune
aa92ddf5,CLI-00009,2026-03-25 00:00:00,22900.0,retrait,,local,False,aucune
861cc59f,CLI-00368,2026-03-25 00:00:00,103300.0,depot,,local,False,aucune
7f0c6271,CLI-00480,2026-03-25 00:00:00,291700.0,remboursement_credit,,local,False,aucune
80653fbf,CLI-00527,2026-03-25 00:00:00,189000.0,decaissement_credit,,local,False,aucune
f3274dd2,CLI-00662,2026-03-25 00:00:00,382200.0,decaissement_credit,,local,False,aucune
84c0c070,CLI-00412,2026-03-25 00:00:00,5700.0,transfert_sortant,CLI-00611,local,False,aucune
52ec7258,CLI-00620,2026-03-25 00:00:00,16000.0,depot,,local,False,aucune
fa5ab350,CLI-00436,2026-03-25 00:00:00,18500.0,transfert_sortant,CLI-00789,local,False,aucune
639d9eaa,CLI-00633,2026-03-25 00:00:00,32200.0,depot,,regional_uemoa,False,aucune
049e4928,CLI-00363,2026-03-25 00:00:00,12100.0,depot,,local,False,aucune
f1df5f94,CLI-00307,2026-03-25 00:00:00,20100.0,remboursement_credit,,local,False,aucune
21835e76,CLI-00063,2026-03-25 00:00:00,107600.0,depot,,local,False,aucune
e5580287,CLI-00602,2026-03-25 00:00:00,15100.0,depot,,local,False,aucune
0aa19ebe,CLI-00374,2026-03-25 00:00:00,213100.0,retrait,,regional_uemoa,False,aucune
b40bcf5a,CLI-00075,2026-03-25 00:00:00,11300.0,remboursement_credit,,local,False,aucune
eb0a21c6,CLI-00133,2026-03-25 00:00:00,134600.0,retrait,,local,False,aucune
813fa593,CLI-00491,2026-03-25 00:00:00,80500.0,retrait,,local,False,aucune
ef888970,CLI-00405,2026-03-25 00:00:00,55600.0,retrait,,local,False,aucune
d58b1b4d,CLI-00716,2026-03-25 00:00:00,20700.0,retrait,,regional_uemoa,False,aucune
06a1fbb4,CLI-00730,2026-03-25 00:00:00,43800.0,remboursement_credit,,transfrontalier_sensible,False,aucune
5358a31b,CLI-00131,2026-03-25 00:00:00,231700.0,remboursement_credit,,transfrontalier_sensible,False,aucune
ec83daa5,CLI-00409,2026-03-25 00:00:00,490400.0,remboursement_credit,,local,False,aucune
f76c5b7a,CLI-00504,2026-03-25 00:00:00,41900.0,remboursement_credit,,local,False,aucune
e7a02a74,CLI-00057,2026-03-25 00:00:00,87600.0,retrait,,local,False,aucune
cfa6615a,CLI-00439,2026-03-25 00:00:00,60400.0,decaissement_credit,,local,False,aucune
59bfa8f9,CLI-00423,2026-03-25 00:00:00,140400.0,transfert_sortant,CLI-00440,local,False,aucune
f20344c5,CLI-00411,2026-03-25 00:00:00,31900.0,decaissement_credit,,local,False,aucune
4e23f9a5,CLI-00716,2026-03-25 00:00:00,37700.0,retrait,,local,False,aucune
c00fe3f4,CLI-00690,2026-03-25 00:00:00,200800.0,retrait,,local,False,aucune
35df58bd,CLI-00298,2026-03-25 00:00:00,135900.0,depot,,local,False,aucune
97d9d294,CLI-00059,2026-03-25 00:00:00,73500.0,depot,,regional_uemoa,False,aucune
36bd5380,CLI-00781,2026-03-25 00:00:00,2100.0,remboursement_credit,,transfrontalier_sensible,False,aucune
6341d370,CLI-00610,2026-03-25 00:00:00,20200.0,remboursement_credit,,local,False,aucune
18a45052,CLI-00027,2026-03-25 00:00:00,65400.0,depot,,local,False,aucune
419cfa2f,CLI-00496,2026-03-25 00:00:00,107400.0,transfert_sortant,CLI-00565,local,False,aucune
97d92c0c,CLI-00433,2026-03-25 00:00:00,20900.0,depot,,regional_uemoa,False,aucune
96ad0bc1,CLI-00485,2026-03-25 00:00:00,67800.0,remboursement_credit,,regional_uemoa,False,aucune
c32ebbb1,CLI-00233,2026-03-25 00:00:00,62300.0,depot,,local,False,aucune
cb16f53c,CLI-00686,2026-03-25 00:00:00,93300.0,depot,,regional_uemoa,False,aucune
794989cd,CLI-00129,2026-03-25 00:00:00,41900.0,retrait,,regional_uemoa,False,aucune
f72e0efb,CLI-00029,2026-03-25 00:00:00,236900.0,depot,,local,False,aucune
25d33fa4,CLI-00214,2026-03-25 00:00:00,7300.0,depot,,local,False,aucune
503be949,CLI-00472,2026-03-25 00:00:00,341500.0,depot,,local,False,aucune
ac4e1b1f,CLI-00473,2026-03-25 00:00:00,48700.0,remboursement_credit,,regional_uemoa,False,aucune
b31140ce,CLI-00144,2026-03-25 00:00:00,25200.0,transfert_entrant,CLI-00364,local,False,aucune
8ef9cc5b,CLI-00732,2026-03-25 00:00:00,3900.0,depot,,local,False,aucune
f09ba10d,CLI-00155,2026-03-25 00:00:00,198500.0,retrait,,local,False,aucune
e270c416,CLI-00114,2026-03-25 00:00:00,46700.0,retrait,,local,False,aucune
10859f6e,CLI-00218,2026-03-25 00:00:00,6900.0,transfert_sortant,CLI-00771,local,False,aucune
42c669aa,CLI-00628,2026-03-25 00:00:00,27000.0,retrait,,local,False,aucune
03561427,CLI-00710,2026-03-25 00:00:00,38700.0,depot,,local,False,aucune
d5c91c4d,CLI-00294,2026-03-25 00:00:00,45700.0,retrait,,local,False,aucune
9a34c4e2,CLI-00464,2026-03-25 00:00:00,312700.0,depot,,local,False,aucune
8be80498,CLI-00451,2026-03-25 00:00:00,40000.0,transfert_sortant,CLI-00706,local,False,aucune
4f71261f,CLI-00542,2026-03-25 00:00:00,333800.0,retrait,,local,False,aucune
ca913d97,CLI-00467,2026-03-25 00:00:00,49400.0,depot,,local,False,aucune
f10ba84e,CLI-00565,2026-03-25 00:00:00,10100.0,transfert_entrant,CLI-00419,local,False,aucune
661b1af3,CLI-00308,2026-03-25 00:00:00,155400.0,depot,,local,False,aucune
86f0ee74,CLI-00162,2026-03-25 00:00:00,598300.0,transfert_entrant,CLI-00788,local,False,aucune
e65f9bbb,CLI-00390,2026-03-25 00:00:00,15100.0,retrait,,local,False,aucune
1455be4a,CLI-00722,2026-03-25 00:00:00,21500.0,depot,,local,False,aucune
6345b7e5,CLI-00393,2026-03-25 00:00:00,8500.0,transfert_entrant,CLI-00546,local,False,aucune
18aef80a,CLI-00460,2026-03-25 00:00:00,79500.0,remboursement_credit,,local,False,aucune
9ab8e472,CLI-00721,2026-03-25 00:00:00,55100.0,retrait,,local,False,aucune
29f20f16,CLI-00624,2026-03-25 00:00:00,163200.0,remboursement_credit,,local,False,aucune
225a610a,CLI-00164,2026-03-25 00:00:00,24100.0,retrait,,local,False,aucune
80508afc,CLI-00618,2026-03-25 00:00:00,44100.0,remboursement_credit,,local,False,aucune
cf184588,CLI-00110,2026-03-25 00:00:00,6500.0,depot,,local,False,aucune
63a4af89,CLI-00046,2026-03-26 00:00:00,37800.0,transfert_sortant,CLI-00688,local,False,aucune
09281f5f,CLI-00164,2026-03-26 00:00:00,21300.0,depot,,regional_uemoa,False,aucune
31669647,CLI-00622,2026-03-26 00:00:00,39400.0,transfert_entrant,CLI-00294,local,False,aucune
1ae2efb0,CLI-00537,2026-03-26 00:00:00,8000.0,transfert_entrant,CLI-00193,local,False,aucune
2fe38379,CLI-00260,2026-03-26 00:00:00,39900.0,retrait,,local,False,aucune
2e42efa0,CLI-00226,2026-03-26 00:00:00,28800.0,depot,,local,False,aucune
44fb4781,CLI-00665,2026-03-26 00:00:00,20800.0,transfert_sortant,CLI-00689,local,False,aucune
f8f7c3d8,CLI-00603,2026-03-26 00:00:00,18800.0,transfert_sortant,CLI-00495,regional_uemoa,False,aucune
95cd52d9,CLI-00283,2026-03-26 00:00:00,52600.0,depot,,regional_uemoa,False,aucune
298ef747,CLI-00110,2026-03-26 00:00:00,249400.0,remboursement_credit,,local,False,aucune
12021cba,CLI-00511,2026-03-26 00:00:00,358200.0,decaissement_credit,,transfrontalier_sensible,False,aucune
5476f4ab,CLI-00731,2026-03-26 00:00:00,58400.0,transfert_entrant,CLI-00188,regional_uemoa,False,aucune
da8481b7,CLI-00540,2026-03-26 00:00:00,19100.0,remboursement_credit,,local,False,aucune
68f8692a,CLI-00222,2026-03-26 00:00:00,28300.0,retrait,,local,False,aucune
0f2e5270,CLI-00464,2026-03-26 00:00:00,95100.0,remboursement_credit,,local,False,aucune
0bf69667,CLI-00427,2026-03-26 00:00:00,20200.0,decaissement_credit,,local,False,aucune
47ca5c51,CLI-00636,2026-03-26 00:00:00,24100.0,transfert_entrant,CLI-00182,regional_uemoa,False,aucune
53539859,CLI-00541,2026-03-26 00:00:00,146900.0,transfert_entrant,CLI-00228,local,False,aucune
595a2c63,CLI-00339,2026-03-26 00:00:00,10600.0,retrait,,local,False,aucune
8876070f,CLI-00213,2026-03-26 00:00:00,44500.0,transfert_entrant,CLI-00361,local,False,aucune
2973ba36,CLI-00541,2026-03-26 00:00:00,10400.0,retrait,,local,False,aucune
f1e13b3d,CLI-00694,2026-03-26 00:00:00,272500.0,transfert_entrant,CLI-00607,local,False,aucune
b7d98534,CLI-00002,2026-03-26 00:00:00,37200.0,retrait,,local,False,aucune
7e9a51b8,CLI-00195,2026-03-26 00:00:00,66000.0,transfert_entrant,CLI-00522,local,False,aucune
aeeffc95,CLI-00114,2026-03-26 00:00:00,628800.0,depot,,regional_uemoa,False,aucune
96bda30a,CLI-00715,2026-03-26 00:00:00,7400.0,transfert_entrant,CLI-00674,local,False,aucune
5c393ec2,CLI-00192,2026-03-26 00:00:00,76000.0,remboursement_credit,,local,False,aucune
d190e6cb,CLI-00281,2026-03-26 00:00:00,198900.0,remboursement_credit,,local,False,aucune
3be369c7,CLI-00208,2026-03-26 00:00:00,108300.0,retrait,,local,False,aucune
575ef767,CLI-00769,2026-03-26 00:00:00,17100.0,depot,,local,False,aucune
22187681,CLI-00741,2026-03-26 00:00:00,197800.0,depot,,local,False,aucune
7459bf47,CLI-00482,2026-03-26 00:00:00,120200.0,retrait,,local,False,aucune
1a9c57bc,CLI-00174,2026-03-26 00:00:00,66000.0,depot,,local,False,aucune
fc802e07,CLI-00548,2026-03-26 00:00:00,41600.0,remboursement_credit,,regional_uemoa,False,aucune
bf0a4b5d,CLI-00633,2026-03-26 00:00:00,67600.0,transfert_sortant,CLI-00277,local,False,aucune
c6bad8ec,CLI-00678,2026-03-26 00:00:00,100400.0,decaissement_credit,,local,False,aucune
aaabf980,CLI-00735,2026-03-26 00:00:00,80500.0,retrait,,transfrontalier_sensible,False,aucune
3971d24b,CLI-00161,2026-03-26 00:00:00,9400.0,remboursement_credit,,local,False,aucune
6508bec7,CLI-00480,2026-03-26 00:00:00,117700.0,transfert_sortant,CLI-00445,local,False,aucune
9b787703,CLI-00776,2026-03-26 00:00:00,12700.0,depot,,local,False,aucune
38326813,CLI-00502,2026-03-26 00:00:00,23400.0,depot,,local,False,aucune
170905e3,CLI-00378,2026-03-26 00:00:00,17300.0,decaissement_credit,,local,False,aucune
a815fa6b,CLI-00588,2026-03-26 00:00:00,22900.0,transfert_sortant,CLI-00253,local,False,aucune
27634d5c,CLI-00204,2026-03-26 00:00:00,30000.0,decaissement_credit,,local,False,aucune
fbf9b4ef,CLI-00527,2026-03-26 00:00:00,170900.0,transfert_entrant,CLI-00481,local,False,aucune
a96c838d,CLI-00516,2026-03-26 00:00:00,5600.0,transfert_sortant,CLI-00799,local,False,aucune
f8319195,CLI-00486,2026-03-26 00:00:00,19700.0,retrait,,local,False,aucune
9b8021c6,CLI-00043,2026-03-26 00:00:00,45900.0,retrait,,local,False,aucune
bc8958fb,CLI-00579,2026-03-26 00:00:00,69700.0,retrait,,local,False,aucune
9ad77b55,CLI-00580,2026-03-26 00:00:00,335100.0,transfert_entrant,CLI-00666,local,False,aucune
af334f39,CLI-00505,2026-03-26 00:00:00,161700.0,transfert_sortant,CLI-00201,local,False,aucune
4043913a,CLI-00702,2026-03-26 00:00:00,17500.0,depot,,local,False,aucune
da397c93,CLI-00269,2026-03-27 00:00:00,138400.0,depot,,local,False,aucune
f2a81266,CLI-00617,2026-03-27 00:00:00,54800.0,transfert_sortant,CLI-00353,local,False,aucune
8d11665a,CLI-00156,2026-03-27 00:00:00,56500.0,retrait,,local,False,aucune
3bc6604a,CLI-00766,2026-03-27 00:00:00,20700.0,retrait,,local,False,aucune
fabf9deb,CLI-00610,2026-03-27 00:00:00,73300.0,transfert_entrant,CLI-00107,regional_uemoa,False,aucune
98611998,CLI-00307,2026-03-27 00:00:00,81800.0,depot,,local,False,aucune
5c05b2fc,CLI-00153,2026-03-27 00:00:00,217200.0,depot,,local,False,aucune
69df3850,CLI-00305,2026-03-27 00:00:00,7200.0,decaissement_credit,,local,False,aucune
085f37eb,CLI-00080,2026-03-27 00:00:00,94100.0,transfert_entrant,CLI-00361,local,False,aucune
40baf1b3,CLI-00219,2026-03-27 00:00:00,45200.0,depot,,local,False,aucune
cbcefcaa,CLI-00452,2026-03-27 00:00:00,98800.0,depot,,local,False,aucune
f2412fc7,CLI-00563,2026-03-27 00:00:00,309800.0,depot,,local,False,aucune
8fc72614,CLI-00246,2026-03-27 00:00:00,61500.0,retrait,,local,False,aucune
43610aad,CLI-00695,2026-03-27 00:00:00,32500.0,depot,,local,False,aucune
8a58bd8a,CLI-00213,2026-03-27 00:00:00,50100.0,transfert_sortant,CLI-00562,local,False,aucune
2b3c5dc8,CLI-00157,2026-03-27 00:00:00,75300.0,depot,,local,False,aucune
9165661b,CLI-00682,2026-03-27 00:00:00,16400.0,depot,,local,False,aucune
e76a9876,CLI-00456,2026-03-27 00:00:00,62800.0,decaissement_credit,,local,False,aucune
7a106b58,CLI-00131,2026-03-27 00:00:00,164700.0,retrait,,local,False,aucune
8f6297f9,CLI-00214,2026-03-27 00:00:00,10600.0,transfert_sortant,CLI-00260,local,False,aucune
4ac431b6,CLI-00794,2026-03-27 00:00:00,100600.0,depot,,transfrontalier_sensible,False,aucune
b472159d,CLI-00547,2026-03-27 00:00:00,19900.0,decaissement_credit,,regional_uemoa,False,aucune
54a15cba,CLI-00258,2026-03-27 00:00:00,10700.0,depot,,local,False,aucune
52c2672c,CLI-00461,2026-03-27 00:00:00,19600.0,transfert_entrant,CLI-00570,regional_uemoa,False,aucune
cf107795,CLI-00160,2026-03-27 00:00:00,5800.0,retrait,,local,False,aucune
daa8c1c8,CLI-00337,2026-03-27 00:00:00,38000.0,retrait,,local,False,aucune
dfed6d98,CLI-00170,2026-03-27 00:00:00,132900.0,transfert_entrant,CLI-00553,local,False,aucune
e058f3c5,CLI-00022,2026-03-27 00:00:00,162900.0,transfert_sortant,CLI-00701,local,False,aucune
ad4141f2,CLI-00581,2026-03-27 00:00:00,19600.0,transfert_entrant,CLI-00300,local,False,aucune
0b879df5,CLI-00277,2026-03-27 00:00:00,95400.0,depot,,regional_uemoa,False,aucune
935cc4e6,CLI-00360,2026-03-27 00:00:00,233000.0,retrait,,regional_uemoa,False,aucune
2fc93239,CLI-00636,2026-03-27 00:00:00,49800.0,remboursement_credit,,local,False,aucune
b24b7d70,CLI-00150,2026-03-27 00:00:00,10600.0,depot,,local,False,aucune
fd4b131d,CLI-00328,2026-03-27 00:00:00,301500.0,decaissement_credit,,local,False,aucune
b0eeb3e8,CLI-00381,2026-03-27 00:00:00,4900.0,transfert_entrant,CLI-00483,local,False,aucune
d8fbbaf0,CLI-00181,2026-03-27 00:00:00,139500.0,transfert_sortant,CLI-00717,local,False,aucune
5abd3ed5,CLI-00658,2026-03-27 00:00:00,69800.0,transfert_sortant,CLI-00178,local,False,aucune
a7136ad7,CLI-00170,2026-03-27 00:00:00,80500.0,depot,,regional_uemoa,False,aucune
bef35aef,CLI-00028,2026-03-27 00:00:00,28400.0,transfert_sortant,CLI-00552,local,False,aucune
039e1425,CLI-00235,2026-03-27 00:00:00,38900.0,depot,,local,False,aucune
90b9543f,CLI-00487,2026-03-27 00:00:00,97900.0,remboursement_credit,,local,False,aucune
91f53238,CLI-00198,2026-03-27 00:00:00,84000.0,transfert_entrant,CLI-00269,local,False,aucune
2508b46a,CLI-00208,2026-03-27 00:00:00,7500.0,transfert_entrant,CLI-00221,local,False,aucune
a474a3cf,CLI-00279,2026-03-27 00:00:00,20300.0,retrait,,local,False,aucune
e01a9963,CLI-00064,2026-03-27 00:00:00,115200.0,transfert_sortant,CLI-00346,local,False,aucune
0ebdb892,CLI-00353,2026-03-27 00:00:00,13400.0,retrait,,local,False,aucune
578365f7,CLI-00182,2026-03-27 00:00:00,53700.0,transfert_sortant,CLI-00139,transfrontalier_sensible,False,aucune
eeb0f778,CLI-00683,2026-03-27 00:00:00,21100.0,depot,,local,False,aucune
4a06f248,CLI-00354,2026-03-27 00:00:00,74900.0,transfert_entrant,CLI-00142,local,False,aucune
ce67d281,CLI-00156,2026-03-28 00:00:00,13200.0,decaissement_credit,,local,False,aucune
4c93406a,CLI-00056,2026-03-28 00:00:00,680500.0,transfert_entrant,CLI-00294,local,False,aucune
491f056f,CLI-00684,2026-03-28 00:00:00,102400.0,retrait,,local,False,aucune
f247ede6,CLI-00271,2026-03-28 00:00:00,53700.0,remboursement_credit,,local,False,aucune
f6f7ee30,CLI-00174,2026-03-28 00:00:00,120400.0,remboursement_credit,,local,False,aucune
c6a3ab7c,CLI-00612,2026-03-28 00:00:00,3097800.0,depot,,local,True,layering
ab305df2,CLI-00387,2026-03-28 00:00:00,39600.0,transfert_entrant,CLI-00146,local,False,aucune
c57dc104,CLI-00670,2026-03-28 00:00:00,221000.0,retrait,,local,False,aucune
3d66e9b7,CLI-00654,2026-03-28 00:00:00,50600.0,transfert_entrant,CLI-00547,local,False,aucune
9510ad3c,CLI-00760,2026-03-28 00:00:00,97600.0,remboursement_credit,,local,False,aucune
785bbed3,CLI-00177,2026-03-28 00:00:00,38200.0,retrait,,local,False,aucune
2f302103,CLI-00218,2026-03-28 00:00:00,23000.0,depot,,local,False,aucune
fe41bcce,CLI-00414,2026-03-28 00:00:00,173000.0,retrait,,local,False,aucune
10a0583f,CLI-00584,2026-03-28 00:00:00,34700.0,retrait,,transfrontalier_sensible,False,aucune
b087595b,CLI-00139,2026-03-28 00:00:00,42600.0,depot,,local,False,aucune
fa50f1d9,CLI-00553,2026-03-28 00:00:00,94800.0,retrait,,regional_uemoa,False,aucune
56cb2bb5,CLI-00684,2026-03-28 00:00:00,60700.0,transfert_entrant,CLI-00602,local,False,aucune
75de5c36,CLI-00616,2026-03-28 00:00:00,117200.0,depot,,local,False,aucune
9b6af854,CLI-00368,2026-03-28 00:00:00,120800.0,retrait,,local,False,aucune
7db3e0e0,CLI-00778,2026-03-28 00:00:00,58300.0,depot,,local,False,aucune
dae4ef3f,CLI-00086,2026-03-28 00:00:00,26300.0,remboursement_credit,,local,False,aucune
9f1368fe,CLI-00056,2026-03-28 00:00:00,367000.0,transfert_sortant,CLI-00402,regional_uemoa,False,aucune
d1db223f,CLI-00765,2026-03-28 00:00:00,6500.0,depot,,local,False,aucune
4020fffd,CLI-00428,2026-03-28 00:00:00,28500.0,depot,,local,False,aucune
381a825b,CLI-00034,2026-03-28 00:00:00,58400.0,depot,,local,False,aucune
4e386ff9,CLI-00564,2026-03-28 00:00:00,16000.0,retrait,,local,False,aucune
945e9bc9,CLI-00053,2026-03-28 00:00:00,113900.0,transfert_sortant,CLI-00267,local,False,aucune
a362d9a4,CLI-00318,2026-03-28 00:00:00,259300.0,depot,,local,False,aucune
15b610ce,CLI-00129,2026-03-28 00:00:00,36500.0,retrait,,local,False,aucune
92e61784,CLI-00797,2026-03-28 00:00:00,45200.0,depot,,local,False,aucune
ff5183c7,CLI-00337,2026-03-28 00:00:00,90300.0,retrait,,local,False,aucune
8c6c45da,CLI-00151,2026-03-28 00:00:00,11800.0,remboursement_credit,,local,False,aucune
8ea464a0,CLI-00424,2026-03-28 00:00:00,34500.0,retrait,,local,False,aucune
bb431fb9,CLI-00151,2026-03-28 00:00:00,26600.0,retrait,,local,False,aucune
b5464fb5,CLI-00667,2026-03-28 00:00:00,173800.0,retrait,,local,False,aucune
9bf6dcef,CLI-00568,2026-03-28 00:00:00,44500.0,retrait,,local,False,aucune
3c0b0173,CLI-00491,2026-03-28 00:00:00,43600.0,transfert_entrant,CLI-00434,local,False,aucune
2c0d5871,CLI-00796,2026-03-28 00:00:00,75900.0,retrait,,local,False,aucune
c2aa6884,CLI-00165,2026-03-28 00:00:00,239100.0,transfert_entrant,CLI-00118,local,False,aucune
841152a1,CLI-00341,2026-03-28 00:00:00,42000.0,depot,,local,False,aucune
3a5e2bf5,CLI-00544,2026-03-28 00:00:00,46500.0,decaissement_credit,,local,False,aucune
bdeb73d1,CLI-00438,2026-03-28 00:00:00,78300.0,transfert_sortant,CLI-00270,local,False,aucune
1fa3d498,CLI-00349,2026-03-28 00:00:00,46100.0,depot,,local,False,aucune
ebcd60c5,CLI-00468,2026-03-28 00:00:00,11600.0,retrait,,local,False,aucune
71e80ea8,CLI-00241,2026-03-28 00:00:00,24100.0,depot,,local,False,aucune
b8c6ed52,CLI-00561,2026-03-28 00:00:00,321600.0,depot,,local,False,aucune
283fd866,CLI-00674,2026-03-28 00:00:00,77300.0,depot,,local,False,aucune
132aecdc,CLI-00324,2026-03-28 00:00:00,198900.0,transfert_sortant,CLI-00458,regional_uemoa,False,aucune
ccbc063e,CLI-00180,2026-03-28 00:00:00,13100.0,depot,,local,False,aucune
0cd604b7,CLI-00364,2026-03-28 00:00:00,25900.0,depot,,local,False,aucune
6066987d,CLI-00733,2026-03-28 00:00:00,27600.0,depot,,regional_uemoa,False,aucune
ddabb03f,CLI-00254,2026-03-28 00:00:00,43300.0,depot,,local,False,aucune
f9af1359,CLI-00321,2026-03-28 00:00:00,152000.0,remboursement_credit,,regional_uemoa,False,aucune
cd7cdb03,CLI-00360,2026-03-28 00:00:00,14600.0,retrait,,local,False,aucune
7d03cb52,CLI-00617,2026-03-28 00:00:00,51000.0,depot,,regional_uemoa,False,aucune
1486c311,CLI-00755,2026-03-29 00:00:00,62000.0,retrait,,local,False,aucune
7756d098,CLI-00327,2026-03-29 00:00:00,24500.0,retrait,,local,False,aucune
3c7f1700,CLI-00318,2026-03-29 00:00:00,27900.0,retrait,,local,False,aucune
80948fc1,CLI-00285,2026-03-29 00:00:00,76900.0,retrait,,local,False,aucune
3f581b72,CLI-00284,2026-03-29 00:00:00,27700.0,depot,,regional_uemoa,False,aucune
d8768a7c,CLI-00397,2026-03-29 00:00:00,84500.0,retrait,,regional_uemoa,False,aucune
eebe33e0,CLI-00366,2026-03-29 00:00:00,299500.0,decaissement_credit,,regional_uemoa,False,aucune
e834dfbd,CLI-00374,2026-03-29 00:00:00,86500.0,remboursement_credit,,local,False,aucune
37e97d00,CLI-00293,2026-03-29 00:00:00,209400.0,retrait,,local,False,aucune
b6f9ebe8,CLI-00039,2026-03-29 00:00:00,37000.0,retrait,,local,False,aucune
c196ea47,CLI-00270,2026-03-29 00:00:00,354600.0,transfert_entrant,CLI-00600,local,False,aucune
fe885ebb,CLI-00086,2026-03-29 00:00:00,1100.0,remboursement_credit,,local,False,aucune
228d767e,CLI-00257,2026-03-29 00:00:00,46500.0,retrait,,local,False,aucune
d2a15963,CLI-00786,2026-03-29 00:00:00,48500.0,depot,,local,False,aucune
959ab7f3,CLI-00641,2026-03-29 00:00:00,61000.0,decaissement_credit,,regional_uemoa,False,aucune
b36f72be,CLI-00051,2026-03-29 00:00:00,27900.0,depot,,local,False,aucune
48cf68fc,CLI-00472,2026-03-29 00:00:00,44700.0,depot,,local,False,aucune
9a0b82ec,CLI-00183,2026-03-29 00:00:00,94200.0,transfert_sortant,CLI-00055,local,False,aucune
9233ac1a,CLI-00706,2026-03-29 00:00:00,6600.0,transfert_entrant,CLI-00547,local,False,aucune
5092d3a5,CLI-00752,2026-03-29 00:00:00,143300.0,decaissement_credit,,local,False,aucune
7c1a40ad,CLI-00611,2026-03-29 00:00:00,4400.0,retrait,,local,False,aucune
c36c4733,CLI-00758,2026-03-29 00:00:00,35200.0,remboursement_credit,,local,False,aucune
688b4eb1,CLI-00235,2026-03-29 00:00:00,154700.0,depot,,local,False,aucune
8c964d4d,CLI-00119,2026-03-29 00:00:00,73400.0,depot,,transfrontalier_sensible,False,aucune
8807038b,CLI-00769,2026-03-29 00:00:00,53600.0,depot,,local,False,aucune
647b0c64,CLI-00686,2026-03-29 00:00:00,9200.0,depot,,local,False,aucune
4f20a84b,CLI-00020,2026-03-29 00:00:00,11300.0,transfert_sortant,CLI-00273,local,False,aucune
5b3fce8c,CLI-00093,2026-03-29 00:00:00,10400.0,retrait,,local,False,aucune
9d03912b,CLI-00155,2026-03-29 00:00:00,84300.0,remboursement_credit,,transfrontalier_sensible,False,aucune
ee939465,CLI-00529,2026-03-29 00:00:00,248200.0,remboursement_credit,,local,False,aucune
560e42c5,CLI-00561,2026-03-29 00:00:00,95700.0,decaissement_credit,,regional_uemoa,False,aucune
3500462e,CLI-00507,2026-03-29 00:00:00,112400.0,retrait,,local,False,aucune
b9cdf12f,CLI-00427,2026-03-29 00:00:00,60400.0,remboursement_credit,,local,False,aucune
880f3072,CLI-00187,2026-03-29 00:00:00,6700.0,remboursement_credit,,regional_uemoa,False,aucune
ca5d399f,CLI-00632,2026-03-29 00:00:00,147200.0,depot,,local,False,aucune
e415e9be,CLI-00074,2026-03-29 00:00:00,167800.0,depot,,local,False,aucune
93d39224,CLI-00503,2026-03-29 00:00:00,11200.0,remboursement_credit,,local,False,aucune
996064a7,CLI-00615,2026-03-29 00:00:00,199200.0,depot,,local,False,aucune
ea909744,CLI-00213,2026-03-29 00:00:00,17000.0,depot,,local,False,aucune
6829f371,CLI-00753,2026-03-29 00:00:00,9300.0,retrait,,local,False,aucune
ae912f20,CLI-00201,2026-03-29 00:00:00,115400.0,retrait,,local,False,aucune
ee5d10fc,CLI-00662,2026-03-29 00:00:00,37300.0,transfert_entrant,CLI-00238,regional_uemoa,False,aucune
19ddacbb,CLI-00645,2026-03-29 00:00:00,10500.0,depot,,local,False,aucune
c84584aa,CLI-00229,2026-03-29 00:00:00,50200.0,depot,,local,False,aucune
0fbe1536,CLI-00602,2026-03-29 00:00:00,148200.0,depot,,local,False,aucune
ae3f307c,CLI-00182,2026-03-29 00:00:00,313700.0,retrait,,local,False,aucune
7c70f576,CLI-00237,2026-03-29 00:00:00,37500.0,depot,,local,False,aucune
057c4b0f,CLI-00014,2026-03-29 00:00:00,21200.0,retrait,,regional_uemoa,False,aucune
f4e1a56b,CLI-00500,2026-03-29 00:00:00,8800.0,decaissement_credit,,local,False,aucune
b18f85d6,CLI-00416,2026-03-29 00:00:00,122700.0,transfert_entrant,CLI-00256,local,False,aucune
1852692e,CLI-00153,2026-03-29 00:00:00,156500.0,remboursement_credit,,local,False,aucune
612c3f55,CLI-00590,2026-03-29 00:00:00,12900.0,retrait,,local,False,aucune
4cbb105e,CLI-00452,2026-03-29 00:00:00,7700.0,transfert_sortant,CLI-00543,regional_uemoa,False,aucune
0bc5ed67,CLI-00637,2026-03-29 00:00:00,21400.0,depot,,local,False,aucune
01340479,CLI-00613,2026-03-29 00:00:00,19700.0,remboursement_credit,,transfrontalier_sensible,False,aucune
19d0930f,CLI-00016,2026-03-29 00:00:00,77600.0,transfert_entrant,CLI-00406,regional_uemoa,False,aucune
df393d63,CLI-00612,2026-03-29 02:00:00,570200.0,transfert_sortant,CLI-00797,local,True,layering
8cebd032,CLI-00612,2026-03-29 05:00:00,507000.0,transfert_sortant,CLI-00685,local,True,layering
62b6f93e,CLI-00612,2026-03-29 07:00:00,615300.0,transfert_sortant,CLI-00637,local,True,layering
b530ede5,CLI-00612,2026-03-29 11:00:00,812000.0,transfert_sortant,CLI-00267,transfrontalier_sensible,True,layering
7023d370,CLI-00612,2026-03-29 12:00:00,568200.0,transfert_sortant,CLI-00770,local,True,layering
ba4bc4f3,CLI-00560,2026-03-30 00:00:00,40200.0,transfert_sortant,CLI-00495,local,False,aucune
2c57fa9b,CLI-00188,2026-03-30 00:00:00,40400.0,depot,,local,False,aucune
f07b4a66,CLI-00709,2026-03-30 00:00:00,11200.0,retrait,,local,False,aucune
c648379c,CLI-00712,2026-03-30 00:00:00,7200.0,transfert_sortant,CLI-00621,local,False,aucune
f1afe008,CLI-00468,2026-03-30 00:00:00,43900.0,decaissement_credit,,local,False,aucune
82ecc98e,CLI-00627,2026-03-30 00:00:00,124500.0,retrait,,local,False,aucune
3ddc1f29,CLI-00369,2026-03-30 00:00:00,6700.0,depot,,local,False,aucune
bb95094d,CLI-00599,2026-03-30 00:00:00,13000.0,depot,,regional_uemoa,False,aucune
d5c24767,CLI-00631,2026-03-30 00:00:00,402200.0,retrait,,local,False,aucune
0d7a204d,CLI-00228,2026-03-30 00:00:00,25500.0,retrait,,regional_uemoa,False,aucune
df4a8ce5,CLI-00377,2026-03-30 00:00:00,10500.0,transfert_sortant,CLI-00404,local,False,aucune
48dc94eb,CLI-00058,2026-03-30 00:00:00,144100.0,depot,,transfrontalier_sensible,False,aucune
537b9693,CLI-00370,2026-03-30 00:00:00,27900.0,transfert_sortant,CLI-00066,local,False,aucune
0d35ce55,CLI-00223,2026-03-30 00:00:00,103100.0,depot,,local,False,aucune
907fed21,CLI-00543,2026-03-30 00:00:00,42600.0,transfert_sortant,CLI-00345,local,False,aucune
c5fb5dc9,CLI-00494,2026-03-30 00:00:00,66600.0,retrait,,local,False,aucune
65af9740,CLI-00164,2026-03-30 00:00:00,41800.0,depot,,regional_uemoa,False,aucune
d0fd39a7,CLI-00255,2026-03-30 00:00:00,43700.0,retrait,,transfrontalier_sensible,False,aucune
9c622382,CLI-00371,2026-03-30 00:00:00,189300.0,retrait,,local,False,aucune
3683a5cb,CLI-00704,2026-03-30 00:00:00,6700.0,depot,,local,False,aucune
5fbade6f,CLI-00265,2026-03-30 00:00:00,23100.0,depot,,local,False,aucune
830624af,CLI-00750,2026-03-30 00:00:00,56000.0,transfert_entrant,CLI-00145,regional_uemoa,False,aucune
fd1f2d7a,CLI-00783,2026-03-30 00:00:00,79600.0,decaissement_credit,,local,False,aucune
6914aa9d,CLI-00346,2026-03-30 00:00:00,86900.0,retrait,,local,False,aucune
d717723a,CLI-00006,2026-03-30 00:00:00,7900.0,retrait,,local,False,aucune
0a728bf5,CLI-00132,2026-03-30 00:00:00,73000.0,retrait,,local,False,aucune
545adf96,CLI-00168,2026-03-30 00:00:00,28500.0,depot,,local,False,aucune
e367a3b6,CLI-00025,2026-03-30 00:00:00,21500.0,retrait,,regional_uemoa,False,aucune
ecf54186,CLI-00183,2026-03-30 00:00:00,184700.0,transfert_sortant,CLI-00346,local,False,aucune
3fa81dfa,CLI-00257,2026-03-30 00:00:00,66200.0,retrait,,local,False,aucune
f70d09dc,CLI-00608,2026-03-30 00:00:00,69500.0,retrait,,regional_uemoa,False,aucune
fbd8ae87,CLI-00317,2026-03-30 00:00:00,141900.0,depot,,local,False,aucune
c2f1c39e,CLI-00279,2026-03-30 00:00:00,194600.0,remboursement_credit,,regional_uemoa,False,aucune
dcdaabd2,CLI-00155,2026-03-30 00:00:00,154700.0,retrait,,local,False,aucune
26c423d5,CLI-00220,2026-03-30 00:00:00,96700.0,retrait,,local,False,aucune
bda55a11,CLI-00528,2026-03-30 00:00:00,121100.0,retrait,,local,False,aucune
d7fa4265,CLI-00328,2026-03-30 00:00:00,68800.0,retrait,,local,False,aucune
c088856a,CLI-00331,2026-03-30 00:00:00,336600.0,transfert_entrant,CLI-00439,local,False,aucune
f2ea04bb,CLI-00615,2026-03-30 00:00:00,267200.0,depot,,local,False,aucune
df32e492,CLI-00515,2026-03-30 00:00:00,98000.0,retrait,,local,False,aucune
7339d613,CLI-00725,2026-03-30 00:00:00,42300.0,depot,,local,False,aucune
af8cb61b,CLI-00657,2026-03-30 00:00:00,120600.0,depot,,local,False,aucune
57500e4a,CLI-00399,2026-03-30 00:00:00,12900.0,depot,,local,False,aucune
29c4fc8a,CLI-00778,2026-03-30 00:00:00,7700.0,depot,,local,False,aucune
5721972d,CLI-00647,2026-03-30 00:00:00,46400.0,depot,,local,False,aucune
cd1e1993,CLI-00241,2026-03-30 00:00:00,99500.0,depot,,local,False,aucune
98e8d929,CLI-00793,2026-03-30 00:00:00,65400.0,transfert_sortant,CLI-00177,local,False,aucune
cc38a8c0,CLI-00728,2026-03-30 00:00:00,55300.0,remboursement_credit,,local,False,aucune
7fb46274,CLI-00780,2026-03-30 00:00:00,112700.0,retrait,,local,False,aucune
46d7ee58,CLI-00704,2026-03-31 00:00:00,36900.0,retrait,,local,False,aucune
6179ca96,CLI-00150,2026-03-31 00:00:00,302300.0,transfert_entrant,CLI-00117,local,False,aucune
0620dce2,CLI-00464,2026-03-31 00:00:00,41200.0,retrait,,local,False,aucune
874778d5,CLI-00391,2026-03-31 00:00:00,58300.0,remboursement_credit,,regional_uemoa,False,aucune
4cd77e43,CLI-00387,2026-03-31 00:00:00,51200.0,retrait,,local,False,aucune
a85ee300,CLI-00390,2026-03-31 00:00:00,97900.0,retrait,,local,False,aucune
8774b620,CLI-00159,2026-03-31 00:00:00,148100.0,decaissement_credit,,local,False,aucune
7b6a7e13,CLI-00143,2026-03-31 00:00:00,195900.0,retrait,,local,False,aucune
e8ff4371,CLI-00146,2026-03-31 00:00:00,87600.0,remboursement_credit,,local,False,aucune
92e1dc59,CLI-00719,2026-03-31 00:00:00,7400.0,depot,,local,False,aucune
b5a9c915,CLI-00223,2026-03-31 00:00:00,61400.0,retrait,,regional_uemoa,False,aucune
07bc78f1,CLI-00206,2026-03-31 00:00:00,35900.0,transfert_entrant,CLI-00696,local,False,aucune
dbbf78f7,CLI-00707,2026-03-31 00:00:00,53700.0,remboursement_credit,,local,False,aucune
c681e1f8,CLI-00652,2026-03-31 00:00:00,4200.0,decaissement_credit,,local,False,aucune
b35bdd55,CLI-00551,2026-03-31 00:00:00,170200.0,retrait,,local,False,aucune
32858da3,CLI-00378,2026-03-31 00:00:00,79400.0,transfert_sortant,CLI-00032,local,False,aucune
4efe5beb,CLI-00067,2026-03-31 00:00:00,259500.0,retrait,,local,False,aucune
b9db54f1,CLI-00396,2026-03-31 00:00:00,11600.0,remboursement_credit,,local,False,aucune
91299eaf,CLI-00084,2026-03-31 00:00:00,218700.0,retrait,,local,False,aucune
3eef6988,CLI-00528,2026-03-31 00:00:00,42700.0,retrait,,local,False,aucune
f81009d5,CLI-00417,2026-03-31 00:00:00,32800.0,retrait,,local,False,aucune
12e24bfc,CLI-00277,2026-03-31 00:00:00,19900.0,retrait,,local,False,aucune
6fbbf087,CLI-00518,2026-03-31 00:00:00,75700.0,transfert_sortant,CLI-00566,local,False,aucune
19a0cb34,CLI-00608,2026-03-31 00:00:00,136200.0,decaissement_credit,,local,False,aucune
19bcc605,CLI-00129,2026-03-31 00:00:00,33600.0,retrait,,regional_uemoa,False,aucune
7d790013,CLI-00129,2026-03-31 00:00:00,45200.0,depot,,local,False,aucune
a3b3a19a,CLI-00504,2026-03-31 00:00:00,184200.0,transfert_entrant,CLI-00620,regional_uemoa,False,aucune
50c1c73b,CLI-00531,2026-03-31 00:00:00,60200.0,retrait,,local,False,aucune
155b1295,CLI-00245,2026-03-31 00:00:00,18300.0,depot,,local,False,aucune
2b8e39f1,CLI-00792,2026-03-31 00:00:00,21100.0,depot,,local,False,aucune
75fa1bd0,CLI-00063,2026-03-31 00:00:00,33400.0,decaissement_credit,,local,False,aucune
53688403,CLI-00631,2026-03-31 00:00:00,57100.0,depot,,regional_uemoa,False,aucune
86d81ace,CLI-00351,2026-03-31 00:00:00,61300.0,depot,,local,False,aucune
4ddb0f13,CLI-00301,2026-03-31 00:00:00,45500.0,remboursement_credit,,regional_uemoa,False,aucune
316dff6e,CLI-00091,2026-03-31 00:00:00,35900.0,depot,,local,False,aucune
3afd7a5b,CLI-00396,2026-03-31 00:00:00,17600.0,decaissement_credit,,local,False,aucune
e2643006,CLI-00545,2026-03-31 00:00:00,14000.0,retrait,,local,False,aucune
850e9c12,CLI-00284,2026-03-31 00:00:00,70500.0,transfert_entrant,CLI-00506,local,False,aucune
18b1f4e3,CLI-00709,2026-03-31 00:00:00,48500.0,remboursement_credit,,local,False,aucune
c0ad5c42,CLI-00132,2026-03-31 00:00:00,30500.0,remboursement_credit,,local,False,aucune
009cd895,CLI-00197,2026-03-31 00:00:00,26600.0,decaissement_credit,,local,False,aucune
a31f3052,CLI-00308,2026-03-31 00:00:00,80600.0,depot,,regional_uemoa,False,aucune
ce67360e,CLI-00768,2026-03-31 00:00:00,54600.0,depot,,local,False,aucune
e210de12,CLI-00117,2026-03-31 00:00:00,7400.0,remboursement_credit,,local,False,aucune
1a91f165,CLI-00252,2026-03-31 00:00:00,122700.0,depot,,local,False,aucune
c2cb07dc,CLI-00062,2026-03-31 00:00:00,83200.0,transfert_entrant,CLI-00109,local,False,aucune
0051fb37,CLI-00357,2026-03-31 00:00:00,21000.0,depot,,regional_uemoa,False,aucune
bab35164,CLI-00361,2026-04-01 00:00:00,80100.0,transfert_sortant,CLI-00644,local,False,aucune
fbbd3159,CLI-00635,2026-04-01 00:00:00,103200.0,decaissement_credit,,local,False,aucune
f2eef4dc,CLI-00152,2026-04-01 00:00:00,4300.0,retrait,,transfrontalier_sensible,False,aucune
7c2680f3,CLI-00178,2026-04-01 00:00:00,14700.0,depot,,local,False,aucune
39c5e3c2,CLI-00337,2026-04-01 00:00:00,18100.0,transfert_sortant,CLI-00236,local,False,aucune
ad436662,CLI-00177,2026-04-01 00:00:00,33900.0,remboursement_credit,,local,False,aucune
ecc68748,CLI-00733,2026-04-01 00:00:00,100900.0,retrait,,local,False,aucune
77975ef0,CLI-00100,2026-04-01 00:00:00,166300.0,decaissement_credit,,local,False,aucune
deb974f0,CLI-00634,2026-04-01 00:00:00,38600.0,retrait,,local,False,aucune
35009230,CLI-00519,2026-04-01 00:00:00,76200.0,transfert_sortant,CLI-00413,local,False,aucune
1910fa83,CLI-00063,2026-04-01 00:00:00,61700.0,retrait,,regional_uemoa,False,aucune
f9e2bc07,CLI-00176,2026-04-01 00:00:00,174700.0,depot,,local,False,aucune
712e6ddc,CLI-00487,2026-04-01 00:00:00,29000.0,depot,,local,False,aucune
a3aa290c,CLI-00377,2026-04-01 00:00:00,43100.0,remboursement_credit,,local,False,aucune
c2fef65a,CLI-00682,2026-04-01 00:00:00,83100.0,retrait,,local,False,aucune
2ab1f17e,CLI-00181,2026-04-01 00:00:00,95400.0,depot,,local,False,aucune
0a08ee3d,CLI-00288,2026-04-01 00:00:00,153100.0,transfert_entrant,CLI-00146,local,False,aucune
3ece1ea1,CLI-00378,2026-04-01 00:00:00,61100.0,retrait,,local,False,aucune
1ec1bd7a,CLI-00058,2026-04-01 00:00:00,32200.0,remboursement_credit,,local,False,aucune
5551c796,CLI-00380,2026-04-01 00:00:00,108500.0,depot,,regional_uemoa,False,aucune
c3bd8e47,CLI-00504,2026-04-01 00:00:00,720800.0,depot,,regional_uemoa,False,aucune
7a3aa02e,CLI-00084,2026-04-01 00:00:00,114600.0,retrait,,local,False,aucune
c59f8621,CLI-00485,2026-04-01 00:00:00,156200.0,depot,,local,False,aucune
aa6b434f,CLI-00511,2026-04-01 00:00:00,38100.0,transfert_sortant,CLI-00639,local,False,aucune
f97bae9b,CLI-00528,2026-04-01 00:00:00,20500.0,transfert_sortant,CLI-00190,local,False,aucune
40886cb2,CLI-00737,2026-04-01 00:00:00,45100.0,remboursement_credit,,local,False,aucune
a77d5d2c,CLI-00714,2026-04-01 00:00:00,71000.0,transfert_sortant,CLI-00695,local,False,aucune
82baf447,CLI-00754,2026-04-01 00:00:00,47300.0,depot,,local,False,aucune
07e1377f,CLI-00379,2026-04-01 00:00:00,21600.0,depot,,local,False,aucune
14cde893,CLI-00213,2026-04-01 00:00:00,26400.0,retrait,,local,False,aucune
88f62e13,CLI-00522,2026-04-01 00:00:00,311500.0,decaissement_credit,,local,False,aucune
551316d5,CLI-00587,2026-04-01 00:00:00,57800.0,depot,,regional_uemoa,False,aucune
dc5acab5,CLI-00604,2026-04-01 00:00:00,190200.0,decaissement_credit,,local,False,aucune
0a52f38b,CLI-00301,2026-04-01 00:00:00,57700.0,retrait,,regional_uemoa,False,aucune
285c73d0,CLI-00395,2026-04-01 00:00:00,10700.0,transfert_entrant,CLI-00127,local,False,aucune
b8ffbf51,CLI-00434,2026-04-01 00:00:00,47800.0,transfert_sortant,CLI-00047,local,False,aucune
10dbd8cf,CLI-00295,2026-04-01 00:00:00,9100.0,depot,,local,False,aucune
8c3543bc,CLI-00724,2026-04-01 00:00:00,7700.0,transfert_sortant,CLI-00584,local,False,aucune
845a494c,CLI-00142,2026-04-01 00:00:00,15000.0,depot,,local,False,aucune
41ef5eae,CLI-00301,2026-04-01 00:00:00,31200.0,transfert_sortant,CLI-00486,local,False,aucune
41f364bc,CLI-00143,2026-04-01 00:00:00,79700.0,retrait,,local,False,aucune
3f3e43fe,CLI-00024,2026-04-01 00:00:00,564700.0,retrait,,local,False,aucune
dbdcb30b,CLI-00787,2026-04-01 00:00:00,206500.0,decaissement_credit,,local,False,aucune
eb5e39df,CLI-00451,2026-04-01 00:00:00,9200.0,transfert_entrant,CLI-00029,local,False,aucune
237dc90d,CLI-00228,2026-04-01 00:00:00,23000.0,depot,,local,False,aucune
c6361536,CLI-00222,2026-04-01 00:00:00,27000.0,decaissement_credit,,local,False,aucune
67214c95,CLI-00088,2026-04-01 00:00:00,84200.0,retrait,,local,False,aucune
cb853c1b,CLI-00688,2026-04-01 00:00:00,52500.0,retrait,,local,False,aucune
0db41f94,CLI-00445,2026-04-01 00:00:00,118500.0,transfert_sortant,CLI-00719,regional_uemoa,False,aucune
5e48e2c5,CLI-00088,2026-04-01 00:00:00,33300.0,depot,,local,False,aucune
364c4a9c,CLI-00221,2026-04-01 00:00:00,28600.0,depot,,local,False,aucune
01c4d669,CLI-00657,2026-04-01 00:00:00,31400.0,remboursement_credit,,local,False,aucune
6c2ee398,CLI-00449,2026-04-01 00:00:00,53200.0,retrait,,local,False,aucune
70bf645d,CLI-00619,2026-04-01 00:00:00,8200.0,remboursement_credit,,regional_uemoa,False,aucune
0396524b,CLI-00758,2026-04-01 00:00:00,24300.0,retrait,,local,False,aucune
b565484e,CLI-00409,2026-04-01 00:00:00,30100.0,transfert_sortant,CLI-00031,local,False,aucune
640966c6,CLI-00410,2026-04-01 00:00:00,19800.0,remboursement_credit,,local,False,aucune
1f8c4959,CLI-00421,2026-04-01 00:00:00,47700.0,remboursement_credit,,local,False,aucune
7c63fc7c,CLI-00217,2026-04-01 00:00:00,9100.0,transfert_sortant,CLI-00150,regional_uemoa,False,aucune
b3234b79,CLI-00304,2026-04-01 00:00:00,226600.0,depot,,local,False,aucune
f5120aed,CLI-00659,2026-04-01 00:00:00,72900.0,transfert_entrant,CLI-00794,local,False,aucune
7d9e0635,CLI-00613,2026-04-01 00:00:00,52800.0,retrait,,local,False,aucune
08c48a7d,CLI-00608,2026-04-01 00:00:00,6700.0,retrait,,local,False,aucune
55784ef9,CLI-00012,2026-04-01 00:00:00,32100.0,retrait,,local,False,aucune
ef8c4071,CLI-00462,2026-04-01 00:00:00,78800.0,retrait,,regional_uemoa,False,aucune
b1cdadcc,CLI-00199,2026-04-02 00:00:00,139700.0,depot,,transfrontalier_sensible,False,aucune
06b98be2,CLI-00373,2026-04-02 00:00:00,19000.0,transfert_sortant,CLI-00331,local,False,aucune
ee13700b,CLI-00247,2026-04-02 00:00:00,32300.0,retrait,,local,False,aucune
d1e6ec02,CLI-00246,2026-04-02 00:00:00,67700.0,depot,,local,False,aucune
0ac87549,CLI-00617,2026-04-02 00:00:00,46300.0,transfert_entrant,CLI-00749,local,False,aucune
8bb6224b,CLI-00197,2026-04-02 00:00:00,96800.0,retrait,,local,False,aucune
12699bae,CLI-00164,2026-04-02 00:00:00,18300.0,transfert_sortant,CLI-00233,local,False,aucune
0db171a1,CLI-00622,2026-04-02 00:00:00,11500.0,transfert_entrant,CLI-00347,local,False,aucune
321c5592,CLI-00324,2026-04-02 00:00:00,9900.0,decaissement_credit,,local,False,aucune
0651e8a2,CLI-00096,2026-04-02 00:00:00,21700.0,depot,,local,False,aucune
81047318,CLI-00317,2026-04-02 00:00:00,38400.0,remboursement_credit,,local,False,aucune
aea273c9,CLI-00498,2026-04-02 00:00:00,10400.0,depot,,local,False,aucune
dedfda7a,CLI-00692,2026-04-02 00:00:00,61800.0,decaissement_credit,,local,False,aucune
24483123,CLI-00278,2026-04-02 00:00:00,52200.0,depot,,local,False,aucune
b3305887,CLI-00599,2026-04-02 00:00:00,13900.0,transfert_sortant,CLI-00369,local,False,aucune
997b9a36,CLI-00541,2026-04-02 00:00:00,7500.0,remboursement_credit,,local,False,aucune
ceb429d5,CLI-00601,2026-04-02 00:00:00,55700.0,retrait,,local,False,aucune
abf5e45e,CLI-00695,2026-04-02 00:00:00,57100.0,remboursement_credit,,local,False,aucune
143053b2,CLI-00320,2026-04-02 00:00:00,78400.0,transfert_entrant,CLI-00216,local,False,aucune
b46a1b14,CLI-00407,2026-04-02 00:00:00,274800.0,retrait,,local,False,aucune
b3fa05b0,CLI-00192,2026-04-02 00:00:00,209500.0,transfert_sortant,CLI-00655,local,False,aucune
79c22c35,CLI-00314,2026-04-02 00:00:00,48700.0,retrait,,local,False,aucune
2b36b5fb,CLI-00641,2026-04-02 00:00:00,19700.0,transfert_entrant,CLI-00067,local,False,aucune
f11b4e04,CLI-00404,2026-04-02 00:00:00,110100.0,transfert_sortant,CLI-00134,local,False,aucune
95b1ec6b,CLI-00667,2026-04-02 00:00:00,61100.0,depot,,local,False,aucune
d7a75a79,CLI-00268,2026-04-02 00:00:00,5000.0,retrait,,regional_uemoa,False,aucune
0a98651f,CLI-00082,2026-04-02 00:00:00,15100.0,depot,,local,False,aucune
3c8b8dce,CLI-00277,2026-04-02 00:00:00,112600.0,retrait,,local,False,aucune
d9a18ef2,CLI-00590,2026-04-02 00:00:00,76900.0,remboursement_credit,,regional_uemoa,False,aucune
85559e11,CLI-00474,2026-04-02 00:00:00,226000.0,retrait,,local,False,aucune
beef117a,CLI-00144,2026-04-02 00:00:00,11200.0,transfert_entrant,CLI-00280,local,False,aucune
f4bae8dc,CLI-00549,2026-04-02 00:00:00,229800.0,depot,,local,False,aucune
4013cde0,CLI-00001,2026-04-02 00:00:00,370500.0,retrait,,local,False,aucune
4d7f2f01,CLI-00154,2026-04-02 00:00:00,120300.0,depot,,regional_uemoa,False,aucune
f4e8e36b,CLI-00628,2026-04-02 00:00:00,107700.0,remboursement_credit,,local,False,aucune
d4b60528,CLI-00294,2026-04-02 00:00:00,211300.0,depot,,local,False,aucune
cf727a1c,CLI-00211,2026-04-02 00:00:00,242000.0,transfert_sortant,CLI-00159,local,False,aucune
b0e64785,CLI-00746,2026-04-02 00:00:00,56800.0,retrait,,local,False,aucune
1a07c981,CLI-00561,2026-04-02 00:00:00,88700.0,decaissement_credit,,local,False,aucune
72645456,CLI-00452,2026-04-02 00:00:00,18700.0,retrait,,local,False,aucune
06523a90,CLI-00363,2026-04-03 00:00:00,23000.0,depot,,local,False,aucune
e182168f,CLI-00509,2026-04-03 00:00:00,5500.0,retrait,,local,False,aucune
ef7d413d,CLI-00508,2026-04-03 00:00:00,78700.0,depot,,regional_uemoa,False,aucune
c0fbbec5,CLI-00071,2026-04-03 00:00:00,175800.0,remboursement_credit,,transfrontalier_sensible,False,aucune
96a76bcc,CLI-00353,2026-04-03 00:00:00,5600.0,depot,,regional_uemoa,False,aucune
dd46f22d,CLI-00189,2026-04-03 00:00:00,77500.0,remboursement_credit,,local,False,aucune
c0ff689b,CLI-00657,2026-04-03 00:00:00,604500.0,depot,,local,False,aucune
54738746,CLI-00041,2026-04-03 00:00:00,5900.0,depot,,local,False,aucune
4c7e65f0,CLI-00271,2026-04-03 00:00:00,35500.0,depot,,local,False,aucune
f9fe183f,CLI-00531,2026-04-03 00:00:00,104400.0,depot,,local,False,aucune
e9ef6999,CLI-00621,2026-04-03 00:00:00,56500.0,retrait,,local,False,aucune
8f6adb7e,CLI-00784,2026-04-03 00:00:00,170900.0,depot,,regional_uemoa,False,aucune
f859be85,CLI-00532,2026-04-03 00:00:00,240900.0,remboursement_credit,,local,False,aucune
b96ff34a,CLI-00354,2026-04-03 00:00:00,60200.0,retrait,,local,False,aucune
1f9d305d,CLI-00711,2026-04-03 00:00:00,71100.0,transfert_entrant,CLI-00251,local,False,aucune
fb29631f,CLI-00339,2026-04-03 00:00:00,27200.0,retrait,,regional_uemoa,False,aucune
7dba1c65,CLI-00469,2026-04-03 00:00:00,140400.0,depot,,local,False,aucune
d39baafc,CLI-00307,2026-04-03 00:00:00,55300.0,remboursement_credit,,local,False,aucune
0fd03624,CLI-00213,2026-04-03 00:00:00,148400.0,transfert_sortant,CLI-00045,local,False,aucune
cdb0d68e,CLI-00627,2026-04-03 00:00:00,104100.0,retrait,,local,False,aucune
e4db4039,CLI-00615,2026-04-03 00:00:00,115100.0,transfert_sortant,CLI-00744,local,False,aucune
6880a4f8,CLI-00181,2026-04-03 00:00:00,30800.0,depot,,local,False,aucune
4c326458,CLI-00243,2026-04-03 00:00:00,88700.0,transfert_entrant,CLI-00538,local,False,aucune
1f9553a5,CLI-00572,2026-04-03 00:00:00,43400.0,depot,,local,False,aucune
9800e781,CLI-00573,2026-04-03 00:00:00,26500.0,depot,,local,False,aucune
a062c116,CLI-00527,2026-04-03 00:00:00,107000.0,retrait,,local,False,aucune
625324cb,CLI-00237,2026-04-03 00:00:00,12800.0,depot,,local,False,aucune
3f6684f1,CLI-00465,2026-04-03 00:00:00,20700.0,transfert_sortant,CLI-00796,transfrontalier_sensible,False,aucune
9969e9d4,CLI-00357,2026-04-03 00:00:00,152600.0,transfert_sortant,CLI-00069,local,False,aucune
74bad98c,CLI-00409,2026-04-03 00:00:00,53400.0,remboursement_credit,,regional_uemoa,False,aucune
ff209d18,CLI-00578,2026-04-03 00:00:00,162600.0,depot,,local,False,aucune
23220525,CLI-00612,2026-04-03 00:00:00,19700.0,transfert_sortant,CLI-00132,local,False,aucune
2ca623c4,CLI-00176,2026-04-03 00:00:00,20900.0,retrait,,local,False,aucune
7dab81e4,CLI-00026,2026-04-03 00:00:00,412100.0,transfert_sortant,CLI-00526,transfrontalier_sensible,False,aucune
54a1126e,CLI-00218,2026-04-03 00:00:00,224900.0,retrait,,local,False,aucune
d185a69f,CLI-00238,2026-04-03 00:00:00,51900.0,retrait,,regional_uemoa,False,aucune
2ba2e66a,CLI-00043,2026-04-03 00:00:00,663600.0,depot,,local,False,aucune
8e5a0621,CLI-00575,2026-04-03 00:00:00,48500.0,depot,,local,False,aucune
8094663f,CLI-00715,2026-04-03 00:00:00,115200.0,depot,,local,False,aucune
2c1144e0,CLI-00565,2026-04-03 00:00:00,106200.0,retrait,,local,False,aucune
a9de929c,CLI-00789,2026-04-03 00:00:00,11700.0,depot,,local,False,aucune
f28f0ac7,CLI-00195,2026-04-03 00:00:00,349100.0,retrait,,local,False,aucune
ef2eb215,CLI-00596,2026-04-03 00:00:00,64600.0,depot,,local,False,aucune
5c0c04e5,CLI-00571,2026-04-03 00:00:00,50800.0,depot,,local,False,aucune
a49e4ef4,CLI-00197,2026-04-03 00:00:00,3100.0,remboursement_credit,,local,False,aucune
0f9e2328,CLI-00205,2026-04-03 00:00:00,8800.0,remboursement_credit,,local,False,aucune
7dd448f4,CLI-00158,2026-04-03 00:00:00,42700.0,transfert_sortant,CLI-00742,local,False,aucune
7136be3f,CLI-00629,2026-04-03 00:00:00,32100.0,decaissement_credit,,regional_uemoa,False,aucune
c107c26a,CLI-00137,2026-04-03 00:00:00,424600.0,transfert_sortant,CLI-00151,regional_uemoa,False,aucune
c9f01985,CLI-00041,2026-04-03 00:00:00,250400.0,remboursement_credit,,local,False,aucune
d99bb375,CLI-00493,2026-04-03 00:00:00,9600.0,remboursement_credit,,local,False,aucune
be70519d,CLI-00552,2026-04-03 00:00:00,18100.0,retrait,,local,False,aucune
1af71891,CLI-00077,2026-04-03 00:00:00,41200.0,depot,,local,False,aucune
c0294241,CLI-00349,2026-04-03 00:00:00,212800.0,remboursement_credit,,local,False,aucune
759a20bd,CLI-00592,2026-04-03 00:00:00,32300.0,transfert_entrant,CLI-00037,local,False,aucune
396a56f4,CLI-00163,2026-04-03 00:00:00,37200.0,remboursement_credit,,local,False,aucune
424e6d80,CLI-00375,2026-04-03 00:00:00,89200.0,decaissement_credit,,local,False,aucune
935ddf12,CLI-00265,2026-04-03 00:00:00,120100.0,depot,,local,False,aucune
5f628c40,CLI-00139,2026-04-03 00:00:00,100900.0,decaissement_credit,,regional_uemoa,False,aucune
d09a0bb8,CLI-00594,2026-04-03 00:00:00,22700.0,transfert_sortant,CLI-00434,local,False,aucune
a985e491,CLI-00555,2026-04-03 00:00:00,124900.0,remboursement_credit,,regional_uemoa,False,aucune
15f1eaaf,CLI-00482,2026-04-03 00:00:00,20800.0,retrait,,local,False,aucune
26d94cf7,CLI-00744,2026-04-03 00:00:00,1900.0,transfert_entrant,CLI-00263,local,False,aucune
90fa485c,CLI-00232,2026-04-03 00:00:00,42000.0,transfert_entrant,CLI-00353,local,False,aucune
e5d05f09,CLI-00036,2026-04-03 00:00:00,11300.0,depot,,local,False,aucune
5cba490f,CLI-00232,2026-04-03 00:00:00,98800.0,depot,,local,False,aucune
689dd39a,CLI-00536,2026-04-03 00:00:00,20700.0,decaissement_credit,,local,False,aucune
dfabe844,CLI-00538,2026-04-03 00:00:00,3100.0,transfert_entrant,CLI-00069,transfrontalier_sensible,False,aucune
7f1972f2,CLI-00749,2026-04-03 00:00:00,25300.0,depot,,local,False,aucune
c3c29f30,CLI-00498,2026-04-03 00:00:00,178900.0,decaissement_credit,,local,False,aucune
b5875b46,CLI-00596,2026-04-03 00:00:00,21600.0,depot,,local,False,aucune
3d355223,CLI-00399,2026-04-03 00:00:00,132500.0,depot,,regional_uemoa,False,aucune
7081706d,CLI-00632,2026-04-04 00:00:00,19600.0,transfert_sortant,CLI-00614,local,False,aucune
553d5556,CLI-00350,2026-04-04 00:00:00,33400.0,decaissement_credit,,local,False,aucune
fd5f44ac,CLI-00549,2026-04-04 00:00:00,72600.0,transfert_sortant,CLI-00178,local,False,aucune
ff2d9e6d,CLI-00621,2026-04-04 00:00:00,32800.0,depot,,local,False,aucune
fb926651,CLI-00310,2026-04-04 00:00:00,25200.0,transfert_entrant,CLI-00644,local,False,aucune
963e2d11,CLI-00307,2026-04-04 00:00:00,74600.0,remboursement_credit,,regional_uemoa,False,aucune
fea2cbf6,CLI-00743,2026-04-04 00:00:00,222900.0,retrait,,regional_uemoa,False,aucune
92f78656,CLI-00567,2026-04-04 00:00:00,126500.0,remboursement_credit,,local,False,aucune
a3eb14dc,CLI-00041,2026-04-04 00:00:00,2500.0,retrait,,regional_uemoa,False,aucune
230a1d81,CLI-00150,2026-04-04 00:00:00,24000.0,decaissement_credit,,local,False,aucune
78304c1a,CLI-00614,2026-04-04 00:00:00,16300.0,remboursement_credit,,local,False,aucune
92aa4a18,CLI-00074,2026-04-04 00:00:00,27800.0,transfert_entrant,CLI-00576,local,False,aucune
b51dd4a1,CLI-00128,2026-04-04 00:00:00,158800.0,depot,,regional_uemoa,False,aucune
5783c064,CLI-00297,2026-04-04 00:00:00,38300.0,decaissement_credit,,local,False,aucune
5f4d40b9,CLI-00699,2026-04-04 00:00:00,15800.0,transfert_entrant,CLI-00631,local,False,aucune
013faa68,CLI-00622,2026-04-04 00:00:00,69800.0,depot,,local,False,aucune
09a89fd6,CLI-00346,2026-04-04 00:00:00,17900.0,retrait,,regional_uemoa,False,aucune
aa5d6dfe,CLI-00327,2026-04-04 00:00:00,13500.0,depot,,local,False,aucune
7325b6db,CLI-00341,2026-04-04 00:00:00,68100.0,transfert_sortant,CLI-00226,local,False,aucune
4e29b3f4,CLI-00316,2026-04-04 00:00:00,55600.0,depot,,local,False,aucune
1cf2f7e2,CLI-00160,2026-04-04 00:00:00,22700.0,transfert_entrant,CLI-00149,local,False,aucune
09840fd3,CLI-00153,2026-04-04 00:00:00,5000.0,retrait,,transfrontalier_sensible,False,aucune
2b7bca3b,CLI-00132,2026-04-04 00:00:00,23900.0,depot,,regional_uemoa,False,aucune
d1bfe2ec,CLI-00284,2026-04-04 00:00:00,68400.0,transfert_sortant,CLI-00422,local,False,aucune
32bdcf30,CLI-00141,2026-04-04 00:00:00,58100.0,retrait,,local,False,aucune
590df1a6,CLI-00165,2026-04-04 00:00:00,15000.0,decaissement_credit,,local,False,aucune
4c4cf821,CLI-00767,2026-04-04 00:00:00,51300.0,retrait,,local,False,aucune
cceab71a,CLI-00355,2026-04-04 00:00:00,122900.0,transfert_entrant,CLI-00588,local,False,aucune
b815afe6,CLI-00127,2026-04-04 00:00:00,2500.0,retrait,,local,False,aucune
fc3cf687,CLI-00589,2026-04-04 00:00:00,148400.0,transfert_entrant,CLI-00447,regional_uemoa,False,aucune
ffdd5aed,CLI-00328,2026-04-04 00:00:00,3700.0,transfert_entrant,CLI-00746,local,False,aucune
060a0eae,CLI-00531,2026-04-04 00:00:00,13600.0,remboursement_credit,,local,False,aucune
6119456d,CLI-00651,2026-04-04 00:00:00,124300.0,retrait,,transfrontalier_sensible,False,aucune
6e842d0c,CLI-00240,2026-04-04 00:00:00,18400.0,retrait,,regional_uemoa,False,aucune
4d729a56,CLI-00639,2026-04-04 00:00:00,22600.0,retrait,,local,False,aucune
30fae56f,CLI-00220,2026-04-04 00:00:00,20000.0,remboursement_credit,,local,False,aucune
f66e954b,CLI-00366,2026-04-04 00:00:00,5600.0,depot,,local,False,aucune
5c23fb3f,CLI-00647,2026-04-04 00:00:00,106600.0,transfert_entrant,CLI-00638,local,False,aucune
4b84c30d,CLI-00249,2026-04-04 00:00:00,163200.0,remboursement_credit,,local,False,aucune
a6339cd5,CLI-00381,2026-04-04 00:00:00,490900.0,remboursement_credit,,local,False,aucune
fea3d108,CLI-00381,2026-04-04 00:00:00,32500.0,retrait,,transfrontalier_sensible,False,aucune
21209ad3,CLI-00208,2026-04-04 00:00:00,10300.0,retrait,,local,False,aucune
991e7ff1,CLI-00013,2026-04-04 00:00:00,98600.0,decaissement_credit,,local,False,aucune
16bd3e64,CLI-00094,2026-04-04 00:00:00,77200.0,depot,,local,False,aucune
d5d8c088,CLI-00668,2026-04-04 00:00:00,145800.0,depot,,local,False,aucune
6fa225cf,CLI-00761,2026-04-04 00:00:00,10100.0,transfert_sortant,CLI-00649,local,False,aucune
4d66304e,CLI-00368,2026-04-04 00:00:00,55100.0,transfert_entrant,CLI-00128,local,False,aucune
45cf475f,CLI-00077,2026-04-04 00:00:00,45300.0,retrait,,regional_uemoa,False,aucune
c1028e0b,CLI-00056,2026-04-04 00:00:00,25500.0,depot,,local,False,aucune
32a55759,CLI-00447,2026-04-04 00:00:00,54000.0,transfert_sortant,CLI-00397,local,False,aucune
55691652,CLI-00759,2026-04-04 00:00:00,19900.0,depot,,transfrontalier_sensible,False,aucune
5ce6e9de,CLI-00495,2026-04-04 00:00:00,104900.0,retrait,,local,False,aucune
c7aada27,CLI-00487,2026-04-04 00:00:00,99500.0,remboursement_credit,,local,False,aucune
078d9135,CLI-00443,2026-04-04 00:00:00,54700.0,retrait,,local,False,aucune
55087ba5,CLI-00660,2026-04-04 00:00:00,22900.0,decaissement_credit,,local,False,aucune
6e12905a,CLI-00660,2026-04-04 00:00:00,57300.0,depot,,local,False,aucune
24132c06,CLI-00488,2026-04-04 00:00:00,7400.0,transfert_entrant,CLI-00634,local,False,aucune
de279691,CLI-00412,2026-04-04 00:00:00,146100.0,retrait,,local,False,aucune
2d523052,CLI-00275,2026-04-04 00:00:00,13300.0,transfert_entrant,CLI-00163,local,False,aucune
abcc9041,CLI-00413,2026-04-04 00:00:00,324400.0,depot,,local,False,aucune
3f52e717,CLI-00714,2026-04-04 00:00:00,49300.0,transfert_sortant,CLI-00151,local,False,aucune
bfe82176,CLI-00740,2026-04-05 00:00:00,29300.0,remboursement_credit,,local,False,aucune
998dc70b,CLI-00590,2026-04-05 00:00:00,3800.0,transfert_sortant,CLI-00418,transfrontalier_sensible,False,aucune
05e7bff1,CLI-00625,2026-04-05 00:00:00,45800.0,retrait,,local,False,aucune
090de7f2,CLI-00183,2026-04-05 00:00:00,19700.0,retrait,,local,False,aucune
bd2007ef,CLI-00534,2026-04-05 00:00:00,46700.0,transfert_sortant,CLI-00544,local,False,aucune
e508e4b1,CLI-00432,2026-04-05 00:00:00,70300.0,depot,,regional_uemoa,False,aucune
2b5cf1da,CLI-00051,2026-04-05 00:00:00,18900.0,remboursement_credit,,local,False,aucune
0d14525f,CLI-00787,2026-04-05 00:00:00,44400.0,retrait,,local,False,aucune
e27b198c,CLI-00583,2026-04-05 00:00:00,3900.0,transfert_entrant,CLI-00104,regional_uemoa,False,aucune
a5d4b812,CLI-00603,2026-04-05 00:00:00,39500.0,transfert_entrant,CLI-00155,local,False,aucune
29765fff,CLI-00764,2026-04-05 00:00:00,210400.0,remboursement_credit,,local,False,aucune
3694fd01,CLI-00282,2026-04-05 00:00:00,15100.0,remboursement_credit,,local,False,aucune
a164b75b,CLI-00524,2026-04-05 00:00:00,23800.0,retrait,,local,False,aucune
3c8c02d3,CLI-00475,2026-04-05 00:00:00,8600.0,transfert_entrant,CLI-00023,local,False,aucune
20616192,CLI-00761,2026-04-05 00:00:00,16600.0,decaissement_credit,,local,False,aucune
1116a083,CLI-00003,2026-04-05 00:00:00,56000.0,retrait,,local,False,aucune
df24a1f0,CLI-00781,2026-04-05 00:00:00,48000.0,depot,,local,False,aucune
7001e666,CLI-00065,2026-04-05 00:00:00,23100.0,retrait,,local,False,aucune
dc5530bd,CLI-00549,2026-04-05 00:00:00,34400.0,depot,,local,False,aucune
a90e5671,CLI-00484,2026-04-05 00:00:00,1749100.0,depot,,local,False,aucune
abf03767,CLI-00522,2026-04-05 00:00:00,128700.0,transfert_entrant,CLI-00619,local,False,aucune
e54a8877,CLI-00371,2026-04-05 00:00:00,98500.0,remboursement_credit,,local,False,aucune
0a713ad1,CLI-00717,2026-04-05 00:00:00,10800.0,depot,,transfrontalier_sensible,False,aucune
f5196e90,CLI-00325,2026-04-05 00:00:00,15500.0,remboursement_credit,,local,False,aucune
3ef8f21b,CLI-00202,2026-04-05 00:00:00,17400.0,retrait,,regional_uemoa,False,aucune
0aa0026e,CLI-00010,2026-04-05 00:00:00,28600.0,depot,,regional_uemoa,False,aucune
5e73452a,CLI-00703,2026-04-05 00:00:00,56200.0,retrait,,local,False,aucune
413719e5,CLI-00685,2026-04-05 00:00:00,7600.0,decaissement_credit,,regional_uemoa,False,aucune
232217c9,CLI-00302,2026-04-05 00:00:00,6500.0,depot,,local,False,aucune
fc333e5f,CLI-00628,2026-04-05 00:00:00,46600.0,transfert_sortant,CLI-00146,local,False,aucune
c2591503,CLI-00676,2026-04-05 00:00:00,66500.0,transfert_entrant,CLI-00187,local,False,aucune
15f34534,CLI-00467,2026-04-05 00:00:00,17300.0,depot,,local,False,aucune
15a16ec1,CLI-00610,2026-04-05 00:00:00,92700.0,retrait,,local,False,aucune
98c33332,CLI-00471,2026-04-05 00:00:00,79500.0,depot,,local,False,aucune
c452be54,CLI-00609,2026-04-05 00:00:00,21700.0,depot,,local,False,aucune
f93b354b,CLI-00073,2026-04-05 00:00:00,10700.0,retrait,,transfrontalier_sensible,False,aucune
80f16a3d,CLI-00386,2026-04-05 00:00:00,57000.0,depot,,regional_uemoa,False,aucune
d64d64df,CLI-00588,2026-04-05 00:00:00,51700.0,retrait,,local,False,aucune
2e622acc,CLI-00462,2026-04-05 00:00:00,29500.0,retrait,,local,False,aucune
7e29d70f,CLI-00576,2026-04-05 00:00:00,12800.0,decaissement_credit,,local,False,aucune
d9efceeb,CLI-00409,2026-04-05 00:00:00,13800.0,remboursement_credit,,local,False,aucune
9af98b07,CLI-00735,2026-04-06 00:00:00,254400.0,transfert_sortant,CLI-00321,local,False,aucune
1ab3fd97,CLI-00295,2026-04-06 00:00:00,53200.0,retrait,,local,False,aucune
c3813dd4,CLI-00336,2026-04-06 00:00:00,22400.0,depot,,local,False,aucune
6d9b332e,CLI-00689,2026-04-06 00:00:00,39900.0,depot,,regional_uemoa,False,aucune
c06c5ad2,CLI-00227,2026-04-06 00:00:00,14600.0,transfert_sortant,CLI-00303,local,False,aucune
79bff771,CLI-00054,2026-04-06 00:00:00,4000.0,depot,,regional_uemoa,False,aucune
2563d2a8,CLI-00582,2026-04-06 00:00:00,1025500.0,transfert_sortant,CLI-00248,regional_uemoa,False,aucune
5ce32101,CLI-00067,2026-04-06 00:00:00,83300.0,retrait,,local,False,aucune
d7909002,CLI-00143,2026-04-06 00:00:00,42800.0,transfert_sortant,CLI-00179,regional_uemoa,False,aucune
432c5af3,CLI-00012,2026-04-06 00:00:00,45500.0,depot,,local,False,aucune
175a571e,CLI-00298,2026-04-06 00:00:00,37600.0,depot,,transfrontalier_sensible,False,aucune
e7acead2,CLI-00346,2026-04-06 00:00:00,9500.0,retrait,,local,False,aucune
9debf1f8,CLI-00732,2026-04-06 00:00:00,105000.0,transfert_sortant,CLI-00766,local,False,aucune
abbe6807,CLI-00383,2026-04-06 00:00:00,78600.0,decaissement_credit,,local,False,aucune
088f29e7,CLI-00341,2026-04-06 00:00:00,23500.0,retrait,,local,False,aucune
aaa56f43,CLI-00224,2026-04-06 00:00:00,81500.0,remboursement_credit,,local,False,aucune
40063513,CLI-00479,2026-04-06 00:00:00,162300.0,depot,,local,False,aucune
2b237536,CLI-00588,2026-04-06 00:00:00,71200.0,transfert_sortant,CLI-00011,local,False,aucune
372aa517,CLI-00702,2026-04-06 00:00:00,9500.0,decaissement_credit,,local,False,aucune
30fc1d98,CLI-00621,2026-04-06 00:00:00,69000.0,depot,,local,False,aucune
94d93cea,CLI-00381,2026-04-06 00:00:00,11700.0,transfert_sortant,CLI-00749,local,False,aucune
d042d5bf,CLI-00788,2026-04-06 00:00:00,23400.0,depot,,local,False,aucune
f5b0c4d5,CLI-00142,2026-04-06 00:00:00,13400.0,depot,,regional_uemoa,False,aucune
2de26225,CLI-00225,2026-04-06 00:00:00,24000.0,transfert_sortant,CLI-00335,local,False,aucune
a6e861b4,CLI-00583,2026-04-06 00:00:00,52600.0,decaissement_credit,,local,False,aucune
13049f25,CLI-00294,2026-04-06 00:00:00,48800.0,decaissement_credit,,local,False,aucune
eb9dee9e,CLI-00210,2026-04-06 00:00:00,52600.0,transfert_sortant,CLI-00405,local,False,aucune
2296fd0e,CLI-00142,2026-04-06 00:00:00,317500.0,remboursement_credit,,local,False,aucune
989b95e1,CLI-00742,2026-04-06 00:00:00,7400.0,decaissement_credit,,local,False,aucune
d71c262e,CLI-00221,2026-04-06 00:00:00,4600.0,depot,,local,False,aucune
cd1b656b,CLI-00735,2026-04-06 00:00:00,13200.0,depot,,transfrontalier_sensible,False,aucune
1306a3a3,CLI-00553,2026-04-06 00:00:00,59900.0,retrait,,local,False,aucune
f98d81c8,CLI-00630,2026-04-06 00:00:00,219400.0,retrait,,regional_uemoa,False,aucune
96941f53,CLI-00695,2026-04-06 00:00:00,21500.0,decaissement_credit,,regional_uemoa,False,aucune
b4ca46ff,CLI-00090,2026-04-06 00:00:00,12500.0,retrait,,local,False,aucune
f2897297,CLI-00531,2026-04-06 00:00:00,18400.0,depot,,local,False,aucune
0f15cc75,CLI-00366,2026-04-06 00:00:00,18400.0,remboursement_credit,,local,False,aucune
f1830317,CLI-00193,2026-04-06 00:00:00,26800.0,retrait,,local,False,aucune
ef4875ec,CLI-00532,2026-04-06 00:00:00,33200.0,retrait,,local,False,aucune
ec3fd0fa,CLI-00109,2026-04-06 00:00:00,12800.0,remboursement_credit,,regional_uemoa,False,aucune
33631d40,CLI-00730,2026-04-06 00:00:00,9700.0,retrait,,local,False,aucune
c00a1107,CLI-00193,2026-04-06 00:00:00,22900.0,decaissement_credit,,transfrontalier_sensible,False,aucune
80262ebd,CLI-00355,2026-04-06 00:00:00,232800.0,retrait,,local,False,aucune
af5c9b61,CLI-00320,2026-04-06 00:00:00,71900.0,transfert_sortant,CLI-00309,local,False,aucune
adbf4d0b,CLI-00400,2026-04-06 00:00:00,376100.0,decaissement_credit,,local,False,aucune
0209f85a,CLI-00745,2026-04-06 00:00:00,18600.0,retrait,,local,False,aucune
14194c4b,CLI-00274,2026-04-06 00:00:00,25200.0,depot,,regional_uemoa,False,aucune
53feac86,CLI-00274,2026-04-06 00:00:00,6300.0,depot,,local,False,aucune
3b1a47a6,CLI-00070,2026-04-06 00:00:00,178400.0,depot,,local,False,aucune
6e31e075,CLI-00085,2026-04-06 00:00:00,15100.0,depot,,local,False,aucune
546fa721,CLI-00106,2026-04-06 00:00:00,38600.0,retrait,,local,False,aucune
dabf1874,CLI-00299,2026-04-06 00:00:00,23900.0,retrait,,transfrontalier_sensible,False,aucune
a1c90a28,CLI-00745,2026-04-06 00:00:00,22600.0,transfert_sortant,CLI-00630,local,False,aucune
09e669ad,CLI-00698,2026-04-06 00:00:00,279900.0,transfert_sortant,CLI-00754,regional_uemoa,False,aucune
fa7bbfd3,CLI-00681,2026-04-06 00:00:00,31900.0,retrait,,local,False,aucune
982fe949,CLI-00661,2026-04-06 00:00:00,14800.0,depot,,local,False,aucune
845c78a0,CLI-00359,2026-04-06 00:00:00,69900.0,transfert_entrant,CLI-00408,transfrontalier_sensible,False,aucune
e3200046,CLI-00244,2026-04-06 00:00:00,19600.0,retrait,,local,False,aucune
95ba051f,CLI-00700,2026-04-07 00:00:00,51600.0,remboursement_credit,,local,False,aucune
c9a5bbbf,CLI-00271,2026-04-07 00:00:00,31100.0,retrait,,local,False,aucune
c3f9b4cb,CLI-00627,2026-04-07 00:00:00,53800.0,depot,,local,False,aucune
b8e427d4,CLI-00189,2026-04-07 00:00:00,149700.0,transfert_sortant,CLI-00672,local,False,aucune
1a7be533,CLI-00354,2026-04-07 00:00:00,13400.0,transfert_sortant,CLI-00599,local,False,aucune
482d2068,CLI-00756,2026-04-07 00:00:00,164100.0,transfert_entrant,CLI-00525,local,False,aucune
ea46d14b,CLI-00279,2026-04-07 00:00:00,114300.0,decaissement_credit,,local,False,aucune
06a7d4dc,CLI-00455,2026-04-07 00:00:00,175000.0,transfert_entrant,CLI-00637,local,False,aucune
34dbb424,CLI-00339,2026-04-07 00:00:00,19400.0,depot,,regional_uemoa,False,aucune
c763e21c,CLI-00674,2026-04-07 00:00:00,18000.0,retrait,,transfrontalier_sensible,False,aucune
b6557377,CLI-00248,2026-04-07 00:00:00,84500.0,decaissement_credit,,local,False,aucune
934b8e6c,CLI-00314,2026-04-07 00:00:00,13900.0,retrait,,local,False,aucune
5966db19,CLI-00363,2026-04-07 00:00:00,27200.0,depot,,local,False,aucune
2191bcf8,CLI-00513,2026-04-07 00:00:00,37500.0,retrait,,local,False,aucune
c258c770,CLI-00306,2026-04-07 00:00:00,9900.0,transfert_sortant,CLI-00250,local,False,aucune
a9fc48c9,CLI-00389,2026-04-07 00:00:00,47400.0,depot,,local,False,aucune
6470ebb5,CLI-00104,2026-04-07 00:00:00,21100.0,retrait,,regional_uemoa,False,aucune
fa3fdb0f,CLI-00085,2026-04-07 00:00:00,6900.0,transfert_sortant,CLI-00229,local,False,aucune
c273496d,CLI-00613,2026-04-07 00:00:00,230100.0,remboursement_credit,,local,False,aucune
0c1e2bed,CLI-00799,2026-04-07 00:00:00,22900.0,transfert_sortant,CLI-00209,local,False,aucune
3a562bb2,CLI-00455,2026-04-07 00:00:00,16400.0,depot,,local,False,aucune
97e4c4a1,CLI-00055,2026-04-07 00:00:00,19700.0,depot,,local,False,aucune
0a855b85,CLI-00005,2026-04-07 00:00:00,256700.0,depot,,local,False,aucune
4b69ac5b,CLI-00146,2026-04-07 00:00:00,100200.0,decaissement_credit,,transfrontalier_sensible,False,aucune
750662c8,CLI-00412,2026-04-07 00:00:00,63700.0,depot,,local,False,aucune
a08548f7,CLI-00199,2026-04-07 00:00:00,114900.0,retrait,,local,False,aucune
1aa24738,CLI-00347,2026-04-07 00:00:00,22000.0,remboursement_credit,,regional_uemoa,False,aucune
1143b3c6,CLI-00284,2026-04-07 00:00:00,53300.0,retrait,,local,False,aucune
4846cadf,CLI-00788,2026-04-07 00:00:00,17200.0,transfert_entrant,CLI-00439,local,False,aucune
5227a5c6,CLI-00595,2026-04-07 00:00:00,7800.0,retrait,,local,False,aucune
1a57eafd,CLI-00498,2026-04-07 00:00:00,108600.0,transfert_sortant,CLI-00380,local,False,aucune
f13e4f27,CLI-00744,2026-04-07 00:00:00,34000.0,transfert_sortant,CLI-00716,regional_uemoa,False,aucune
1deca540,CLI-00136,2026-04-07 00:00:00,38500.0,retrait,,local,False,aucune
f8bfca6b,CLI-00270,2026-04-07 00:00:00,45200.0,transfert_entrant,CLI-00722,local,False,aucune
1def2a7d,CLI-00199,2026-04-07 00:00:00,89200.0,transfert_entrant,CLI-00473,local,False,aucune
483e3f8b,CLI-00159,2026-04-07 00:00:00,24400.0,retrait,,local,False,aucune
b84c0db1,CLI-00399,2026-04-07 00:00:00,187000.0,depot,,local,False,aucune
bc95075c,CLI-00544,2026-04-07 00:00:00,34200.0,retrait,,local,False,aucune
bc841eb8,CLI-00436,2026-04-07 00:00:00,77500.0,transfert_entrant,CLI-00761,local,False,aucune
b1783720,CLI-00696,2026-04-07 00:00:00,42700.0,retrait,,local,False,aucune
03e81412,CLI-00503,2026-04-07 00:00:00,59800.0,transfert_sortant,CLI-00771,regional_uemoa,False,aucune
189c165b,CLI-00767,2026-04-07 00:00:00,48900.0,retrait,,local,False,aucune
4b9dbf2b,CLI-00164,2026-04-07 00:00:00,62900.0,transfert_sortant,CLI-00735,local,False,aucune
3494dc16,CLI-00101,2026-04-07 00:00:00,121500.0,retrait,,local,False,aucune
97a85d6c,CLI-00222,2026-04-07 00:00:00,45100.0,retrait,,regional_uemoa,False,aucune
3091a92c,CLI-00496,2026-04-07 00:00:00,111700.0,retrait,,local,False,aucune
684b239b,CLI-00097,2026-04-07 00:00:00,99200.0,depot,,local,False,aucune
c9aea800,CLI-00393,2026-04-07 00:00:00,117500.0,decaissement_credit,,local,False,aucune
5eb2cedf,CLI-00039,2026-04-07 00:00:00,49200.0,retrait,,local,False,aucune
614add5c,CLI-00262,2026-04-07 00:00:00,147000.0,retrait,,local,False,aucune
99d14954,CLI-00728,2026-04-08 00:00:00,45900.0,remboursement_credit,,local,False,aucune
bc99c30d,CLI-00096,2026-04-08 00:00:00,212400.0,depot,,regional_uemoa,False,aucune
f737eeea,CLI-00745,2026-04-08 00:00:00,207300.0,retrait,,local,False,aucune
4ac355e7,CLI-00398,2026-04-08 00:00:00,35500.0,decaissement_credit,,local,False,aucune
1691adaf,CLI-00585,2026-04-08 00:00:00,61600.0,depot,,local,False,aucune
4feba6be,CLI-00585,2026-04-08 00:00:00,48100.0,depot,,local,False,aucune
d3147e15,CLI-00453,2026-04-08 00:00:00,102200.0,retrait,,local,False,aucune
ecd81876,CLI-00445,2026-04-08 00:00:00,248100.0,transfert_entrant,CLI-00654,local,False,aucune
47566842,CLI-00732,2026-04-08 00:00:00,22000.0,depot,,regional_uemoa,False,aucune
b1c6ceca,CLI-00297,2026-04-08 00:00:00,21600.0,transfert_sortant,CLI-00429,local,False,aucune
f5d07170,CLI-00313,2026-04-08 00:00:00,41900.0,retrait,,local,False,aucune
cba97468,CLI-00117,2026-04-08 00:00:00,9500.0,transfert_sortant,CLI-00663,transfrontalier_sensible,False,aucune
21ada52f,CLI-00723,2026-04-08 00:00:00,173400.0,depot,,local,False,aucune
68090f91,CLI-00407,2026-04-08 00:00:00,28800.0,retrait,,local,False,aucune
0eb326ca,CLI-00602,2026-04-08 00:00:00,25700.0,remboursement_credit,,local,False,aucune
26c9a330,CLI-00436,2026-04-08 00:00:00,16000.0,remboursement_credit,,local,False,aucune
e46288ba,CLI-00220,2026-04-08 00:00:00,7000.0,transfert_entrant,CLI-00457,local,False,aucune
096df280,CLI-00249,2026-04-08 00:00:00,20200.0,transfert_entrant,CLI-00794,local,False,aucune
b88fb8c3,CLI-00609,2026-04-08 00:00:00,21300.0,transfert_entrant,CLI-00640,local,False,aucune
fa36f66c,CLI-00315,2026-04-08 00:00:00,34500.0,depot,,local,False,aucune
cfad8678,CLI-00011,2026-04-08 00:00:00,82700.0,depot,,local,False,aucune
c5cc23f6,CLI-00752,2026-04-08 00:00:00,61500.0,remboursement_credit,,local,False,aucune
3f4e491e,CLI-00601,2026-04-08 00:00:00,39700.0,retrait,,transfrontalier_sensible,False,aucune
4518a6c5,CLI-00779,2026-04-08 00:00:00,193500.0,remboursement_credit,,local,False,aucune
231a83eb,CLI-00538,2026-04-08 00:00:00,337400.0,transfert_sortant,CLI-00222,regional_uemoa,False,aucune
9569c7c4,CLI-00547,2026-04-08 00:00:00,31300.0,retrait,,local,False,aucune
ee23a4c0,CLI-00057,2026-04-08 00:00:00,58600.0,transfert_sortant,CLI-00265,regional_uemoa,False,aucune
dacdbc03,CLI-00084,2026-04-08 00:00:00,7400.0,retrait,,local,False,aucune
e4801218,CLI-00638,2026-04-08 00:00:00,120900.0,retrait,,local,False,aucune
508dcf65,CLI-00363,2026-04-08 00:00:00,27200.0,depot,,local,False,aucune
b2b7699f,CLI-00628,2026-04-08 00:00:00,140100.0,depot,,regional_uemoa,False,aucune
97c6f292,CLI-00562,2026-04-08 00:00:00,10100.0,transfert_sortant,CLI-00039,transfrontalier_sensible,False,aucune
6e43e005,CLI-00571,2026-04-08 00:00:00,5800.0,decaissement_credit,,local,False,aucune
59ee6902,CLI-00207,2026-04-08 00:00:00,107800.0,retrait,,regional_uemoa,False,aucune
97d4ba32,CLI-00561,2026-04-08 00:00:00,55500.0,retrait,,local,False,aucune
2fda5a99,CLI-00477,2026-04-08 00:00:00,16100.0,transfert_entrant,CLI-00356,local,False,aucune
99cb7ddf,CLI-00783,2026-04-08 00:00:00,15700.0,remboursement_credit,,regional_uemoa,False,aucune
a5fca8f7,CLI-00354,2026-04-08 00:00:00,37900.0,retrait,,local,False,aucune
658ecf27,CLI-00550,2026-04-08 00:00:00,111900.0,transfert_entrant,CLI-00391,local,False,aucune
534450f0,CLI-00354,2026-04-08 00:00:00,21600.0,depot,,local,False,aucune
9319d1b8,CLI-00778,2026-04-08 00:00:00,39300.0,remboursement_credit,,regional_uemoa,False,aucune
e23908c8,CLI-00174,2026-04-08 00:00:00,36500.0,depot,,local,False,aucune
b954f227,CLI-00637,2026-04-08 00:00:00,66100.0,retrait,,local,False,aucune
8fbd6f00,CLI-00747,2026-04-08 00:00:00,42500.0,retrait,,local,False,aucune
620e4b88,CLI-00086,2026-04-08 00:00:00,27700.0,remboursement_credit,,regional_uemoa,False,aucune
bf039c89,CLI-00170,2026-04-08 00:00:00,56800.0,retrait,,regional_uemoa,False,aucune
31ff3d0b,CLI-00576,2026-04-08 00:00:00,24200.0,transfert_entrant,CLI-00305,local,False,aucune
136e5861,CLI-00017,2026-04-08 00:00:00,161200.0,depot,,local,False,aucune
96fadafe,CLI-00281,2026-04-08 00:00:00,5500.0,remboursement_credit,,regional_uemoa,False,aucune
32c1b1cb,CLI-00386,2026-04-08 00:00:00,87300.0,depot,,local,False,aucune
2fa43cda,CLI-00181,2026-04-08 00:00:00,41100.0,retrait,,transfrontalier_sensible,False,aucune
ad276792,CLI-00740,2026-04-08 00:00:00,30300.0,retrait,,local,False,aucune
b9e4f834,CLI-00543,2026-04-08 00:00:00,5600.0,remboursement_credit,,local,False,aucune
db06ac24,CLI-00534,2026-04-08 00:00:00,14300.0,remboursement_credit,,transfrontalier_sensible,False,aucune
84de6a8f,CLI-00721,2026-04-08 00:00:00,9400.0,transfert_entrant,CLI-00669,local,False,aucune
1a71f41b,CLI-00497,2026-04-08 00:00:00,23200.0,decaissement_credit,,regional_uemoa,False,aucune
a6abc939,CLI-00352,2026-04-09 00:00:00,20600.0,decaissement_credit,,local,False,aucune
6a40bdbc,CLI-00499,2026-04-09 00:00:00,25000.0,retrait,,local,False,aucune
8be9cecf,CLI-00168,2026-04-09 00:00:00,33900.0,retrait,,local,False,aucune
7927e5d4,CLI-00776,2026-04-09 00:00:00,164200.0,transfert_sortant,CLI-00506,local,False,aucune
1643ce72,CLI-00484,2026-04-09 00:00:00,30300.0,transfert_entrant,CLI-00287,transfrontalier_sensible,False,aucune
5ad477b6,CLI-00593,2026-04-09 00:00:00,156300.0,depot,,local,False,aucune
64dac016,CLI-00791,2026-04-09 00:00:00,35800.0,transfert_sortant,CLI-00622,local,False,aucune
716c81ce,CLI-00672,2026-04-09 00:00:00,24200.0,retrait,,local,False,aucune
ce90715c,CLI-00718,2026-04-09 00:00:00,42800.0,retrait,,transfrontalier_sensible,False,aucune
ffa4c80d,CLI-00202,2026-04-09 00:00:00,32000.0,transfert_sortant,CLI-00663,transfrontalier_sensible,False,aucune
c2ff1b25,CLI-00191,2026-04-09 00:00:00,6400.0,transfert_entrant,CLI-00335,local,False,aucune
7d47028b,CLI-00162,2026-04-09 00:00:00,36300.0,depot,,local,False,aucune
02064fb0,CLI-00606,2026-04-09 00:00:00,122800.0,retrait,,local,False,aucune
dbe71f9e,CLI-00699,2026-04-09 00:00:00,25500.0,transfert_entrant,CLI-00375,local,False,aucune
bedc7f28,CLI-00163,2026-04-09 00:00:00,44900.0,depot,,local,False,aucune
f583939f,CLI-00349,2026-04-09 00:00:00,51300.0,remboursement_credit,,local,False,aucune
7f0f5450,CLI-00741,2026-04-09 00:00:00,150900.0,transfert_entrant,CLI-00380,local,False,aucune
e4858baa,CLI-00373,2026-04-09 00:00:00,21900.0,depot,,local,False,aucune
85188d2d,CLI-00485,2026-04-09 00:00:00,14700.0,depot,,local,False,aucune
3f3a2d42,CLI-00397,2026-04-09 00:00:00,5100.0,depot,,regional_uemoa,False,aucune
89193ff8,CLI-00400,2026-04-09 00:00:00,167500.0,transfert_sortant,CLI-00275,local,False,aucune
657cfab5,CLI-00046,2026-04-09 00:00:00,44100.0,transfert_entrant,CLI-00415,regional_uemoa,False,aucune
fd0fd05c,CLI-00122,2026-04-09 00:00:00,83900.0,retrait,,local,False,aucune
c3bb2c45,CLI-00387,2026-04-09 00:00:00,406000.0,transfert_entrant,CLI-00509,local,False,aucune
a3b23ddf,CLI-00766,2026-04-09 00:00:00,317500.0,retrait,,local,False,aucune
7b3dc230,CLI-00625,2026-04-09 00:00:00,50400.0,remboursement_credit,,local,False,aucune
8952f0ea,CLI-00275,2026-04-09 00:00:00,208300.0,transfert_entrant,CLI-00688,local,False,aucune
e0eb74db,CLI-00728,2026-04-09 00:00:00,7300.0,transfert_entrant,CLI-00216,local,False,aucune
89fc0685,CLI-00177,2026-04-09 00:00:00,148300.0,retrait,,local,False,aucune
11de9840,CLI-00455,2026-04-09 00:00:00,57300.0,depot,,regional_uemoa,False,aucune
2d0655b0,CLI-00787,2026-04-09 00:00:00,55200.0,depot,,local,False,aucune
3028cc45,CLI-00787,2026-04-09 00:00:00,11300.0,decaissement_credit,,local,False,aucune
de11a0af,CLI-00730,2026-04-09 00:00:00,18500.0,decaissement_credit,,local,False,aucune
518c7a7d,CLI-00570,2026-04-09 00:00:00,8800.0,remboursement_credit,,local,False,aucune
31070cc1,CLI-00024,2026-04-09 00:00:00,10300.0,retrait,,local,False,aucune
4b05ddae,CLI-00454,2026-04-09 00:00:00,78200.0,transfert_entrant,CLI-00444,local,False,aucune
9705652f,CLI-00770,2026-04-09 00:00:00,37500.0,retrait,,local,False,aucune
210e6605,CLI-00174,2026-04-09 00:00:00,13800.0,transfert_entrant,CLI-00342,local,False,aucune
3905c819,CLI-00610,2026-04-09 00:00:00,25200.0,depot,,local,False,aucune
bb3a038a,CLI-00785,2026-04-09 00:00:00,11000.0,decaissement_credit,,local,False,aucune
ca8fb846,CLI-00563,2026-04-09 00:00:00,5200.0,retrait,,local,False,aucune
e0f141dd,CLI-00474,2026-04-09 00:00:00,9600.0,decaissement_credit,,local,False,aucune
17c2fc8c,CLI-00085,2026-04-09 00:00:00,93100.0,depot,,local,False,aucune
b90e2b27,CLI-00280,2026-04-09 00:00:00,6200.0,depot,,regional_uemoa,False,aucune
f77b2e47,CLI-00499,2026-04-09 00:00:00,65200.0,transfert_entrant,CLI-00013,local,False,aucune
d9702eb3,CLI-00168,2026-04-10 00:00:00,4900.0,depot,,local,False,aucune
8aca0430,CLI-00103,2026-04-10 00:00:00,35500.0,depot,,local,False,aucune
0e8944ac,CLI-00669,2026-04-10 00:00:00,45800.0,remboursement_credit,,regional_uemoa,False,aucune
25495e9a,CLI-00094,2026-04-10 00:00:00,135000.0,depot,,regional_uemoa,False,aucune
e1e7f5d0,CLI-00427,2026-04-10 00:00:00,22800.0,retrait,,transfrontalier_sensible,False,aucune
55f079be,CLI-00530,2026-04-10 00:00:00,24700.0,retrait,,local,False,aucune
35303a2e,CLI-00766,2026-04-10 00:00:00,5000.0,transfert_entrant,CLI-00437,regional_uemoa,False,aucune
67f949db,CLI-00189,2026-04-10 00:00:00,36700.0,transfert_entrant,CLI-00206,local,False,aucune
16904496,CLI-00711,2026-04-10 00:00:00,9600.0,retrait,,local,False,aucune
c0d8c6e4,CLI-00607,2026-04-10 00:00:00,151100.0,transfert_entrant,CLI-00255,local,False,aucune
c6c749f3,CLI-00614,2026-04-10 00:00:00,28300.0,depot,,local,False,aucune
75711c70,CLI-00613,2026-04-10 00:00:00,6700.0,retrait,,local,False,aucune
d79de64d,CLI-00417,2026-04-10 00:00:00,70500.0,depot,,local,False,aucune
dc3e553c,CLI-00064,2026-04-10 00:00:00,59400.0,remboursement_credit,,local,False,aucune
245215c7,CLI-00709,2026-04-10 00:00:00,640700.0,depot,,local,False,aucune
f4a6a8c4,CLI-00503,2026-04-10 00:00:00,5100.0,retrait,,local,False,aucune
766fabdc,CLI-00216,2026-04-10 00:00:00,34800.0,retrait,,local,False,aucune
a94c81b2,CLI-00627,2026-04-10 00:00:00,77000.0,remboursement_credit,,local,False,aucune
2f867c63,CLI-00065,2026-04-10 00:00:00,54500.0,transfert_entrant,CLI-00387,local,False,aucune
ddeb52bc,CLI-00629,2026-04-10 00:00:00,37100.0,decaissement_credit,,local,False,aucune
c986a933,CLI-00629,2026-04-10 00:00:00,16300.0,retrait,,local,False,aucune
4ffbc94b,CLI-00396,2026-04-10 00:00:00,48600.0,retrait,,local,False,aucune
bf46851f,CLI-00346,2026-04-10 00:00:00,15200.0,depot,,local,False,aucune
41d15b9e,CLI-00111,2026-04-10 00:00:00,24800.0,depot,,local,False,aucune
b04b711c,CLI-00760,2026-04-10 00:00:00,9600.0,retrait,,local,False,aucune
96e72beb,CLI-00629,2026-04-10 00:00:00,50600.0,depot,,regional_uemoa,False,aucune
908e5194,CLI-00006,2026-04-10 00:00:00,3300.0,retrait,,local,False,aucune
c13189b2,CLI-00602,2026-04-10 00:00:00,375200.0,transfert_entrant,CLI-00678,local,False,aucune
53b77f4a,CLI-00065,2026-04-10 00:00:00,21500.0,remboursement_credit,,local,False,aucune
4e0739a6,CLI-00221,2026-04-10 00:00:00,84700.0,retrait,,local,False,aucune
e173e9f1,CLI-00347,2026-04-10 00:00:00,58900.0,transfert_entrant,CLI-00086,local,False,aucune
0e37142e,CLI-00442,2026-04-10 00:00:00,49100.0,retrait,,local,False,aucune
b8ee5968,CLI-00387,2026-04-10 00:00:00,189300.0,retrait,,regional_uemoa,False,aucune
93042056,CLI-00387,2026-04-10 00:00:00,22700.0,transfert_sortant,CLI-00799,regional_uemoa,False,aucune
90a3850a,CLI-00321,2026-04-10 00:00:00,275200.0,depot,,regional_uemoa,False,aucune
197b215e,CLI-00774,2026-04-10 00:00:00,11900.0,retrait,,local,False,aucune
5a95f546,CLI-00229,2026-04-10 00:00:00,301900.0,transfert_sortant,CLI-00758,regional_uemoa,False,aucune
d7ea46c7,CLI-00586,2026-04-10 00:00:00,15800.0,retrait,,local,False,aucune
e2793d13,CLI-00576,2026-04-10 00:00:00,53800.0,depot,,local,False,aucune
6a120f82,CLI-00546,2026-04-10 00:00:00,79700.0,depot,,local,False,aucune
ce819c27,CLI-00343,2026-04-10 00:00:00,346400.0,depot,,transfrontalier_sensible,False,aucune
4646f09a,CLI-00517,2026-04-11 00:00:00,17000.0,retrait,,local,False,aucune
8ef9c946,CLI-00772,2026-04-11 00:00:00,226000.0,depot,,local,False,aucune
16db7b6c,CLI-00779,2026-04-11 00:00:00,61400.0,depot,,local,False,aucune
1e5213e7,CLI-00335,2026-04-11 00:00:00,210100.0,decaissement_credit,,local,False,aucune
105435b5,CLI-00462,2026-04-11 00:00:00,705000.0,retrait,,local,False,aucune
75f30919,CLI-00540,2026-04-11 00:00:00,22800.0,transfert_sortant,CLI-00396,transfrontalier_sensible,False,aucune
a6b932dc,CLI-00754,2026-04-11 00:00:00,337000.0,remboursement_credit,,local,False,aucune
ad718925,CLI-00416,2026-04-11 00:00:00,111800.0,transfert_sortant,CLI-00191,local,False,aucune
1ee2d4f0,CLI-00587,2026-04-11 00:00:00,55900.0,depot,,local,False,aucune
c1a55a98,CLI-00455,2026-04-11 00:00:00,38500.0,retrait,,local,False,aucune
a8c1267b,CLI-00616,2026-04-11 00:00:00,49500.0,retrait,,local,False,aucune
dba8d7cd,CLI-00739,2026-04-11 00:00:00,41900.0,retrait,,local,False,aucune
f207e7f5,CLI-00360,2026-04-11 00:00:00,22200.0,retrait,,local,False,aucune
39de0474,CLI-00729,2026-04-11 00:00:00,12800.0,decaissement_credit,,local,False,aucune
9fe4782c,CLI-00771,2026-04-11 00:00:00,81300.0,remboursement_credit,,local,False,aucune
a7a7bdb2,CLI-00576,2026-04-11 00:00:00,49600.0,retrait,,local,False,aucune
842fb85f,CLI-00636,2026-04-11 00:00:00,155600.0,transfert_sortant,CLI-00451,local,False,aucune
b274b9a7,CLI-00765,2026-04-11 00:00:00,124300.0,depot,,local,False,aucune
ec3c4793,CLI-00756,2026-04-11 00:00:00,110000.0,transfert_sortant,CLI-00251,local,False,aucune
5337312e,CLI-00679,2026-04-11 00:00:00,8600.0,transfert_entrant,CLI-00104,local,False,aucune
0d2f9428,CLI-00665,2026-04-11 00:00:00,20900.0,decaissement_credit,,local,False,aucune
1ace974f,CLI-00611,2026-04-11 00:00:00,54700.0,retrait,,local,False,aucune
4af4e7d0,CLI-00686,2026-04-11 00:00:00,8900.0,retrait,,local,False,aucune
441b8f0e,CLI-00655,2026-04-11 00:00:00,19000.0,decaissement_credit,,local,False,aucune
9f312c53,CLI-00780,2026-04-11 00:00:00,22000.0,depot,,local,False,aucune
c6577650,CLI-00498,2026-04-11 00:00:00,63500.0,depot,,local,False,aucune
ef85cd8f,CLI-00441,2026-04-11 00:00:00,11600.0,transfert_sortant,CLI-00505,local,False,aucune
1eaa298e,CLI-00599,2026-04-11 00:00:00,125400.0,depot,,local,False,aucune
22efb865,CLI-00597,2026-04-11 00:00:00,67600.0,retrait,,local,False,aucune
a1550ce4,CLI-00693,2026-04-11 00:00:00,30700.0,transfert_entrant,CLI-00467,local,False,aucune
d5780863,CLI-00368,2026-04-11 00:00:00,16400.0,transfert_entrant,CLI-00469,local,False,aucune
6ea501c2,CLI-00747,2026-04-11 00:00:00,38300.0,decaissement_credit,,local,False,aucune
7b77b80c,CLI-00765,2026-04-11 00:00:00,47100.0,transfert_sortant,CLI-00483,local,False,aucune
f6a61101,CLI-00317,2026-04-11 00:00:00,42300.0,retrait,,local,False,aucune
4dfcb01e,CLI-00730,2026-04-11 00:00:00,11500.0,depot,,local,False,aucune
a1b0ae34,CLI-00483,2026-04-11 00:00:00,13500.0,decaissement_credit,,local,False,aucune
7b481585,CLI-00426,2026-04-11 00:00:00,322600.0,retrait,,regional_uemoa,False,aucune
1435218b,CLI-00531,2026-04-11 00:00:00,28800.0,retrait,,local,False,aucune
b49e185d,CLI-00449,2026-04-11 00:00:00,142800.0,retrait,,local,False,aucune
cd428ce6,CLI-00379,2026-04-11 00:00:00,196600.0,remboursement_credit,,local,False,aucune
f514edbc,CLI-00590,2026-04-11 00:00:00,45200.0,retrait,,local,False,aucune
27fea9a0,CLI-00513,2026-04-11 00:00:00,110400.0,transfert_entrant,CLI-00177,local,False,aucune
64748a5e,CLI-00779,2026-04-11 00:00:00,170400.0,retrait,,local,False,aucune
24d13673,CLI-00453,2026-04-11 00:00:00,179600.0,transfert_sortant,CLI-00041,local,False,aucune
e6e05b7f,CLI-00337,2026-04-11 00:00:00,54400.0,depot,,local,False,aucune
2d0a0c34,CLI-00383,2026-04-11 00:00:00,86600.0,retrait,,local,False,aucune
f03e426f,CLI-00579,2026-04-11 00:00:00,7300.0,remboursement_credit,,local,False,aucune
48e07c71,CLI-00411,2026-04-11 00:00:00,151800.0,depot,,local,False,aucune
b0dbeb20,CLI-00148,2026-04-11 00:00:00,11900.0,decaissement_credit,,local,False,aucune
706a569f,CLI-00224,2026-04-11 00:00:00,42400.0,depot,,local,False,aucune
dc32d3aa,CLI-00263,2026-04-11 00:00:00,39900.0,transfert_sortant,CLI-00251,local,False,aucune
6be7a746,CLI-00206,2026-04-11 00:00:00,20200.0,depot,,local,False,aucune
3b5fc3e1,CLI-00043,2026-04-11 00:00:00,19600.0,depot,,local,False,aucune
fc1d1dac,CLI-00034,2026-04-11 00:00:00,99500.0,retrait,,local,False,aucune
257e4afd,CLI-00293,2026-04-11 00:00:00,22400.0,depot,,local,False,aucune
751b5445,CLI-00065,2026-04-11 00:00:00,30700.0,depot,,local,False,aucune
81d51a71,CLI-00244,2026-04-11 00:00:00,18700.0,remboursement_credit,,local,False,aucune
5c9d0089,CLI-00303,2026-04-11 00:00:00,12300.0,remboursement_credit,,local,False,aucune
c6211158,CLI-00152,2026-04-11 00:00:00,8700.0,retrait,,local,False,aucune
af47debe,CLI-00212,2026-04-11 00:00:00,118800.0,depot,,local,False,aucune
bd5f38b4,CLI-00178,2026-04-11 00:00:00,18400.0,retrait,,local,False,aucune
c5f4c67a,CLI-00011,2026-04-11 00:00:00,85600.0,depot,,regional_uemoa,False,aucune
76988eb2,CLI-00068,2026-04-11 00:00:00,113900.0,depot,,local,False,aucune
3dc7e2f2,CLI-00155,2026-04-11 00:00:00,26500.0,transfert_sortant,CLI-00648,local,False,aucune
f9a315c8,CLI-00085,2026-04-11 00:00:00,75700.0,depot,,local,False,aucune
55ae3f49,CLI-00151,2026-04-11 00:00:00,190300.0,depot,,transfrontalier_sensible,False,aucune
cfb2c559,CLI-00025,2026-04-11 00:00:00,12900.0,retrait,,local,False,aucune
32765260,CLI-00155,2026-04-11 00:00:00,64200.0,depot,,local,False,aucune
5ed80d10,CLI-00105,2026-04-11 00:00:00,15700.0,transfert_sortant,CLI-00249,regional_uemoa,False,aucune
4a643875,CLI-00051,2026-04-11 00:00:00,237200.0,retrait,,local,False,aucune
f9a38ae2,CLI-00140,2026-04-11 00:00:00,69300.0,depot,,local,False,aucune
06500a18,CLI-00219,2026-04-11 00:00:00,15200.0,retrait,,local,False,aucune
04d2ce30,CLI-00713,2026-04-12 00:00:00,35400.0,depot,,local,False,aucune
991c37a5,CLI-00752,2026-04-12 00:00:00,17000.0,depot,,local,False,aucune
27a96590,CLI-00012,2026-04-12 00:00:00,81800.0,remboursement_credit,,local,False,aucune
4b8d6255,CLI-00266,2026-04-12 00:00:00,5200.0,retrait,,local,False,aucune
61751f27,CLI-00157,2026-04-12 00:00:00,21700.0,depot,,regional_uemoa,False,aucune
508177da,CLI-00714,2026-04-12 00:00:00,115000.0,depot,,regional_uemoa,False,aucune
7773a4bc,CLI-00213,2026-04-12 00:00:00,44000.0,transfert_entrant,CLI-00054,local,False,aucune
d158de78,CLI-00562,2026-04-12 00:00:00,6200.0,retrait,,local,False,aucune
6998109a,CLI-00035,2026-04-12 00:00:00,54700.0,retrait,,regional_uemoa,False,aucune
d5136662,CLI-00227,2026-04-12 00:00:00,24700.0,depot,,regional_uemoa,False,aucune
e6b4e3c2,CLI-00597,2026-04-12 00:00:00,27500.0,transfert_sortant,CLI-00354,local,False,aucune
cc35ff9d,CLI-00412,2026-04-12 00:00:00,43200.0,depot,,local,False,aucune
36ac6843,CLI-00748,2026-04-12 00:00:00,277200.0,retrait,,local,False,aucune
226bb13c,CLI-00278,2026-04-12 00:00:00,40500.0,decaissement_credit,,local,False,aucune
d36fd29a,CLI-00720,2026-04-12 00:00:00,45000.0,remboursement_credit,,regional_uemoa,False,aucune
7f81407e,CLI-00370,2026-04-12 00:00:00,29600.0,depot,,local,False,aucune
603b939b,CLI-00664,2026-04-12 00:00:00,73700.0,retrait,,regional_uemoa,False,aucune
02123b05,CLI-00599,2026-04-12 00:00:00,7700.0,retrait,,local,False,aucune
0c155c2e,CLI-00437,2026-04-12 00:00:00,19400.0,depot,,regional_uemoa,False,aucune
b4df81b4,CLI-00265,2026-04-12 00:00:00,79000.0,remboursement_credit,,local,False,aucune
6da7eee6,CLI-00611,2026-04-12 00:00:00,18800.0,retrait,,local,False,aucune
4bc86708,CLI-00250,2026-04-12 00:00:00,12600.0,retrait,,local,False,aucune
5ed4a00f,CLI-00302,2026-04-12 00:00:00,39600.0,remboursement_credit,,local,False,aucune
37908b38,CLI-00276,2026-04-12 00:00:00,79700.0,transfert_entrant,CLI-00493,local,False,aucune
b23a3d09,CLI-00554,2026-04-12 00:00:00,106500.0,transfert_entrant,CLI-00256,local,False,aucune
247d5b80,CLI-00533,2026-04-12 00:00:00,65800.0,retrait,,local,False,aucune
9a923ac8,CLI-00324,2026-04-12 00:00:00,16400.0,retrait,,local,False,aucune
3cc69212,CLI-00782,2026-04-12 00:00:00,24700.0,remboursement_credit,,regional_uemoa,False,aucune
1696c0b1,CLI-00441,2026-04-12 00:00:00,25500.0,depot,,local,False,aucune
358488eb,CLI-00609,2026-04-12 00:00:00,10400.0,depot,,local,False,aucune
6d165fbb,CLI-00316,2026-04-12 00:00:00,4800.0,retrait,,local,False,aucune
6db3825a,CLI-00045,2026-04-12 00:00:00,75400.0,remboursement_credit,,local,False,aucune
d3cbbb0a,CLI-00445,2026-04-12 00:00:00,81600.0,depot,,local,False,aucune
26f8b3db,CLI-00088,2026-04-12 00:00:00,193200.0,depot,,local,False,aucune
75cf8f9c,CLI-00470,2026-04-12 00:00:00,31900.0,depot,,local,False,aucune
fef953f2,CLI-00504,2026-04-12 00:00:00,97400.0,retrait,,local,False,aucune
4b3a558f,CLI-00529,2026-04-12 00:00:00,11800.0,transfert_sortant,CLI-00284,local,False,aucune
d9e2c153,CLI-00633,2026-04-12 00:00:00,9400.0,transfert_entrant,CLI-00716,local,False,aucune
480afcd2,CLI-00692,2026-04-12 00:00:00,18100.0,decaissement_credit,,local,False,aucune
7f3b1467,CLI-00101,2026-04-12 00:00:00,36900.0,retrait,,local,False,aucune
274231d6,CLI-00767,2026-04-12 00:00:00,23100.0,retrait,,local,False,aucune
fea7d27b,CLI-00672,2026-04-12 00:00:00,25100.0,retrait,,local,False,aucune
b5452f18,CLI-00039,2026-04-12 00:00:00,19100.0,depot,,local,False,aucune
7ae9873d,CLI-00386,2026-04-12 00:00:00,35000.0,depot,,local,False,aucune
6d3fae09,CLI-00684,2026-04-12 00:00:00,62100.0,retrait,,local,False,aucune
e79d9783,CLI-00505,2026-04-12 00:00:00,85200.0,retrait,,local,False,aucune
eb62c762,CLI-00190,2026-04-12 00:00:00,216800.0,depot,,transfrontalier_sensible,False,aucune
34fd2de2,CLI-00075,2026-04-12 00:00:00,117500.0,retrait,,local,False,aucune
586e77aa,CLI-00600,2026-04-12 00:00:00,5500.0,remboursement_credit,,local,False,aucune
57c45c3b,CLI-00647,2026-04-12 00:00:00,20000.0,transfert_entrant,CLI-00466,local,False,aucune
f3e81339,CLI-00537,2026-04-12 00:00:00,27500.0,depot,,transfrontalier_sensible,False,aucune
a022c57e,CLI-00603,2026-04-12 00:00:00,14500.0,decaissement_credit,,regional_uemoa,False,aucune
782a819a,CLI-00611,2026-04-12 00:00:00,44900.0,depot,,local,False,aucune
d2aca7bf,CLI-00550,2026-04-12 00:00:00,153400.0,depot,,local,False,aucune
f742ab7e,CLI-00087,2026-04-12 00:00:00,56600.0,transfert_entrant,CLI-00278,local,False,aucune
9e8aae73,CLI-00077,2026-04-12 00:00:00,16200.0,depot,,transfrontalier_sensible,False,aucune
6b02ff79,CLI-00022,2026-04-12 00:00:00,19600.0,decaissement_credit,,local,False,aucune
9207df4d,CLI-00145,2026-04-12 00:00:00,373300.0,retrait,,local,False,aucune
96375dee,CLI-00098,2026-04-12 00:00:00,76100.0,transfert_sortant,CLI-00125,local,False,aucune
fec2f78b,CLI-00408,2026-04-12 00:00:00,91700.0,decaissement_credit,,local,False,aucune
408aee5b,CLI-00267,2026-04-12 00:00:00,14400.0,depot,,local,False,aucune
57fade57,CLI-00727,2026-04-12 00:00:00,12900.0,remboursement_credit,,regional_uemoa,False,aucune
ec516dab,CLI-00313,2026-04-12 00:00:00,13100.0,retrait,,regional_uemoa,False,aucune
c7d4d6e9,CLI-00450,2026-04-12 00:00:00,113000.0,depot,,local,False,aucune
aa33f925,CLI-00013,2026-04-13 00:00:00,203600.0,retrait,,local,False,aucune
11094cfe,CLI-00035,2026-04-13 00:00:00,39800.0,transfert_sortant,CLI-00414,local,False,aucune
c19ea7cb,CLI-00322,2026-04-13 00:00:00,67200.0,depot,,local,False,aucune
9168d3ba,CLI-00525,2026-04-13 00:00:00,76500.0,depot,,regional_uemoa,False,aucune
e99d78bf,CLI-00299,2026-04-13 00:00:00,9600.0,transfert_sortant,CLI-00368,local,False,aucune
734a8451,CLI-00174,2026-04-13 00:00:00,36600.0,depot,,local,False,aucune
71a36a50,CLI-00407,2026-04-13 00:00:00,177900.0,retrait,,local,False,aucune
a5c217aa,CLI-00459,2026-04-13 00:00:00,20200.0,retrait,,local,False,aucune
b0f61c2b,CLI-00596,2026-04-13 00:00:00,21600.0,decaissement_credit,,local,False,aucune
9673b522,CLI-00012,2026-04-13 00:00:00,240000.0,depot,,local,False,aucune
bc990dfb,CLI-00321,2026-04-13 00:00:00,20500.0,transfert_sortant,CLI-00507,regional_uemoa,False,aucune
3c19d3ff,CLI-00155,2026-04-13 00:00:00,10900.0,retrait,,local,False,aucune
a78f4d57,CLI-00493,2026-04-13 00:00:00,31900.0,retrait,,local,False,aucune
64a66310,CLI-00384,2026-04-13 00:00:00,170000.0,transfert_entrant,CLI-00552,local,False,aucune
a52c62fd,CLI-00634,2026-04-13 00:00:00,24100.0,transfert_entrant,CLI-00614,local,False,aucune
7c96cd60,CLI-00258,2026-04-13 00:00:00,375400.0,remboursement_credit,,local,False,aucune
30471432,CLI-00634,2026-04-13 00:00:00,34800.0,depot,,regional_uemoa,False,aucune
d4ac5887,CLI-00221,2026-04-13 00:00:00,27300.0,remboursement_credit,,local,False,aucune
01ed8b07,CLI-00389,2026-04-13 00:00:00,20600.0,transfert_sortant,CLI-00568,local,False,aucune
42378132,CLI-00280,2026-04-13 00:00:00,32100.0,depot,,local,False,aucune
52ae1fae,CLI-00340,2026-04-13 00:00:00,224100.0,retrait,,local,False,aucune
bf414efd,CLI-00461,2026-04-13 00:00:00,9900.0,retrait,,local,False,aucune
69c0b2f4,CLI-00583,2026-04-13 00:00:00,95100.0,depot,,transfrontalier_sensible,False,aucune
224bf167,CLI-00040,2026-04-13 00:00:00,978800.0,decaissement_credit,,local,False,aucune
62dd794e,CLI-00731,2026-04-13 00:00:00,58800.0,depot,,local,False,aucune
ccdbe661,CLI-00606,2026-04-13 00:00:00,35600.0,remboursement_credit,,local,False,aucune
cda94b09,CLI-00292,2026-04-13 00:00:00,33400.0,decaissement_credit,,local,False,aucune
8c2b2856,CLI-00022,2026-04-13 00:00:00,3900.0,transfert_entrant,CLI-00655,local,False,aucune
23298be3,CLI-00765,2026-04-13 00:00:00,28900.0,retrait,,local,False,aucune
0efe3a38,CLI-00775,2026-04-13 00:00:00,4400.0,depot,,regional_uemoa,False,aucune
1ddf2297,CLI-00753,2026-04-13 00:00:00,34100.0,transfert_entrant,CLI-00555,regional_uemoa,False,aucune
767ce658,CLI-00500,2026-04-13 00:00:00,12500.0,retrait,,local,False,aucune
5995e6e6,CLI-00219,2026-04-13 00:00:00,64200.0,depot,,local,False,aucune
3d16a6a0,CLI-00709,2026-04-13 00:00:00,251400.0,remboursement_credit,,regional_uemoa,False,aucune
d261beb8,CLI-00181,2026-04-13 00:00:00,23400.0,remboursement_credit,,local,False,aucune
052c795d,CLI-00442,2026-04-13 00:00:00,18000.0,remboursement_credit,,local,False,aucune
804c628c,CLI-00518,2026-04-13 00:00:00,102700.0,transfert_entrant,CLI-00356,local,False,aucune
206d4df6,CLI-00708,2026-04-13 00:00:00,31600.0,retrait,,transfrontalier_sensible,False,aucune
4ad20a44,CLI-00149,2026-04-13 00:00:00,39700.0,retrait,,regional_uemoa,False,aucune
07586619,CLI-00502,2026-04-13 00:00:00,22000.0,depot,,local,False,aucune
d0be8029,CLI-00714,2026-04-13 00:00:00,94100.0,depot,,regional_uemoa,False,aucune
0665bc53,CLI-00191,2026-04-13 00:00:00,243400.0,retrait,,local,False,aucune
dbbd95de,CLI-00724,2026-04-13 00:00:00,63400.0,retrait,,regional_uemoa,False,aucune
3f60b112,CLI-00356,2026-04-13 00:00:00,17100.0,transfert_sortant,CLI-00249,local,False,aucune
71561c52,CLI-00734,2026-04-13 00:00:00,139000.0,retrait,,local,False,aucune
e7393bdb,CLI-00252,2026-04-13 00:00:00,15600.0,decaissement_credit,,local,False,aucune
12e582b5,CLI-00574,2026-04-13 00:00:00,264600.0,retrait,,regional_uemoa,False,aucune
68298db6,CLI-00750,2026-04-13 00:00:00,181800.0,transfert_entrant,CLI-00728,regional_uemoa,False,aucune
6628c69f,CLI-00314,2026-04-13 00:00:00,98600.0,retrait,,local,False,aucune
5a960f53,CLI-00421,2026-04-13 00:00:00,42800.0,depot,,local,False,aucune
199ae352,CLI-00008,2026-04-13 00:00:00,89200.0,depot,,local,False,aucune
09f73f2e,CLI-00243,2026-04-13 00:00:00,87800.0,retrait,,local,False,aucune
46c59400,CLI-00316,2026-04-13 00:00:00,23900.0,retrait,,local,False,aucune
fc087df9,CLI-00037,2026-04-13 00:00:00,226200.0,depot,,local,False,aucune
45ba0d7d,CLI-00116,2026-04-13 00:00:00,47500.0,transfert_entrant,CLI-00703,local,False,aucune
2a5e8011,CLI-00698,2026-04-13 00:00:00,60000.0,depot,,local,False,aucune
5662ee85,CLI-00475,2026-04-13 00:00:00,149400.0,retrait,,local,False,aucune
77c4a6b1,CLI-00693,2026-04-13 00:00:00,87500.0,transfert_entrant,CLI-00249,local,False,aucune
4dc8f22a,CLI-00680,2026-04-13 00:00:00,45500.0,retrait,,local,False,aucune
c23e1582,CLI-00426,2026-04-13 00:00:00,41300.0,remboursement_credit,,local,False,aucune
38a1957c,CLI-00161,2026-04-13 00:00:00,13700.0,retrait,,local,False,aucune
2aefcf63,CLI-00170,2026-04-13 00:00:00,44800.0,retrait,,local,False,aucune
2bea5db0,CLI-00245,2026-04-13 00:00:00,16800.0,retrait,,local,False,aucune
4e1a7cd6,CLI-00686,2026-04-13 00:00:00,63900.0,depot,,regional_uemoa,False,aucune
364a1154,CLI-00685,2026-04-13 00:00:00,87100.0,retrait,,local,False,aucune
d22b8d85,CLI-00548,2026-04-13 00:00:00,11000.0,depot,,local,False,aucune
1853f68a,CLI-00074,2026-04-13 00:00:00,42100.0,retrait,,local,False,aucune
4c6431d2,CLI-00099,2026-04-14 00:00:00,49000.0,retrait,,local,False,aucune
2a7b354b,CLI-00024,2026-04-14 00:00:00,603300.0,depot,,local,False,aucune
88a72465,CLI-00229,2026-04-14 00:00:00,6000.0,depot,,local,False,aucune
2ee13a40,CLI-00375,2026-04-14 00:00:00,43200.0,retrait,,local,False,aucune
9fc2d4c8,CLI-00521,2026-04-14 00:00:00,6900.0,decaissement_credit,,local,False,aucune
e3487caf,CLI-00709,2026-04-14 00:00:00,16500.0,transfert_entrant,CLI-00081,local,False,aucune
c25e1c8a,CLI-00161,2026-04-14 00:00:00,99000.0,decaissement_credit,,local,False,aucune
7acacbc8,CLI-00010,2026-04-14 00:00:00,39000.0,retrait,,local,False,aucune
d723e763,CLI-00720,2026-04-14 00:00:00,71300.0,depot,,local,False,aucune
b5df2c95,CLI-00067,2026-04-14 00:00:00,25600.0,retrait,,local,False,aucune
eccaf308,CLI-00222,2026-04-14 00:00:00,18300.0,decaissement_credit,,local,False,aucune
62f53c20,CLI-00280,2026-04-14 00:00:00,23400.0,remboursement_credit,,local,False,aucune
cbe0320e,CLI-00210,2026-04-14 00:00:00,233700.0,depot,,local,False,aucune
fe2bb3ad,CLI-00484,2026-04-14 00:00:00,197800.0,depot,,local,False,aucune
9b35f98f,CLI-00646,2026-04-14 00:00:00,3400.0,transfert_sortant,CLI-00015,local,False,aucune
3e968c1d,CLI-00238,2026-04-14 00:00:00,5700.0,depot,,local,False,aucune
3ca4bbe8,CLI-00789,2026-04-14 00:00:00,46100.0,retrait,,local,False,aucune
e4c22d56,CLI-00618,2026-04-14 00:00:00,16000.0,retrait,,local,False,aucune
ddf14974,CLI-00412,2026-04-14 00:00:00,12200.0,depot,,local,False,aucune
5f87a9e5,CLI-00093,2026-04-14 00:00:00,12100.0,retrait,,local,False,aucune
bea8ba1d,CLI-00339,2026-04-14 00:00:00,39900.0,transfert_sortant,CLI-00081,local,False,aucune
52999d79,CLI-00354,2026-04-14 00:00:00,14000.0,transfert_sortant,CLI-00583,local,False,aucune
cd6de833,CLI-00777,2026-04-14 00:00:00,48700.0,depot,,local,False,aucune
f30957d7,CLI-00244,2026-04-14 00:00:00,7700.0,transfert_sortant,CLI-00714,regional_uemoa,False,aucune
3db6b64d,CLI-00680,2026-04-14 00:00:00,406800.0,depot,,local,False,aucune
5b980479,CLI-00236,2026-04-14 00:00:00,102400.0,transfert_sortant,CLI-00176,local,False,aucune
558812d7,CLI-00778,2026-04-14 00:00:00,68500.0,retrait,,local,False,aucune
de5ba57c,CLI-00182,2026-04-14 00:00:00,73800.0,retrait,,local,False,aucune
ef2bc839,CLI-00529,2026-04-14 00:00:00,2500.0,retrait,,regional_uemoa,False,aucune
98c11e43,CLI-00227,2026-04-14 00:00:00,23700.0,retrait,,local,False,aucune
6ed3ebf8,CLI-00368,2026-04-14 00:00:00,32700.0,depot,,regional_uemoa,False,aucune
d5ad95d4,CLI-00607,2026-04-14 00:00:00,6200.0,transfert_entrant,CLI-00150,local,False,aucune
5df5b2ee,CLI-00085,2026-04-14 00:00:00,31100.0,depot,,local,False,aucune
5964105c,CLI-00474,2026-04-14 00:00:00,48600.0,retrait,,regional_uemoa,False,aucune
61a8cda4,CLI-00578,2026-04-14 00:00:00,110600.0,decaissement_credit,,local,False,aucune
a5fb0547,CLI-00038,2026-04-14 00:00:00,280900.0,transfert_entrant,CLI-00345,transfrontalier_sensible,False,aucune
d23e4f7f,CLI-00551,2026-04-14 00:00:00,103100.0,decaissement_credit,,local,False,aucune
1f18840a,CLI-00605,2026-04-14 00:00:00,31800.0,transfert_sortant,CLI-00332,local,False,aucune
78f80d1b,CLI-00393,2026-04-14 00:00:00,46300.0,depot,,local,False,aucune
6a5972fa,CLI-00214,2026-04-14 00:00:00,171600.0,decaissement_credit,,transfrontalier_sensible,False,aucune
ba0d1bec,CLI-00519,2026-04-14 00:00:00,41100.0,decaissement_credit,,local,False,aucune
37525a05,CLI-00037,2026-04-14 00:00:00,48600.0,retrait,,transfrontalier_sensible,False,aucune
32c3188a,CLI-00091,2026-04-14 00:00:00,72000.0,retrait,,local,False,aucune
5149756f,CLI-00761,2026-04-14 00:00:00,33000.0,depot,,local,False,aucune
103cb4ee,CLI-00154,2026-04-14 00:00:00,106200.0,transfert_sortant,CLI-00480,regional_uemoa,False,aucune
a07ab812,CLI-00346,2026-04-14 00:00:00,260400.0,retrait,,local,False,aucune
e648a618,CLI-00191,2026-04-14 00:00:00,21400.0,remboursement_credit,,local,False,aucune
90e2192a,CLI-00138,2026-04-14 00:00:00,205100.0,transfert_sortant,CLI-00662,transfrontalier_sensible,False,aucune
2ea84f34,CLI-00685,2026-04-14 00:00:00,18900.0,retrait,,local,False,aucune
5a59b698,CLI-00619,2026-04-14 00:00:00,53100.0,remboursement_credit,,local,False,aucune
782637df,CLI-00102,2026-04-14 00:00:00,214400.0,transfert_entrant,CLI-00217,local,False,aucune
bae48cfa,CLI-00677,2026-04-14 00:00:00,26200.0,retrait,,local,False,aucune
ef4a65e6,CLI-00102,2026-04-14 00:00:00,49000.0,transfert_sortant,CLI-00466,local,False,aucune
fd825002,CLI-00115,2026-04-14 00:00:00,36900.0,retrait,,local,False,aucune
3806e270,CLI-00691,2026-04-14 00:00:00,75500.0,retrait,,local,False,aucune
56d9d8ba,CLI-00343,2026-04-14 00:00:00,36100.0,transfert_entrant,CLI-00734,local,False,aucune
fa747316,CLI-00384,2026-04-14 00:00:00,48300.0,retrait,,local,False,aucune
ec7c99d3,CLI-00215,2026-04-14 00:00:00,39100.0,remboursement_credit,,regional_uemoa,False,aucune
0cbade6d,CLI-00738,2026-04-14 00:00:00,45000.0,depot,,local,False,aucune
ee3b32be,CLI-00461,2026-04-14 00:00:00,62500.0,remboursement_credit,,local,False,aucune
776da578,CLI-00138,2026-04-14 00:00:00,51800.0,depot,,regional_uemoa,False,aucune
0a3ee729,CLI-00553,2026-04-15 00:00:00,10000.0,transfert_sortant,CLI-00524,local,False,aucune
ea0f1b6a,CLI-00329,2026-04-15 00:00:00,16800.0,depot,,transfrontalier_sensible,False,aucune
239d2f74,CLI-00415,2026-04-15 00:00:00,36400.0,depot,,local,False,aucune
6221e125,CLI-00604,2026-04-15 00:00:00,30600.0,decaissement_credit,,local,False,aucune
021e713b,CLI-00605,2026-04-15 00:00:00,39800.0,transfert_entrant,CLI-00367,local,False,aucune
07751fc5,CLI-00206,2026-04-15 00:00:00,27100.0,depot,,regional_uemoa,False,aucune
80378d32,CLI-00419,2026-04-15 00:00:00,18100.0,retrait,,transfrontalier_sensible,False,aucune
53019be9,CLI-00677,2026-04-15 00:00:00,90600.0,transfert_sortant,CLI-00534,local,False,aucune
f1184256,CLI-00605,2026-04-15 00:00:00,23500.0,decaissement_credit,,local,False,aucune
4c3c5280,CLI-00507,2026-04-15 00:00:00,20600.0,depot,,local,False,aucune
83701f98,CLI-00207,2026-04-15 00:00:00,7600.0,depot,,local,False,aucune
4488eb1f,CLI-00685,2026-04-15 00:00:00,19700.0,depot,,local,False,aucune
91d8a515,CLI-00016,2026-04-15 00:00:00,38500.0,depot,,local,False,aucune
a1a8cb48,CLI-00427,2026-04-15 00:00:00,18400.0,depot,,local,False,aucune
ef688886,CLI-00550,2026-04-15 00:00:00,20200.0,retrait,,local,False,aucune
40df3407,CLI-00485,2026-04-15 00:00:00,184800.0,remboursement_credit,,local,False,aucune
ae415ec3,CLI-00680,2026-04-15 00:00:00,111400.0,retrait,,local,False,aucune
98b8ec44,CLI-00477,2026-04-15 00:00:00,78400.0,remboursement_credit,,local,False,aucune
9920f522,CLI-00084,2026-04-15 00:00:00,22100.0,retrait,,local,False,aucune
8a82cd90,CLI-00332,2026-04-15 00:00:00,9700.0,transfert_entrant,CLI-00706,local,False,aucune
6a87dbe2,CLI-00413,2026-04-15 00:00:00,87300.0,retrait,,local,False,aucune
a29249cc,CLI-00593,2026-04-15 00:00:00,111900.0,retrait,,regional_uemoa,False,aucune
2dc0db52,CLI-00076,2026-04-15 00:00:00,32000.0,retrait,,local,False,aucune
1bb66dd1,CLI-00095,2026-04-15 00:00:00,18600.0,retrait,,local,False,aucune
2c92e3ac,CLI-00443,2026-04-15 00:00:00,50700.0,retrait,,local,False,aucune
76a526ae,CLI-00220,2026-04-15 00:00:00,65000.0,depot,,local,False,aucune
36114a2b,CLI-00351,2026-04-15 00:00:00,79700.0,transfert_sortant,CLI-00790,transfrontalier_sensible,False,aucune
54454cfc,CLI-00251,2026-04-15 00:00:00,67600.0,decaissement_credit,,local,False,aucune
ded1c8b0,CLI-00530,2026-04-15 00:00:00,9100.0,retrait,,local,False,aucune
63df4b9a,CLI-00386,2026-04-15 00:00:00,150500.0,transfert_entrant,CLI-00318,local,False,aucune
bea65e03,CLI-00663,2026-04-15 00:00:00,31300.0,remboursement_credit,,regional_uemoa,False,aucune
b903a9fc,CLI-00360,2026-04-15 00:00:00,234200.0,remboursement_credit,,regional_uemoa,False,aucune
41536d67,CLI-00282,2026-04-15 00:00:00,316200.0,depot,,local,False,aucune
41c9afb4,CLI-00525,2026-04-15 00:00:00,147900.0,retrait,,local,False,aucune
147bb172,CLI-00509,2026-04-15 00:00:00,32500.0,depot,,local,False,aucune
da72a661,CLI-00467,2026-04-15 00:00:00,49400.0,depot,,local,False,aucune
d0e55b4b,CLI-00793,2026-04-15 00:00:00,139200.0,decaissement_credit,,local,False,aucune
538387af,CLI-00238,2026-04-15 00:00:00,21300.0,depot,,local,False,aucune
a616ede6,CLI-00343,2026-04-15 00:00:00,213400.0,retrait,,local,False,aucune
0d4208c4,CLI-00638,2026-04-15 00:00:00,33900.0,depot,,local,False,aucune
1dedfc33,CLI-00621,2026-04-15 00:00:00,204800.0,retrait,,local,False,aucune
ad578b6a,CLI-00509,2026-04-15 00:00:00,13200.0,depot,,local,False,aucune
e43df7be,CLI-00180,2026-04-15 00:00:00,35700.0,retrait,,local,False,aucune
10462e6c,CLI-00443,2026-04-15 00:00:00,62100.0,retrait,,regional_uemoa,False,aucune
63391ce0,CLI-00026,2026-04-15 00:00:00,335500.0,depot,,local,False,aucune
06d76479,CLI-00573,2026-04-15 00:00:00,54800.0,remboursement_credit,,local,False,aucune
adeea61c,CLI-00507,2026-04-15 00:00:00,117000.0,depot,,regional_uemoa,False,aucune
b1265d2c,CLI-00473,2026-04-15 00:00:00,8400.0,depot,,local,False,aucune
b3975368,CLI-00149,2026-04-15 00:00:00,37100.0,retrait,,local,False,aucune
965efdc2,CLI-00279,2026-04-15 00:00:00,9500.0,retrait,,local,False,aucune
4cae923f,CLI-00531,2026-04-15 00:00:00,11900.0,depot,,local,False,aucune
000dd603,CLI-00231,2026-04-15 00:00:00,27100.0,retrait,,local,False,aucune
e854c1f2,CLI-00455,2026-04-16 00:00:00,24600.0,transfert_sortant,CLI-00378,local,False,aucune
532437b8,CLI-00383,2026-04-16 00:00:00,481300.0,depot,,local,False,aucune
25984315,CLI-00258,2026-04-16 00:00:00,56000.0,remboursement_credit,,local,False,aucune
1b29cf4a,CLI-00355,2026-04-16 00:00:00,26200.0,transfert_entrant,CLI-00539,local,False,aucune
02c15145,CLI-00730,2026-04-16 00:00:00,199900.0,depot,,local,False,aucune
40523b1d,CLI-00539,2026-04-16 00:00:00,29400.0,remboursement_credit,,local,False,aucune
9e3ffacc,CLI-00487,2026-04-16 00:00:00,28000.0,transfert_sortant,CLI-00667,local,False,aucune
bc97ba7b,CLI-00111,2026-04-16 00:00:00,142900.0,depot,,transfrontalier_sensible,False,aucune
0e18e781,CLI-00515,2026-04-16 00:00:00,169200.0,depot,,regional_uemoa,False,aucune
2ff65abf,CLI-00757,2026-04-16 00:00:00,507400.0,decaissement_credit,,local,False,aucune
045c4da2,CLI-00078,2026-04-16 00:00:00,7400.0,depot,,transfrontalier_sensible,False,aucune
3da5217c,CLI-00759,2026-04-16 00:00:00,59100.0,retrait,,local,False,aucune
916e6443,CLI-00756,2026-04-16 00:00:00,41400.0,transfert_entrant,CLI-00222,local,False,aucune
65e2da03,CLI-00757,2026-04-16 00:00:00,12200.0,remboursement_credit,,local,False,aucune
aba10b56,CLI-00537,2026-04-16 00:00:00,12600.0,transfert_sortant,CLI-00440,local,False,aucune
478c9507,CLI-00604,2026-04-16 00:00:00,155600.0,remboursement_credit,,local,False,aucune
4d2b25ce,CLI-00720,2026-04-16 00:00:00,28300.0,decaissement_credit,,local,False,aucune
641a475d,CLI-00636,2026-04-16 00:00:00,20900.0,retrait,,local,False,aucune
f58d8043,CLI-00242,2026-04-16 00:00:00,15300.0,depot,,local,False,aucune
96f91aef,CLI-00581,2026-04-16 00:00:00,149000.0,depot,,local,False,aucune
e985fda1,CLI-00766,2026-04-16 00:00:00,32700.0,remboursement_credit,,regional_uemoa,False,aucune
14a2cb7e,CLI-00654,2026-04-16 00:00:00,42500.0,depot,,local,False,aucune
b2441abe,CLI-00198,2026-04-16 00:00:00,317200.0,depot,,local,False,aucune
414350ee,CLI-00259,2026-04-16 00:00:00,15200.0,remboursement_credit,,local,False,aucune
b85510a3,CLI-00716,2026-04-16 00:00:00,14500.0,decaissement_credit,,local,False,aucune
9640786b,CLI-00165,2026-04-16 00:00:00,10400.0,depot,,local,False,aucune
146b2ec8,CLI-00347,2026-04-16 00:00:00,38200.0,depot,,local,False,aucune
843ca079,CLI-00122,2026-04-16 00:00:00,17600.0,remboursement_credit,,local,False,aucune
c5d8a819,CLI-00590,2026-04-16 00:00:00,2800.0,transfert_entrant,CLI-00494,local,False,aucune
f1981533,CLI-00350,2026-04-16 00:00:00,66500.0,retrait,,local,False,aucune
af0074a0,CLI-00062,2026-04-16 00:00:00,152100.0,transfert_entrant,CLI-00583,local,False,aucune
36606f1e,CLI-00781,2026-04-16 00:00:00,141000.0,depot,,regional_uemoa,False,aucune
eef404a6,CLI-00093,2026-04-16 00:00:00,274200.0,transfert_entrant,CLI-00505,local,False,aucune
ea594bbc,CLI-00712,2026-04-16 00:00:00,9600.0,retrait,,local,False,aucune
100dbce2,CLI-00751,2026-04-16 00:00:00,18300.0,transfert_entrant,CLI-00306,local,False,aucune
1a3b29bd,CLI-00609,2026-04-16 00:00:00,128900.0,retrait,,local,False,aucune
7a076764,CLI-00464,2026-04-16 00:00:00,33500.0,retrait,,local,False,aucune
55343ea6,CLI-00318,2026-04-16 00:00:00,25400.0,depot,,regional_uemoa,False,aucune
c1e62465,CLI-00316,2026-04-16 00:00:00,10200.0,retrait,,local,False,aucune
53361177,CLI-00249,2026-04-16 00:00:00,56500.0,depot,,local,False,aucune
cd2123da,CLI-00154,2026-04-16 00:00:00,311400.0,retrait,,local,False,aucune
e7783a53,CLI-00111,2026-04-16 00:00:00,32300.0,retrait,,local,False,aucune
c1a01a5e,CLI-00466,2026-04-16 00:00:00,16500.0,retrait,,local,False,aucune
6f33ca6f,CLI-00695,2026-04-16 00:00:00,106700.0,depot,,local,False,aucune
9491ba53,CLI-00154,2026-04-16 00:00:00,26900.0,depot,,local,False,aucune
c97980d9,CLI-00064,2026-04-16 00:00:00,144400.0,retrait,,regional_uemoa,False,aucune
29c0edd4,CLI-00066,2026-04-16 00:00:00,14300.0,transfert_entrant,CLI-00529,local,False,aucune
a0df1d3e,CLI-00523,2026-04-16 00:00:00,85200.0,retrait,,regional_uemoa,False,aucune
4cb4ced1,CLI-00316,2026-04-16 00:00:00,26000.0,depot,,local,False,aucune
7f0523f0,CLI-00233,2026-04-16 00:00:00,77600.0,retrait,,local,False,aucune
d9cdf460,CLI-00081,2026-04-16 00:00:00,66700.0,transfert_sortant,CLI-00104,local,False,aucune
94a0feaa,CLI-00576,2026-04-16 00:00:00,17400.0,remboursement_credit,,local,False,aucune
564136a6,CLI-00663,2026-04-16 00:00:00,75900.0,depot,,local,False,aucune
339025f3,CLI-00409,2026-04-16 00:00:00,14600.0,remboursement_credit,,local,False,aucune
d264d1ee,CLI-00327,2026-04-16 00:00:00,35000.0,retrait,,local,False,aucune
08a202ee,CLI-00748,2026-04-17 00:00:00,227600.0,transfert_sortant,CLI-00356,local,False,aucune
84e430b3,CLI-00623,2026-04-17 00:00:00,58400.0,decaissement_credit,,local,False,aucune
3d324858,CLI-00519,2026-04-17 00:00:00,96600.0,depot,,local,False,aucune
83ff5245,CLI-00600,2026-04-17 00:00:00,200400.0,remboursement_credit,,regional_uemoa,False,aucune
cbba4ef9,CLI-00678,2026-04-17 00:00:00,70300.0,transfert_sortant,CLI-00667,local,False,aucune
3f1bfaa7,CLI-00669,2026-04-17 00:00:00,13300.0,retrait,,local,False,aucune
4d4d5da1,CLI-00240,2026-04-17 00:00:00,102600.0,depot,,regional_uemoa,False,aucune
6b57be44,CLI-00462,2026-04-17 00:00:00,9400.0,decaissement_credit,,local,False,aucune
b144fdb2,CLI-00209,2026-04-17 00:00:00,15800.0,depot,,local,False,aucune
01ec9da2,CLI-00165,2026-04-17 00:00:00,9300.0,retrait,,local,False,aucune
a62c73b9,CLI-00532,2026-04-17 00:00:00,22000.0,remboursement_credit,,local,False,aucune
80f57323,CLI-00785,2026-04-17 00:00:00,39600.0,retrait,,transfrontalier_sensible,False,aucune
7b07aeea,CLI-00027,2026-04-17 00:00:00,36500.0,transfert_entrant,CLI-00780,local,False,aucune
c19efe9a,CLI-00133,2026-04-17 00:00:00,10600.0,transfert_entrant,CLI-00692,transfrontalier_sensible,False,aucune
1b62d87f,CLI-00379,2026-04-17 00:00:00,14200.0,retrait,,local,False,aucune
a59cdee7,CLI-00659,2026-04-17 00:00:00,40800.0,retrait,,local,False,aucune
363a83f5,CLI-00063,2026-04-17 00:00:00,31400.0,retrait,,local,False,aucune
59577c1d,CLI-00491,2026-04-17 00:00:00,146500.0,depot,,local,False,aucune
30bf1ef0,CLI-00706,2026-04-17 00:00:00,31600.0,retrait,,local,False,aucune
a43bf257,CLI-00075,2026-04-17 00:00:00,64300.0,decaissement_credit,,local,False,aucune
64c93cb6,CLI-00474,2026-04-17 00:00:00,178700.0,transfert_sortant,CLI-00445,regional_uemoa,False,aucune
e460f2bf,CLI-00177,2026-04-17 00:00:00,4300.0,transfert_entrant,CLI-00549,local,False,aucune
011857ca,CLI-00539,2026-04-17 00:00:00,84500.0,remboursement_credit,,local,False,aucune
893d5eaa,CLI-00532,2026-04-17 00:00:00,12600.0,depot,,local,False,aucune
49de4a8e,CLI-00128,2026-04-17 00:00:00,53800.0,retrait,,local,False,aucune
9236bc80,CLI-00081,2026-04-17 00:00:00,18500.0,depot,,local,False,aucune
bcc362fc,CLI-00106,2026-04-17 00:00:00,25300.0,depot,,local,False,aucune
67874fb1,CLI-00045,2026-04-17 00:00:00,39700.0,transfert_entrant,CLI-00725,local,False,aucune
8cb197c8,CLI-00471,2026-04-17 00:00:00,15400.0,transfert_entrant,CLI-00208,local,False,aucune
fe2ef8da,CLI-00267,2026-04-17 00:00:00,58600.0,transfert_sortant,CLI-00273,local,False,aucune
75243a83,CLI-00426,2026-04-17 00:00:00,98900.0,retrait,,local,False,aucune
405a47b7,CLI-00430,2026-04-17 00:00:00,145300.0,transfert_sortant,CLI-00044,local,False,aucune
6ab117f5,CLI-00656,2026-04-17 00:00:00,139600.0,depot,,local,False,aucune
1c063f2d,CLI-00331,2026-04-17 00:00:00,4600.0,depot,,regional_uemoa,False,aucune
c21acd8c,CLI-00656,2026-04-17 00:00:00,167400.0,decaissement_credit,,regional_uemoa,False,aucune
d10a7420,CLI-00376,2026-04-17 00:00:00,60700.0,depot,,local,False,aucune
144c555d,CLI-00348,2026-04-17 00:00:00,130200.0,depot,,regional_uemoa,False,aucune
3c699fe8,CLI-00714,2026-04-17 00:00:00,81300.0,retrait,,local,False,aucune
e3b42775,CLI-00688,2026-04-17 00:00:00,67800.0,depot,,local,False,aucune
71cb9e43,CLI-00420,2026-04-17 00:00:00,91900.0,decaissement_credit,,local,False,aucune
0e24afd7,CLI-00676,2026-04-17 00:00:00,29200.0,remboursement_credit,,local,False,aucune
9befef79,CLI-00676,2026-04-17 00:00:00,11300.0,depot,,local,False,aucune
7eef3696,CLI-00501,2026-04-17 00:00:00,58000.0,depot,,local,False,aucune
127980ca,CLI-00128,2026-04-17 00:00:00,22000.0,depot,,regional_uemoa,False,aucune
9321c53a,CLI-00251,2026-04-17 00:00:00,301100.0,retrait,,local,False,aucune
d5c59df5,CLI-00435,2026-04-17 00:00:00,33400.0,retrait,,regional_uemoa,False,aucune
2ff6289e,CLI-00104,2026-04-17 00:00:00,71000.0,depot,,local,False,aucune
7ade7642,CLI-00077,2026-04-17 00:00:00,241500.0,retrait,,local,False,aucune
809e7ff2,CLI-00382,2026-04-17 00:00:00,13200.0,depot,,local,False,aucune
5a8f03c9,CLI-00116,2026-04-18 00:00:00,233200.0,retrait,,local,False,aucune
9a6e88a3,CLI-00556,2026-04-18 00:00:00,8100.0,depot,,local,False,aucune
e71df402,CLI-00468,2026-04-18 00:00:00,102700.0,transfert_sortant,CLI-00432,local,False,aucune
08a9dd21,CLI-00433,2026-04-18 00:00:00,8200.0,depot,,local,False,aucune
2489721a,CLI-00013,2026-04-18 00:00:00,16000.0,decaissement_credit,,local,False,aucune
814298d2,CLI-00191,2026-04-18 00:00:00,29800.0,depot,,local,False,aucune
5fdfe694,CLI-00115,2026-04-18 00:00:00,35800.0,decaissement_credit,,regional_uemoa,False,aucune
6a43f8b7,CLI-00697,2026-04-18 00:00:00,318100.0,depot,,regional_uemoa,False,aucune
61e801f4,CLI-00323,2026-04-18 00:00:00,34600.0,remboursement_credit,,local,False,aucune
c2da287e,CLI-00499,2026-04-18 00:00:00,866600.0,remboursement_credit,,local,False,aucune
569228fe,CLI-00205,2026-04-18 00:00:00,17200.0,retrait,,local,False,aucune
b352d3a7,CLI-00406,2026-04-18 00:00:00,77400.0,retrait,,regional_uemoa,False,aucune
f818c409,CLI-00418,2026-04-18 00:00:00,39200.0,retrait,,local,False,aucune
c1a02170,CLI-00155,2026-04-18 00:00:00,63400.0,transfert_entrant,CLI-00097,local,False,aucune
42adeafa,CLI-00429,2026-04-18 00:00:00,135300.0,remboursement_credit,,local,False,aucune
9556ca7c,CLI-00541,2026-04-18 00:00:00,13500.0,remboursement_credit,,local,False,aucune
291aa3ab,CLI-00118,2026-04-18 00:00:00,52200.0,depot,,local,False,aucune
5ebd7d65,CLI-00626,2026-04-18 00:00:00,53600.0,remboursement_credit,,local,False,aucune
97e37dca,CLI-00667,2026-04-18 00:00:00,120300.0,retrait,,local,False,aucune
766c9db0,CLI-00362,2026-04-18 00:00:00,10000.0,retrait,,local,False,aucune
e7d50b17,CLI-00734,2026-04-18 00:00:00,487500.0,retrait,,transfrontalier_sensible,False,aucune
e3d280f5,CLI-00005,2026-04-18 00:00:00,147800.0,transfert_entrant,CLI-00231,local,False,aucune
0d898be5,CLI-00187,2026-04-18 00:00:00,18800.0,decaissement_credit,,regional_uemoa,False,aucune
c24e6afb,CLI-00467,2026-04-18 00:00:00,144000.0,depot,,transfrontalier_sensible,False,aucune
7798adc8,CLI-00709,2026-04-18 00:00:00,31400.0,retrait,,transfrontalier_sensible,False,aucune
7ded9b25,CLI-00753,2026-04-18 00:00:00,66300.0,depot,,transfrontalier_sensible,False,aucune
93bf618e,CLI-00510,2026-04-18 00:00:00,13400.0,depot,,local,False,aucune
1f032f3c,CLI-00231,2026-04-18 00:00:00,187200.0,depot,,local,False,aucune
c9c8c636,CLI-00442,2026-04-18 00:00:00,53900.0,depot,,local,False,aucune
777c80f9,CLI-00257,2026-04-18 00:00:00,34500.0,retrait,,local,False,aucune
ea5f0ede,CLI-00716,2026-04-18 00:00:00,62700.0,decaissement_credit,,local,False,aucune
61aded44,CLI-00074,2026-04-18 00:00:00,8900.0,retrait,,local,False,aucune
b182018f,CLI-00179,2026-04-18 00:00:00,19800.0,depot,,local,False,aucune
96a439d0,CLI-00577,2026-04-18 00:00:00,4700.0,transfert_sortant,CLI-00288,local,False,aucune
863cb0b5,CLI-00149,2026-04-18 00:00:00,49000.0,transfert_sortant,CLI-00595,local,False,aucune
723a41bd,CLI-00218,2026-04-19 00:00:00,40700.0,retrait,,local,False,aucune
62eadc10,CLI-00233,2026-04-19 00:00:00,240300.0,transfert_sortant,CLI-00530,regional_uemoa,False,aucune
7e3e16d4,CLI-00351,2026-04-19 00:00:00,61100.0,depot,,local,False,aucune
0a9bf1bb,CLI-00501,2026-04-19 00:00:00,55300.0,retrait,,local,False,aucune
c157cb77,CLI-00210,2026-04-19 00:00:00,73800.0,retrait,,regional_uemoa,False,aucune
b2cb90aa,CLI-00043,2026-04-19 00:00:00,89700.0,retrait,,local,False,aucune
b5e83b13,CLI-00613,2026-04-19 00:00:00,55500.0,depot,,local,False,aucune
dd38d6dc,CLI-00630,2026-04-19 00:00:00,72700.0,retrait,,local,False,aucune
2362e3d8,CLI-00732,2026-04-19 00:00:00,17000.0,depot,,local,False,aucune
71682445,CLI-00362,2026-04-19 00:00:00,96100.0,depot,,local,False,aucune
018e65ed,CLI-00512,2026-04-19 00:00:00,23600.0,retrait,,local,False,aucune
1ce809fa,CLI-00181,2026-04-19 00:00:00,20400.0,remboursement_credit,,regional_uemoa,False,aucune
e701d0bf,CLI-00785,2026-04-19 00:00:00,69800.0,transfert_entrant,CLI-00324,local,False,aucune
8422cf62,CLI-00378,2026-04-19 00:00:00,7100.0,decaissement_credit,,local,False,aucune
eacb684d,CLI-00637,2026-04-19 00:00:00,20300.0,depot,,local,False,aucune
e3644746,CLI-00261,2026-04-19 00:00:00,61900.0,retrait,,local,False,aucune
d373b077,CLI-00170,2026-04-19 00:00:00,93400.0,remboursement_credit,,local,False,aucune
48087f38,CLI-00059,2026-04-19 00:00:00,91400.0,remboursement_credit,,local,False,aucune
0ba2af61,CLI-00798,2026-04-19 00:00:00,170300.0,transfert_entrant,CLI-00060,local,False,aucune
74bea120,CLI-00382,2026-04-19 00:00:00,143600.0,transfert_entrant,CLI-00175,local,False,aucune
1151ea3a,CLI-00147,2026-04-19 00:00:00,60900.0,depot,,local,False,aucune
4ad5e0e9,CLI-00655,2026-04-19 00:00:00,56600.0,remboursement_credit,,regional_uemoa,False,aucune
81af326e,CLI-00376,2026-04-19 00:00:00,432000.0,depot,,local,False,aucune
f27f952d,CLI-00283,2026-04-19 00:00:00,35900.0,depot,,local,False,aucune
5e467388,CLI-00381,2026-04-19 00:00:00,19000.0,decaissement_credit,,local,False,aucune
7248a0fd,CLI-00336,2026-04-19 00:00:00,16200.0,depot,,regional_uemoa,False,aucune
6472427a,CLI-00318,2026-04-19 00:00:00,32400.0,transfert_sortant,CLI-00370,local,False,aucune
2b2696ad,CLI-00337,2026-04-19 00:00:00,44900.0,depot,,regional_uemoa,False,aucune
5cfc16df,CLI-00703,2026-04-19 00:00:00,77300.0,depot,,local,False,aucune
98e568a8,CLI-00304,2026-04-19 00:00:00,14200.0,transfert_sortant,CLI-00746,local,False,aucune
352b1b0c,CLI-00607,2026-04-19 00:00:00,34700.0,transfert_entrant,CLI-00348,local,False,aucune
84edca6c,CLI-00214,2026-04-19 00:00:00,30700.0,depot,,regional_uemoa,False,aucune
31e39b00,CLI-00756,2026-04-19 00:00:00,58800.0,depot,,regional_uemoa,False,aucune
a76352ce,CLI-00102,2026-04-19 00:00:00,64800.0,depot,,local,False,aucune
1ce118bc,CLI-00405,2026-04-19 00:00:00,10400.0,decaissement_credit,,local,False,aucune
4e071355,CLI-00282,2026-04-19 00:00:00,216600.0,retrait,,regional_uemoa,False,aucune
35de9bd5,CLI-00220,2026-04-19 00:00:00,87600.0,depot,,local,False,aucune
9100131e,CLI-00141,2026-04-19 00:00:00,87100.0,retrait,,local,False,aucune
7ee2cdf5,CLI-00387,2026-04-19 00:00:00,433500.0,depot,,local,False,aucune
52e49e3b,CLI-00644,2026-04-19 00:00:00,15000.0,transfert_entrant,CLI-00075,local,False,aucune
d1552580,CLI-00404,2026-04-19 00:00:00,859100.0,depot,,transfrontalier_sensible,False,aucune
9dc9b234,CLI-00661,2026-04-19 00:00:00,138100.0,depot,,local,False,aucune
b245a677,CLI-00616,2026-04-19 00:00:00,62000.0,remboursement_credit,,local,False,aucune
9be2d775,CLI-00648,2026-04-19 00:00:00,21700.0,transfert_sortant,CLI-00039,regional_uemoa,False,aucune
15102ba6,CLI-00024,2026-04-19 00:00:00,66700.0,transfert_sortant,CLI-00767,local,False,aucune
7d87bb4f,CLI-00506,2026-04-19 00:00:00,35800.0,transfert_entrant,CLI-00531,local,False,aucune
670c1dc7,CLI-00049,2026-04-19 00:00:00,35100.0,decaissement_credit,,local,False,aucune
e7286e50,CLI-00610,2026-04-19 00:00:00,9200.0,remboursement_credit,,local,False,aucune
0f55f9f3,CLI-00680,2026-04-19 00:00:00,26600.0,retrait,,local,False,aucune
2f3a7842,CLI-00271,2026-04-19 00:00:00,35000.0,retrait,,transfrontalier_sensible,False,aucune
26ce4066,CLI-00711,2026-04-19 00:00:00,33200.0,retrait,,local,False,aucune
857de947,CLI-00707,2026-04-19 00:00:00,248200.0,decaissement_credit,,local,False,aucune
65742f64,CLI-00345,2026-04-19 00:00:00,17300.0,retrait,,local,False,aucune
98751ca8,CLI-00103,2026-04-19 00:00:00,93200.0,retrait,,local,False,aucune
2bed5887,CLI-00145,2026-04-19 00:00:00,251900.0,transfert_sortant,CLI-00350,local,False,aucune
61f85298,CLI-00634,2026-04-19 00:00:00,12200.0,depot,,local,False,aucune
e192c17b,CLI-00632,2026-04-19 00:00:00,60100.0,depot,,transfrontalier_sensible,False,aucune
8502cca7,CLI-00724,2026-04-19 00:00:00,36200.0,depot,,regional_uemoa,False,aucune
3c903527,CLI-00450,2026-04-19 00:00:00,29500.0,depot,,local,False,aucune
4edddf8f,CLI-00757,2026-04-19 00:00:00,189500.0,transfert_sortant,CLI-00385,local,False,aucune
622e9929,CLI-00371,2026-04-20 00:00:00,120600.0,retrait,,local,False,aucune
ffcf47e2,CLI-00493,2026-04-20 00:00:00,47300.0,decaissement_credit,,local,False,aucune
9ca491ef,CLI-00631,2026-04-20 00:00:00,103400.0,retrait,,local,False,aucune
348638f1,CLI-00106,2026-04-20 00:00:00,43400.0,transfert_sortant,CLI-00304,local,False,aucune
ad817223,CLI-00355,2026-04-20 00:00:00,76300.0,retrait,,local,False,aucune
f20d0ee0,CLI-00045,2026-04-20 00:00:00,16600.0,depot,,local,False,aucune
a0b035a1,CLI-00119,2026-04-20 00:00:00,48800.0,retrait,,local,False,aucune
27e18ae0,CLI-00376,2026-04-20 00:00:00,26300.0,transfert_sortant,CLI-00326,local,False,aucune
0661e73b,CLI-00739,2026-04-20 00:00:00,193900.0,depot,,local,False,aucune
d15159be,CLI-00277,2026-04-20 00:00:00,109900.0,depot,,local,False,aucune
5f6f5979,CLI-00117,2026-04-20 00:00:00,133700.0,transfert_entrant,CLI-00264,local,False,aucune
c637eb5b,CLI-00624,2026-04-20 00:00:00,28600.0,decaissement_credit,,local,False,aucune
2206b8a8,CLI-00600,2026-04-20 00:00:00,12200.0,transfert_entrant,CLI-00589,local,False,aucune
b0cd2344,CLI-00597,2026-04-20 00:00:00,4000.0,transfert_sortant,CLI-00177,local,False,aucune
234259e1,CLI-00479,2026-04-20 00:00:00,93200.0,remboursement_credit,,local,False,aucune
8cdd03ac,CLI-00119,2026-04-20 00:00:00,59400.0,depot,,local,False,aucune
c9a1be2a,CLI-00294,2026-04-20 00:00:00,3300.0,transfert_sortant,CLI-00326,local,False,aucune
2d6d7ccd,CLI-00232,2026-04-20 00:00:00,40400.0,depot,,local,False,aucune
98784f3a,CLI-00437,2026-04-20 00:00:00,95600.0,remboursement_credit,,local,False,aucune
2e61ed59,CLI-00178,2026-04-20 00:00:00,24900.0,retrait,,regional_uemoa,False,aucune
94cf620d,CLI-00454,2026-04-20 00:00:00,43500.0,depot,,local,False,aucune
fae3462d,CLI-00454,2026-04-20 00:00:00,4200.0,remboursement_credit,,regional_uemoa,False,aucune
50e5b570,CLI-00784,2026-04-20 00:00:00,24600.0,depot,,local,False,aucune
f8059d8a,CLI-00143,2026-04-20 00:00:00,70100.0,depot,,local,False,aucune
68ab88d3,CLI-00402,2026-04-20 00:00:00,72000.0,retrait,,local,False,aucune
4f94d7a8,CLI-00251,2026-04-20 00:00:00,58100.0,transfert_sortant,CLI-00793,local,False,aucune
a179f97b,CLI-00787,2026-04-20 00:00:00,5800.0,decaissement_credit,,local,False,aucune
382cce75,CLI-00181,2026-04-20 00:00:00,104700.0,transfert_sortant,CLI-00478,regional_uemoa,False,aucune
cfb06026,CLI-00443,2026-04-20 00:00:00,37900.0,transfert_entrant,CLI-00175,regional_uemoa,False,aucune
152b93e9,CLI-00769,2026-04-20 00:00:00,4600.0,depot,,regional_uemoa,False,aucune
5785fe9e,CLI-00508,2026-04-20 00:00:00,13300.0,depot,,local,False,aucune
b512f2d9,CLI-00656,2026-04-20 00:00:00,27100.0,depot,,regional_uemoa,False,aucune
e28e9ced,CLI-00023,2026-04-20 00:00:00,43500.0,depot,,local,False,aucune
1d0fb0e4,CLI-00578,2026-04-20 00:00:00,7300.0,depot,,local,False,aucune
37fcd013,CLI-00579,2026-04-20 00:00:00,26400.0,retrait,,local,False,aucune
d8cc9763,CLI-00582,2026-04-20 00:00:00,36700.0,transfert_entrant,CLI-00642,regional_uemoa,False,aucune
991d740c,CLI-00720,2026-04-20 00:00:00,190500.0,transfert_sortant,CLI-00526,local,False,aucune
3481be50,CLI-00576,2026-04-20 00:00:00,234000.0,retrait,,local,False,aucune
515b1157,CLI-00562,2026-04-20 00:00:00,39900.0,remboursement_credit,,local,False,aucune
c9a41f2f,CLI-00653,2026-04-20 00:00:00,29400.0,transfert_entrant,CLI-00768,regional_uemoa,False,aucune
a3b9de9b,CLI-00410,2026-04-20 00:00:00,22500.0,retrait,,local,False,aucune
9df43604,CLI-00456,2026-04-20 00:00:00,33400.0,retrait,,local,False,aucune
3596a8fb,CLI-00728,2026-04-20 00:00:00,40100.0,depot,,local,False,aucune
ab1a4c30,CLI-00077,2026-04-20 00:00:00,83200.0,depot,,regional_uemoa,False,aucune
f000ec1a,CLI-00160,2026-04-20 00:00:00,152400.0,transfert_sortant,CLI-00432,transfrontalier_sensible,False,aucune
33395e59,CLI-00639,2026-04-20 00:00:00,26400.0,transfert_sortant,CLI-00172,local,False,aucune
b75caeac,CLI-00458,2026-04-20 00:00:00,56200.0,transfert_entrant,CLI-00613,local,False,aucune
326aa994,CLI-00548,2026-04-20 00:00:00,18200.0,remboursement_credit,,local,False,aucune
2ef7b219,CLI-00079,2026-04-20 00:00:00,14000.0,transfert_entrant,CLI-00490,local,False,aucune
5294d905,CLI-00547,2026-04-20 00:00:00,41600.0,decaissement_credit,,transfrontalier_sensible,False,aucune
22f5b525,CLI-00089,2026-04-21 00:00:00,34800.0,depot,,local,False,aucune
adc01ddc,CLI-00333,2026-04-21 00:00:00,101500.0,retrait,,local,False,aucune
aa84d506,CLI-00577,2026-04-21 00:00:00,169200.0,retrait,,local,False,aucune
968b118b,CLI-00060,2026-04-21 00:00:00,47200.0,retrait,,local,False,aucune
c9e96288,CLI-00165,2026-04-21 00:00:00,144600.0,transfert_sortant,CLI-00799,local,False,aucune
db73eb77,CLI-00446,2026-04-21 00:00:00,76300.0,transfert_entrant,CLI-00163,local,False,aucune
9590918a,CLI-00252,2026-04-21 00:00:00,4100.0,retrait,,local,False,aucune
3e8b5d8c,CLI-00447,2026-04-21 00:00:00,57000.0,retrait,,local,False,aucune
ed3e8a32,CLI-00033,2026-04-21 00:00:00,13300.0,transfert_sortant,CLI-00001,local,False,aucune
e66c1fec,CLI-00336,2026-04-21 00:00:00,138000.0,transfert_entrant,CLI-00744,transfrontalier_sensible,False,aucune
6b5a8aca,CLI-00040,2026-04-21 00:00:00,59000.0,retrait,,local,False,aucune
2774d149,CLI-00683,2026-04-21 00:00:00,160500.0,retrait,,transfrontalier_sensible,False,aucune
54870702,CLI-00479,2026-04-21 00:00:00,4700.0,remboursement_credit,,local,False,aucune
6397aca7,CLI-00734,2026-04-21 00:00:00,84100.0,remboursement_credit,,local,False,aucune
9b2060b8,CLI-00331,2026-04-21 00:00:00,39900.0,retrait,,regional_uemoa,False,aucune
2b43fbd6,CLI-00371,2026-04-21 00:00:00,69900.0,depot,,local,False,aucune
8df9c049,CLI-00125,2026-04-21 00:00:00,122100.0,depot,,regional_uemoa,False,aucune
3a4bb354,CLI-00556,2026-04-21 00:00:00,64900.0,retrait,,local,False,aucune
67febe96,CLI-00037,2026-04-21 00:00:00,130500.0,retrait,,local,False,aucune
5ab23875,CLI-00114,2026-04-21 00:00:00,13200.0,transfert_sortant,CLI-00138,local,False,aucune
87895dea,CLI-00718,2026-04-21 00:00:00,10500.0,depot,,local,False,aucune
0f64fae4,CLI-00236,2026-04-21 00:00:00,195300.0,depot,,local,False,aucune
d3e71913,CLI-00065,2026-04-21 00:00:00,6700.0,depot,,local,False,aucune
c7f2fdef,CLI-00014,2026-04-21 00:00:00,29200.0,retrait,,local,False,aucune
3dd9ea84,CLI-00113,2026-04-21 00:00:00,219600.0,depot,,transfrontalier_sensible,False,aucune
76ea1148,CLI-00740,2026-04-21 00:00:00,36600.0,transfert_sortant,CLI-00360,local,False,aucune
46c1ba5b,CLI-00553,2026-04-21 00:00:00,64700.0,remboursement_credit,,local,False,aucune
138bdc46,CLI-00358,2026-04-21 00:00:00,35800.0,transfert_entrant,CLI-00724,local,False,aucune
a61a68f7,CLI-00479,2026-04-21 00:00:00,18600.0,depot,,regional_uemoa,False,aucune
c4854e72,CLI-00062,2026-04-21 00:00:00,22700.0,remboursement_credit,,local,False,aucune
50445550,CLI-00284,2026-04-21 00:00:00,45800.0,retrait,,local,False,aucune
4cf1334d,CLI-00791,2026-04-21 00:00:00,184800.0,depot,,local,False,aucune
41dd2912,CLI-00149,2026-04-21 00:00:00,46600.0,transfert_sortant,CLI-00693,local,False,aucune
5e4c02ab,CLI-00438,2026-04-21 00:00:00,8300.0,transfert_sortant,CLI-00130,transfrontalier_sensible,False,aucune
e02de54e,CLI-00687,2026-04-21 00:00:00,31800.0,remboursement_credit,,local,False,aucune
63c8c856,CLI-00027,2026-04-21 00:00:00,42900.0,depot,,local,False,aucune
d0939b8f,CLI-00505,2026-04-21 00:00:00,17900.0,depot,,local,False,aucune
0f4c0b63,CLI-00386,2026-04-21 00:00:00,215800.0,transfert_entrant,CLI-00670,local,False,aucune
37b1950c,CLI-00260,2026-04-21 00:00:00,94200.0,transfert_sortant,CLI-00027,local,False,aucune
db489d16,CLI-00381,2026-04-21 00:00:00,74700.0,transfert_entrant,CLI-00459,local,False,aucune
90662917,CLI-00505,2026-04-21 00:00:00,5800.0,depot,,local,False,aucune
0ad8de3b,CLI-00133,2026-04-21 00:00:00,69500.0,depot,,regional_uemoa,False,aucune
f4475c3f,CLI-00257,2026-04-21 00:00:00,808900.0,retrait,,local,False,aucune
fe0241f6,CLI-00053,2026-04-21 00:00:00,70400.0,depot,,regional_uemoa,False,aucune
3c3dad78,CLI-00262,2026-04-21 00:00:00,4000.0,retrait,,local,False,aucune
7ef3f4a7,CLI-00262,2026-04-21 00:00:00,32700.0,retrait,,regional_uemoa,False,aucune
9d0e6957,CLI-00263,2026-04-21 00:00:00,24600.0,decaissement_credit,,local,False,aucune
8e27110b,CLI-00391,2026-04-21 00:00:00,28000.0,transfert_sortant,CLI-00428,local,False,aucune
480654b0,CLI-00782,2026-04-22 00:00:00,360000.0,retrait,,local,False,aucune
b7f4531f,CLI-00641,2026-04-22 00:00:00,5800.0,transfert_sortant,CLI-00183,local,False,aucune
76ba50f8,CLI-00751,2026-04-22 00:00:00,5300.0,transfert_sortant,CLI-00744,local,False,aucune
7e918a0e,CLI-00258,2026-04-22 00:00:00,29200.0,transfert_entrant,CLI-00554,local,False,aucune
9658e914,CLI-00160,2026-04-22 00:00:00,253100.0,transfert_entrant,CLI-00276,local,False,aucune
0a74e84b,CLI-00534,2026-04-22 00:00:00,96000.0,depot,,local,False,aucune
e57ecf8e,CLI-00495,2026-04-22 00:00:00,39100.0,transfert_sortant,CLI-00696,local,False,aucune
59229c88,CLI-00722,2026-04-22 00:00:00,62900.0,transfert_entrant,CLI-00709,local,False,aucune
7d9e5048,CLI-00327,2026-04-22 00:00:00,111700.0,transfert_entrant,CLI-00391,local,False,aucune
4665b142,CLI-00152,2026-04-22 00:00:00,4000.0,transfert_sortant,CLI-00379,local,False,aucune
1c7777d4,CLI-00450,2026-04-22 00:00:00,27900.0,transfert_entrant,CLI-00405,regional_uemoa,False,aucune
53254cd8,CLI-00014,2026-04-22 00:00:00,40900.0,depot,,regional_uemoa,False,aucune
0d56cce7,CLI-00358,2026-04-22 00:00:00,103000.0,depot,,local,False,aucune
addaba48,CLI-00116,2026-04-22 00:00:00,14200.0,retrait,,local,False,aucune
dd0c3d06,CLI-00786,2026-04-22 00:00:00,53100.0,transfert_sortant,CLI-00717,local,False,aucune
566bf972,CLI-00581,2026-04-22 00:00:00,22100.0,remboursement_credit,,local,False,aucune
ad9244be,CLI-00590,2026-04-22 00:00:00,26800.0,retrait,,local,False,aucune
5ad60fa5,CLI-00158,2026-04-22 00:00:00,10000.0,retrait,,regional_uemoa,False,aucune
a2eb6020,CLI-00748,2026-04-22 00:00:00,40200.0,transfert_sortant,CLI-00281,local,False,aucune
c3325493,CLI-00218,2026-04-22 00:00:00,55600.0,remboursement_credit,,local,False,aucune
b842eb5b,CLI-00321,2026-04-22 00:00:00,153700.0,retrait,,local,False,aucune
c45d69f5,CLI-00624,2026-04-22 00:00:00,176800.0,transfert_entrant,CLI-00208,local,False,aucune
3df17962,CLI-00069,2026-04-22 00:00:00,364000.0,depot,,local,False,aucune
564ffd03,CLI-00086,2026-04-22 00:00:00,20200.0,transfert_entrant,CLI-00248,local,False,aucune
6dfb2362,CLI-00343,2026-04-22 00:00:00,36800.0,retrait,,local,False,aucune
0abd0d86,CLI-00573,2026-04-22 00:00:00,39200.0,transfert_sortant,CLI-00046,local,False,aucune
e1483815,CLI-00194,2026-04-22 00:00:00,35100.0,remboursement_credit,,regional_uemoa,False,aucune
2e95c67f,CLI-00093,2026-04-22 00:00:00,2600.0,retrait,,local,False,aucune
76753cf0,CLI-00605,2026-04-22 00:00:00,3100.0,retrait,,transfrontalier_sensible,False,aucune
a8228ecc,CLI-00743,2026-04-22 00:00:00,94700.0,depot,,local,False,aucune
56371927,CLI-00447,2026-04-22 00:00:00,26500.0,depot,,local,False,aucune
51550f6f,CLI-00760,2026-04-22 00:00:00,52200.0,retrait,,local,False,aucune
6311c46e,CLI-00095,2026-04-22 00:00:00,29600.0,retrait,,local,False,aucune
a8b9baca,CLI-00606,2026-04-22 00:00:00,23600.0,retrait,,local,False,aucune
3bbc2978,CLI-00760,2026-04-22 00:00:00,71800.0,retrait,,local,False,aucune
b5f6ad40,CLI-00225,2026-04-22 00:00:00,44200.0,depot,,local,False,aucune
477c16db,CLI-00756,2026-04-22 00:00:00,42200.0,depot,,local,False,aucune
62ba6dad,CLI-00334,2026-04-22 00:00:00,36800.0,depot,,regional_uemoa,False,aucune
bcd8413c,CLI-00053,2026-04-22 00:00:00,154600.0,remboursement_credit,,regional_uemoa,False,aucune
810639d0,CLI-00444,2026-04-22 00:00:00,15200.0,depot,,regional_uemoa,False,aucune
ad253149,CLI-00200,2026-04-22 00:00:00,63500.0,depot,,local,False,aucune
f04f3026,CLI-00619,2026-04-22 00:00:00,221200.0,transfert_sortant,CLI-00652,transfrontalier_sensible,False,aucune
4c8e6384,CLI-00284,2026-04-22 00:00:00,98400.0,transfert_entrant,CLI-00473,local,False,aucune
bc37583b,CLI-00458,2026-04-22 00:00:00,52800.0,remboursement_credit,,local,False,aucune
e82e8f7f,CLI-00290,2026-04-22 00:00:00,17600.0,depot,,local,False,aucune
7b2e16ad,CLI-00475,2026-04-22 00:00:00,36000.0,transfert_entrant,CLI-00115,local,False,aucune
27e31b72,CLI-00585,2026-04-22 00:00:00,37200.0,retrait,,local,False,aucune
6d6e57e9,CLI-00779,2026-04-22 00:00:00,62200.0,retrait,,local,False,aucune
5f9b9f0f,CLI-00415,2026-04-22 00:00:00,44600.0,transfert_sortant,CLI-00053,local,False,aucune
0bc8edd9,CLI-00188,2026-04-22 00:00:00,31400.0,depot,,local,False,aucune
7f29edd4,CLI-00293,2026-04-22 00:00:00,26400.0,transfert_entrant,CLI-00455,local,False,aucune
1565a736,CLI-00529,2026-04-22 00:00:00,35300.0,depot,,local,False,aucune
016cd8ef,CLI-00353,2026-04-22 00:00:00,31500.0,depot,,local,False,aucune
9fc92525,CLI-00381,2026-04-22 00:00:00,32500.0,remboursement_credit,,local,False,aucune
b6b5e00d,CLI-00072,2026-04-23 00:00:00,46800.0,retrait,,local,False,aucune
92063df2,CLI-00173,2026-04-23 00:00:00,79100.0,remboursement_credit,,local,False,aucune
7036c2f5,CLI-00686,2026-04-23 00:00:00,32000.0,depot,,local,False,aucune
83d54cbd,CLI-00683,2026-04-23 00:00:00,14900.0,transfert_entrant,CLI-00559,local,False,aucune
05261d12,CLI-00194,2026-04-23 00:00:00,53100.0,transfert_sortant,CLI-00479,local,False,aucune
334e3525,CLI-00236,2026-04-23 00:00:00,7000.0,depot,,local,False,aucune
9a99f1f3,CLI-00040,2026-04-23 00:00:00,246100.0,transfert_sortant,CLI-00672,local,False,aucune
edf35661,CLI-00535,2026-04-23 00:00:00,68300.0,depot,,regional_uemoa,False,aucune
1302aefa,CLI-00727,2026-04-23 00:00:00,38600.0,retrait,,transfrontalier_sensible,False,aucune
731e5ff9,CLI-00739,2026-04-23 00:00:00,317900.0,remboursement_credit,,transfrontalier_sensible,False,aucune
7ec2c7e4,CLI-00157,2026-04-23 00:00:00,7200.0,retrait,,regional_uemoa,False,aucune
2e1982b2,CLI-00616,2026-04-23 00:00:00,157200.0,retrait,,transfrontalier_sensible,False,aucune
55969186,CLI-00795,2026-04-23 00:00:00,24100.0,depot,,local,False,aucune
bbc172dc,CLI-00539,2026-04-23 00:00:00,229500.0,retrait,,local,False,aucune
9e096d4c,CLI-00744,2026-04-23 00:00:00,242200.0,depot,,regional_uemoa,False,aucune
b3946157,CLI-00164,2026-04-23 00:00:00,258700.0,transfert_sortant,CLI-00795,local,False,aucune
63f6c4ef,CLI-00245,2026-04-23 00:00:00,21400.0,transfert_entrant,CLI-00143,regional_uemoa,False,aucune
8d41426b,CLI-00159,2026-04-23 00:00:00,18100.0,decaissement_credit,,regional_uemoa,False,aucune
9dac0ab7,CLI-00314,2026-04-23 00:00:00,69400.0,depot,,local,False,aucune
e68554ee,CLI-00695,2026-04-23 00:00:00,144000.0,transfert_sortant,CLI-00683,local,False,aucune
c71e14d2,CLI-00348,2026-04-23 00:00:00,25300.0,depot,,local,False,aucune
05a75797,CLI-00622,2026-04-23 00:00:00,34800.0,retrait,,local,False,aucune
191c755c,CLI-00480,2026-04-23 00:00:00,22000.0,depot,,local,False,aucune
fb2e45c1,CLI-00191,2026-04-23 00:00:00,24500.0,depot,,local,False,aucune
60236e54,CLI-00015,2026-04-23 00:00:00,20800.0,remboursement_credit,,local,False,aucune
38d0ac91,CLI-00150,2026-04-23 00:00:00,210000.0,retrait,,local,False,aucune
247420a8,CLI-00520,2026-04-23 00:00:00,250400.0,retrait,,local,False,aucune
81522057,CLI-00126,2026-04-23 00:00:00,35900.0,retrait,,local,False,aucune
63e0695d,CLI-00046,2026-04-23 00:00:00,49000.0,retrait,,local,False,aucune
c73ef82f,CLI-00181,2026-04-23 00:00:00,534300.0,retrait,,local,False,aucune
8668d42f,CLI-00452,2026-04-23 00:00:00,9700.0,retrait,,local,False,aucune
223f035d,CLI-00101,2026-04-23 00:00:00,230600.0,depot,,regional_uemoa,False,aucune
f8402dad,CLI-00508,2026-04-23 00:00:00,73900.0,transfert_entrant,CLI-00259,local,False,aucune
7ae15747,CLI-00659,2026-04-23 00:00:00,94500.0,transfert_entrant,CLI-00507,regional_uemoa,False,aucune
10d8a799,CLI-00390,2026-04-23 00:00:00,33800.0,decaissement_credit,,transfrontalier_sensible,False,aucune
ba9c12b5,CLI-00032,2026-04-23 00:00:00,25300.0,depot,,local,False,aucune
d501d594,CLI-00464,2026-04-23 00:00:00,58700.0,retrait,,regional_uemoa,False,aucune
ce98f928,CLI-00657,2026-04-23 00:00:00,13800.0,transfert_sortant,CLI-00766,local,False,aucune
1fbcec1e,CLI-00264,2026-04-23 00:00:00,22800.0,retrait,,local,False,aucune
457b3984,CLI-00776,2026-04-23 00:00:00,680100.0,retrait,,local,False,aucune
cdf12cd2,CLI-00756,2026-04-23 00:00:00,21900.0,depot,,local,False,aucune
20d9f552,CLI-00510,2026-04-23 00:00:00,118900.0,depot,,local,False,aucune
c4f61dbd,CLI-00605,2026-04-23 00:00:00,37800.0,depot,,local,False,aucune
d1c71cf1,CLI-00099,2026-04-23 00:00:00,452100.0,depot,,local,False,aucune
eba064ea,CLI-00068,2026-04-23 00:00:00,21600.0,remboursement_credit,,local,False,aucune
65df0035,CLI-00133,2026-04-23 00:00:00,75200.0,transfert_sortant,CLI-00652,transfrontalier_sensible,False,aucune
8d1306a5,CLI-00196,2026-04-23 00:00:00,30300.0,retrait,,local,False,aucune
93a9089c,CLI-00320,2026-04-23 00:00:00,28100.0,retrait,,local,False,aucune
075c50f4,CLI-00265,2026-04-23 00:00:00,12200.0,remboursement_credit,,regional_uemoa,False,aucune
bb3f3d03,CLI-00259,2026-04-23 00:00:00,69800.0,retrait,,local,False,aucune
6c4894aa,CLI-00437,2026-04-23 00:00:00,34200.0,transfert_entrant,CLI-00233,regional_uemoa,False,aucune
1d625848,CLI-00469,2026-04-23 00:00:00,69600.0,depot,,regional_uemoa,False,aucune
0bc6ba5d,CLI-00748,2026-04-23 00:00:00,200300.0,remboursement_credit,,local,False,aucune
8ea35f9a,CLI-00724,2026-04-23 00:00:00,25800.0,remboursement_credit,,local,False,aucune
e5cda3ca,CLI-00177,2026-04-23 00:00:00,91500.0,retrait,,local,False,aucune
e92fbe55,CLI-00323,2026-04-23 00:00:00,149600.0,transfert_sortant,CLI-00455,local,False,aucune
56ffa9bd,CLI-00402,2026-04-24 00:00:00,148800.0,retrait,,regional_uemoa,False,aucune
a76d4ee1,CLI-00715,2026-04-24 00:00:00,80600.0,retrait,,local,False,aucune
ead3f93a,CLI-00433,2026-04-24 00:00:00,32800.0,retrait,,local,False,aucune
37fd70d7,CLI-00071,2026-04-24 00:00:00,46700.0,retrait,,local,False,aucune
bdecf9e7,CLI-00218,2026-04-24 00:00:00,24700.0,depot,,regional_uemoa,False,aucune
c11aae5a,CLI-00096,2026-04-24 00:00:00,56600.0,decaissement_credit,,local,False,aucune
00535b72,CLI-00223,2026-04-24 00:00:00,46400.0,transfert_sortant,CLI-00751,local,False,aucune
cd2f3ff5,CLI-00233,2026-04-24 00:00:00,38300.0,transfert_sortant,CLI-00445,local,False,aucune
a1242258,CLI-00678,2026-04-24 00:00:00,51100.0,retrait,,local,False,aucune
2e6f7d86,CLI-00066,2026-04-24 00:00:00,31200.0,retrait,,local,False,aucune
78a0b027,CLI-00705,2026-04-24 00:00:00,150200.0,decaissement_credit,,local,False,aucune
add70117,CLI-00386,2026-04-24 00:00:00,41100.0,depot,,local,False,aucune
0c3f43ad,CLI-00693,2026-04-24 00:00:00,18800.0,depot,,local,False,aucune
680bc3ec,CLI-00452,2026-04-24 00:00:00,133800.0,remboursement_credit,,local,False,aucune
86bca188,CLI-00625,2026-04-24 00:00:00,129000.0,retrait,,local,False,aucune
40171ecb,CLI-00107,2026-04-24 00:00:00,27300.0,depot,,local,False,aucune
edecaf10,CLI-00065,2026-04-24 00:00:00,22000.0,decaissement_credit,,local,False,aucune
f97465da,CLI-00091,2026-04-24 00:00:00,106200.0,transfert_sortant,CLI-00428,local,False,aucune
985d0121,CLI-00215,2026-04-24 00:00:00,71800.0,decaissement_credit,,regional_uemoa,False,aucune
9562b2e7,CLI-00086,2026-04-24 00:00:00,54300.0,depot,,local,False,aucune
58ddfbad,CLI-00428,2026-04-24 00:00:00,265500.0,remboursement_credit,,local,False,aucune
52b6d0df,CLI-00126,2026-04-24 00:00:00,14600.0,decaissement_credit,,local,False,aucune
106e0aee,CLI-00770,2026-04-24 00:00:00,79200.0,depot,,local,False,aucune
4a00010e,CLI-00510,2026-04-24 00:00:00,34500.0,retrait,,local,False,aucune
eb3976c4,CLI-00768,2026-04-24 00:00:00,152800.0,transfert_sortant,CLI-00534,regional_uemoa,False,aucune
3bc854ed,CLI-00010,2026-04-24 00:00:00,29800.0,remboursement_credit,,local,False,aucune
cdea9bb1,CLI-00302,2026-04-24 00:00:00,7600.0,depot,,local,False,aucune
599590f3,CLI-00279,2026-04-24 00:00:00,16100.0,remboursement_credit,,local,False,aucune
e6831f0f,CLI-00323,2026-04-24 00:00:00,18100.0,depot,,local,False,aucune
1a880ab7,CLI-00298,2026-04-24 00:00:00,30000.0,transfert_sortant,CLI-00057,local,False,aucune
06d781d9,CLI-00201,2026-04-24 00:00:00,129100.0,retrait,,transfrontalier_sensible,False,aucune
949e3805,CLI-00766,2026-04-24 00:00:00,108600.0,transfert_entrant,CLI-00250,local,False,aucune
010181fe,CLI-00517,2026-04-24 00:00:00,207100.0,remboursement_credit,,local,False,aucune
a81ae9c8,CLI-00537,2026-04-24 00:00:00,34100.0,transfert_sortant,CLI-00640,local,False,aucune
0c8e9f7c,CLI-00548,2026-04-24 00:00:00,678200.0,transfert_entrant,CLI-00786,local,False,aucune
449d4bac,CLI-00206,2026-04-24 00:00:00,310400.0,transfert_entrant,CLI-00122,regional_uemoa,False,aucune
1fc60c26,CLI-00603,2026-04-24 00:00:00,148900.0,transfert_sortant,CLI-00043,local,False,aucune
136d7c5a,CLI-00160,2026-04-24 00:00:00,136300.0,transfert_sortant,CLI-00201,regional_uemoa,False,aucune
4e6b0233,CLI-00577,2026-04-24 00:00:00,55500.0,retrait,,local,False,aucune
414de66b,CLI-00149,2026-04-24 00:00:00,97700.0,remboursement_credit,,local,False,aucune
68b0c404,CLI-00359,2026-04-24 00:00:00,226700.0,transfert_sortant,CLI-00215,regional_uemoa,False,aucune
008c9e1c,CLI-00541,2026-04-24 00:00:00,23100.0,retrait,,regional_uemoa,False,aucune
effad60b,CLI-00598,2026-04-24 00:00:00,47500.0,depot,,local,False,aucune
f428f303,CLI-00577,2026-04-24 00:00:00,620400.0,depot,,local,False,aucune
1663c813,CLI-00519,2026-04-24 00:00:00,125800.0,transfert_sortant,CLI-00180,regional_uemoa,False,aucune
4a4d31d6,CLI-00001,2026-04-24 00:00:00,1043000.0,depot,,local,False,aucune
97ea8ba1,CLI-00019,2026-04-25 00:00:00,14500.0,depot,,regional_uemoa,False,aucune
7a033cee,CLI-00630,2026-04-25 00:00:00,64600.0,depot,,regional_uemoa,False,aucune
2c21966c,CLI-00572,2026-04-25 00:00:00,52300.0,depot,,regional_uemoa,False,aucune
d4039fce,CLI-00295,2026-04-25 00:00:00,219600.0,transfert_entrant,CLI-00511,local,False,aucune
330a3a75,CLI-00252,2026-04-25 00:00:00,18800.0,transfert_sortant,CLI-00463,local,False,aucune
ed6063cc,CLI-00464,2026-04-25 00:00:00,88900.0,retrait,,local,False,aucune
d805d9b4,CLI-00788,2026-04-25 00:00:00,241400.0,decaissement_credit,,local,False,aucune
433f160d,CLI-00713,2026-04-25 00:00:00,13400.0,depot,,local,False,aucune
adc191fc,CLI-00403,2026-04-25 00:00:00,209000.0,transfert_entrant,CLI-00014,local,False,aucune
796e3393,CLI-00771,2026-04-25 00:00:00,67300.0,depot,,local,False,aucune
5451de47,CLI-00299,2026-04-25 00:00:00,394300.0,retrait,,local,False,aucune
7a04a5d1,CLI-00629,2026-04-25 00:00:00,73600.0,retrait,,local,False,aucune
7ebaa35e,CLI-00449,2026-04-25 00:00:00,3200.0,retrait,,local,False,aucune
a8ac59b7,CLI-00184,2026-04-25 00:00:00,25200.0,retrait,,local,False,aucune
74172866,CLI-00374,2026-04-25 00:00:00,5800.0,remboursement_credit,,local,False,aucune
b8b1664f,CLI-00022,2026-04-25 00:00:00,19800.0,retrait,,local,False,aucune
92f76cf8,CLI-00780,2026-04-25 00:00:00,14700.0,retrait,,local,False,aucune
24c67e03,CLI-00609,2026-04-25 00:00:00,39000.0,transfert_entrant,CLI-00596,local,False,aucune
af99d619,CLI-00124,2026-04-25 00:00:00,17200.0,remboursement_credit,,local,False,aucune
d336490e,CLI-00226,2026-04-25 00:00:00,47200.0,transfert_sortant,CLI-00732,transfrontalier_sensible,False,aucune
916709f6,CLI-00628,2026-04-25 00:00:00,99200.0,retrait,,local,False,aucune
23f0fdfb,CLI-00404,2026-04-25 00:00:00,100600.0,remboursement_credit,,regional_uemoa,False,aucune
b662b1b0,CLI-00180,2026-04-25 00:00:00,11400.0,retrait,,local,False,aucune
85b5496b,CLI-00570,2026-04-25 00:00:00,14700.0,depot,,local,False,aucune
e0b8b4c3,CLI-00624,2026-04-25 00:00:00,387100.0,transfert_sortant,CLI-00159,local,False,aucune
dd1fe9ba,CLI-00120,2026-04-25 00:00:00,25300.0,retrait,,local,False,aucune
6597bc19,CLI-00790,2026-04-25 00:00:00,20900.0,retrait,,local,False,aucune
4279ada9,CLI-00461,2026-04-25 00:00:00,42500.0,retrait,,local,False,aucune
9c74beb4,CLI-00635,2026-04-25 00:00:00,6300.0,transfert_sortant,CLI-00260,local,False,aucune
466a5e80,CLI-00310,2026-04-25 00:00:00,98000.0,retrait,,regional_uemoa,False,aucune
a273cc2f,CLI-00684,2026-04-25 00:00:00,121400.0,retrait,,local,False,aucune
c4fc4cd4,CLI-00197,2026-04-25 00:00:00,20400.0,retrait,,regional_uemoa,False,aucune
2f11b7a0,CLI-00602,2026-04-25 00:00:00,166500.0,transfert_entrant,CLI-00288,local,False,aucune
4461586c,CLI-00284,2026-04-25 00:00:00,83100.0,depot,,local,False,aucune
b74bfc7d,CLI-00348,2026-04-25 00:00:00,46000.0,depot,,regional_uemoa,False,aucune
a9ea5db9,CLI-00080,2026-04-25 00:00:00,17100.0,depot,,local,False,aucune
693e82a0,CLI-00528,2026-04-25 00:00:00,125300.0,decaissement_credit,,local,False,aucune
03d2d8bb,CLI-00454,2026-04-25 00:00:00,19100.0,retrait,,local,False,aucune
702d22e1,CLI-00797,2026-04-25 00:00:00,104200.0,retrait,,local,False,aucune
ed1dd93b,CLI-00072,2026-04-25 00:00:00,76300.0,retrait,,local,False,aucune
0f1a9b7f,CLI-00554,2026-04-25 00:00:00,71900.0,remboursement_credit,,regional_uemoa,False,aucune
bbed23f5,CLI-00024,2026-04-25 00:00:00,4700.0,remboursement_credit,,regional_uemoa,False,aucune
70c31c0b,CLI-00747,2026-04-25 00:00:00,173900.0,transfert_sortant,CLI-00675,local,False,aucune
196cffcb,CLI-00754,2026-04-25 00:00:00,80400.0,depot,,local,False,aucune
9e213188,CLI-00123,2026-04-25 00:00:00,27300.0,transfert_sortant,CLI-00561,local,False,aucune
6825a8b7,CLI-00156,2026-04-25 00:00:00,101200.0,retrait,,local,False,aucune
ba7e3dfe,CLI-00677,2026-04-25 00:00:00,74600.0,remboursement_credit,,local,False,aucune
689ff529,CLI-00171,2026-04-25 00:00:00,71800.0,transfert_sortant,CLI-00018,local,False,aucune
7774e5f3,CLI-00128,2026-04-26 00:00:00,18500.0,depot,,regional_uemoa,False,aucune
c11afbef,CLI-00289,2026-04-26 00:00:00,16200.0,retrait,,local,False,aucune
b8cedfa3,CLI-00460,2026-04-26 00:00:00,132700.0,decaissement_credit,,local,False,aucune
a13ad2b5,CLI-00598,2026-04-26 00:00:00,144100.0,remboursement_credit,,regional_uemoa,False,aucune
e7129cb9,CLI-00334,2026-04-26 00:00:00,15100.0,transfert_sortant,CLI-00287,local,False,aucune
0568bf6b,CLI-00045,2026-04-26 00:00:00,136900.0,depot,,local,False,aucune
a2035e6a,CLI-00352,2026-04-26 00:00:00,39600.0,retrait,,local,False,aucune
4093f9d0,CLI-00220,2026-04-26 00:00:00,29700.0,remboursement_credit,,regional_uemoa,False,aucune
88e328e1,CLI-00350,2026-04-26 00:00:00,135100.0,remboursement_credit,,local,False,aucune
05afbc83,CLI-00760,2026-04-26 00:00:00,49400.0,retrait,,local,False,aucune
74bce1f4,CLI-00515,2026-04-26 00:00:00,66800.0,depot,,local,False,aucune
83e5b0b3,CLI-00265,2026-04-26 00:00:00,11200.0,depot,,local,False,aucune
0469eb51,CLI-00605,2026-04-26 00:00:00,9000.0,decaissement_credit,,transfrontalier_sensible,False,aucune
2512537a,CLI-00500,2026-04-26 00:00:00,10700.0,transfert_entrant,CLI-00704,local,False,aucune
0faefdd5,CLI-00578,2026-04-26 00:00:00,107000.0,retrait,,local,False,aucune
8db83866,CLI-00593,2026-04-26 00:00:00,20700.0,transfert_sortant,CLI-00772,local,False,aucune
351e88b5,CLI-00358,2026-04-26 00:00:00,114500.0,transfert_sortant,CLI-00301,local,False,aucune
5c38c1de,CLI-00140,2026-04-26 00:00:00,21100.0,retrait,,regional_uemoa,False,aucune
b95ec12e,CLI-00579,2026-04-26 00:00:00,79700.0,depot,,local,False,aucune
53410f2f,CLI-00033,2026-04-26 00:00:00,398300.0,retrait,,regional_uemoa,False,aucune
09a77823,CLI-00034,2026-04-26 00:00:00,9800.0,depot,,local,False,aucune
2c20eba9,CLI-00344,2026-04-26 00:00:00,18700.0,retrait,,local,False,aucune
b1fd204f,CLI-00343,2026-04-26 00:00:00,14300.0,remboursement_credit,,local,False,aucune
8c675899,CLI-00027,2026-04-26 00:00:00,39700.0,retrait,,local,False,aucune
35a94fa4,CLI-00402,2026-04-26 00:00:00,146100.0,depot,,local,False,aucune
5892202b,CLI-00518,2026-04-26 00:00:00,30700.0,depot,,local,False,aucune
e4002997,CLI-00320,2026-04-26 00:00:00,60300.0,retrait,,local,False,aucune
cfcf4ed3,CLI-00124,2026-04-26 00:00:00,14600.0,depot,,local,False,aucune
1423a124,CLI-00703,2026-04-26 00:00:00,20600.0,retrait,,local,False,aucune
0d0baebb,CLI-00557,2026-04-26 00:00:00,49200.0,depot,,local,False,aucune
5c71cf9c,CLI-00205,2026-04-26 00:00:00,23200.0,decaissement_credit,,local,False,aucune
8ceb47a9,CLI-00556,2026-04-26 00:00:00,4300.0,transfert_sortant,CLI-00728,local,False,aucune
4cd3c556,CLI-00073,2026-04-26 00:00:00,100100.0,retrait,,local,False,aucune
374dd1d8,CLI-00694,2026-04-26 00:00:00,14000.0,depot,,transfrontalier_sensible,False,aucune
52da9b6f,CLI-00415,2026-04-26 00:00:00,181500.0,depot,,local,False,aucune
7ae9b7df,CLI-00682,2026-04-26 00:00:00,37900.0,retrait,,local,False,aucune
8f6dc892,CLI-00164,2026-04-26 00:00:00,108200.0,remboursement_credit,,local,False,aucune
a28e0944,CLI-00746,2026-04-26 00:00:00,56700.0,depot,,regional_uemoa,False,aucune
d22d07a8,CLI-00306,2026-04-26 00:00:00,35400.0,retrait,,local,False,aucune
f4e71a2a,CLI-00417,2026-04-26 00:00:00,93500.0,depot,,regional_uemoa,False,aucune
45e02601,CLI-00039,2026-04-26 00:00:00,75500.0,retrait,,local,False,aucune
baedf69d,CLI-00240,2026-04-26 00:00:00,70000.0,retrait,,local,False,aucune
866f962b,CLI-00420,2026-04-26 00:00:00,70600.0,retrait,,local,False,aucune
b3888d2e,CLI-00542,2026-04-26 00:00:00,68900.0,depot,,regional_uemoa,False,aucune
ea4d4a31,CLI-00000,2026-04-26 00:00:00,32100.0,retrait,,local,False,aucune
2a8fcf3f,CLI-00205,2026-04-26 00:00:00,90000.0,depot,,local,False,aucune
2ed132f1,CLI-00408,2026-04-26 00:00:00,122000.0,retrait,,regional_uemoa,False,aucune
8565b276,CLI-00674,2026-04-26 00:00:00,341800.0,transfert_entrant,CLI-00202,local,False,aucune
74edb6e8,CLI-00326,2026-04-26 00:00:00,9000.0,remboursement_credit,,local,False,aucune
efd78056,CLI-00442,2026-04-26 00:00:00,9100.0,retrait,,local,False,aucune
9769ade2,CLI-00711,2026-04-26 00:00:00,83100.0,transfert_entrant,CLI-00062,local,False,aucune
46efc940,CLI-00327,2026-04-26 00:00:00,19400.0,depot,,local,False,aucune
33ae80d2,CLI-00250,2026-04-26 00:00:00,188800.0,retrait,,transfrontalier_sensible,False,aucune
426e20df,CLI-00232,2026-04-26 00:00:00,36800.0,transfert_entrant,CLI-00736,local,False,aucune
3240e4af,CLI-00748,2026-04-26 00:00:00,131300.0,depot,,local,False,aucune
e8d85650,CLI-00262,2026-04-26 00:00:00,857900.0,decaissement_credit,,regional_uemoa,False,aucune
defab61c,CLI-00249,2026-04-26 00:00:00,177800.0,depot,,local,False,aucune
4b71ad48,CLI-00668,2026-04-26 00:00:00,25900.0,depot,,local,False,aucune
dac56ae0,CLI-00526,2026-04-26 00:00:00,20000.0,remboursement_credit,,regional_uemoa,False,aucune
2af4f3f9,CLI-00567,2026-04-26 00:00:00,140200.0,transfert_entrant,CLI-00118,local,False,aucune
5bb9cd6f,CLI-00595,2026-04-27 00:00:00,57100.0,remboursement_credit,,local,False,aucune
17427fec,CLI-00671,2026-04-27 00:00:00,61000.0,remboursement_credit,,regional_uemoa,False,aucune
2c7654c0,CLI-00134,2026-04-27 00:00:00,29400.0,retrait,,local,False,aucune
f57ae410,CLI-00151,2026-04-27 00:00:00,24000.0,remboursement_credit,,local,False,aucune
2ca3a437,CLI-00296,2026-04-27 00:00:00,82400.0,transfert_sortant,CLI-00597,local,False,aucune
c9acfa2f,CLI-00597,2026-04-27 00:00:00,10700.0,depot,,local,False,aucune
a8b2374c,CLI-00240,2026-04-27 00:00:00,40400.0,depot,,local,False,aucune
e16d16bf,CLI-00054,2026-04-27 00:00:00,260700.0,remboursement_credit,,transfrontalier_sensible,False,aucune
d9fc0d22,CLI-00134,2026-04-27 00:00:00,114800.0,retrait,,transfrontalier_sensible,False,aucune
95a3b73f,CLI-00224,2026-04-27 00:00:00,27100.0,remboursement_credit,,regional_uemoa,False,aucune
f6237d24,CLI-00322,2026-04-27 00:00:00,132600.0,decaissement_credit,,transfrontalier_sensible,False,aucune
11775b64,CLI-00545,2026-04-27 00:00:00,128700.0,depot,,local,False,aucune
1f8b00ea,CLI-00000,2026-04-27 00:00:00,9600.0,retrait,,local,False,aucune
505fe40b,CLI-00712,2026-04-27 00:00:00,31400.0,transfert_entrant,CLI-00437,local,False,aucune
fcc42671,CLI-00714,2026-04-27 00:00:00,186900.0,retrait,,local,False,aucune
1c23c37f,CLI-00598,2026-04-27 00:00:00,22600.0,depot,,local,False,aucune
49cde32b,CLI-00296,2026-04-27 00:00:00,70700.0,depot,,local,False,aucune
51cb9bbf,CLI-00194,2026-04-27 00:00:00,137300.0,retrait,,regional_uemoa,False,aucune
e84c1515,CLI-00655,2026-04-27 00:00:00,93400.0,decaissement_credit,,local,False,aucune
803f7fb5,CLI-00790,2026-04-27 00:00:00,13600.0,transfert_sortant,CLI-00413,local,False,aucune
4cbaccf8,CLI-00188,2026-04-27 00:00:00,155200.0,transfert_entrant,CLI-00415,transfrontalier_sensible,False,aucune
739511bb,CLI-00183,2026-04-27 00:00:00,73200.0,depot,,local,False,aucune
32605633,CLI-00057,2026-04-27 00:00:00,55400.0,retrait,,local,False,aucune
86859c80,CLI-00557,2026-04-27 00:00:00,47900.0,depot,,local,False,aucune
22e1e62e,CLI-00052,2026-04-27 00:00:00,39000.0,transfert_entrant,CLI-00242,local,False,aucune
a412f3ea,CLI-00028,2026-04-27 00:00:00,76300.0,depot,,local,False,aucune
c112695e,CLI-00699,2026-04-27 00:00:00,36300.0,decaissement_credit,,local,False,aucune
ba66754d,CLI-00298,2026-04-27 00:00:00,29300.0,depot,,local,False,aucune
88590498,CLI-00534,2026-04-27 00:00:00,95700.0,transfert_sortant,CLI-00736,local,False,aucune
3ca10410,CLI-00694,2026-04-27 00:00:00,165700.0,depot,,local,False,aucune
77d1fd64,CLI-00766,2026-04-27 00:00:00,37500.0,retrait,,local,False,aucune
a824ea23,CLI-00664,2026-04-27 00:00:00,107100.0,transfert_sortant,CLI-00281,local,False,aucune
be749780,CLI-00237,2026-04-27 00:00:00,15800.0,retrait,,transfrontalier_sensible,False,aucune
0dcbac97,CLI-00699,2026-04-27 00:00:00,49200.0,retrait,,transfrontalier_sensible,False,aucune
0b841c7f,CLI-00011,2026-04-27 00:00:00,56800.0,remboursement_credit,,local,False,aucune
7776784c,CLI-00037,2026-04-27 00:00:00,66000.0,retrait,,local,False,aucune
9ec04565,CLI-00738,2026-04-27 00:00:00,28100.0,depot,,local,False,aucune
623571c3,CLI-00111,2026-04-27 00:00:00,206000.0,depot,,local,False,aucune
02fe4627,CLI-00369,2026-04-27 00:00:00,23100.0,transfert_sortant,CLI-00127,local,False,aucune
a1476e66,CLI-00122,2026-04-27 00:00:00,34100.0,remboursement_credit,,local,False,aucune
829a0d90,CLI-00206,2026-04-27 00:00:00,15000.0,retrait,,local,False,aucune
f9758235,CLI-00618,2026-04-27 00:00:00,28400.0,depot,,local,False,aucune
633c6fa8,CLI-00036,2026-04-27 00:00:00,5600.0,retrait,,regional_uemoa,False,aucune
1c0cca35,CLI-00481,2026-04-27 00:00:00,11000.0,retrait,,local,False,aucune
3a3d7a63,CLI-00131,2026-04-27 00:00:00,35200.0,transfert_entrant,CLI-00062,local,False,aucune
6adac64f,CLI-00490,2026-04-27 00:00:00,8000.0,depot,,regional_uemoa,False,aucune
88bc90d7,CLI-00616,2026-04-27 00:00:00,193500.0,remboursement_credit,,regional_uemoa,False,aucune
c4ae7246,CLI-00466,2026-04-27 00:00:00,99600.0,transfert_sortant,CLI-00737,local,False,aucune
f7f6046b,CLI-00469,2026-04-27 00:00:00,74400.0,retrait,,local,False,aucune
c6589d84,CLI-00265,2026-04-27 00:00:00,37000.0,depot,,regional_uemoa,False,aucune
47428f53,CLI-00351,2026-04-27 00:00:00,28600.0,retrait,,local,False,aucune
975824a9,CLI-00634,2026-04-27 00:00:00,7200.0,depot,,local,False,aucune
51d76750,CLI-00629,2026-04-27 00:00:00,20100.0,depot,,local,False,aucune
f0618dfe,CLI-00116,2026-04-27 00:00:00,86100.0,remboursement_credit,,local,False,aucune
604911f2,CLI-00337,2026-04-28 00:00:00,86600.0,transfert_sortant,CLI-00524,local,False,aucune
50a738f2,CLI-00124,2026-04-28 00:00:00,49100.0,depot,,local,False,aucune
6995188d,CLI-00700,2026-04-28 00:00:00,58900.0,remboursement_credit,,local,False,aucune
03bba5e8,CLI-00739,2026-04-28 00:00:00,67200.0,remboursement_credit,,local,False,aucune
7e76a20c,CLI-00164,2026-04-28 00:00:00,69700.0,depot,,local,False,aucune
81609317,CLI-00678,2026-04-28 00:00:00,251000.0,retrait,,local,False,aucune
22479b3d,CLI-00370,2026-04-28 00:00:00,122100.0,transfert_entrant,CLI-00643,local,False,aucune
0e2123a6,CLI-00273,2026-04-28 00:00:00,181400.0,decaissement_credit,,local,False,aucune
d4ef464a,CLI-00709,2026-04-28 00:00:00,150900.0,transfert_entrant,CLI-00116,local,False,aucune
21302cb5,CLI-00623,2026-04-28 00:00:00,28700.0,remboursement_credit,,local,False,aucune
e728872a,CLI-00180,2026-04-28 00:00:00,24200.0,depot,,regional_uemoa,False,aucune
82160a78,CLI-00229,2026-04-28 00:00:00,23600.0,decaissement_credit,,local,False,aucune
50491be8,CLI-00673,2026-04-28 00:00:00,137200.0,remboursement_credit,,local,False,aucune
d8e808d5,CLI-00791,2026-04-28 00:00:00,142700.0,transfert_sortant,CLI-00643,local,False,aucune
7b568385,CLI-00143,2026-04-28 00:00:00,124700.0,decaissement_credit,,local,False,aucune
bb3501eb,CLI-00614,2026-04-28 00:00:00,29700.0,depot,,local,False,aucune
2cbd8bc0,CLI-00748,2026-04-28 00:00:00,33100.0,decaissement_credit,,local,False,aucune
127b9c3d,CLI-00325,2026-04-28 00:00:00,148700.0,depot,,local,False,aucune
4c0d0f09,CLI-00407,2026-04-28 00:00:00,18200.0,depot,,local,False,aucune
eef5b531,CLI-00768,2026-04-28 00:00:00,47000.0,depot,,local,False,aucune
275b8545,CLI-00340,2026-04-28 00:00:00,233300.0,remboursement_credit,,regional_uemoa,False,aucune
95ba9c29,CLI-00670,2026-04-28 00:00:00,33300.0,retrait,,local,False,aucune
bb457f97,CLI-00387,2026-04-28 00:00:00,40500.0,retrait,,regional_uemoa,False,aucune
b9eab3ab,CLI-00326,2026-04-28 00:00:00,381300.0,remboursement_credit,,local,False,aucune
bf082fb2,CLI-00481,2026-04-28 00:00:00,83500.0,retrait,,local,False,aucune
b647b4e3,CLI-00111,2026-04-28 00:00:00,69800.0,retrait,,regional_uemoa,False,aucune
810cae37,CLI-00528,2026-04-28 00:00:00,26400.0,retrait,,local,False,aucune
c1a81453,CLI-00275,2026-04-28 00:00:00,153400.0,depot,,local,False,aucune
c626b329,CLI-00607,2026-04-28 00:00:00,40200.0,depot,,regional_uemoa,False,aucune
2efc0b8a,CLI-00344,2026-04-28 00:00:00,62000.0,decaissement_credit,,local,False,aucune
01ab83fb,CLI-00488,2026-04-28 00:00:00,106100.0,depot,,local,False,aucune
22fcae1c,CLI-00046,2026-04-28 00:00:00,40300.0,retrait,,local,False,aucune
ad65d8a5,CLI-00314,2026-04-28 00:00:00,24400.0,transfert_sortant,CLI-00397,regional_uemoa,False,aucune
a3d70fd9,CLI-00227,2026-04-28 00:00:00,45400.0,transfert_sortant,CLI-00569,local,False,aucune
4f6dafeb,CLI-00616,2026-04-28 00:00:00,13000.0,retrait,,regional_uemoa,False,aucune
75c88e33,CLI-00416,2026-04-28 00:00:00,3800.0,remboursement_credit,,local,False,aucune
e6edc9e0,CLI-00382,2026-04-28 00:00:00,85700.0,decaissement_credit,,local,False,aucune
34e9ed2d,CLI-00553,2026-04-28 00:00:00,12700.0,retrait,,regional_uemoa,False,aucune
3c256ff2,CLI-00422,2026-04-28 00:00:00,28000.0,decaissement_credit,,local,False,aucune
84298267,CLI-00621,2026-04-28 00:00:00,226900.0,remboursement_credit,,regional_uemoa,False,aucune
6b81deef,CLI-00049,2026-04-28 00:00:00,10400.0,depot,,local,False,aucune
69e107a1,CLI-00184,2026-04-28 00:00:00,76600.0,depot,,regional_uemoa,False,aucune
e1e04be1,CLI-00461,2026-04-28 00:00:00,89300.0,retrait,,regional_uemoa,False,aucune
f883cf80,CLI-00350,2026-04-28 00:00:00,92700.0,decaissement_credit,,local,False,aucune
d21cfea2,CLI-00126,2026-04-28 00:00:00,29200.0,transfert_sortant,CLI-00617,local,False,aucune
17e24d2c,CLI-00367,2026-04-28 00:00:00,438000.0,decaissement_credit,,local,False,aucune
80e5e6fd,CLI-00689,2026-04-28 00:00:00,14800.0,remboursement_credit,,local,False,aucune
ad61ba36,CLI-00293,2026-04-28 00:00:00,18300.0,retrait,,local,False,aucune
fd34e5b8,CLI-00261,2026-04-28 00:00:00,77500.0,depot,,regional_uemoa,False,aucune
d0c7d848,CLI-00636,2026-04-28 00:00:00,43800.0,remboursement_credit,,local,False,aucune
0be5e412,CLI-00683,2026-04-28 00:00:00,268200.0,retrait,,local,False,aucune
0ed0c16c,CLI-00539,2026-04-28 00:00:00,72800.0,remboursement_credit,,local,False,aucune
5abebbb7,CLI-00547,2026-04-28 00:00:00,235500.0,depot,,regional_uemoa,False,aucune
4302e44c,CLI-00761,2026-04-28 00:00:00,25300.0,transfert_entrant,CLI-00616,local,False,aucune
2734f18a,CLI-00244,2026-04-28 00:00:00,12300.0,retrait,,local,False,aucune
49b8c176,CLI-00535,2026-04-28 00:00:00,11700.0,depot,,local,False,aucune
02d4e038,CLI-00654,2026-04-28 00:00:00,15700.0,remboursement_credit,,local,False,aucune
8642abbb,CLI-00194,2026-04-28 00:00:00,55400.0,retrait,,local,False,aucune
b083db9f,CLI-00573,2026-04-28 00:00:00,50700.0,transfert_sortant,CLI-00353,regional_uemoa,False,aucune
e2e85afb,CLI-00211,2026-04-28 00:00:00,28600.0,remboursement_credit,,local,False,aucune
d7850cce,CLI-00549,2026-04-28 00:00:00,15300.0,depot,,transfrontalier_sensible,False,aucune
f6a19398,CLI-00080,2026-04-28 00:00:00,29400.0,remboursement_credit,,regional_uemoa,False,aucune
f5bf89ab,CLI-00734,2026-04-28 00:00:00,74700.0,retrait,,local,False,aucune
ae240f50,CLI-00356,2026-04-29 00:00:00,42800.0,depot,,local,False,aucune
86266d38,CLI-00464,2026-04-29 00:00:00,49200.0,transfert_sortant,CLI-00255,local,False,aucune
ca07562b,CLI-00111,2026-04-29 00:00:00,90200.0,decaissement_credit,,local,False,aucune
2816c6ba,CLI-00144,2026-04-29 00:00:00,11700.0,decaissement_credit,,local,False,aucune
813cc20e,CLI-00021,2026-04-29 00:00:00,21700.0,retrait,,local,False,aucune
e60a8d5e,CLI-00584,2026-04-29 00:00:00,8400.0,depot,,regional_uemoa,False,aucune
b81fbc04,CLI-00748,2026-04-29 00:00:00,21700.0,transfert_sortant,CLI-00652,regional_uemoa,False,aucune
07a8a043,CLI-00567,2026-04-29 00:00:00,64100.0,decaissement_credit,,local,False,aucune
53a5ae06,CLI-00253,2026-04-29 00:00:00,5000.0,transfert_sortant,CLI-00510,local,False,aucune
6aa29e98,CLI-00486,2026-04-29 00:00:00,23500.0,transfert_entrant,CLI-00431,regional_uemoa,False,aucune
dd52ff31,CLI-00031,2026-04-29 00:00:00,33800.0,remboursement_credit,,regional_uemoa,False,aucune
ec5d04f2,CLI-00567,2026-04-29 00:00:00,60300.0,depot,,local,False,aucune
8bafa173,CLI-00749,2026-04-29 00:00:00,6800.0,depot,,local,False,aucune
cf943d1f,CLI-00521,2026-04-29 00:00:00,15300.0,retrait,,local,False,aucune
79cbe52b,CLI-00626,2026-04-29 00:00:00,110400.0,transfert_entrant,CLI-00236,local,False,aucune
00c6e1cc,CLI-00611,2026-04-29 00:00:00,23900.0,depot,,local,False,aucune
7d9d0b57,CLI-00714,2026-04-29 00:00:00,75300.0,transfert_entrant,CLI-00712,local,False,aucune
de23d3af,CLI-00467,2026-04-29 00:00:00,31100.0,depot,,local,False,aucune
592fc83a,CLI-00056,2026-04-29 00:00:00,4200.0,retrait,,local,False,aucune
2bf52625,CLI-00439,2026-04-29 00:00:00,30500.0,retrait,,local,False,aucune
c5b5c2de,CLI-00519,2026-04-29 00:00:00,208400.0,decaissement_credit,,local,False,aucune
c5be383b,CLI-00750,2026-04-29 00:00:00,44400.0,remboursement_credit,,local,False,aucune
d91753a3,CLI-00625,2026-04-29 00:00:00,40700.0,transfert_sortant,CLI-00446,local,False,aucune
e31f1c14,CLI-00625,2026-04-29 00:00:00,383300.0,depot,,local,False,aucune
d4195931,CLI-00252,2026-04-29 00:00:00,108000.0,depot,,local,False,aucune
fd2afe6c,CLI-00399,2026-04-29 00:00:00,41900.0,depot,,local,False,aucune
476dd7c7,CLI-00515,2026-04-29 00:00:00,18500.0,transfert_sortant,CLI-00788,local,False,aucune
83f02288,CLI-00468,2026-04-29 00:00:00,76800.0,transfert_entrant,CLI-00024,transfrontalier_sensible,False,aucune
bcbfcc45,CLI-00663,2026-04-29 00:00:00,6800.0,retrait,,local,False,aucune
a183c414,CLI-00278,2026-04-29 00:00:00,16200.0,depot,,local,False,aucune
2b33544c,CLI-00448,2026-04-29 00:00:00,37800.0,depot,,local,False,aucune
d8ecb69e,CLI-00110,2026-04-29 00:00:00,30700.0,retrait,,local,False,aucune
211494ba,CLI-00740,2026-04-29 00:00:00,63600.0,transfert_entrant,CLI-00079,transfrontalier_sensible,False,aucune
1f8fa569,CLI-00675,2026-04-29 00:00:00,10600.0,transfert_entrant,CLI-00721,local,False,aucune
ba7d4913,CLI-00558,2026-04-29 00:00:00,120500.0,depot,,local,False,aucune
54f6d9a1,CLI-00190,2026-04-29 00:00:00,139800.0,depot,,local,False,aucune
511bd924,CLI-00132,2026-04-29 00:00:00,36500.0,transfert_sortant,CLI-00392,local,False,aucune
e1b1ab4c,CLI-00765,2026-04-29 00:00:00,111500.0,transfert_sortant,CLI-00680,local,False,aucune
d7b9b123,CLI-00588,2026-04-29 00:00:00,20700.0,transfert_sortant,CLI-00020,local,False,aucune
d16b6c5d,CLI-00497,2026-04-29 00:00:00,39200.0,retrait,,transfrontalier_sensible,False,aucune
35e297ae,CLI-00081,2026-04-29 00:00:00,65200.0,retrait,,regional_uemoa,False,aucune
4160ddc1,CLI-00304,2026-04-29 00:00:00,27900.0,retrait,,local,False,aucune
b6703c1e,CLI-00684,2026-04-29 00:00:00,33600.0,decaissement_credit,,local,False,aucune
bd20a635,CLI-00314,2026-04-29 00:00:00,67300.0,retrait,,local,False,aucune
c918c4f7,CLI-00426,2026-04-29 00:00:00,7800.0,depot,,local,False,aucune
50e22b38,CLI-00046,2026-04-29 00:00:00,41400.0,retrait,,local,False,aucune
4637bd42,CLI-00191,2026-04-29 00:00:00,51000.0,retrait,,local,False,aucune
267000f5,CLI-00174,2026-04-29 00:00:00,8600.0,depot,,local,False,aucune
77e2f308,CLI-00602,2026-04-29 00:00:00,2219400.0,transfert_sortant,,transfrontalier_sensible,True,corridor_sensible
f582d088,CLI-00541,2026-04-29 00:00:00,10600.0,transfert_sortant,CLI-00013,local,False,aucune
f6129934,CLI-00342,2026-04-29 00:00:00,70000.0,retrait,,regional_uemoa,False,aucune
a9416d6c,CLI-00308,2026-04-29 00:00:00,45400.0,depot,,local,False,aucune
25b2cb6c,CLI-00460,2026-04-29 00:00:00,5800.0,remboursement_credit,,local,False,aucune
dfcf3793,CLI-00267,2026-04-29 00:00:00,45900.0,transfert_entrant,CLI-00075,local,False,aucune
807cf7dc,CLI-00452,2026-04-29 00:00:00,13000.0,depot,,regional_uemoa,False,aucune
8c12ae06,CLI-00704,2026-04-29 00:00:00,13600.0,transfert_entrant,CLI-00763,local,False,aucune
f7eb94b9,CLI-00031,2026-04-29 00:00:00,37200.0,retrait,,regional_uemoa,False,aucune
51be562f,CLI-00424,2026-04-29 00:00:00,37000.0,retrait,,local,False,aucune
5c23adcd,CLI-00143,2026-04-29 00:00:00,93700.0,retrait,,regional_uemoa,False,aucune
420d74b8,CLI-00418,2026-04-29 00:00:00,53100.0,retrait,,local,False,aucune
098e1f4d,CLI-00207,2026-04-29 00:00:00,38800.0,transfert_entrant,CLI-00633,local,False,aucune
f17d0f4c,CLI-00759,2026-04-29 00:00:00,81300.0,depot,,local,False,aucune
addfeccd,CLI-00421,2026-04-30 00:00:00,152900.0,depot,,local,False,aucune
684113e9,CLI-00478,2026-04-30 00:00:00,29000.0,remboursement_credit,,local,False,aucune
ff6c7b5f,CLI-00444,2026-04-30 00:00:00,678000.0,transfert_sortant,CLI-00555,local,False,aucune
41b1c245,CLI-00311,2026-04-30 00:00:00,26700.0,transfert_sortant,CLI-00141,local,False,aucune
4921e374,CLI-00112,2026-04-30 00:00:00,9800.0,remboursement_credit,,local,False,aucune
9161c6ab,CLI-00611,2026-04-30 00:00:00,73900.0,depot,,local,False,aucune
c1a1f3a9,CLI-00184,2026-04-30 00:00:00,85600.0,transfert_sortant,CLI-00056,local,False,aucune
2d65cdcf,CLI-00692,2026-04-30 00:00:00,20900.0,decaissement_credit,,regional_uemoa,False,aucune
9984fd70,CLI-00659,2026-04-30 00:00:00,25500.0,retrait,,local,False,aucune
bceb87a0,CLI-00000,2026-04-30 00:00:00,10300.0,depot,,local,False,aucune
dfe613a7,CLI-00659,2026-04-30 00:00:00,45700.0,retrait,,local,False,aucune
5f53d8ee,CLI-00473,2026-04-30 00:00:00,167700.0,retrait,,local,False,aucune
ff0a5d70,CLI-00313,2026-04-30 00:00:00,33900.0,transfert_entrant,CLI-00245,local,False,aucune
4a43d74b,CLI-00176,2026-04-30 00:00:00,72400.0,depot,,local,False,aucune
f9420881,CLI-00089,2026-04-30 00:00:00,42500.0,decaissement_credit,,transfrontalier_sensible,False,aucune
b53554e3,CLI-00670,2026-04-30 00:00:00,45300.0,retrait,,local,False,aucune
8e646aeb,CLI-00665,2026-04-30 00:00:00,10500.0,depot,,regional_uemoa,False,aucune
5383954f,CLI-00748,2026-04-30 00:00:00,11100.0,retrait,,local,False,aucune
ef96a27e,CLI-00471,2026-04-30 00:00:00,47600.0,retrait,,local,False,aucune
8338a6ef,CLI-00528,2026-04-30 00:00:00,50300.0,retrait,,local,False,aucune
67c5aff4,CLI-00737,2026-04-30 00:00:00,48400.0,depot,,local,False,aucune
15819f3d,CLI-00009,2026-04-30 00:00:00,156600.0,depot,,local,False,aucune
ea557929,CLI-00656,2026-04-30 00:00:00,75800.0,retrait,,local,False,aucune
4db37755,CLI-00161,2026-04-30 00:00:00,11800.0,retrait,,regional_uemoa,False,aucune
05f0f989,CLI-00297,2026-04-30 00:00:00,12700.0,depot,,local,False,aucune
534d80f7,CLI-00430,2026-04-30 00:00:00,165000.0,retrait,,local,False,aucune
aae375b8,CLI-00429,2026-04-30 00:00:00,78900.0,retrait,,regional_uemoa,False,aucune
ae08b224,CLI-00472,2026-04-30 00:00:00,208100.0,transfert_entrant,CLI-00002,local,False,aucune
41a85538,CLI-00793,2026-04-30 00:00:00,7200.0,transfert_entrant,CLI-00666,local,False,aucune
d93f7ab0,CLI-00533,2026-04-30 00:00:00,129900.0,depot,,regional_uemoa,False,aucune
9fc891dc,CLI-00064,2026-04-30 00:00:00,54800.0,depot,,local,False,aucune
2c3722a4,CLI-00625,2026-04-30 00:00:00,161500.0,remboursement_credit,,regional_uemoa,False,aucune
a8a45988,CLI-00782,2026-04-30 00:00:00,32500.0,remboursement_credit,,transfrontalier_sensible,False,aucune
f729b4ec,CLI-00553,2026-04-30 00:00:00,57300.0,transfert_sortant,CLI-00214,local,False,aucune
950a5ac7,CLI-00534,2026-04-30 00:00:00,16800.0,depot,,local,False,aucune
faee71b1,CLI-00708,2026-04-30 00:00:00,246000.0,transfert_entrant,CLI-00685,local,False,aucune
fd7ef467,CLI-00155,2026-04-30 00:00:00,309200.0,retrait,,regional_uemoa,False,aucune
d8545c1e,CLI-00329,2026-04-30 00:00:00,81000.0,decaissement_credit,,local,False,aucune
0cbfa201,CLI-00727,2026-04-30 00:00:00,26700.0,retrait,,local,False,aucune
4c3bfc12,CLI-00378,2026-04-30 00:00:00,31500.0,remboursement_credit,,local,False,aucune
9577c56b,CLI-00258,2026-04-30 00:00:00,114700.0,transfert_entrant,CLI-00356,regional_uemoa,False,aucune
1b7860b0,CLI-00717,2026-04-30 00:00:00,67100.0,depot,,regional_uemoa,False,aucune
52448e86,CLI-00761,2026-04-30 00:00:00,88300.0,transfert_sortant,CLI-00359,regional_uemoa,False,aucune
cd12815b,CLI-00477,2026-04-30 00:00:00,20300.0,remboursement_credit,,local,False,aucune
dfefa96f,CLI-00512,2026-04-30 00:00:00,106900.0,decaissement_credit,,local,False,aucune
fb8f3fe1,CLI-00201,2026-04-30 00:00:00,37100.0,retrait,,local,False,aucune
a2a667e1,CLI-00455,2026-04-30 00:00:00,39500.0,retrait,,local,False,aucune
69e488e5,CLI-00221,2026-04-30 00:00:00,9400.0,remboursement_credit,,local,False,aucune
6490249f,CLI-00027,2026-04-30 00:00:00,82100.0,depot,,local,False,aucune
386a83a3,CLI-00195,2026-04-30 00:00:00,7500.0,retrait,,regional_uemoa,False,aucune
66d8a8f9,CLI-00581,2026-04-30 00:00:00,341900.0,transfert_entrant,CLI-00181,local,False,aucune
6328facd,CLI-00727,2026-04-30 00:00:00,32600.0,depot,,local,False,aucune
b3fd3a3a,CLI-00770,2026-04-30 00:00:00,9400.0,depot,,local,False,aucune
d27d822a,CLI-00134,2026-04-30 00:00:00,8900.0,depot,,local,False,aucune
a6d94ea2,CLI-00109,2026-04-30 00:00:00,123500.0,depot,,local,False,aucune
afb7796e,CLI-00730,2026-04-30 00:00:00,10100.0,retrait,,local,False,aucune
0e33db9d,CLI-00213,2026-04-30 00:00:00,138900.0,depot,,regional_uemoa,False,aucune
ef7ebdb2,CLI-00458,2026-04-30 00:00:00,153400.0,transfert_sortant,CLI-00459,local,False,aucune
12bcb593,CLI-00102,2026-04-30 00:00:00,185700.0,remboursement_credit,,local,False,aucune
8a5f4931,CLI-00193,2026-04-30 00:00:00,102700.0,decaissement_credit,,local,False,aucune
95d5bf68,CLI-00514,2026-04-30 00:00:00,216800.0,transfert_sortant,CLI-00060,regional_uemoa,False,aucune
5926ca20,CLI-00225,2026-04-30 00:00:00,46600.0,transfert_entrant,CLI-00282,local,False,aucune
bea58605,CLI-00160,2026-05-01 00:00:00,58200.0,remboursement_credit,,local,False,aucune
91e53579,CLI-00585,2026-05-01 00:00:00,4000.0,retrait,,local,False,aucune
0c363493,CLI-00081,2026-05-01 00:00:00,41900.0,depot,,local,False,aucune
fe169d15,CLI-00204,2026-05-01 00:00:00,146700.0,depot,,local,False,aucune
276f1340,CLI-00520,2026-05-01 00:00:00,89000.0,retrait,,local,False,aucune
07a05fb4,CLI-00198,2026-05-01 00:00:00,21400.0,depot,,local,False,aucune
281df71a,CLI-00342,2026-05-01 00:00:00,72100.0,retrait,,local,False,aucune
4b06a10e,CLI-00405,2026-05-01 00:00:00,47200.0,depot,,local,False,aucune
a39afdfa,CLI-00274,2026-05-01 00:00:00,194600.0,retrait,,local,False,aucune
9ce299e3,CLI-00260,2026-05-01 00:00:00,137500.0,retrait,,local,False,aucune
ac790a84,CLI-00784,2026-05-01 00:00:00,61100.0,transfert_sortant,CLI-00754,local,False,aucune
2e09618c,CLI-00231,2026-05-01 00:00:00,54100.0,remboursement_credit,,local,False,aucune
4e5dea67,CLI-00014,2026-05-01 00:00:00,15200.0,transfert_sortant,CLI-00388,local,False,aucune
60529551,CLI-00372,2026-05-01 00:00:00,18900.0,transfert_entrant,CLI-00689,regional_uemoa,False,aucune
2cab15f1,CLI-00740,2026-05-01 00:00:00,8600.0,retrait,,local,False,aucune
b186b337,CLI-00312,2026-05-01 00:00:00,19300.0,transfert_sortant,CLI-00242,local,False,aucune
8a3a0833,CLI-00720,2026-05-01 00:00:00,150000.0,remboursement_credit,,local,False,aucune
c5073de8,CLI-00546,2026-05-01 00:00:00,81900.0,depot,,local,False,aucune
1f85da78,CLI-00373,2026-05-01 00:00:00,52700.0,transfert_sortant,CLI-00669,local,False,aucune
516530f3,CLI-00186,2026-05-01 00:00:00,29800.0,depot,,local,False,aucune
f805b539,CLI-00347,2026-05-01 00:00:00,27800.0,decaissement_credit,,local,False,aucune
c0708c4d,CLI-00230,2026-05-01 00:00:00,96500.0,retrait,,local,False,aucune
12ba4d76,CLI-00403,2026-05-01 00:00:00,79700.0,remboursement_credit,,local,False,aucune
15bfaf6b,CLI-00092,2026-05-01 00:00:00,47400.0,depot,,local,False,aucune
fb71e6f6,CLI-00797,2026-05-01 00:00:00,57100.0,transfert_sortant,CLI-00769,regional_uemoa,False,aucune
9c511fed,CLI-00222,2026-05-01 00:00:00,250500.0,transfert_sortant,CLI-00271,local,False,aucune
246668d0,CLI-00724,2026-05-01 00:00:00,285900.0,retrait,,local,False,aucune
b6833d86,CLI-00268,2026-05-01 00:00:00,81200.0,retrait,,local,False,aucune
4cea0aa4,CLI-00688,2026-05-01 00:00:00,75500.0,transfert_sortant,CLI-00380,local,False,aucune
353dd96f,CLI-00253,2026-05-01 00:00:00,79500.0,transfert_sortant,CLI-00618,transfrontalier_sensible,False,aucune
ad075fc6,CLI-00631,2026-05-01 00:00:00,16900.0,retrait,,local,False,aucune
c310f436,CLI-00620,2026-05-01 00:00:00,13600.0,retrait,,local,False,aucune
75a06cbc,CLI-00292,2026-05-01 00:00:00,235900.0,decaissement_credit,,local,False,aucune
b09c83b9,CLI-00261,2026-05-01 00:00:00,233800.0,depot,,regional_uemoa,False,aucune
eaf81d44,CLI-00724,2026-05-01 00:00:00,108100.0,retrait,,regional_uemoa,False,aucune
d14ad5c1,CLI-00376,2026-05-01 00:00:00,16200.0,depot,,local,False,aucune
a06d81dc,CLI-00123,2026-05-01 00:00:00,699300.0,transfert_sortant,CLI-00623,local,False,aucune
ad380810,CLI-00625,2026-05-01 00:00:00,50800.0,depot,,local,False,aucune
0f3b33e3,CLI-00228,2026-05-01 00:00:00,28700.0,depot,,local,False,aucune
9391d115,CLI-00300,2026-05-01 00:00:00,37100.0,depot,,local,False,aucune
ad680fe7,CLI-00254,2026-05-01 00:00:00,149300.0,depot,,regional_uemoa,False,aucune
199aff1b,CLI-00690,2026-05-01 00:00:00,7800.0,retrait,,local,False,aucune
98b80185,CLI-00143,2026-05-01 00:00:00,99800.0,transfert_entrant,CLI-00661,regional_uemoa,False,aucune
655eae70,CLI-00241,2026-05-01 00:00:00,92800.0,decaissement_credit,,local,False,aucune
a814aa0b,CLI-00722,2026-05-01 00:00:00,94200.0,decaissement_credit,,local,False,aucune
2065207f,CLI-00294,2026-05-01 00:00:00,35500.0,depot,,local,False,aucune
d97fbc12,CLI-00484,2026-05-01 00:00:00,122000.0,retrait,,local,False,aucune
d7c037dc,CLI-00612,2026-05-01 00:00:00,113600.0,depot,,local,False,aucune
ce9e21e7,CLI-00044,2026-05-01 00:00:00,43100.0,remboursement_credit,,local,False,aucune
aa531121,CLI-00639,2026-05-01 00:00:00,136800.0,remboursement_credit,,local,False,aucune
3b07059a,CLI-00294,2026-05-01 00:00:00,34700.0,retrait,,regional_uemoa,False,aucune
f7e3fdb0,CLI-00082,2026-05-01 00:00:00,234900.0,depot,,local,False,aucune
25fcb22c,CLI-00765,2026-05-02 00:00:00,5800.0,retrait,,local,False,aucune
9b27b110,CLI-00342,2026-05-02 00:00:00,58700.0,depot,,local,False,aucune
33dba27e,CLI-00199,2026-05-02 00:00:00,114100.0,remboursement_credit,,local,False,aucune
5614e1e1,CLI-00137,2026-05-02 00:00:00,836400.0,retrait,,regional_uemoa,False,aucune
c89d7079,CLI-00556,2026-05-02 00:00:00,53200.0,retrait,,local,False,aucune
0a45a44d,CLI-00025,2026-05-02 00:00:00,682400.0,depot,,local,False,aucune
ff54edc6,CLI-00410,2026-05-02 00:00:00,108900.0,transfert_entrant,CLI-00388,regional_uemoa,False,aucune
aa3e5fdf,CLI-00343,2026-05-02 00:00:00,300000.0,remboursement_credit,,local,False,aucune
4e4737bd,CLI-00671,2026-05-02 00:00:00,8000.0,retrait,,local,False,aucune
d3c5e1c8,CLI-00592,2026-05-02 00:00:00,6800.0,transfert_sortant,CLI-00524,local,False,aucune
adebc74e,CLI-00130,2026-05-02 00:00:00,22700.0,depot,,local,False,aucune
fad39815,CLI-00068,2026-05-02 00:00:00,15800.0,retrait,,local,False,aucune
ba71d7d3,CLI-00731,2026-05-02 00:00:00,43300.0,retrait,,local,False,aucune
bf89bb74,CLI-00733,2026-05-02 00:00:00,1700.0,transfert_sortant,CLI-00785,local,False,aucune
3bf51bea,CLI-00345,2026-05-02 00:00:00,264400.0,transfert_entrant,CLI-00663,regional_uemoa,False,aucune
1122718c,CLI-00452,2026-05-02 00:00:00,162700.0,retrait,,local,False,aucune
168e6cb6,CLI-00676,2026-05-02 00:00:00,34200.0,remboursement_credit,,local,False,aucune
ee6715da,CLI-00481,2026-05-02 00:00:00,187900.0,retrait,,local,False,aucune
45727f13,CLI-00334,2026-05-02 00:00:00,23800.0,depot,,local,False,aucune
3c686605,CLI-00483,2026-05-02 00:00:00,19700.0,decaissement_credit,,local,False,aucune
9e95cdda,CLI-00520,2026-05-02 00:00:00,30600.0,transfert_entrant,CLI-00417,local,False,aucune
5c18b4c2,CLI-00282,2026-05-02 00:00:00,84400.0,remboursement_credit,,local,False,aucune
2ad0c357,CLI-00057,2026-05-02 00:00:00,14100.0,transfert_sortant,CLI-00172,regional_uemoa,False,aucune
c2b81b21,CLI-00257,2026-05-02 00:00:00,24000.0,retrait,,transfrontalier_sensible,False,aucune
f4db0c77,CLI-00039,2026-05-02 00:00:00,73400.0,depot,,local,False,aucune
1a08c491,CLI-00359,2026-05-02 00:00:00,52300.0,depot,,local,False,aucune
5efcc669,CLI-00636,2026-05-02 00:00:00,70400.0,remboursement_credit,,local,False,aucune
41faabd5,CLI-00093,2026-05-02 00:00:00,429900.0,retrait,,local,False,aucune
c1e47546,CLI-00420,2026-05-02 00:00:00,20500.0,remboursement_credit,,local,False,aucune
60938ac0,CLI-00293,2026-05-02 00:00:00,17900.0,decaissement_credit,,regional_uemoa,False,aucune
32ef3044,CLI-00653,2026-05-02 00:00:00,42800.0,retrait,,regional_uemoa,False,aucune
c4b0c7e2,CLI-00075,2026-05-02 00:00:00,68600.0,retrait,,local,False,aucune
d4ca09a5,CLI-00779,2026-05-02 00:00:00,46200.0,remboursement_credit,,local,False,aucune
792f22b8,CLI-00714,2026-05-02 00:00:00,156500.0,transfert_sortant,CLI-00772,local,False,aucune
22cfc2a5,CLI-00001,2026-05-02 00:00:00,62200.0,transfert_sortant,CLI-00313,local,False,aucune
e59178c3,CLI-00420,2026-05-02 00:00:00,47600.0,transfert_sortant,CLI-00645,local,False,aucune
ca4f8f6d,CLI-00352,2026-05-02 00:00:00,542900.0,transfert_sortant,CLI-00079,local,False,aucune
911fa112,CLI-00716,2026-05-02 00:00:00,88200.0,depot,,local,False,aucune
182aabca,CLI-00399,2026-05-02 00:00:00,37800.0,decaissement_credit,,local,False,aucune
737069a6,CLI-00544,2026-05-02 00:00:00,18000.0,retrait,,local,False,aucune
28bdb4bd,CLI-00715,2026-05-02 00:00:00,107500.0,depot,,local,False,aucune
6fd6f561,CLI-00183,2026-05-02 00:00:00,29300.0,depot,,local,False,aucune
62dbf3ce,CLI-00734,2026-05-02 00:00:00,113600.0,retrait,,local,False,aucune
5db12e54,CLI-00736,2026-05-02 00:00:00,122000.0,depot,,local,False,aucune
b37b20ca,CLI-00068,2026-05-02 00:00:00,49100.0,depot,,local,False,aucune
8887b643,CLI-00602,2026-05-02 00:00:00,2403900.0,transfert_sortant,,transfrontalier_sensible,True,corridor_sensible
d729b108,CLI-00035,2026-05-02 00:00:00,31100.0,retrait,,transfrontalier_sensible,False,aucune
384d267f,CLI-00638,2026-05-02 00:00:00,65600.0,retrait,,local,False,aucune
1e616b0d,CLI-00098,2026-05-02 00:00:00,4200.0,remboursement_credit,,local,False,aucune
1a5d0f33,CLI-00223,2026-05-02 00:00:00,29000.0,transfert_entrant,CLI-00146,local,False,aucune
f98f18da,CLI-00163,2026-05-02 00:00:00,18600.0,retrait,,local,False,aucune
dfd5dc3a,CLI-00338,2026-05-02 00:00:00,30000.0,transfert_entrant,CLI-00355,local,False,aucune
ce82c16a,CLI-00041,2026-05-02 00:00:00,20100.0,retrait,,local,False,aucune
fef4550d,CLI-00458,2026-05-02 00:00:00,25800.0,transfert_sortant,CLI-00306,local,False,aucune
9cad56a9,CLI-00799,2026-05-02 00:00:00,37000.0,depot,,local,False,aucune
7521284a,CLI-00383,2026-05-02 00:00:00,116200.0,transfert_entrant,CLI-00747,local,False,aucune
027b5934,CLI-00187,2026-05-02 00:00:00,20300.0,depot,,local,False,aucune
3c7937fb,CLI-00424,2026-05-02 00:00:00,48200.0,retrait,,local,False,aucune
709b8d57,CLI-00411,2026-05-03 00:00:00,74700.0,transfert_sortant,CLI-00090,local,False,aucune
41307ddf,CLI-00681,2026-05-03 00:00:00,101100.0,depot,,local,False,aucune
73bb1ec8,CLI-00557,2026-05-03 00:00:00,34300.0,transfert_sortant,CLI-00431,local,False,aucune
1e983594,CLI-00758,2026-05-03 00:00:00,36200.0,retrait,,local,False,aucune
5f713741,CLI-00243,2026-05-03 00:00:00,45100.0,retrait,,regional_uemoa,False,aucune
30aad87b,CLI-00287,2026-05-03 00:00:00,109100.0,transfert_entrant,CLI-00505,local,False,aucune
437098ef,CLI-00761,2026-05-03 00:00:00,7800.0,remboursement_credit,,local,False,aucune
0fd1c27d,CLI-00726,2026-05-03 00:00:00,153300.0,depot,,regional_uemoa,False,aucune
c1eccb72,CLI-00305,2026-05-03 00:00:00,122500.0,depot,,transfrontalier_sensible,False,aucune
73363abf,CLI-00363,2026-05-03 00:00:00,60600.0,transfert_sortant,CLI-00007,local,False,aucune
6278983f,CLI-00001,2026-05-03 00:00:00,10400.0,depot,,local,False,aucune
f175f26c,CLI-00070,2026-05-03 00:00:00,25700.0,depot,,local,False,aucune
0bf14cdb,CLI-00271,2026-05-03 00:00:00,61400.0,decaissement_credit,,local,False,aucune
c002dc46,CLI-00761,2026-05-03 00:00:00,20100.0,transfert_sortant,CLI-00165,transfrontalier_sensible,False,aucune
d5491e85,CLI-00032,2026-05-03 00:00:00,85500.0,decaissement_credit,,local,False,aucune
e136ef68,CLI-00217,2026-05-03 00:00:00,21700.0,retrait,,local,False,aucune
9b07dc3f,CLI-00385,2026-05-03 00:00:00,50700.0,depot,,local,False,aucune
97716f89,CLI-00007,2026-05-03 00:00:00,186200.0,transfert_entrant,CLI-00022,local,False,aucune
d642c68d,CLI-00480,2026-05-03 00:00:00,44500.0,depot,,local,False,aucune
4d17fd64,CLI-00287,2026-05-03 00:00:00,58000.0,transfert_sortant,CLI-00798,local,False,aucune
246d37e4,CLI-00123,2026-05-03 00:00:00,33200.0,depot,,local,False,aucune
7fdb1472,CLI-00475,2026-05-03 00:00:00,14400.0,retrait,,regional_uemoa,False,aucune
51553a6a,CLI-00271,2026-05-03 00:00:00,21900.0,depot,,regional_uemoa,False,aucune
367469fb,CLI-00553,2026-05-03 00:00:00,71300.0,retrait,,local,False,aucune
a278bf3e,CLI-00364,2026-05-03 00:00:00,82900.0,decaissement_credit,,local,False,aucune
fc2f4ce9,CLI-00550,2026-05-03 00:00:00,25200.0,transfert_entrant,CLI-00280,local,False,aucune
dce7687f,CLI-00702,2026-05-03 00:00:00,10100.0,retrait,,regional_uemoa,False,aucune
a98348ee,CLI-00625,2026-05-03 00:00:00,11000.0,depot,,transfrontalier_sensible,False,aucune
eb550c7e,CLI-00774,2026-05-03 00:00:00,39900.0,depot,,regional_uemoa,False,aucune
eac15ebc,CLI-00095,2026-05-03 00:00:00,80800.0,decaissement_credit,,local,False,aucune
2d533078,CLI-00142,2026-05-03 00:00:00,190500.0,decaissement_credit,,local,False,aucune
1bb11390,CLI-00010,2026-05-03 00:00:00,34500.0,remboursement_credit,,local,False,aucune
2471fd3e,CLI-00024,2026-05-03 00:00:00,206200.0,depot,,local,False,aucune
046d57f2,CLI-00737,2026-05-03 00:00:00,53700.0,retrait,,local,False,aucune
fc2ac376,CLI-00792,2026-05-03 00:00:00,94400.0,depot,,local,False,aucune
a991c813,CLI-00588,2026-05-03 00:00:00,8200.0,transfert_sortant,CLI-00385,local,False,aucune
f59fa9e1,CLI-00056,2026-05-03 00:00:00,7300.0,transfert_sortant,CLI-00187,local,False,aucune
53ff3068,CLI-00144,2026-05-03 00:00:00,127300.0,retrait,,local,False,aucune
51403097,CLI-00405,2026-05-03 00:00:00,7800.0,retrait,,local,False,aucune
84987f20,CLI-00182,2026-05-03 00:00:00,42600.0,transfert_entrant,CLI-00529,local,False,aucune
7f56a86a,CLI-00100,2026-05-03 00:00:00,89400.0,transfert_entrant,CLI-00219,local,False,aucune
90658e4e,CLI-00516,2026-05-03 00:00:00,26200.0,retrait,,local,False,aucune
90514d31,CLI-00323,2026-05-03 00:00:00,150600.0,depot,,local,False,aucune
852c2501,CLI-00777,2026-05-03 00:00:00,20400.0,retrait,,local,False,aucune
a529086c,CLI-00452,2026-05-03 00:00:00,35400.0,retrait,,local,False,aucune
ff93b452,CLI-00128,2026-05-03 00:00:00,29100.0,retrait,,transfrontalier_sensible,False,aucune
066241e9,CLI-00090,2026-05-03 00:00:00,268700.0,retrait,,regional_uemoa,False,aucune
51d88fec,CLI-00337,2026-05-03 00:00:00,36200.0,decaissement_credit,,local,False,aucune
6f6c96d1,CLI-00229,2026-05-03 00:00:00,17200.0,retrait,,local,False,aucune
b9316976,CLI-00063,2026-05-03 00:00:00,60500.0,retrait,,local,False,aucune
02166587,CLI-00483,2026-05-03 00:00:00,381000.0,depot,,regional_uemoa,False,aucune
2c2c04bc,CLI-00052,2026-05-03 00:00:00,28700.0,remboursement_credit,,regional_uemoa,False,aucune
057255d4,CLI-00409,2026-05-03 00:00:00,403800.0,retrait,,transfrontalier_sensible,False,aucune
5244dccb,CLI-00225,2026-05-03 00:00:00,28400.0,depot,,local,False,aucune
68519dbf,CLI-00790,2026-05-03 00:00:00,138000.0,retrait,,local,False,aucune
ae792c03,CLI-00572,2026-05-03 00:00:00,12300.0,retrait,,local,False,aucune
9a309aed,CLI-00222,2026-05-04 00:00:00,6600.0,retrait,,local,False,aucune
5cefffdd,CLI-00049,2026-05-04 00:00:00,87700.0,retrait,,local,False,aucune
a6588aa2,CLI-00181,2026-05-04 00:00:00,55800.0,depot,,local,False,aucune
92967f90,CLI-00405,2026-05-04 00:00:00,27600.0,transfert_entrant,CLI-00680,local,False,aucune
cccc274c,CLI-00022,2026-05-04 00:00:00,20300.0,depot,,local,False,aucune
c7e299bd,CLI-00367,2026-05-04 00:00:00,15500.0,transfert_entrant,CLI-00121,local,False,aucune
cfdb47be,CLI-00135,2026-05-04 00:00:00,37600.0,transfert_entrant,CLI-00745,local,False,aucune
503add14,CLI-00784,2026-05-04 00:00:00,32400.0,retrait,,regional_uemoa,False,aucune
fd3fa77d,CLI-00003,2026-05-04 00:00:00,18700.0,decaissement_credit,,local,False,aucune
99d3ce3b,CLI-00423,2026-05-04 00:00:00,107200.0,remboursement_credit,,local,False,aucune
df95bdf1,CLI-00147,2026-05-04 00:00:00,410000.0,depot,,local,False,aucune
774b99d2,CLI-00572,2026-05-04 00:00:00,100800.0,retrait,,local,False,aucune
61d26034,CLI-00024,2026-05-04 00:00:00,215100.0,transfert_entrant,CLI-00691,local,False,aucune
53230f22,CLI-00033,2026-05-04 00:00:00,68000.0,transfert_entrant,CLI-00594,local,False,aucune
c0db0899,CLI-00186,2026-05-04 00:00:00,13900.0,transfert_sortant,CLI-00723,local,False,aucune
f20833b9,CLI-00261,2026-05-04 00:00:00,27600.0,retrait,,local,False,aucune
95278538,CLI-00337,2026-05-04 00:00:00,43900.0,depot,,transfrontalier_sensible,False,aucune
2b3aba9e,CLI-00571,2026-05-04 00:00:00,68900.0,depot,,local,False,aucune
ab7dac68,CLI-00141,2026-05-04 00:00:00,82000.0,depot,,local,False,aucune
b3bb9179,CLI-00473,2026-05-04 00:00:00,77300.0,remboursement_credit,,local,False,aucune
2220f0b6,CLI-00711,2026-05-04 00:00:00,44800.0,remboursement_credit,,local,False,aucune
fb47ede3,CLI-00317,2026-05-04 00:00:00,170800.0,retrait,,local,False,aucune
daaf2952,CLI-00171,2026-05-04 00:00:00,60000.0,remboursement_credit,,local,False,aucune
6212c7d1,CLI-00472,2026-05-04 00:00:00,58800.0,transfert_entrant,CLI-00376,transfrontalier_sensible,False,aucune
f9182bf0,CLI-00775,2026-05-04 00:00:00,22600.0,transfert_sortant,CLI-00418,local,False,aucune
48bd69ac,CLI-00432,2026-05-04 00:00:00,42900.0,depot,,transfrontalier_sensible,False,aucune
2d581a76,CLI-00672,2026-05-04 00:00:00,35800.0,retrait,,local,False,aucune
f5a9debd,CLI-00505,2026-05-04 00:00:00,514200.0,remboursement_credit,,local,False,aucune
3c973a8f,CLI-00563,2026-05-04 00:00:00,43700.0,transfert_sortant,CLI-00272,regional_uemoa,False,aucune
2e99350a,CLI-00557,2026-05-04 00:00:00,80100.0,depot,,regional_uemoa,False,aucune
aff9cb2a,CLI-00302,2026-05-04 00:00:00,43700.0,decaissement_credit,,local,False,aucune
3094736a,CLI-00381,2026-05-04 00:00:00,47800.0,remboursement_credit,,local,False,aucune
e5f4af23,CLI-00605,2026-05-04 00:00:00,56300.0,transfert_entrant,CLI-00009,local,False,aucune
05dc3e36,CLI-00624,2026-05-04 00:00:00,54600.0,decaissement_credit,,local,False,aucune
9bb98c9c,CLI-00531,2026-05-04 00:00:00,347800.0,transfert_entrant,CLI-00018,regional_uemoa,False,aucune
40fd5eba,CLI-00716,2026-05-04 00:00:00,176200.0,decaissement_credit,,regional_uemoa,False,aucune
6af9841a,CLI-00430,2026-05-04 00:00:00,36300.0,transfert_entrant,CLI-00278,local,False,aucune
2a0099e1,CLI-00301,2026-05-04 00:00:00,9800.0,remboursement_credit,,local,False,aucune
52c5e7cc,CLI-00292,2026-05-04 00:00:00,4000.0,decaissement_credit,,local,False,aucune
02c863ce,CLI-00453,2026-05-04 00:00:00,20100.0,remboursement_credit,,local,False,aucune
b108a8cc,CLI-00397,2026-05-04 00:00:00,13300.0,depot,,local,False,aucune
2bf1c9d2,CLI-00452,2026-05-04 00:00:00,71100.0,depot,,local,False,aucune
2fe20c13,CLI-00375,2026-05-04 00:00:00,71200.0,remboursement_credit,,regional_uemoa,False,aucune
fa9f743d,CLI-00406,2026-05-04 00:00:00,26000.0,retrait,,local,False,aucune
a7f91354,CLI-00607,2026-05-04 00:00:00,55600.0,retrait,,local,False,aucune
2a5a7407,CLI-00542,2026-05-04 00:00:00,55600.0,depot,,local,False,aucune
32ceac82,CLI-00299,2026-05-04 00:00:00,15100.0,retrait,,local,False,aucune
ef815129,CLI-00007,2026-05-04 00:00:00,61000.0,retrait,,regional_uemoa,False,aucune
99a4b950,CLI-00514,2026-05-04 00:00:00,12000.0,retrait,,local,False,aucune
7b384928,CLI-00407,2026-05-04 00:00:00,27900.0,remboursement_credit,,local,False,aucune
4ecd30d6,CLI-00321,2026-05-04 00:00:00,461000.0,retrait,,local,False,aucune
c33d3e3a,CLI-00434,2026-05-04 00:00:00,18800.0,retrait,,transfrontalier_sensible,False,aucune
6351a5a0,CLI-00113,2026-05-04 00:00:00,28400.0,retrait,,regional_uemoa,False,aucune
2f1ff6a7,CLI-00655,2026-05-04 00:00:00,1100.0,transfert_sortant,CLI-00471,local,False,aucune
e27b171f,CLI-00554,2026-05-04 00:00:00,78800.0,transfert_entrant,CLI-00519,local,False,aucune
f5414def,CLI-00620,2026-05-04 00:00:00,21800.0,retrait,,local,False,aucune
88a6203a,CLI-00281,2026-05-04 00:00:00,87200.0,decaissement_credit,,local,False,aucune
9967f200,CLI-00147,2026-05-05 00:00:00,95800.0,retrait,,local,False,aucune
a13f0337,CLI-00181,2026-05-05 00:00:00,26800.0,depot,,local,False,aucune
b399637e,CLI-00543,2026-05-05 00:00:00,733500.0,remboursement_credit,,local,False,aucune
67d9c50b,CLI-00093,2026-05-05 00:00:00,9900.0,depot,,local,False,aucune
7718a32b,CLI-00420,2026-05-05 00:00:00,144400.0,decaissement_credit,,local,False,aucune
186ac265,CLI-00622,2026-05-05 00:00:00,80900.0,remboursement_credit,,local,False,aucune
6c3a35ce,CLI-00520,2026-05-05 00:00:00,125200.0,retrait,,local,False,aucune
bcd55d93,CLI-00157,2026-05-05 00:00:00,313000.0,retrait,,local,False,aucune
b0e9f435,CLI-00615,2026-05-05 00:00:00,46200.0,depot,,local,False,aucune
49dd6487,CLI-00588,2026-05-05 00:00:00,21600.0,remboursement_credit,,local,False,aucune
dfad0ebe,CLI-00679,2026-05-05 00:00:00,22700.0,remboursement_credit,,local,False,aucune
b53f4a13,CLI-00115,2026-05-05 00:00:00,51600.0,decaissement_credit,,local,False,aucune
06aa267c,CLI-00427,2026-05-05 00:00:00,66600.0,remboursement_credit,,local,False,aucune
d402b9aa,CLI-00643,2026-05-05 00:00:00,77400.0,transfert_sortant,CLI-00466,local,False,aucune
ffbda570,CLI-00104,2026-05-05 00:00:00,9100.0,transfert_sortant,CLI-00028,regional_uemoa,False,aucune
af8593b1,CLI-00527,2026-05-05 00:00:00,253200.0,transfert_sortant,CLI-00066,transfrontalier_sensible,False,aucune
1fded001,CLI-00501,2026-05-05 00:00:00,21100.0,decaissement_credit,,local,False,aucune
6bf49807,CLI-00105,2026-05-05 00:00:00,92000.0,retrait,,local,False,aucune
393cce84,CLI-00646,2026-05-05 00:00:00,61600.0,depot,,regional_uemoa,False,aucune
d39309d5,CLI-00634,2026-05-05 00:00:00,28400.0,depot,,local,False,aucune
82689861,CLI-00177,2026-05-05 00:00:00,44000.0,retrait,,local,False,aucune
20a91d67,CLI-00524,2026-05-05 00:00:00,35100.0,transfert_entrant,CLI-00184,local,False,aucune
9f8fdb92,CLI-00480,2026-05-05 00:00:00,3200.0,retrait,,local,False,aucune
f8f12cab,CLI-00648,2026-05-05 00:00:00,30600.0,retrait,,local,False,aucune
a2267e57,CLI-00537,2026-05-05 00:00:00,77200.0,depot,,local,False,aucune
8bbb6d6b,CLI-00231,2026-05-05 00:00:00,12200.0,transfert_entrant,CLI-00012,local,False,aucune
dc675ab7,CLI-00206,2026-05-05 00:00:00,28100.0,remboursement_credit,,local,False,aucune
288176dc,CLI-00150,2026-05-05 00:00:00,236400.0,transfert_sortant,CLI-00274,local,False,aucune
5b527cf1,CLI-00491,2026-05-05 00:00:00,43400.0,remboursement_credit,,local,False,aucune
a74ced8f,CLI-00547,2026-05-05 00:00:00,30700.0,depot,,local,False,aucune
49012ea5,CLI-00146,2026-05-05 00:00:00,10300.0,transfert_sortant,CLI-00738,local,False,aucune
1d363f18,CLI-00596,2026-05-05 00:00:00,38300.0,retrait,,local,False,aucune
2ec0503a,CLI-00603,2026-05-05 00:00:00,18200.0,depot,,regional_uemoa,False,aucune
ba0ee734,CLI-00154,2026-05-05 00:00:00,25200.0,remboursement_credit,,regional_uemoa,False,aucune
bb9f58ff,CLI-00107,2026-05-05 00:00:00,71700.0,transfert_sortant,CLI-00256,regional_uemoa,False,aucune
f11a58c4,CLI-00164,2026-05-05 00:00:00,60800.0,retrait,,local,False,aucune
0689b6ae,CLI-00359,2026-05-05 00:00:00,158600.0,decaissement_credit,,local,False,aucune
f9452a91,CLI-00305,2026-05-05 00:00:00,52300.0,depot,,local,False,aucune
9323df61,CLI-00068,2026-05-05 00:00:00,302200.0,depot,,local,False,aucune
22bd53f9,CLI-00746,2026-05-05 00:00:00,247800.0,transfert_sortant,CLI-00773,local,False,aucune
5ee40170,CLI-00352,2026-05-05 00:00:00,55400.0,transfert_entrant,CLI-00777,local,False,aucune
26e98c42,CLI-00268,2026-05-05 00:00:00,14300.0,transfert_sortant,CLI-00064,regional_uemoa,False,aucune
fec53f56,CLI-00263,2026-05-05 00:00:00,55200.0,remboursement_credit,,local,False,aucune
7a689490,CLI-00730,2026-05-05 00:00:00,4600.0,depot,,local,False,aucune
737f0fbf,CLI-00724,2026-05-05 00:00:00,42600.0,transfert_sortant,CLI-00081,local,False,aucune
f01d79c2,CLI-00371,2026-05-05 00:00:00,289800.0,retrait,,local,False,aucune
2b0a3551,CLI-00014,2026-05-05 00:00:00,10400.0,remboursement_credit,,local,False,aucune
2c7c412d,CLI-00269,2026-05-05 00:00:00,66100.0,transfert_entrant,CLI-00479,local,False,aucune
1a083752,CLI-00687,2026-05-05 00:00:00,8800.0,depot,,local,False,aucune
23b5e897,CLI-00279,2026-05-05 00:00:00,14500.0,transfert_sortant,CLI-00522,regional_uemoa,False,aucune
1f604797,CLI-00314,2026-05-05 00:00:00,10500.0,remboursement_credit,,local,False,aucune
bb2c5bbe,CLI-00300,2026-05-05 00:00:00,21300.0,depot,,transfrontalier_sensible,False,aucune
e3dac3d7,CLI-00313,2026-05-05 00:00:00,68100.0,remboursement_credit,,local,False,aucune
6e61513e,CLI-00602,2026-05-05 00:00:00,3991700.0,transfert_sortant,,transfrontalier_sensible,True,corridor_sensible
ee39dcbf,CLI-00347,2026-05-05 00:00:00,16200.0,transfert_entrant,CLI-00654,local,False,aucune
9acb3e72,CLI-00741,2026-05-05 00:00:00,14600.0,depot,,local,False,aucune
4a8bec53,CLI-00173,2026-05-06 00:00:00,135600.0,transfert_sortant,CLI-00748,local,False,aucune
9921815d,CLI-00580,2026-05-06 00:00:00,21000.0,remboursement_credit,,local,False,aucune
895744a2,CLI-00247,2026-05-06 00:00:00,200700.0,depot,,regional_uemoa,False,aucune
e09d31fa,CLI-00657,2026-05-06 00:00:00,12000.0,remboursement_credit,,local,False,aucune
23bade2e,CLI-00786,2026-05-06 00:00:00,56200.0,decaissement_credit,,local,False,aucune
657afda9,CLI-00286,2026-05-06 00:00:00,102700.0,transfert_sortant,CLI-00534,local,False,aucune
d6d480ae,CLI-00156,2026-05-06 00:00:00,21900.0,retrait,,local,False,aucune
960f9399,CLI-00540,2026-05-06 00:00:00,229000.0,transfert_entrant,CLI-00232,regional_uemoa,False,aucune
6a24854c,CLI-00138,2026-05-06 00:00:00,42200.0,decaissement_credit,,local,False,aucune
7d2e155d,CLI-00306,2026-05-06 00:00:00,163000.0,retrait,,local,False,aucune
e0616472,CLI-00363,2026-05-06 00:00:00,76200.0,transfert_sortant,CLI-00405,local,False,aucune
e52aa7c4,CLI-00547,2026-05-06 00:00:00,56100.0,transfert_entrant,CLI-00473,local,False,aucune
9f99b1db,CLI-00613,2026-05-06 00:00:00,54200.0,depot,,local,False,aucune
3ae5a61d,CLI-00664,2026-05-06 00:00:00,71800.0,retrait,,local,False,aucune
e4b67755,CLI-00410,2026-05-06 00:00:00,20800.0,transfert_sortant,CLI-00140,transfrontalier_sensible,False,aucune
6ab01f2b,CLI-00347,2026-05-06 00:00:00,88000.0,retrait,,local,False,aucune
f2c07ab4,CLI-00410,2026-05-06 00:00:00,53300.0,transfert_entrant,CLI-00405,local,False,aucune
d406ca6d,CLI-00186,2026-05-06 00:00:00,122600.0,remboursement_credit,,local,False,aucune
8be5574b,CLI-00550,2026-05-06 00:00:00,74300.0,transfert_sortant,CLI-00466,local,False,aucune
ab123e1b,CLI-00029,2026-05-06 00:00:00,12700.0,transfert_sortant,CLI-00749,local,False,aucune
e81dabe1,CLI-00428,2026-05-06 00:00:00,57500.0,transfert_entrant,CLI-00776,regional_uemoa,False,aucune
a5f36c78,CLI-00561,2026-05-06 00:00:00,23800.0,retrait,,regional_uemoa,False,aucune
03a4cd51,CLI-00789,2026-05-06 00:00:00,20400.0,depot,,local,False,aucune
7ee26291,CLI-00335,2026-05-06 00:00:00,88100.0,transfert_entrant,CLI-00011,local,False,aucune
ff20103a,CLI-00415,2026-05-06 00:00:00,49900.0,retrait,,regional_uemoa,False,aucune
c71fdcf5,CLI-00516,2026-05-06 00:00:00,28200.0,retrait,,local,False,aucune
5dfc9a8c,CLI-00118,2026-05-06 00:00:00,65200.0,remboursement_credit,,local,False,aucune
857c06e7,CLI-00602,2026-05-06 00:00:00,52900.0,transfert_entrant,CLI-00507,local,False,aucune
7a478afd,CLI-00768,2026-05-06 00:00:00,50400.0,transfert_entrant,CLI-00143,local,False,aucune
e217a8c8,CLI-00671,2026-05-06 00:00:00,8300.0,depot,,local,False,aucune
2b6e7a0d,CLI-00769,2026-05-06 00:00:00,27600.0,depot,,transfrontalier_sensible,False,aucune
bd940696,CLI-00390,2026-05-06 00:00:00,33800.0,remboursement_credit,,regional_uemoa,False,aucune
31bafb23,CLI-00329,2026-05-06 00:00:00,117400.0,retrait,,local,False,aucune
3cac9769,CLI-00671,2026-05-06 00:00:00,109700.0,depot,,local,False,aucune
6d37690c,CLI-00567,2026-05-06 00:00:00,93300.0,depot,,local,False,aucune
74749034,CLI-00112,2026-05-06 00:00:00,11900.0,retrait,,local,False,aucune
7072faff,CLI-00315,2026-05-06 00:00:00,17700.0,depot,,regional_uemoa,False,aucune
87c6afc2,CLI-00201,2026-05-06 00:00:00,44800.0,transfert_entrant,CLI-00767,local,False,aucune
e5fd86da,CLI-00355,2026-05-06 00:00:00,203800.0,transfert_sortant,CLI-00300,regional_uemoa,False,aucune
9b4d4c99,CLI-00221,2026-05-06 00:00:00,33900.0,depot,,local,False,aucune
91221f91,CLI-00684,2026-05-06 00:00:00,29800.0,transfert_entrant,CLI-00199,local,False,aucune
feb3cc8e,CLI-00327,2026-05-06 00:00:00,136400.0,retrait,,local,False,aucune
e9b35777,CLI-00372,2026-05-06 00:00:00,228000.0,transfert_entrant,CLI-00052,local,False,aucune
bbd8b9e0,CLI-00407,2026-05-06 00:00:00,31000.0,transfert_sortant,CLI-00116,local,False,aucune
5f51d384,CLI-00065,2026-05-06 00:00:00,48500.0,depot,,local,False,aucune
3e0be9e6,CLI-00626,2026-05-06 00:00:00,6200.0,transfert_entrant,CLI-00264,local,False,aucune
0b0e62bd,CLI-00125,2026-05-06 00:00:00,31400.0,decaissement_credit,,local,False,aucune
75e62066,CLI-00565,2026-05-06 00:00:00,63900.0,transfert_sortant,CLI-00640,local,False,aucune
799c0ca4,CLI-00542,2026-05-06 00:00:00,5800.0,retrait,,regional_uemoa,False,aucune
50775ce2,CLI-00610,2026-05-06 00:00:00,47100.0,retrait,,local,False,aucune
55ad2a26,CLI-00358,2026-05-06 00:00:00,33100.0,depot,,regional_uemoa,False,aucune
770a70fe,CLI-00240,2026-05-06 00:00:00,691200.0,retrait,,local,False,aucune
77789f8b,CLI-00464,2026-05-06 00:00:00,101600.0,transfert_entrant,CLI-00376,local,False,aucune
8e210d14,CLI-00556,2026-05-07 00:00:00,47900.0,retrait,,local,False,aucune
4384ee9a,CLI-00631,2026-05-07 00:00:00,59500.0,depot,,local,False,aucune
a6de013f,CLI-00188,2026-05-07 00:00:00,18900.0,transfert_entrant,CLI-00575,regional_uemoa,False,aucune
27d22a4a,CLI-00554,2026-05-07 00:00:00,13100.0,remboursement_credit,,local,False,aucune
874ff147,CLI-00593,2026-05-07 00:00:00,4800.0,retrait,,regional_uemoa,False,aucune
79326a39,CLI-00049,2026-05-07 00:00:00,70600.0,remboursement_credit,,local,False,aucune
db6e506e,CLI-00771,2026-05-07 00:00:00,10100.0,depot,,local,False,aucune
e644dcc5,CLI-00108,2026-05-07 00:00:00,127900.0,retrait,,local,False,aucune
0229e445,CLI-00406,2026-05-07 00:00:00,72300.0,retrait,,local,False,aucune
f058973a,CLI-00548,2026-05-07 00:00:00,15400.0,transfert_entrant,CLI-00216,local,False,aucune
f5ad3016,CLI-00509,2026-05-07 00:00:00,56800.0,depot,,local,False,aucune
69ea4a77,CLI-00347,2026-05-07 00:00:00,47100.0,retrait,,local,False,aucune
6aa09262,CLI-00593,2026-05-07 00:00:00,112300.0,transfert_sortant,CLI-00336,regional_uemoa,False,aucune
2760ad17,CLI-00589,2026-05-07 00:00:00,328800.0,retrait,,local,False,aucune
42d87bd1,CLI-00472,2026-05-07 00:00:00,57800.0,remboursement_credit,,local,False,aucune
069e8e14,CLI-00304,2026-05-07 00:00:00,75800.0,decaissement_credit,,local,False,aucune
fa90a4a3,CLI-00405,2026-05-07 00:00:00,61500.0,remboursement_credit,,local,False,aucune
e0bc4dc5,CLI-00502,2026-05-07 00:00:00,159400.0,retrait,,local,False,aucune
92ff2fc1,CLI-00146,2026-05-07 00:00:00,37200.0,retrait,,local,False,aucune
0d8e1da5,CLI-00669,2026-05-07 00:00:00,152100.0,transfert_entrant,CLI-00388,local,False,aucune
ce93f3ce,CLI-00710,2026-05-07 00:00:00,42500.0,transfert_entrant,CLI-00362,local,False,aucune
2d5fe072,CLI-00317,2026-05-07 00:00:00,9100.0,depot,,local,False,aucune
774e0128,CLI-00260,2026-05-07 00:00:00,131900.0,retrait,,local,False,aucune
9fc0bf67,CLI-00712,2026-05-07 00:00:00,25700.0,retrait,,local,False,aucune
9e685c75,CLI-00777,2026-05-07 00:00:00,29000.0,depot,,local,False,aucune
80ad7ad1,CLI-00597,2026-05-07 00:00:00,27400.0,transfert_sortant,CLI-00054,local,False,aucune
f2a7163d,CLI-00197,2026-05-07 00:00:00,107300.0,transfert_sortant,CLI-00442,local,False,aucune
9688f727,CLI-00573,2026-05-07 00:00:00,31200.0,transfert_sortant,CLI-00709,local,False,aucune
2c9f8c8a,CLI-00399,2026-05-07 00:00:00,40700.0,retrait,,local,False,aucune
1532fbc8,CLI-00308,2026-05-07 00:00:00,1500.0,depot,,local,False,aucune
4d93d179,CLI-00616,2026-05-07 00:00:00,10100.0,transfert_entrant,CLI-00341,local,False,aucune
663fbb83,CLI-00094,2026-05-07 00:00:00,52800.0,remboursement_credit,,local,False,aucune
ebf5b287,CLI-00517,2026-05-07 00:00:00,42400.0,depot,,local,False,aucune
ba333a06,CLI-00154,2026-05-07 00:00:00,12700.0,depot,,local,False,aucune
ee95044e,CLI-00646,2026-05-07 00:00:00,49400.0,remboursement_credit,,local,False,aucune
b22c9d04,CLI-00567,2026-05-07 00:00:00,7300.0,transfert_sortant,CLI-00391,local,False,aucune
6141aa79,CLI-00000,2026-05-07 00:00:00,53600.0,retrait,,local,False,aucune
639a58ae,CLI-00519,2026-05-07 00:00:00,15400.0,depot,,transfrontalier_sensible,False,aucune
198a666d,CLI-00451,2026-05-07 00:00:00,40100.0,depot,,local,False,aucune
25790a8a,CLI-00689,2026-05-07 00:00:00,84900.0,depot,,regional_uemoa,False,aucune
7bce4a4e,CLI-00712,2026-05-07 00:00:00,24500.0,depot,,local,False,aucune
80545827,CLI-00238,2026-05-07 00:00:00,40900.0,retrait,,local,False,aucune
3b90633a,CLI-00119,2026-05-07 00:00:00,22800.0,remboursement_credit,,regional_uemoa,False,aucune
29f43a2e,CLI-00489,2026-05-07 00:00:00,8800.0,transfert_entrant,CLI-00782,local,False,aucune
642c7066,CLI-00620,2026-05-07 00:00:00,178700.0,retrait,,local,False,aucune
c8dfa540,CLI-00384,2026-05-07 00:00:00,105000.0,depot,,local,False,aucune
096af8d1,CLI-00020,2026-05-07 00:00:00,37400.0,depot,,transfrontalier_sensible,False,aucune
a6f2dbea,CLI-00700,2026-05-08 00:00:00,126900.0,transfert_entrant,CLI-00371,local,False,aucune
ce5e3304,CLI-00645,2026-05-08 00:00:00,139100.0,retrait,,local,False,aucune
9ad49e0f,CLI-00018,2026-05-08 00:00:00,51000.0,depot,,local,False,aucune
ec052cc8,CLI-00318,2026-05-08 00:00:00,15200.0,depot,,regional_uemoa,False,aucune
31478179,CLI-00464,2026-05-08 00:00:00,41300.0,decaissement_credit,,local,False,aucune
87904d31,CLI-00291,2026-05-08 00:00:00,11800.0,depot,,regional_uemoa,False,aucune
5131ce24,CLI-00211,2026-05-08 00:00:00,14000.0,depot,,local,False,aucune
d9f29650,CLI-00461,2026-05-08 00:00:00,19800.0,transfert_sortant,CLI-00418,regional_uemoa,False,aucune
662fede5,CLI-00769,2026-05-08 00:00:00,71300.0,retrait,,local,False,aucune
d51fba89,CLI-00227,2026-05-08 00:00:00,105100.0,depot,,local,False,aucune
62ab5240,CLI-00413,2026-05-08 00:00:00,35200.0,transfert_entrant,CLI-00469,regional_uemoa,False,aucune
7e80ca72,CLI-00601,2026-05-08 00:00:00,24500.0,depot,,local,False,aucune
9e2b6370,CLI-00405,2026-05-08 00:00:00,33900.0,depot,,local,False,aucune
2def761c,CLI-00573,2026-05-08 00:00:00,170100.0,depot,,local,False,aucune
d70624cf,CLI-00271,2026-05-08 00:00:00,25800.0,transfert_entrant,CLI-00025,local,False,aucune
57d79db5,CLI-00040,2026-05-08 00:00:00,121100.0,retrait,,local,False,aucune
32312118,CLI-00446,2026-05-08 00:00:00,3800.0,transfert_sortant,CLI-00644,local,False,aucune
e6f7a294,CLI-00706,2026-05-08 00:00:00,82100.0,retrait,,local,False,aucune
e1a0d57c,CLI-00465,2026-05-08 00:00:00,68700.0,depot,,transfrontalier_sensible,False,aucune
f81b1d1c,CLI-00330,2026-05-08 00:00:00,72200.0,retrait,,local,False,aucune
2b8d55b0,CLI-00117,2026-05-08 00:00:00,29300.0,transfert_sortant,CLI-00741,regional_uemoa,False,aucune
47e78ab1,CLI-00505,2026-05-08 00:00:00,24900.0,decaissement_credit,,local,False,aucune
749fdad4,CLI-00765,2026-05-08 00:00:00,6500.0,remboursement_credit,,regional_uemoa,False,aucune
37070f59,CLI-00365,2026-05-08 00:00:00,104900.0,transfert_sortant,CLI-00169,regional_uemoa,False,aucune
7246c908,CLI-00771,2026-05-08 00:00:00,47800.0,retrait,,local,False,aucune
a71376be,CLI-00227,2026-05-08 00:00:00,71600.0,decaissement_credit,,local,False,aucune
92687572,CLI-00434,2026-05-08 00:00:00,41700.0,transfert_sortant,CLI-00091,regional_uemoa,False,aucune
5447d7fc,CLI-00547,2026-05-08 00:00:00,34100.0,retrait,,local,False,aucune
e141c5ed,CLI-00394,2026-05-08 00:00:00,67100.0,decaissement_credit,,local,False,aucune
ec54e232,CLI-00286,2026-05-08 00:00:00,13800.0,retrait,,local,False,aucune
ccfa2d21,CLI-00154,2026-05-08 00:00:00,135100.0,remboursement_credit,,local,False,aucune
1603356a,CLI-00766,2026-05-08 00:00:00,21100.0,transfert_sortant,CLI-00699,local,False,aucune
416d0648,CLI-00104,2026-05-08 00:00:00,150800.0,depot,,regional_uemoa,False,aucune
1c32ffc3,CLI-00579,2026-05-08 00:00:00,178600.0,transfert_sortant,CLI-00044,local,False,aucune
8d8fc53e,CLI-00560,2026-05-08 00:00:00,6200.0,remboursement_credit,,local,False,aucune
f23ef413,CLI-00193,2026-05-08 00:00:00,33800.0,depot,,local,False,aucune
861b8305,CLI-00051,2026-05-08 00:00:00,21500.0,transfert_entrant,CLI-00308,local,False,aucune
5e241ac7,CLI-00084,2026-05-08 00:00:00,330000.0,retrait,,local,False,aucune
229e4c44,CLI-00061,2026-05-08 00:00:00,239400.0,decaissement_credit,,local,False,aucune
bb91eeac,CLI-00260,2026-05-08 00:00:00,9900.0,transfert_sortant,CLI-00707,local,False,aucune
e9752d12,CLI-00365,2026-05-08 00:00:00,23900.0,depot,,local,False,aucune
307630d6,CLI-00237,2026-05-08 00:00:00,18300.0,retrait,,local,False,aucune
50f4eb1c,CLI-00500,2026-05-08 00:00:00,61600.0,depot,,local,False,aucune
388a32e0,CLI-00748,2026-05-08 00:00:00,60000.0,retrait,,local,False,aucune
ea60450a,CLI-00458,2026-05-08 00:00:00,32900.0,depot,,local,False,aucune
39750088,CLI-00708,2026-05-08 00:00:00,14500.0,depot,,local,False,aucune
4cfe9122,CLI-00642,2026-05-08 00:00:00,435200.0,transfert_sortant,CLI-00772,local,False,aucune
d982e79c,CLI-00271,2026-05-08 00:00:00,5400.0,depot,,regional_uemoa,False,aucune
2aa6e12d,CLI-00343,2026-05-08 00:00:00,32700.0,decaissement_credit,,local,False,aucune
552fea2a,CLI-00536,2026-05-08 00:00:00,103900.0,depot,,local,False,aucune
7303361c,CLI-00716,2026-05-08 00:00:00,45000.0,depot,,local,False,aucune
c1a4082a,CLI-00732,2026-05-09 00:00:00,123900.0,retrait,,local,False,aucune
70bb22e2,CLI-00057,2026-05-09 00:00:00,182400.0,depot,,local,False,aucune
de3afc01,CLI-00448,2026-05-09 00:00:00,114200.0,depot,,local,False,aucune
6e20ef6b,CLI-00099,2026-05-09 00:00:00,11400.0,transfert_sortant,CLI-00589,local,False,aucune
95370a3f,CLI-00774,2026-05-09 00:00:00,22100.0,depot,,local,False,aucune
3ba55636,CLI-00101,2026-05-09 00:00:00,11200.0,depot,,local,False,aucune
def2bbc1,CLI-00048,2026-05-09 00:00:00,40800.0,decaissement_credit,,local,False,aucune
1b98807b,CLI-00154,2026-05-09 00:00:00,39400.0,depot,,local,False,aucune
d190ccdb,CLI-00443,2026-05-09 00:00:00,84800.0,transfert_sortant,CLI-00242,local,False,aucune
6e90ab0e,CLI-00399,2026-05-09 00:00:00,387900.0,depot,,local,False,aucune
766cb0a4,CLI-00019,2026-05-09 00:00:00,8300.0,retrait,,local,False,aucune
14629f90,CLI-00382,2026-05-09 00:00:00,4700.0,transfert_entrant,CLI-00188,local,False,aucune
ee1164fa,CLI-00049,2026-05-09 00:00:00,19800.0,transfert_entrant,CLI-00652,transfrontalier_sensible,False,aucune
03c4942f,CLI-00640,2026-05-09 00:00:00,75500.0,retrait,,local,False,aucune
8a1b370e,CLI-00021,2026-05-09 00:00:00,51200.0,depot,,local,False,aucune
aa5a1842,CLI-00100,2026-05-09 00:00:00,17800.0,remboursement_credit,,local,False,aucune
117099d4,CLI-00577,2026-05-09 00:00:00,53700.0,depot,,local,False,aucune
37e5c452,CLI-00006,2026-05-09 00:00:00,64800.0,retrait,,local,False,aucune
9200efc3,CLI-00597,2026-05-09 00:00:00,52800.0,remboursement_credit,,regional_uemoa,False,aucune
d19bf651,CLI-00041,2026-05-09 00:00:00,74600.0,decaissement_credit,,local,False,aucune
30ed8db2,CLI-00756,2026-05-09 00:00:00,57900.0,retrait,,local,False,aucune
891ae3bb,CLI-00004,2026-05-09 00:00:00,16200.0,retrait,,local,False,aucune
57692978,CLI-00170,2026-05-09 00:00:00,112900.0,retrait,,local,False,aucune
6a5a0040,CLI-00701,2026-05-09 00:00:00,94300.0,transfert_sortant,CLI-00058,local,False,aucune
5b2438ec,CLI-00041,2026-05-09 00:00:00,335000.0,depot,,local,False,aucune
918c230c,CLI-00538,2026-05-09 00:00:00,56000.0,depot,,local,False,aucune
7a9a5aef,CLI-00043,2026-05-09 00:00:00,22300.0,retrait,,transfrontalier_sensible,False,aucune
462aa836,CLI-00265,2026-05-09 00:00:00,335200.0,decaissement_credit,,local,False,aucune
dbf70657,CLI-00738,2026-05-09 00:00:00,109700.0,depot,,local,False,aucune
904882a8,CLI-00372,2026-05-09 00:00:00,102200.0,retrait,,local,False,aucune
6be1c762,CLI-00473,2026-05-09 00:00:00,54100.0,retrait,,local,False,aucune
f3180149,CLI-00544,2026-05-09 00:00:00,390500.0,retrait,,local,False,aucune
ad0033ce,CLI-00487,2026-05-09 00:00:00,50100.0,transfert_sortant,CLI-00675,local,False,aucune
6b122ca9,CLI-00428,2026-05-09 00:00:00,99600.0,retrait,,regional_uemoa,False,aucune
137f6485,CLI-00233,2026-05-09 00:00:00,13900.0,depot,,local,False,aucune
22ad7ba1,CLI-00004,2026-05-09 00:00:00,15900.0,transfert_entrant,CLI-00715,local,False,aucune
c3ea0a0e,CLI-00746,2026-05-09 00:00:00,15400.0,depot,,local,False,aucune
db29606c,CLI-00418,2026-05-09 00:00:00,55400.0,retrait,,local,False,aucune
cf337c1d,CLI-00124,2026-05-09 00:00:00,27100.0,retrait,,local,False,aucune
e1bd75d0,CLI-00159,2026-05-09 00:00:00,17200.0,retrait,,local,False,aucune
7724bd37,CLI-00272,2026-05-09 00:00:00,28200.0,transfert_entrant,CLI-00253,local,False,aucune
4fc0c974,CLI-00233,2026-05-09 00:00:00,13700.0,transfert_sortant,CLI-00213,local,False,aucune
3b2b7a36,CLI-00595,2026-05-09 00:00:00,107700.0,transfert_entrant,CLI-00417,local,False,aucune
1e644489,CLI-00076,2026-05-09 00:00:00,649900.0,decaissement_credit,,local,False,aucune
6f222626,CLI-00363,2026-05-09 00:00:00,94700.0,transfert_sortant,CLI-00032,regional_uemoa,False,aucune
9b71c4cd,CLI-00693,2026-05-10 00:00:00,13200.0,transfert_entrant,CLI-00289,local,False,aucune
f09807f4,CLI-00538,2026-05-10 00:00:00,98200.0,transfert_entrant,CLI-00276,local,False,aucune
46c7a484,CLI-00205,2026-05-10 00:00:00,19200.0,depot,,local,False,aucune
8264ff09,CLI-00105,2026-05-10 00:00:00,14800.0,remboursement_credit,,local,False,aucune
e7521a00,CLI-00083,2026-05-10 00:00:00,47200.0,depot,,local,False,aucune
b142cc61,CLI-00687,2026-05-10 00:00:00,32200.0,depot,,local,False,aucune
0afe47cc,CLI-00277,2026-05-10 00:00:00,150200.0,transfert_sortant,CLI-00675,local,False,aucune
f6bbbe13,CLI-00352,2026-05-10 00:00:00,108500.0,transfert_entrant,CLI-00396,local,False,aucune
024faded,CLI-00041,2026-05-10 00:00:00,113300.0,decaissement_credit,,regional_uemoa,False,aucune
1ed3d0cb,CLI-00611,2026-05-10 00:00:00,46400.0,retrait,,local,False,aucune
3370438e,CLI-00292,2026-05-10 00:00:00,10100.0,remboursement_credit,,local,False,aucune
cbda5671,CLI-00748,2026-05-10 00:00:00,35500.0,depot,,local,False,aucune
c56692f6,CLI-00527,2026-05-10 00:00:00,35900.0,depot,,local,False,aucune
cec29d96,CLI-00458,2026-05-10 00:00:00,40200.0,remboursement_credit,,local,False,aucune
710d8128,CLI-00156,2026-05-10 00:00:00,23300.0,transfert_entrant,CLI-00490,local,False,aucune
c99e26d7,CLI-00309,2026-05-10 00:00:00,31800.0,depot,,local,False,aucune
3491f331,CLI-00639,2026-05-10 00:00:00,158300.0,retrait,,local,False,aucune
097197bd,CLI-00427,2026-05-10 00:00:00,235500.0,transfert_sortant,CLI-00618,local,False,aucune
6fb9daa3,CLI-00163,2026-05-10 00:00:00,7400.0,retrait,,local,False,aucune
dd6066ad,CLI-00594,2026-05-10 00:00:00,15100.0,retrait,,local,False,aucune
35790d58,CLI-00662,2026-05-10 00:00:00,17800.0,depot,,local,False,aucune
01f2b270,CLI-00742,2026-05-10 00:00:00,15300.0,retrait,,regional_uemoa,False,aucune
24de659c,CLI-00636,2026-05-10 00:00:00,174900.0,depot,,local,False,aucune
9df7213a,CLI-00607,2026-05-10 00:00:00,35400.0,depot,,local,False,aucune
5b03cdb5,CLI-00627,2026-05-10 00:00:00,9400.0,transfert_sortant,CLI-00343,local,False,aucune
4ccd5e40,CLI-00449,2026-05-10 00:00:00,187000.0,retrait,,regional_uemoa,False,aucune
51de8f2b,CLI-00604,2026-05-10 00:00:00,70000.0,retrait,,local,False,aucune
d5f65860,CLI-00629,2026-05-10 00:00:00,45100.0,retrait,,local,False,aucune
6ac2ccff,CLI-00655,2026-05-10 00:00:00,18800.0,retrait,,local,False,aucune
10bd8652,CLI-00591,2026-05-10 00:00:00,17700.0,remboursement_credit,,regional_uemoa,False,aucune
34c40fc7,CLI-00606,2026-05-10 00:00:00,9700.0,transfert_sortant,CLI-00350,local,False,aucune
6de99829,CLI-00048,2026-05-10 00:00:00,61600.0,retrait,,regional_uemoa,False,aucune
b5f2834f,CLI-00634,2026-05-10 00:00:00,1300.0,transfert_entrant,CLI-00465,local,False,aucune
def0a1cf,CLI-00771,2026-05-10 00:00:00,20700.0,depot,,local,False,aucune
da630094,CLI-00089,2026-05-10 00:00:00,84800.0,decaissement_credit,,regional_uemoa,False,aucune
d762985f,CLI-00375,2026-05-10 00:00:00,13800.0,retrait,,local,False,aucune
0ce964aa,CLI-00605,2026-05-10 00:00:00,18300.0,depot,,local,False,aucune
6f0fae40,CLI-00450,2026-05-10 00:00:00,150200.0,retrait,,local,False,aucune
4a980e91,CLI-00085,2026-05-10 00:00:00,1400.0,decaissement_credit,,local,False,aucune
56240949,CLI-00417,2026-05-10 00:00:00,40700.0,transfert_entrant,CLI-00081,regional_uemoa,False,aucune
ce21c058,CLI-00783,2026-05-10 00:00:00,22000.0,remboursement_credit,,local,False,aucune
00371024,CLI-00066,2026-05-10 00:00:00,9000.0,transfert_sortant,CLI-00047,local,False,aucune
46a30a93,CLI-00235,2026-05-10 00:00:00,22900.0,transfert_sortant,CLI-00250,local,False,aucune
0d83f625,CLI-00025,2026-05-10 00:00:00,17800.0,retrait,,local,False,aucune
6dc6a579,CLI-00447,2026-05-10 00:00:00,46500.0,transfert_sortant,CLI-00282,local,False,aucune
e87e7d9c,CLI-00483,2026-05-11 00:00:00,57800.0,depot,,transfrontalier_sensible,False,aucune
b55d9dbc,CLI-00449,2026-05-11 00:00:00,161100.0,depot,,local,False,aucune
6eb00d75,CLI-00055,2026-05-11 00:00:00,21200.0,retrait,,local,False,aucune
3f36157b,CLI-00385,2026-05-11 00:00:00,5400.0,retrait,,local,False,aucune
c6019c89,CLI-00521,2026-05-11 00:00:00,84000.0,retrait,,local,False,aucune
237afdf9,CLI-00275,2026-05-11 00:00:00,20500.0,decaissement_credit,,local,False,aucune
e5cf40dc,CLI-00489,2026-05-11 00:00:00,77800.0,transfert_sortant,CLI-00375,regional_uemoa,False,aucune
8a4c2019,CLI-00097,2026-05-11 00:00:00,330900.0,decaissement_credit,,local,False,aucune
efb656d2,CLI-00482,2026-05-11 00:00:00,35100.0,depot,,local,False,aucune
bd23c56d,CLI-00517,2026-05-11 00:00:00,82200.0,retrait,,local,False,aucune
247ba097,CLI-00494,2026-05-11 00:00:00,13000.0,transfert_sortant,CLI-00405,local,False,aucune
958e58bb,CLI-00484,2026-05-11 00:00:00,45500.0,depot,,local,False,aucune
dfba9b92,CLI-00601,2026-05-11 00:00:00,42900.0,retrait,,transfrontalier_sensible,False,aucune
a45b596b,CLI-00545,2026-05-11 00:00:00,185700.0,depot,,local,False,aucune
c76a4071,CLI-00240,2026-05-11 00:00:00,27300.0,transfert_entrant,CLI-00552,local,False,aucune
9a76471f,CLI-00486,2026-05-11 00:00:00,81300.0,depot,,regional_uemoa,False,aucune
a72e123f,CLI-00258,2026-05-11 00:00:00,23500.0,remboursement_credit,,local,False,aucune
9018051b,CLI-00017,2026-05-11 00:00:00,10700.0,remboursement_credit,,local,False,aucune
b2989c0d,CLI-00494,2026-05-11 00:00:00,16200.0,depot,,local,False,aucune
b6ee2e24,CLI-00568,2026-05-11 00:00:00,53900.0,transfert_entrant,CLI-00666,regional_uemoa,False,aucune
3c9e150d,CLI-00281,2026-05-11 00:00:00,18900.0,transfert_entrant,CLI-00086,local,False,aucune
7158a46e,CLI-00781,2026-05-11 00:00:00,284400.0,transfert_sortant,CLI-00606,local,False,aucune
8e84be91,CLI-00722,2026-05-11 00:00:00,118700.0,depot,,regional_uemoa,False,aucune
998452f5,CLI-00716,2026-05-11 00:00:00,120200.0,retrait,,local,False,aucune
b699e094,CLI-00415,2026-05-11 00:00:00,176900.0,retrait,,local,False,aucune
ce3ac00f,CLI-00129,2026-05-11 00:00:00,29600.0,transfert_sortant,CLI-00544,transfrontalier_sensible,False,aucune
5a7b708e,CLI-00603,2026-05-11 00:00:00,66700.0,remboursement_credit,,local,False,aucune
f14fce1d,CLI-00464,2026-05-11 00:00:00,218800.0,depot,,local,False,aucune
8f6fd859,CLI-00640,2026-05-11 00:00:00,9800.0,retrait,,local,False,aucune
3aaa75a0,CLI-00505,2026-05-11 00:00:00,42300.0,decaissement_credit,,local,False,aucune
a8313406,CLI-00709,2026-05-11 00:00:00,60700.0,transfert_sortant,CLI-00673,regional_uemoa,False,aucune
e673715e,CLI-00579,2026-05-11 00:00:00,11400.0,retrait,,local,False,aucune
e83f29a3,CLI-00429,2026-05-11 00:00:00,6800.0,depot,,transfrontalier_sensible,False,aucune
fa342c78,CLI-00382,2026-05-11 00:00:00,42200.0,depot,,local,False,aucune
e378c690,CLI-00550,2026-05-11 00:00:00,27300.0,remboursement_credit,,local,False,aucune
1e1aaec5,CLI-00589,2026-05-11 00:00:00,14700.0,depot,,local,False,aucune
914440e8,CLI-00741,2026-05-11 00:00:00,22900.0,remboursement_credit,,local,False,aucune
8d107740,CLI-00546,2026-05-11 00:00:00,15000.0,retrait,,local,False,aucune
05ef69d1,CLI-00471,2026-05-11 00:00:00,71200.0,depot,,regional_uemoa,False,aucune
d5fdf2ca,CLI-00701,2026-05-11 00:00:00,59700.0,depot,,local,False,aucune
ff0591cb,CLI-00049,2026-05-11 00:00:00,196100.0,depot,,local,False,aucune
81681339,CLI-00215,2026-05-11 00:00:00,5800.0,depot,,local,False,aucune
56ac38aa,CLI-00049,2026-05-11 00:00:00,29100.0,transfert_entrant,CLI-00429,local,False,aucune
d4577532,CLI-00730,2026-05-11 00:00:00,262800.0,decaissement_credit,,local,False,aucune
df4b8af1,CLI-00432,2026-05-11 00:00:00,62500.0,retrait,,local,False,aucune
9edaf1d1,CLI-00215,2026-05-11 00:00:00,79800.0,retrait,,local,False,aucune
02b7ac67,CLI-00626,2026-05-11 00:00:00,877600.0,retrait,,local,False,aucune
546b6df8,CLI-00263,2026-05-11 00:00:00,69700.0,transfert_entrant,CLI-00668,local,False,aucune
7148dadd,CLI-00774,2026-05-11 00:00:00,34100.0,retrait,,regional_uemoa,False,aucune
a60af458,CLI-00578,2026-05-11 00:00:00,12600.0,depot,,local,False,aucune
822f3263,CLI-00734,2026-05-11 00:00:00,47500.0,decaissement_credit,,local,False,aucune
684d94b1,CLI-00274,2026-05-11 00:00:00,170100.0,transfert_sortant,CLI-00253,local,False,aucune
139a3d31,CLI-00248,2026-05-11 00:00:00,14900.0,depot,,local,False,aucune
728d865e,CLI-00703,2026-05-11 00:00:00,590300.0,retrait,,regional_uemoa,False,aucune
85ab3c43,CLI-00733,2026-05-11 00:00:00,171400.0,depot,,regional_uemoa,False,aucune
eb547b02,CLI-00012,2026-05-11 00:00:00,109100.0,depot,,local,False,aucune
1f5d7184,CLI-00433,2026-05-11 00:00:00,16300.0,depot,,local,False,aucune
75ce4f09,CLI-00137,2026-05-11 00:00:00,27400.0,transfert_sortant,CLI-00723,local,False,aucune
0e3a4cb1,CLI-00251,2026-05-11 00:00:00,12400.0,decaissement_credit,,local,False,aucune
77294a09,CLI-00104,2026-05-11 00:00:00,146300.0,remboursement_credit,,local,False,aucune
a45a9cce,CLI-00343,2026-05-11 00:00:00,72600.0,transfert_sortant,CLI-00341,local,False,aucune
02c72017,CLI-00025,2026-05-12 00:00:00,56100.0,depot,,local,False,aucune
c44902bb,CLI-00376,2026-05-12 00:00:00,96700.0,depot,,local,False,aucune
a18bf9ae,CLI-00767,2026-05-12 00:00:00,70000.0,retrait,,local,False,aucune
59241a7d,CLI-00224,2026-05-12 00:00:00,44000.0,retrait,,local,False,aucune
ac23be6e,CLI-00735,2026-05-12 00:00:00,12600.0,transfert_entrant,CLI-00318,local,False,aucune
9a682dd1,CLI-00585,2026-05-12 00:00:00,74900.0,retrait,,local,False,aucune
a56cdbea,CLI-00287,2026-05-12 00:00:00,33500.0,transfert_sortant,CLI-00339,local,False,aucune
ddc95a8f,CLI-00724,2026-05-12 00:00:00,17400.0,transfert_entrant,CLI-00218,regional_uemoa,False,aucune
3e5a8801,CLI-00602,2026-05-12 00:00:00,13600.0,retrait,,local,False,aucune
31b1f12e,CLI-00625,2026-05-12 00:00:00,9000.0,depot,,local,False,aucune
086db1fc,CLI-00183,2026-05-12 00:00:00,343900.0,retrait,,regional_uemoa,False,aucune
22e5a684,CLI-00577,2026-05-12 00:00:00,45100.0,transfert_entrant,CLI-00538,local,False,aucune
5bf41bc3,CLI-00038,2026-05-12 00:00:00,52300.0,retrait,,local,False,aucune
603a6bf6,CLI-00456,2026-05-12 00:00:00,225000.0,remboursement_credit,,local,False,aucune
1130c07c,CLI-00758,2026-05-12 00:00:00,239900.0,retrait,,local,False,aucune
ef234368,CLI-00743,2026-05-12 00:00:00,293300.0,depot,,local,False,aucune
19846352,CLI-00517,2026-05-12 00:00:00,146700.0,remboursement_credit,,local,False,aucune
3507f0fa,CLI-00261,2026-05-12 00:00:00,90700.0,retrait,,local,False,aucune
55252ce1,CLI-00018,2026-05-12 00:00:00,34400.0,remboursement_credit,,local,False,aucune
c18f16bf,CLI-00458,2026-05-12 00:00:00,32200.0,transfert_entrant,CLI-00275,local,False,aucune
74c4238c,CLI-00622,2026-05-12 00:00:00,137900.0,depot,,local,False,aucune
98098b0e,CLI-00389,2026-05-12 00:00:00,326100.0,depot,,local,False,aucune
29640c6f,CLI-00105,2026-05-12 00:00:00,27500.0,transfert_sortant,CLI-00617,local,False,aucune
03f0a1cd,CLI-00292,2026-05-12 00:00:00,24100.0,depot,,local,False,aucune
47772d7c,CLI-00781,2026-05-12 00:00:00,72200.0,retrait,,local,False,aucune
8d15cc88,CLI-00353,2026-05-12 00:00:00,166300.0,retrait,,local,False,aucune
00a19c51,CLI-00611,2026-05-12 00:00:00,36600.0,retrait,,regional_uemoa,False,aucune
5353620e,CLI-00448,2026-05-12 00:00:00,35900.0,remboursement_credit,,regional_uemoa,False,aucune
691780ec,CLI-00558,2026-05-12 00:00:00,124000.0,remboursement_credit,,local,False,aucune
d6d7c5e0,CLI-00668,2026-05-12 00:00:00,195000.0,depot,,local,False,aucune
225bb00b,CLI-00525,2026-05-12 00:00:00,25700.0,remboursement_credit,,regional_uemoa,False,aucune
5cbf0f1e,CLI-00795,2026-05-12 00:00:00,11000.0,remboursement_credit,,transfrontalier_sensible,False,aucune
dabd562c,CLI-00434,2026-05-12 00:00:00,91300.0,remboursement_credit,,local,False,aucune
d48f7696,CLI-00430,2026-05-12 00:00:00,56200.0,decaissement_credit,,local,False,aucune
47469278,CLI-00706,2026-05-12 00:00:00,37000.0,transfert_entrant,CLI-00139,local,False,aucune
61639fd9,CLI-00240,2026-05-12 00:00:00,227700.0,remboursement_credit,,local,False,aucune
a7d30a4d,CLI-00669,2026-05-12 00:00:00,14300.0,depot,,local,False,aucune
112267fa,CLI-00787,2026-05-12 00:00:00,303300.0,retrait,,local,False,aucune
e81b7c0f,CLI-00069,2026-05-12 00:00:00,2200.0,transfert_entrant,CLI-00232,local,False,aucune
2a1e3171,CLI-00323,2026-05-12 00:00:00,51700.0,depot,,local,False,aucune
f1d031c3,CLI-00708,2026-05-12 00:00:00,295900.0,depot,,local,False,aucune
3a36f91a,CLI-00306,2026-05-12 00:00:00,67700.0,decaissement_credit,,regional_uemoa,False,aucune
22c95ea0,CLI-00078,2026-05-12 00:00:00,160500.0,remboursement_credit,,local,False,aucune
7223a3a6,CLI-00432,2026-05-12 00:00:00,52300.0,transfert_sortant,CLI-00392,local,False,aucune
9152debe,CLI-00674,2026-05-12 00:00:00,58400.0,transfert_sortant,CLI-00197,local,False,aucune
86ac2a4e,CLI-00075,2026-05-12 00:00:00,8600.0,retrait,,local,False,aucune
ec05c03e,CLI-00701,2026-05-13 00:00:00,42600.0,transfert_entrant,CLI-00680,transfrontalier_sensible,False,aucune
d2b655f9,CLI-00631,2026-05-13 00:00:00,10100.0,retrait,,local,False,aucune
81d4a91c,CLI-00452,2026-05-13 00:00:00,14100.0,depot,,local,False,aucune
ef615411,CLI-00664,2026-05-13 00:00:00,54200.0,retrait,,local,False,aucune
6046a484,CLI-00286,2026-05-13 00:00:00,687900.0,decaissement_credit,,local,False,aucune
7d21069d,CLI-00683,2026-05-13 00:00:00,29800.0,depot,,regional_uemoa,False,aucune
41bdd1d9,CLI-00236,2026-05-13 00:00:00,66500.0,retrait,,local,False,aucune
69bc6092,CLI-00625,2026-05-13 00:00:00,11200.0,depot,,local,False,aucune
9910f4e6,CLI-00147,2026-05-13 00:00:00,46500.0,transfert_entrant,CLI-00108,regional_uemoa,False,aucune
6aa84f90,CLI-00645,2026-05-13 00:00:00,32600.0,depot,,regional_uemoa,False,aucune
42c3b430,CLI-00092,2026-05-13 00:00:00,56300.0,depot,,local,False,aucune
1b2589bd,CLI-00476,2026-05-13 00:00:00,43300.0,retrait,,local,False,aucune
ee67ef60,CLI-00498,2026-05-13 00:00:00,82900.0,transfert_entrant,CLI-00633,local,False,aucune
8a5563ef,CLI-00746,2026-05-13 00:00:00,49500.0,retrait,,local,False,aucune
97124c02,CLI-00137,2026-05-13 00:00:00,50200.0,depot,,transfrontalier_sensible,False,aucune
67d1a497,CLI-00003,2026-05-13 00:00:00,48200.0,retrait,,local,False,aucune
e8c5b1a4,CLI-00740,2026-05-13 00:00:00,97400.0,depot,,local,False,aucune
dc6820db,CLI-00591,2026-05-13 00:00:00,178600.0,retrait,,transfrontalier_sensible,False,aucune
50156624,CLI-00050,2026-05-13 00:00:00,5000.0,retrait,,local,False,aucune
680465ac,CLI-00387,2026-05-13 00:00:00,9400.0,depot,,local,False,aucune
913940ab,CLI-00578,2026-05-13 00:00:00,43900.0,depot,,local,False,aucune
bae47bb4,CLI-00184,2026-05-13 00:00:00,48900.0,remboursement_credit,,regional_uemoa,False,aucune
6f5dc7ee,CLI-00558,2026-05-13 00:00:00,95300.0,depot,,local,False,aucune
ad2d61c9,CLI-00415,2026-05-13 00:00:00,82600.0,retrait,,local,False,aucune
96f3cf14,CLI-00430,2026-05-13 00:00:00,70400.0,retrait,,regional_uemoa,False,aucune
e5399d6c,CLI-00370,2026-05-13 00:00:00,5400.0,retrait,,local,False,aucune
9ef5cafe,CLI-00100,2026-05-13 00:00:00,51700.0,depot,,local,False,aucune
d1b25fad,CLI-00399,2026-05-13 00:00:00,11500.0,decaissement_credit,,local,False,aucune
f4708014,CLI-00736,2026-05-13 00:00:00,127100.0,transfert_entrant,CLI-00484,local,False,aucune
176d44e4,CLI-00586,2026-05-13 00:00:00,12300.0,retrait,,local,False,aucune
89c7bd2d,CLI-00355,2026-05-13 00:00:00,2600.0,depot,,regional_uemoa,False,aucune
f8e9ee0c,CLI-00489,2026-05-13 00:00:00,18900.0,depot,,local,False,aucune
9d959292,CLI-00032,2026-05-13 00:00:00,33800.0,retrait,,local,False,aucune
d9c819ff,CLI-00014,2026-05-13 00:00:00,44600.0,retrait,,local,False,aucune
061d3194,CLI-00491,2026-05-13 00:00:00,13700.0,remboursement_credit,,local,False,aucune
0ea2ab33,CLI-00356,2026-05-13 00:00:00,12700.0,depot,,local,False,aucune
b24efde2,CLI-00262,2026-05-13 00:00:00,70200.0,depot,,local,False,aucune
9d7ac63a,CLI-00033,2026-05-13 00:00:00,50600.0,decaissement_credit,,transfrontalier_sensible,False,aucune
55f58e32,CLI-00005,2026-05-13 00:00:00,18800.0,transfert_sortant,CLI-00578,local,False,aucune
99f59e9e,CLI-00160,2026-05-13 00:00:00,71600.0,depot,,local,False,aucune
fb19dd55,CLI-00328,2026-05-13 00:00:00,11900.0,depot,,regional_uemoa,False,aucune
04901a98,CLI-00352,2026-05-13 00:00:00,65400.0,remboursement_credit,,local,False,aucune
cb08fe74,CLI-00466,2026-05-13 00:00:00,67800.0,retrait,,regional_uemoa,False,aucune
eac60833,CLI-00257,2026-05-13 00:00:00,12200.0,depot,,local,False,aucune
3b78c6e2,CLI-00650,2026-05-13 00:00:00,18500.0,depot,,regional_uemoa,False,aucune
6c0110c8,CLI-00450,2026-05-13 00:00:00,44800.0,retrait,,local,False,aucune
0be08334,CLI-00729,2026-05-13 00:00:00,236800.0,retrait,,local,False,aucune
687ea29a,CLI-00165,2026-05-13 00:00:00,23600.0,retrait,,regional_uemoa,False,aucune
468f8f64,CLI-00281,2026-05-13 00:00:00,32400.0,retrait,,regional_uemoa,False,aucune
dba65186,CLI-00304,2026-05-13 00:00:00,38400.0,retrait,,local,False,aucune
2f897857,CLI-00475,2026-05-14 00:00:00,69900.0,retrait,,local,False,aucune
6af6726b,CLI-00537,2026-05-14 00:00:00,16100.0,depot,,local,False,aucune
38accb51,CLI-00194,2026-05-14 00:00:00,15600.0,retrait,,local,False,aucune
b3bc90f5,CLI-00412,2026-05-14 00:00:00,16300.0,transfert_sortant,CLI-00526,regional_uemoa,False,aucune
506e124a,CLI-00632,2026-05-14 00:00:00,7700.0,depot,,regional_uemoa,False,aucune
ee46c02a,CLI-00377,2026-05-14 00:00:00,24800.0,transfert_entrant,CLI-00319,regional_uemoa,False,aucune
0ff89d0d,CLI-00666,2026-05-14 00:00:00,64100.0,retrait,,local,False,aucune
06af9c46,CLI-00665,2026-05-14 00:00:00,58800.0,remboursement_credit,,local,False,aucune
312c3ba1,CLI-00640,2026-05-14 00:00:00,43600.0,depot,,local,False,aucune
066586d5,CLI-00729,2026-05-14 00:00:00,27200.0,retrait,,local,False,aucune
1b63c5fc,CLI-00583,2026-05-14 00:00:00,31800.0,depot,,local,False,aucune
7ebacecb,CLI-00346,2026-05-14 00:00:00,26000.0,retrait,,local,False,aucune
935fa4db,CLI-00304,2026-05-14 00:00:00,57900.0,depot,,local,False,aucune
6bc12dbb,CLI-00738,2026-05-14 00:00:00,196500.0,transfert_sortant,CLI-00489,regional_uemoa,False,aucune
d2a51a80,CLI-00262,2026-05-14 00:00:00,16400.0,remboursement_credit,,local,False,aucune
e1f9184b,CLI-00571,2026-05-14 00:00:00,55400.0,retrait,,local,False,aucune
22438119,CLI-00593,2026-05-14 00:00:00,125100.0,depot,,local,False,aucune
db72a760,CLI-00672,2026-05-14 00:00:00,15900.0,retrait,,local,False,aucune
7bab9920,CLI-00288,2026-05-14 00:00:00,221500.0,depot,,local,False,aucune
5fbd66ec,CLI-00116,2026-05-14 00:00:00,28200.0,depot,,local,False,aucune
bbc36f5d,CLI-00504,2026-05-14 00:00:00,15900.0,depot,,local,False,aucune
842d4f28,CLI-00161,2026-05-14 00:00:00,116300.0,transfert_entrant,CLI-00194,local,False,aucune
05457d64,CLI-00112,2026-05-14 00:00:00,53800.0,transfert_sortant,CLI-00685,local,False,aucune
c111d0e5,CLI-00551,2026-05-14 00:00:00,24700.0,retrait,,transfrontalier_sensible,False,aucune
7d814c23,CLI-00085,2026-05-14 00:00:00,156400.0,retrait,,local,False,aucune
4c441bb8,CLI-00005,2026-05-14 00:00:00,45700.0,retrait,,local,False,aucune
77811007,CLI-00342,2026-05-14 00:00:00,20200.0,depot,,local,False,aucune
9a3f3ca0,CLI-00707,2026-05-14 00:00:00,17600.0,retrait,,local,False,aucune
1c10b083,CLI-00718,2026-05-14 00:00:00,73100.0,retrait,,local,False,aucune
599682af,CLI-00221,2026-05-14 00:00:00,151500.0,retrait,,local,False,aucune
450cb4ab,CLI-00060,2026-05-14 00:00:00,114400.0,retrait,,local,False,aucune
ed878222,CLI-00031,2026-05-14 00:00:00,85700.0,depot,,regional_uemoa,False,aucune
7a86f27f,CLI-00052,2026-05-14 00:00:00,73900.0,retrait,,local,False,aucune
8388273d,CLI-00683,2026-05-14 00:00:00,52000.0,transfert_sortant,CLI-00204,local,False,aucune
b0ef5b32,CLI-00481,2026-05-14 00:00:00,92700.0,transfert_entrant,CLI-00107,local,False,aucune
4a33bc24,CLI-00425,2026-05-14 00:00:00,110800.0,retrait,,local,False,aucune
f3135640,CLI-00684,2026-05-14 00:00:00,12800.0,retrait,,regional_uemoa,False,aucune
f86b7508,CLI-00390,2026-05-14 00:00:00,41700.0,transfert_sortant,CLI-00475,local,False,aucune
0a8cd8fa,CLI-00031,2026-05-14 00:00:00,116300.0,depot,,local,False,aucune
c100b67e,CLI-00125,2026-05-14 00:00:00,23700.0,remboursement_credit,,regional_uemoa,False,aucune
392ca23e,CLI-00600,2026-05-14 00:00:00,38300.0,retrait,,local,False,aucune
ecc598af,CLI-00546,2026-05-14 00:00:00,90500.0,transfert_entrant,CLI-00263,local,False,aucune
ea985161,CLI-00414,2026-05-14 00:00:00,23000.0,retrait,,local,False,aucune
46895c98,CLI-00060,2026-05-14 00:00:00,164900.0,transfert_sortant,CLI-00133,regional_uemoa,False,aucune
d6f8f32e,CLI-00284,2026-05-14 00:00:00,62300.0,depot,,local,False,aucune
cbcb9c06,CLI-00651,2026-05-14 00:00:00,45800.0,retrait,,local,False,aucune
8e711b1e,CLI-00134,2026-05-14 00:00:00,36300.0,retrait,,local,False,aucune
b3ca8bf3,CLI-00759,2026-05-14 00:00:00,49500.0,depot,,local,False,aucune
82327a82,CLI-00392,2026-05-14 00:00:00,190200.0,transfert_entrant,CLI-00347,local,False,aucune
18c02d11,CLI-00519,2026-05-14 00:00:00,54700.0,retrait,,local,False,aucune
62f6afb9,CLI-00785,2026-05-14 00:00:00,53500.0,retrait,,local,False,aucune
6ac879a0,CLI-00687,2026-05-14 00:00:00,28500.0,transfert_sortant,CLI-00656,local,False,aucune
4da2caaf,CLI-00720,2026-05-14 00:00:00,31100.0,remboursement_credit,,local,False,aucune
3bf44fb0,CLI-00564,2026-05-14 00:00:00,7400.0,decaissement_credit,,local,False,aucune
075be404,CLI-00032,2026-05-14 00:00:00,3700.0,retrait,,local,False,aucune
9be35212,CLI-00658,2026-05-15 00:00:00,35000.0,remboursement_credit,,regional_uemoa,False,aucune
bace7e16,CLI-00253,2026-05-15 00:00:00,34100.0,remboursement_credit,,regional_uemoa,False,aucune
ca0f4cef,CLI-00759,2026-05-15 00:00:00,31100.0,depot,,local,False,aucune
cdbc0d4f,CLI-00319,2026-05-15 00:00:00,35800.0,decaissement_credit,,local,False,aucune
83da08ad,CLI-00188,2026-05-15 00:00:00,788700.0,transfert_sortant,CLI-00689,regional_uemoa,False,aucune
a663efdb,CLI-00503,2026-05-15 00:00:00,52900.0,depot,,local,False,aucune
a493797e,CLI-00416,2026-05-15 00:00:00,20600.0,depot,,local,False,aucune
aa2fe488,CLI-00749,2026-05-15 00:00:00,9600.0,depot,,local,False,aucune
678c9e0a,CLI-00530,2026-05-15 00:00:00,65500.0,retrait,,local,False,aucune
aa12b7f8,CLI-00544,2026-05-15 00:00:00,112300.0,transfert_entrant,CLI-00695,local,False,aucune
26d9fc06,CLI-00126,2026-05-15 00:00:00,22500.0,transfert_entrant,CLI-00609,local,False,aucune
20d138b4,CLI-00044,2026-05-15 00:00:00,18500.0,retrait,,local,False,aucune
ef0bb607,CLI-00314,2026-05-15 00:00:00,264800.0,decaissement_credit,,local,False,aucune
30adb853,CLI-00078,2026-05-15 00:00:00,25000.0,retrait,,local,False,aucune
368ce23f,CLI-00009,2026-05-15 00:00:00,42800.0,transfert_sortant,CLI-00330,local,False,aucune
ed074a2c,CLI-00751,2026-05-15 00:00:00,94700.0,depot,,local,False,aucune
1733b91d,CLI-00505,2026-05-15 00:00:00,392400.0,remboursement_credit,,regional_uemoa,False,aucune
21f26823,CLI-00031,2026-05-15 00:00:00,30700.0,depot,,local,False,aucune
a03cc3a7,CLI-00090,2026-05-15 00:00:00,17400.0,depot,,local,False,aucune
5ce229aa,CLI-00588,2026-05-15 00:00:00,81200.0,depot,,regional_uemoa,False,aucune
f57c7d29,CLI-00165,2026-05-15 00:00:00,96700.0,transfert_sortant,CLI-00640,regional_uemoa,False,aucune
b24f60d5,CLI-00604,2026-05-15 00:00:00,31200.0,remboursement_credit,,local,False,aucune
0d36ea9c,CLI-00310,2026-05-15 00:00:00,229000.0,decaissement_credit,,regional_uemoa,False,aucune
455d2848,CLI-00413,2026-05-15 00:00:00,30300.0,depot,,regional_uemoa,False,aucune
512d7b91,CLI-00679,2026-05-15 00:00:00,162300.0,transfert_sortant,CLI-00426,local,False,aucune
6d830a03,CLI-00547,2026-05-15 00:00:00,104500.0,transfert_entrant,CLI-00032,transfrontalier_sensible,False,aucune
84549c95,CLI-00588,2026-05-15 00:00:00,6600.0,depot,,local,False,aucune
4dbd4b7e,CLI-00062,2026-05-15 00:00:00,11000.0,depot,,local,False,aucune
07af7737,CLI-00046,2026-05-15 00:00:00,116600.0,depot,,local,False,aucune
8ced157a,CLI-00428,2026-05-15 00:00:00,119900.0,depot,,local,False,aucune
f4d0903f,CLI-00273,2026-05-15 00:00:00,24400.0,retrait,,local,False,aucune
5ebafdc2,CLI-00369,2026-05-15 00:00:00,122100.0,depot,,regional_uemoa,False,aucune
19f7e965,CLI-00670,2026-05-15 00:00:00,51100.0,decaissement_credit,,local,False,aucune
98fed38e,CLI-00168,2026-05-15 00:00:00,39600.0,depot,,local,False,aucune
0565d108,CLI-00176,2026-05-15 00:00:00,944700.0,depot,,local,False,aucune
90c5ecc5,CLI-00175,2026-05-15 00:00:00,22300.0,retrait,,regional_uemoa,False,aucune
681941e1,CLI-00060,2026-05-15 00:00:00,103500.0,depot,,local,False,aucune
7f7f3a24,CLI-00472,2026-05-15 00:00:00,198700.0,retrait,,local,False,aucune
500c5645,CLI-00178,2026-05-15 00:00:00,267400.0,transfert_entrant,CLI-00591,local,False,aucune
a4dd448e,CLI-00181,2026-05-15 00:00:00,12200.0,depot,,local,False,aucune
183325b0,CLI-00554,2026-05-15 00:00:00,32500.0,transfert_entrant,CLI-00062,local,False,aucune
cf5f8a1c,CLI-00517,2026-05-15 00:00:00,152300.0,depot,,local,False,aucune
782e8bc2,CLI-00056,2026-05-15 00:00:00,62500.0,depot,,local,False,aucune
11da996e,CLI-00592,2026-05-15 00:00:00,81500.0,transfert_sortant,CLI-00114,local,False,aucune
5b1ebfa8,CLI-00059,2026-05-15 00:00:00,74800.0,retrait,,local,False,aucune
7fed6c2d,CLI-00209,2026-05-15 00:00:00,5200.0,remboursement_credit,,local,False,aucune
4149021b,CLI-00487,2026-05-15 00:00:00,466400.0,remboursement_credit,,regional_uemoa,False,aucune
9acdc27f,CLI-00418,2026-05-15 00:00:00,34500.0,transfert_entrant,CLI-00184,local,False,aucune
24c51041,CLI-00108,2026-05-15 00:00:00,26200.0,depot,,local,False,aucune
432cdd50,CLI-00550,2026-05-15 00:00:00,79700.0,remboursement_credit,,local,False,aucune
874556f1,CLI-00404,2026-05-15 00:00:00,400700.0,transfert_entrant,CLI-00126,local,False,aucune
17ade547,CLI-00110,2026-05-16 00:00:00,243800.0,depot,,local,False,aucune
0c5d3ef1,CLI-00417,2026-05-16 00:00:00,13000.0,transfert_entrant,CLI-00551,local,False,aucune
7ed91895,CLI-00754,2026-05-16 00:00:00,31900.0,remboursement_credit,,transfrontalier_sensible,False,aucune
93906aa4,CLI-00376,2026-05-16 00:00:00,48000.0,transfert_entrant,CLI-00017,local,False,aucune
e853a922,CLI-00077,2026-05-16 00:00:00,288000.0,depot,,local,False,aucune
02578223,CLI-00506,2026-05-16 00:00:00,52800.0,retrait,,local,False,aucune
1afa12f7,CLI-00129,2026-05-16 00:00:00,324500.0,retrait,,local,False,aucune
bf7d1b5b,CLI-00376,2026-05-16 00:00:00,127600.0,retrait,,local,False,aucune
33455836,CLI-00587,2026-05-16 00:00:00,38400.0,retrait,,local,False,aucune
6276924a,CLI-00757,2026-05-16 00:00:00,508000.0,retrait,,local,False,aucune
4b182ded,CLI-00619,2026-05-16 00:00:00,27100.0,transfert_entrant,CLI-00392,local,False,aucune
1a947676,CLI-00432,2026-05-16 00:00:00,64600.0,depot,,local,False,aucune
b3805409,CLI-00743,2026-05-16 00:00:00,9900.0,retrait,,local,False,aucune
3eb4aecb,CLI-00594,2026-05-16 00:00:00,182400.0,transfert_sortant,CLI-00382,local,False,aucune
9f35e579,CLI-00594,2026-05-16 00:00:00,29700.0,transfert_sortant,CLI-00195,local,False,aucune
2d0c243b,CLI-00272,2026-05-16 00:00:00,34500.0,transfert_sortant,CLI-00650,local,False,aucune
7c8510ca,CLI-00595,2026-05-16 00:00:00,46100.0,depot,,local,False,aucune
0df150ce,CLI-00363,2026-05-16 00:00:00,34300.0,depot,,regional_uemoa,False,aucune
487036de,CLI-00083,2026-05-16 00:00:00,26400.0,depot,,local,False,aucune
e0fe9bd9,CLI-00069,2026-05-16 00:00:00,20900.0,transfert_sortant,CLI-00085,local,False,aucune
53c5d9b7,CLI-00350,2026-05-16 00:00:00,28800.0,remboursement_credit,,regional_uemoa,False,aucune
a6afab43,CLI-00481,2026-05-16 00:00:00,37300.0,decaissement_credit,,local,False,aucune
77136279,CLI-00429,2026-05-16 00:00:00,19600.0,depot,,local,False,aucune
0bdb8ba6,CLI-00759,2026-05-16 00:00:00,108500.0,depot,,local,False,aucune
2de54952,CLI-00748,2026-05-16 00:00:00,2600.0,remboursement_credit,,local,False,aucune
b5327824,CLI-00371,2026-05-16 00:00:00,23700.0,transfert_sortant,CLI-00659,local,False,aucune
19d32593,CLI-00551,2026-05-16 00:00:00,8200.0,retrait,,local,False,aucune
41a7552b,CLI-00371,2026-05-16 00:00:00,81200.0,depot,,regional_uemoa,False,aucune
46135cf8,CLI-00043,2026-05-16 00:00:00,26300.0,decaissement_credit,,local,False,aucune
994c2c5a,CLI-00267,2026-05-16 00:00:00,50100.0,retrait,,local,False,aucune
9336c608,CLI-00276,2026-05-16 00:00:00,38600.0,retrait,,local,False,aucune
7a86d756,CLI-00469,2026-05-16 00:00:00,15600.0,decaissement_credit,,local,False,aucune
be33da73,CLI-00373,2026-05-16 00:00:00,57800.0,transfert_entrant,CLI-00424,regional_uemoa,False,aucune
f8792e49,CLI-00075,2026-05-16 00:00:00,52500.0,remboursement_credit,,local,False,aucune
8e9b34b3,CLI-00265,2026-05-16 00:00:00,39200.0,depot,,local,False,aucune
1cbe0ca9,CLI-00468,2026-05-16 00:00:00,67600.0,transfert_entrant,CLI-00618,local,False,aucune
d5c033e4,CLI-00416,2026-05-16 00:00:00,28700.0,transfert_entrant,CLI-00499,local,False,aucune
fbcb2e16,CLI-00751,2026-05-16 00:00:00,29700.0,transfert_sortant,CLI-00233,local,False,aucune
d919b183,CLI-00466,2026-05-16 00:00:00,41500.0,retrait,,local,False,aucune
909453cd,CLI-00278,2026-05-16 00:00:00,37800.0,remboursement_credit,,local,False,aucune
4bbd642d,CLI-00271,2026-05-16 00:00:00,30100.0,depot,,local,False,aucune
3bc75989,CLI-00504,2026-05-16 00:00:00,13000.0,depot,,regional_uemoa,False,aucune
22e7e739,CLI-00260,2026-05-16 00:00:00,17700.0,retrait,,regional_uemoa,False,aucune
5ec01577,CLI-00406,2026-05-16 00:00:00,77200.0,retrait,,transfrontalier_sensible,False,aucune
13155bf1,CLI-00655,2026-05-16 00:00:00,123400.0,transfert_entrant,CLI-00113,local,False,aucune
890619af,CLI-00178,2026-05-16 00:00:00,62800.0,depot,,local,False,aucune
330b6a0c,CLI-00721,2026-05-16 00:00:00,33600.0,decaissement_credit,,regional_uemoa,False,aucune
540fab63,CLI-00091,2026-05-16 00:00:00,366900.0,decaissement_credit,,local,False,aucune
f0a268cd,CLI-00447,2026-05-16 00:00:00,384800.0,decaissement_credit,,local,False,aucune
2cf156af,CLI-00386,2026-05-16 00:00:00,20400.0,depot,,local,False,aucune
6eb836fa,CLI-00657,2026-05-16 00:00:00,537700.0,depot,,local,False,aucune
42658d3b,CLI-00174,2026-05-16 00:00:00,34800.0,retrait,,regional_uemoa,False,aucune
b30c1147,CLI-00576,2026-05-16 00:00:00,46100.0,depot,,local,False,aucune
4e78bc06,CLI-00019,2026-05-16 00:00:00,19000.0,retrait,,local,False,aucune
e4391498,CLI-00259,2026-05-16 00:00:00,153100.0,remboursement_credit,,local,False,aucune
aacde28c,CLI-00707,2026-05-16 00:00:00,8700.0,retrait,,local,False,aucune
6342b48b,CLI-00177,2026-05-16 00:00:00,40900.0,decaissement_credit,,local,False,aucune
b0c94a4b,CLI-00654,2026-05-16 00:00:00,47000.0,transfert_sortant,CLI-00532,local,False,aucune
06ecd95e,CLI-00652,2026-05-16 00:00:00,7900.0,depot,,transfrontalier_sensible,False,aucune
639303c3,CLI-00575,2026-05-16 00:00:00,24300.0,remboursement_credit,,local,False,aucune
063107d5,CLI-00435,2026-05-16 00:00:00,7200.0,retrait,,local,False,aucune
6e42d99a,CLI-00296,2026-05-16 00:00:00,163400.0,remboursement_credit,,local,False,aucune
864617f7,CLI-00531,2026-05-16 00:00:00,82700.0,transfert_sortant,CLI-00627,transfrontalier_sensible,False,aucune
956143ff,CLI-00225,2026-05-16 00:00:00,4200.0,depot,,regional_uemoa,False,aucune
fb613f02,CLI-00717,2026-05-16 00:00:00,20500.0,transfert_sortant,CLI-00262,local,False,aucune
4dfabf1e,CLI-00540,2026-05-17 00:00:00,18000.0,decaissement_credit,,local,False,aucune
26de7716,CLI-00772,2026-05-17 00:00:00,233700.0,decaissement_credit,,regional_uemoa,False,aucune
6c5e0176,CLI-00300,2026-05-17 00:00:00,31500.0,transfert_entrant,CLI-00784,local,False,aucune
eb2da042,CLI-00037,2026-05-17 00:00:00,5900.0,depot,,local,False,aucune
bc0a2831,CLI-00003,2026-05-17 00:00:00,48500.0,retrait,,local,False,aucune
308092b9,CLI-00581,2026-05-17 00:00:00,56100.0,depot,,local,False,aucune
6d4fe771,CLI-00244,2026-05-17 00:00:00,26900.0,transfert_sortant,CLI-00112,local,False,aucune
6e28b4af,CLI-00759,2026-05-17 00:00:00,38400.0,transfert_entrant,CLI-00320,local,False,aucune
fb372715,CLI-00284,2026-05-17 00:00:00,82500.0,retrait,,local,False,aucune
d00f198e,CLI-00645,2026-05-17 00:00:00,177800.0,retrait,,local,False,aucune
ad787a08,CLI-00349,2026-05-17 00:00:00,238400.0,transfert_entrant,CLI-00190,regional_uemoa,False,aucune
9e8d9d87,CLI-00540,2026-05-17 00:00:00,53900.0,transfert_sortant,CLI-00026,local,False,aucune
7a236a26,CLI-00304,2026-05-17 00:00:00,15500.0,transfert_entrant,CLI-00195,local,False,aucune
51151695,CLI-00386,2026-05-17 00:00:00,132000.0,retrait,,regional_uemoa,False,aucune
4321e3e5,CLI-00123,2026-05-17 00:00:00,22900.0,retrait,,regional_uemoa,False,aucune
44881be0,CLI-00411,2026-05-17 00:00:00,115000.0,depot,,local,False,aucune
ad585042,CLI-00577,2026-05-17 00:00:00,342100.0,depot,,local,False,aucune
48201c13,CLI-00527,2026-05-17 00:00:00,48100.0,depot,,local,False,aucune
df330fd9,CLI-00739,2026-05-17 00:00:00,32400.0,retrait,,local,False,aucune
000cfd52,CLI-00661,2026-05-17 00:00:00,19800.0,retrait,,local,False,aucune
695d9eb7,CLI-00320,2026-05-17 00:00:00,14200.0,transfert_sortant,CLI-00716,local,False,aucune
3fad4777,CLI-00477,2026-05-17 00:00:00,9100.0,transfert_entrant,CLI-00535,local,False,aucune
b610818a,CLI-00592,2026-05-17 00:00:00,3300.0,transfert_sortant,CLI-00341,local,False,aucune
65d27c0a,CLI-00313,2026-05-17 00:00:00,173500.0,retrait,,local,False,aucune
3c898567,CLI-00073,2026-05-17 00:00:00,23700.0,depot,,local,False,aucune
e6e347b4,CLI-00235,2026-05-17 00:00:00,71200.0,depot,,local,False,aucune
08285634,CLI-00694,2026-05-17 00:00:00,41300.0,retrait,,regional_uemoa,False,aucune
81714828,CLI-00564,2026-05-17 00:00:00,17000.0,depot,,local,False,aucune
cdfa3391,CLI-00701,2026-05-17 00:00:00,123000.0,retrait,,local,False,aucune
72033b60,CLI-00265,2026-05-17 00:00:00,53000.0,transfert_sortant,CLI-00334,regional_uemoa,False,aucune
a1585b36,CLI-00746,2026-05-17 00:00:00,59100.0,depot,,transfrontalier_sensible,False,aucune
8c3436fe,CLI-00595,2026-05-17 00:00:00,83400.0,depot,,regional_uemoa,False,aucune
7a5e5792,CLI-00426,2026-05-17 00:00:00,18300.0,retrait,,local,False,aucune
28393e36,CLI-00186,2026-05-17 00:00:00,324200.0,decaissement_credit,,local,False,aucune
739daa32,CLI-00302,2026-05-17 00:00:00,17200.0,depot,,local,False,aucune
63cfeb5c,CLI-00145,2026-05-17 00:00:00,76600.0,transfert_sortant,CLI-00526,local,False,aucune
f09352c4,CLI-00126,2026-05-17 00:00:00,18600.0,depot,,local,False,aucune
e6b2d5c9,CLI-00465,2026-05-17 00:00:00,117100.0,depot,,local,False,aucune
6b522fcb,CLI-00099,2026-05-17 00:00:00,42000.0,retrait,,local,False,aucune
cf8d7798,CLI-00144,2026-05-17 00:00:00,19200.0,depot,,local,False,aucune
72336236,CLI-00295,2026-05-17 00:00:00,46900.0,retrait,,local,False,aucune
1a1cdb0d,CLI-00015,2026-05-17 00:00:00,36900.0,decaissement_credit,,local,False,aucune
e455464b,CLI-00633,2026-05-17 00:00:00,11000.0,depot,,local,False,aucune
61c99aa1,CLI-00607,2026-05-17 00:00:00,69100.0,transfert_entrant,CLI-00780,local,False,aucune
5924b326,CLI-00508,2026-05-17 00:00:00,628500.0,remboursement_credit,,local,False,aucune
1892b067,CLI-00232,2026-05-17 00:00:00,221400.0,remboursement_credit,,local,False,aucune
db537b71,CLI-00544,2026-05-17 00:00:00,12000.0,depot,,local,False,aucune
7fae0c3a,CLI-00690,2026-05-17 00:00:00,13500.0,depot,,local,False,aucune
f3bf9266,CLI-00278,2026-05-17 00:00:00,4600.0,retrait,,local,False,aucune
4b6bc98f,CLI-00420,2026-05-17 00:00:00,89100.0,transfert_sortant,CLI-00048,local,False,aucune
b0025c39,CLI-00264,2026-05-17 00:00:00,32300.0,remboursement_credit,,transfrontalier_sensible,False,aucune
2e86e7d7,CLI-00610,2026-05-17 00:00:00,9400.0,remboursement_credit,,local,False,aucune
87972a1c,CLI-00277,2026-05-17 00:00:00,38800.0,remboursement_credit,,local,False,aucune
d010a633,CLI-00575,2026-05-17 00:00:00,72700.0,remboursement_credit,,local,False,aucune
016ed687,CLI-00531,2026-05-17 00:00:00,67600.0,retrait,,transfrontalier_sensible,False,aucune
def09392,CLI-00190,2026-05-17 00:00:00,154400.0,remboursement_credit,,local,False,aucune
c666f2af,CLI-00035,2026-05-17 00:00:00,135700.0,retrait,,regional_uemoa,False,aucune
5ee8ca77,CLI-00290,2026-05-17 00:00:00,19000.0,depot,,local,False,aucune
c90805ef,CLI-00766,2026-05-17 00:00:00,124800.0,retrait,,local,False,aucune
74c506b3,CLI-00523,2026-05-17 00:00:00,8900.0,decaissement_credit,,local,False,aucune
ee33a7a4,CLI-00575,2026-05-17 00:00:00,48600.0,depot,,local,False,aucune
f83291b1,CLI-00567,2026-05-17 00:00:00,41700.0,depot,,local,False,aucune
44658bfe,CLI-00331,2026-05-17 00:00:00,146300.0,transfert_entrant,CLI-00118,local,False,aucune
0a567d77,CLI-00722,2026-05-17 00:00:00,61800.0,depot,,local,False,aucune
6c1d3711,CLI-00437,2026-05-17 00:00:00,183100.0,depot,,local,False,aucune
b0ddfbf8,CLI-00770,2026-05-17 00:00:00,14700.0,depot,,local,False,aucune
97ac4c06,CLI-00361,2026-05-18 00:00:00,13500.0,depot,,local,False,aucune
9536d295,CLI-00367,2026-05-18 00:00:00,92600.0,depot,,local,False,aucune
307741af,CLI-00442,2026-05-18 00:00:00,101200.0,transfert_sortant,CLI-00194,local,False,aucune
4181f102,CLI-00490,2026-05-18 00:00:00,59600.0,depot,,local,False,aucune
0aca514f,CLI-00490,2026-05-18 00:00:00,198300.0,depot,,local,False,aucune
34df2b3c,CLI-00280,2026-05-18 00:00:00,65600.0,transfert_sortant,CLI-00008,local,False,aucune
faa8fc46,CLI-00593,2026-05-18 00:00:00,11800.0,decaissement_credit,,local,False,aucune
4612c116,CLI-00427,2026-05-18 00:00:00,15200.0,retrait,,local,False,aucune
93b11306,CLI-00275,2026-05-18 00:00:00,136400.0,retrait,,local,False,aucune
43c3e73a,CLI-00352,2026-05-18 00:00:00,11100.0,retrait,,local,False,aucune
3633f717,CLI-00743,2026-05-18 00:00:00,45900.0,retrait,,local,False,aucune
4d61578e,CLI-00197,2026-05-18 00:00:00,12900.0,transfert_sortant,CLI-00085,local,False,aucune
0d18b580,CLI-00615,2026-05-18 00:00:00,104000.0,depot,,regional_uemoa,False,aucune
a48fc070,CLI-00781,2026-05-18 00:00:00,90500.0,retrait,,local,False,aucune
9651e3a4,CLI-00594,2026-05-18 00:00:00,47600.0,depot,,local,False,aucune
774087dc,CLI-00178,2026-05-18 00:00:00,45000.0,retrait,,local,False,aucune
51793df3,CLI-00492,2026-05-18 00:00:00,23100.0,transfert_entrant,CLI-00284,local,False,aucune
7c143994,CLI-00602,2026-05-18 00:00:00,24600.0,depot,,local,False,aucune
db4333e0,CLI-00293,2026-05-18 00:00:00,92200.0,depot,,local,False,aucune
6c61b0d3,CLI-00299,2026-05-18 00:00:00,32400.0,transfert_entrant,CLI-00262,local,False,aucune
e4ca36ad,CLI-00182,2026-05-18 00:00:00,12800.0,retrait,,transfrontalier_sensible,False,aucune
16ef9afa,CLI-00327,2026-05-18 00:00:00,57400.0,retrait,,local,False,aucune
33969742,CLI-00573,2026-05-18 00:00:00,272800.0,retrait,,local,False,aucune
2b33bb6d,CLI-00398,2026-05-18 00:00:00,22300.0,remboursement_credit,,local,False,aucune
4fd7c2cd,CLI-00272,2026-05-18 00:00:00,34800.0,decaissement_credit,,local,False,aucune
36a81a43,CLI-00658,2026-05-18 00:00:00,88100.0,remboursement_credit,,local,False,aucune
d812d3e8,CLI-00347,2026-05-18 00:00:00,7100.0,transfert_entrant,CLI-00183,local,False,aucune
1dcd2acd,CLI-00314,2026-05-18 00:00:00,70400.0,retrait,,local,False,aucune
4a7384dd,CLI-00533,2026-05-18 00:00:00,161200.0,depot,,local,False,aucune
e36200e2,CLI-00007,2026-05-18 00:00:00,175100.0,depot,,local,False,aucune
e84ed3dc,CLI-00769,2026-05-18 00:00:00,251000.0,transfert_entrant,CLI-00533,local,False,aucune
5a9c133e,CLI-00141,2026-05-18 00:00:00,151900.0,retrait,,local,False,aucune
c86976cc,CLI-00738,2026-05-18 00:00:00,132700.0,remboursement_credit,,local,False,aucune
ea5bc09f,CLI-00212,2026-05-18 00:00:00,22600.0,transfert_sortant,CLI-00075,local,False,aucune
70ba973b,CLI-00139,2026-05-18 00:00:00,3100.0,depot,,local,False,aucune
898bc5f0,CLI-00210,2026-05-18 00:00:00,163000.0,retrait,,local,False,aucune
92dba24e,CLI-00008,2026-05-18 00:00:00,179500.0,retrait,,local,False,aucune
91058dc4,CLI-00731,2026-05-18 00:00:00,54800.0,retrait,,local,False,aucune
3f89fbaf,CLI-00467,2026-05-18 00:00:00,257500.0,depot,,local,False,aucune
9c65f809,CLI-00662,2026-05-18 00:00:00,335400.0,remboursement_credit,,local,False,aucune
b0d4d2f6,CLI-00580,2026-05-18 00:00:00,36100.0,depot,,local,False,aucune
d9564c1f,CLI-00635,2026-05-18 00:00:00,27400.0,depot,,local,False,aucune
0e83b336,CLI-00210,2026-05-18 00:00:00,26200.0,retrait,,local,False,aucune
ff29df30,CLI-00664,2026-05-19 00:00:00,23000.0,retrait,,local,False,aucune
f4a423bc,CLI-00406,2026-05-19 00:00:00,57600.0,decaissement_credit,,local,False,aucune
65e1782b,CLI-00075,2026-05-19 00:00:00,86100.0,retrait,,local,False,aucune
bba91667,CLI-00744,2026-05-19 00:00:00,37700.0,decaissement_credit,,transfrontalier_sensible,False,aucune
2e06fe0a,CLI-00745,2026-05-19 00:00:00,9400.0,transfert_entrant,CLI-00366,local,False,aucune
df6bf756,CLI-00240,2026-05-19 00:00:00,228800.0,retrait,,local,False,aucune
f4c3cde3,CLI-00386,2026-05-19 00:00:00,201900.0,depot,,local,False,aucune
c46dc99a,CLI-00667,2026-05-19 00:00:00,37000.0,retrait,,local,False,aucune
6a7a5f60,CLI-00001,2026-05-19 00:00:00,56400.0,retrait,,local,False,aucune
73270919,CLI-00217,2026-05-19 00:00:00,2700.0,decaissement_credit,,local,False,aucune
5da2b573,CLI-00265,2026-05-19 00:00:00,108700.0,retrait,,local,False,aucune
e1c417ab,CLI-00618,2026-05-19 00:00:00,375100.0,depot,,transfrontalier_sensible,False,aucune
b6f759c3,CLI-00566,2026-05-19 00:00:00,128300.0,retrait,,transfrontalier_sensible,False,aucune
2edb8855,CLI-00202,2026-05-19 00:00:00,1500.0,depot,,local,False,aucune
51ac3969,CLI-00001,2026-05-19 00:00:00,9200.0,transfert_sortant,CLI-00645,local,False,aucune
0dbd1425,CLI-00234,2026-05-19 00:00:00,24200.0,depot,,local,False,aucune
b50283ac,CLI-00043,2026-05-19 00:00:00,26700.0,retrait,,regional_uemoa,False,aucune
0a1088b8,CLI-00135,2026-05-19 00:00:00,20200.0,decaissement_credit,,local,False,aucune
394ff48b,CLI-00207,2026-05-19 00:00:00,156000.0,decaissement_credit,,local,False,aucune
bd59536e,CLI-00539,2026-05-19 00:00:00,65600.0,remboursement_credit,,regional_uemoa,False,aucune
dfadff03,CLI-00749,2026-05-19 00:00:00,51100.0,transfert_entrant,CLI-00537,local,False,aucune
4f248e2a,CLI-00746,2026-05-19 00:00:00,14600.0,decaissement_credit,,local,False,aucune
e51490b2,CLI-00467,2026-05-19 00:00:00,238300.0,depot,,local,False,aucune
c07369a7,CLI-00004,2026-05-19 00:00:00,76400.0,remboursement_credit,,local,False,aucune
f3122d47,CLI-00735,2026-05-19 00:00:00,8900.0,depot,,local,False,aucune
220c0fac,CLI-00106,2026-05-19 00:00:00,297900.0,transfert_entrant,CLI-00227,regional_uemoa,False,aucune
1aa3debc,CLI-00590,2026-05-19 00:00:00,43600.0,transfert_entrant,CLI-00322,local,False,aucune
d0de3587,CLI-00243,2026-05-19 00:00:00,31700.0,retrait,,regional_uemoa,False,aucune
aead7d32,CLI-00412,2026-05-19 00:00:00,47000.0,depot,,local,False,aucune
82879c3c,CLI-00348,2026-05-19 00:00:00,53000.0,remboursement_credit,,local,False,aucune
5546587a,CLI-00033,2026-05-19 00:00:00,52300.0,transfert_entrant,CLI-00653,local,False,aucune
13a87fd2,CLI-00355,2026-05-19 00:00:00,12500.0,transfert_entrant,CLI-00080,local,False,aucune
d02a9aa6,CLI-00385,2026-05-19 00:00:00,37900.0,depot,,local,False,aucune
a3fb0fbb,CLI-00063,2026-05-19 00:00:00,30700.0,transfert_sortant,CLI-00784,local,False,aucune
b24d6580,CLI-00402,2026-05-19 00:00:00,1003200.0,transfert_entrant,CLI-00367,local,False,aucune
276388da,CLI-00752,2026-05-19 00:00:00,52200.0,retrait,,regional_uemoa,False,aucune
50b00b7a,CLI-00171,2026-05-19 00:00:00,85100.0,remboursement_credit,,local,False,aucune
07613529,CLI-00447,2026-05-19 00:00:00,47400.0,transfert_entrant,CLI-00627,local,False,aucune
0f16acba,CLI-00233,2026-05-19 00:00:00,19700.0,retrait,,regional_uemoa,False,aucune
17e601b6,CLI-00028,2026-05-19 00:00:00,151700.0,remboursement_credit,,local,False,aucune
5febbf90,CLI-00449,2026-05-19 00:00:00,13700.0,remboursement_credit,,local,False,aucune
a40a0a8f,CLI-00670,2026-05-19 00:00:00,180800.0,decaissement_credit,,local,False,aucune
7abda2a8,CLI-00313,2026-05-19 00:00:00,16700.0,transfert_entrant,CLI-00049,local,False,aucune
375a8bbe,CLI-00419,2026-05-19 00:00:00,52400.0,retrait,,local,False,aucune
cfa49356,CLI-00370,2026-05-19 00:00:00,60700.0,retrait,,local,False,aucune
688afa04,CLI-00784,2026-05-19 00:00:00,8900.0,remboursement_credit,,local,False,aucune
7abb7906,CLI-00328,2026-05-19 00:00:00,30800.0,depot,,local,False,aucune
9a1fa683,CLI-00569,2026-05-19 00:00:00,25400.0,retrait,,local,False,aucune
547f6fb9,CLI-00185,2026-05-19 00:00:00,113100.0,remboursement_credit,,local,False,aucune
f3e42478,CLI-00564,2026-05-19 00:00:00,13300.0,depot,,local,False,aucune
04257713,CLI-00499,2026-05-19 00:00:00,129000.0,decaissement_credit,,local,False,aucune
50f6a1fd,CLI-00082,2026-05-19 00:00:00,155100.0,remboursement_credit,,local,False,aucune
a77711a5,CLI-00128,2026-05-19 00:00:00,10800.0,transfert_entrant,CLI-00161,local,False,aucune
185d1335,CLI-00458,2026-05-19 00:00:00,43100.0,depot,,regional_uemoa,False,aucune
e8b0a79c,CLI-00061,2026-05-19 00:00:00,44100.0,depot,,regional_uemoa,False,aucune
6f816c96,CLI-00332,2026-05-20 00:00:00,71200.0,remboursement_credit,,regional_uemoa,False,aucune
3f5431ba,CLI-00221,2026-05-20 00:00:00,33800.0,decaissement_credit,,local,False,aucune
f298a7a4,CLI-00692,2026-05-20 00:00:00,42600.0,remboursement_credit,,local,False,aucune
df89d15f,CLI-00490,2026-05-20 00:00:00,144800.0,transfert_entrant,CLI-00712,local,False,aucune
6711ad46,CLI-00378,2026-05-20 00:00:00,21000.0,transfert_sortant,CLI-00263,local,False,aucune
2d04f234,CLI-00544,2026-05-20 00:00:00,90800.0,retrait,,local,False,aucune
024b31ae,CLI-00682,2026-05-20 00:00:00,97400.0,depot,,transfrontalier_sensible,False,aucune
1517b925,CLI-00268,2026-05-20 00:00:00,25000.0,depot,,local,False,aucune
1f8751b1,CLI-00612,2026-05-20 00:00:00,72100.0,transfert_sortant,CLI-00436,local,False,aucune
b780ff3f,CLI-00524,2026-05-20 00:00:00,291200.0,transfert_sortant,CLI-00390,local,False,aucune
a1c2914e,CLI-00055,2026-05-20 00:00:00,104400.0,transfert_entrant,CLI-00067,regional_uemoa,False,aucune
595cec46,CLI-00446,2026-05-20 00:00:00,43400.0,depot,,local,False,aucune
04095d67,CLI-00328,2026-05-20 00:00:00,9100.0,depot,,local,False,aucune
332ad881,CLI-00308,2026-05-20 00:00:00,139200.0,transfert_entrant,CLI-00458,local,False,aucune
c5a218f1,CLI-00263,2026-05-20 00:00:00,125700.0,retrait,,regional_uemoa,False,aucune
eed2394f,CLI-00757,2026-05-20 00:00:00,60100.0,retrait,,local,False,aucune
de9a6cee,CLI-00390,2026-05-20 00:00:00,172500.0,depot,,local,False,aucune
2fe3ff97,CLI-00014,2026-05-20 00:00:00,141000.0,decaissement_credit,,local,False,aucune
e007f267,CLI-00396,2026-05-20 00:00:00,57600.0,depot,,local,False,aucune
54497590,CLI-00295,2026-05-20 00:00:00,44800.0,depot,,local,False,aucune
0fa11a1b,CLI-00668,2026-05-20 00:00:00,29700.0,depot,,transfrontalier_sensible,False,aucune
75b2a5e3,CLI-00265,2026-05-20 00:00:00,43300.0,transfert_sortant,CLI-00079,local,False,aucune
c392790a,CLI-00651,2026-05-20 00:00:00,124300.0,decaissement_credit,,local,False,aucune
da123aa1,CLI-00569,2026-05-20 00:00:00,33400.0,remboursement_credit,,local,False,aucune
fa89ddfd,CLI-00487,2026-05-20 00:00:00,17000.0,remboursement_credit,,local,False,aucune
0db8a2ff,CLI-00604,2026-05-20 00:00:00,56000.0,transfert_sortant,CLI-00543,local,False,aucune
38a3f8fa,CLI-00739,2026-05-20 00:00:00,15000.0,decaissement_credit,,regional_uemoa,False,aucune
a1e09f93,CLI-00558,2026-05-20 00:00:00,220700.0,retrait,,local,False,aucune
fe3599e9,CLI-00140,2026-05-20 00:00:00,84200.0,depot,,local,False,aucune
1d67d14c,CLI-00470,2026-05-20 00:00:00,93300.0,depot,,local,False,aucune
ef17513f,CLI-00219,2026-05-20 00:00:00,197200.0,retrait,,local,False,aucune
7c32fc65,CLI-00637,2026-05-20 00:00:00,25000.0,retrait,,local,False,aucune
3256bc4a,CLI-00772,2026-05-20 00:00:00,90900.0,depot,,local,False,aucune
b17deff5,CLI-00365,2026-05-20 00:00:00,39900.0,retrait,,local,False,aucune
5092b470,CLI-00459,2026-05-20 00:00:00,176400.0,depot,,local,False,aucune
5e3df19f,CLI-00404,2026-05-20 00:00:00,163900.0,retrait,,local,False,aucune
f8d7186c,CLI-00452,2026-05-20 00:00:00,40100.0,depot,,local,False,aucune
67a90835,CLI-00745,2026-05-20 00:00:00,72400.0,depot,,local,False,aucune
72092af8,CLI-00366,2026-05-20 00:00:00,42600.0,depot,,local,False,aucune
4160b665,CLI-00662,2026-05-20 00:00:00,225300.0,transfert_sortant,CLI-00389,local,False,aucune
5cb8156e,CLI-00346,2026-05-20 00:00:00,32700.0,transfert_entrant,CLI-00041,local,False,aucune
f6b05efd,CLI-00624,2026-05-20 00:00:00,20100.0,transfert_sortant,CLI-00590,local,False,aucune
ce470cb2,CLI-00499,2026-05-20 00:00:00,78500.0,transfert_entrant,CLI-00278,local,False,aucune
585e6599,CLI-00661,2026-05-20 00:00:00,6700.0,depot,,local,False,aucune
c90f4577,CLI-00412,2026-05-20 00:00:00,49300.0,retrait,,local,False,aucune
2271655f,CLI-00788,2026-05-20 00:00:00,40900.0,depot,,regional_uemoa,False,aucune
10df66e3,CLI-00183,2026-05-20 00:00:00,33100.0,depot,,local,False,aucune
636bfe14,CLI-00787,2026-05-20 00:00:00,30500.0,retrait,,local,False,aucune
145544b4,CLI-00660,2026-05-20 00:00:00,15400.0,decaissement_credit,,local,False,aucune
42a8f048,CLI-00428,2026-05-20 00:00:00,43200.0,transfert_sortant,CLI-00197,local,False,aucune
93a7a0e8,CLI-00725,2026-05-20 00:00:00,65500.0,transfert_sortant,CLI-00146,local,False,aucune
e315a4ed,CLI-00515,2026-05-20 00:00:00,20000.0,depot,,local,False,aucune
662fc228,CLI-00084,2026-05-20 00:00:00,242900.0,remboursement_credit,,local,False,aucune
99a5b2f0,CLI-00155,2026-05-20 00:00:00,10200.0,remboursement_credit,,local,False,aucune
beb25b1e,CLI-00426,2026-05-20 00:00:00,4400.0,retrait,,local,False,aucune
1d33b49e,CLI-00279,2026-05-20 00:00:00,86100.0,depot,,local,False,aucune
4a19915e,CLI-00576,2026-05-20 00:00:00,33300.0,remboursement_credit,,local,False,aucune
0374db1d,CLI-00216,2026-05-20 00:00:00,23700.0,depot,,local,False,aucune
32b4abc5,CLI-00182,2026-05-20 00:00:00,26500.0,transfert_entrant,CLI-00158,local,False,aucune
b82c0e6d,CLI-00029,2026-05-20 00:00:00,130200.0,retrait,,local,False,aucune
f7cefe08,CLI-00503,2026-05-20 00:00:00,35800.0,transfert_sortant,CLI-00389,regional_uemoa,False,aucune
45f6f151,CLI-00663,2026-05-21 00:00:00,192000.0,depot,,local,False,aucune
f9219fb2,CLI-00143,2026-05-21 00:00:00,83900.0,depot,,local,False,aucune
9b3ddeec,CLI-00467,2026-05-21 00:00:00,49300.0,decaissement_credit,,local,False,aucune
b24dfb1d,CLI-00339,2026-05-21 00:00:00,225900.0,remboursement_credit,,local,False,aucune
5d5f76c6,CLI-00508,2026-05-21 00:00:00,84100.0,retrait,,local,False,aucune
fab59c95,CLI-00673,2026-05-21 00:00:00,18200.0,remboursement_credit,,local,False,aucune
9eb05ecc,CLI-00753,2026-05-21 00:00:00,3400.0,remboursement_credit,,local,False,aucune
41097d30,CLI-00019,2026-05-21 00:00:00,9000.0,depot,,local,False,aucune
150a90ee,CLI-00761,2026-05-21 00:00:00,56200.0,transfert_entrant,CLI-00010,regional_uemoa,False,aucune
ece28305,CLI-00013,2026-05-21 00:00:00,17400.0,depot,,local,False,aucune
1f09a6ac,CLI-00421,2026-05-21 00:00:00,184700.0,decaissement_credit,,local,False,aucune
91ba7e9c,CLI-00538,2026-05-21 00:00:00,106000.0,transfert_entrant,CLI-00651,regional_uemoa,False,aucune
be0b6032,CLI-00141,2026-05-21 00:00:00,21200.0,retrait,,local,False,aucune
15a55113,CLI-00712,2026-05-21 00:00:00,94900.0,depot,,local,False,aucune
75fb6b0a,CLI-00125,2026-05-21 00:00:00,142600.0,transfert_sortant,CLI-00221,local,False,aucune
592a7bf4,CLI-00793,2026-05-21 00:00:00,19000.0,retrait,,local,False,aucune
5ce56df3,CLI-00245,2026-05-21 00:00:00,34400.0,depot,,local,False,aucune
cf17611a,CLI-00071,2026-05-21 00:00:00,34100.0,retrait,,local,False,aucune
9eb28ade,CLI-00676,2026-05-21 00:00:00,35900.0,depot,,regional_uemoa,False,aucune
1a242624,CLI-00166,2026-05-21 00:00:00,28300.0,transfert_sortant,CLI-00368,local,False,aucune
4724d606,CLI-00622,2026-05-21 00:00:00,39900.0,transfert_entrant,CLI-00184,local,False,aucune
39af1371,CLI-00424,2026-05-21 00:00:00,97700.0,retrait,,local,False,aucune
61866e43,CLI-00410,2026-05-21 00:00:00,3900.0,transfert_sortant,CLI-00639,regional_uemoa,False,aucune
cfc41e23,CLI-00255,2026-05-21 00:00:00,85700.0,retrait,,local,False,aucune
58d115e3,CLI-00022,2026-05-21 00:00:00,81900.0,decaissement_credit,,local,False,aucune
94bdb7da,CLI-00268,2026-05-21 00:00:00,8900.0,transfert_sortant,CLI-00080,local,False,aucune
5010154c,CLI-00171,2026-05-21 00:00:00,86400.0,depot,,local,False,aucune
75fd2cd0,CLI-00416,2026-05-21 00:00:00,95700.0,depot,,local,False,aucune
4d094a2a,CLI-00766,2026-05-21 00:00:00,106000.0,transfert_entrant,CLI-00684,local,False,aucune
a1755ac2,CLI-00680,2026-05-21 00:00:00,58600.0,transfert_entrant,CLI-00636,local,False,aucune
b775ade4,CLI-00133,2026-05-21 00:00:00,75600.0,remboursement_credit,,local,False,aucune
dbedfe4a,CLI-00422,2026-05-21 00:00:00,6400.0,decaissement_credit,,local,False,aucune
0a5cd503,CLI-00090,2026-05-21 00:00:00,11300.0,remboursement_credit,,local,False,aucune
ee7cd50d,CLI-00354,2026-05-21 00:00:00,238700.0,decaissement_credit,,local,False,aucune
ddecff62,CLI-00721,2026-05-21 00:00:00,184100.0,transfert_sortant,CLI-00595,local,False,aucune
25a5f5ad,CLI-00469,2026-05-21 00:00:00,32500.0,transfert_entrant,CLI-00758,local,False,aucune
f3f3a186,CLI-00466,2026-05-21 00:00:00,171900.0,transfert_sortant,CLI-00068,local,False,aucune
7509ab25,CLI-00667,2026-05-21 00:00:00,9200.0,transfert_sortant,CLI-00575,local,False,aucune
7ecd0ec2,CLI-00534,2026-05-21 00:00:00,23000.0,transfert_sortant,CLI-00252,local,False,aucune
a353ef9e,CLI-00202,2026-05-21 00:00:00,454900.0,transfert_sortant,CLI-00119,local,False,aucune
acf322fc,CLI-00254,2026-05-21 00:00:00,84800.0,retrait,,local,False,aucune
a8c3f876,CLI-00075,2026-05-21 00:00:00,80800.0,depot,,local,False,aucune
a605572f,CLI-00155,2026-05-21 00:00:00,8200.0,depot,,local,False,aucune
a6d5c43a,CLI-00446,2026-05-21 00:00:00,42300.0,retrait,,local,False,aucune
e6b68964,CLI-00026,2026-05-21 00:00:00,3593600.0,transfert_sortant,,transfrontalier_sensible,True,corridor_sensible
5fe1ab8b,CLI-00559,2026-05-21 00:00:00,95700.0,remboursement_credit,,local,False,aucune
8b500c27,CLI-00095,2026-05-21 00:00:00,13600.0,retrait,,local,False,aucune
c87cdcc6,CLI-00262,2026-05-21 00:00:00,36100.0,transfert_sortant,CLI-00404,local,False,aucune
4b2cea21,CLI-00222,2026-05-21 00:00:00,24100.0,transfert_sortant,CLI-00637,regional_uemoa,False,aucune
4d1d3b98,CLI-00367,2026-05-21 00:00:00,22500.0,retrait,,regional_uemoa,False,aucune
18360f6b,CLI-00586,2026-05-21 00:00:00,80300.0,transfert_sortant,CLI-00672,local,False,aucune
f2d49890,CLI-00001,2026-05-21 00:00:00,101200.0,retrait,,local,False,aucune
f357cde2,CLI-00148,2026-05-21 00:00:00,23900.0,transfert_entrant,CLI-00429,local,False,aucune
cd76147c,CLI-00139,2026-05-21 00:00:00,140300.0,retrait,,local,False,aucune
c783c231,CLI-00026,2026-05-22 00:00:00,1145300.0,transfert_sortant,,transfrontalier_sensible,True,corridor_sensible
3416f2e5,CLI-00317,2026-05-22 00:00:00,11500.0,decaissement_credit,,local,False,aucune
b4cd98ed,CLI-00539,2026-05-22 00:00:00,36500.0,depot,,local,False,aucune
5504fd6b,CLI-00161,2026-05-22 00:00:00,72400.0,depot,,local,False,aucune
9729298a,CLI-00764,2026-05-22 00:00:00,20100.0,depot,,local,False,aucune
40eb71f0,CLI-00159,2026-05-22 00:00:00,90700.0,transfert_sortant,CLI-00000,local,False,aucune
86551f23,CLI-00134,2026-05-22 00:00:00,11600.0,transfert_sortant,CLI-00562,local,False,aucune
8e0640a7,CLI-00538,2026-05-22 00:00:00,12000.0,depot,,local,False,aucune
164f2719,CLI-00190,2026-05-22 00:00:00,15800.0,retrait,,regional_uemoa,False,aucune
23016b51,CLI-00296,2026-05-22 00:00:00,83400.0,transfert_sortant,CLI-00780,local,False,aucune
feceb9c1,CLI-00195,2026-05-22 00:00:00,11900.0,remboursement_credit,,regional_uemoa,False,aucune
419f4bb3,CLI-00598,2026-05-22 00:00:00,39300.0,retrait,,local,False,aucune
ca8bb5c3,CLI-00530,2026-05-22 00:00:00,23600.0,depot,,regional_uemoa,False,aucune
95751169,CLI-00187,2026-05-22 00:00:00,18300.0,retrait,,local,False,aucune
27b153a7,CLI-00132,2026-05-22 00:00:00,37700.0,decaissement_credit,,transfrontalier_sensible,False,aucune
369248a0,CLI-00520,2026-05-22 00:00:00,340300.0,retrait,,local,False,aucune
64ded40a,CLI-00763,2026-05-22 00:00:00,27500.0,transfert_entrant,CLI-00345,local,False,aucune
b9df58c7,CLI-00746,2026-05-22 00:00:00,137000.0,retrait,,local,False,aucune
ba88f6c5,CLI-00074,2026-05-22 00:00:00,79000.0,transfert_sortant,CLI-00107,local,False,aucune
168c4c3a,CLI-00415,2026-05-22 00:00:00,7100.0,remboursement_credit,,local,False,aucune
63dbf58c,CLI-00410,2026-05-22 00:00:00,50700.0,retrait,,local,False,aucune
d6e30ed3,CLI-00235,2026-05-22 00:00:00,82500.0,transfert_entrant,CLI-00309,local,False,aucune
89e44bf7,CLI-00456,2026-05-22 00:00:00,76900.0,decaissement_credit,,regional_uemoa,False,aucune
d5de02e7,CLI-00482,2026-05-22 00:00:00,30700.0,depot,,local,False,aucune
b4f831a3,CLI-00717,2026-05-22 00:00:00,30200.0,transfert_sortant,CLI-00588,local,False,aucune
1174d8a7,CLI-00607,2026-05-22 00:00:00,28500.0,retrait,,transfrontalier_sensible,False,aucune
e7e73e38,CLI-00232,2026-05-22 00:00:00,37000.0,depot,,local,False,aucune
371eb111,CLI-00485,2026-05-22 00:00:00,198900.0,transfert_entrant,CLI-00350,local,False,aucune
7e9ce971,CLI-00107,2026-05-22 00:00:00,50000.0,depot,,local,False,aucune
c9c8c3ce,CLI-00236,2026-05-22 00:00:00,351000.0,transfert_sortant,CLI-00048,local,False,aucune
de1d39e1,CLI-00373,2026-05-22 00:00:00,284200.0,remboursement_credit,,local,False,aucune
d1c480ae,CLI-00635,2026-05-22 00:00:00,33700.0,transfert_sortant,CLI-00491,regional_uemoa,False,aucune
8d77a82c,CLI-00258,2026-05-22 00:00:00,73000.0,transfert_sortant,CLI-00764,local,False,aucune
4e604c16,CLI-00207,2026-05-22 00:00:00,29300.0,transfert_sortant,CLI-00290,local,False,aucune
f9455e19,CLI-00093,2026-05-22 00:00:00,53400.0,depot,,regional_uemoa,False,aucune
6bcd8040,CLI-00369,2026-05-22 00:00:00,37400.0,depot,,local,False,aucune
b29469e3,CLI-00417,2026-05-22 00:00:00,19800.0,remboursement_credit,,local,False,aucune
420c532f,CLI-00622,2026-05-22 00:00:00,150600.0,retrait,,local,False,aucune
4f064fa9,CLI-00035,2026-05-22 00:00:00,12100.0,retrait,,local,False,aucune
aa4cdbe8,CLI-00479,2026-05-22 00:00:00,34500.0,retrait,,local,False,aucune
d1632315,CLI-00742,2026-05-22 00:00:00,220000.0,transfert_sortant,CLI-00213,local,False,aucune
63977170,CLI-00715,2026-05-22 00:00:00,155500.0,remboursement_credit,,local,False,aucune
4bf35de3,CLI-00746,2026-05-22 00:00:00,6200.0,retrait,,local,False,aucune
5750507b,CLI-00719,2026-05-22 00:00:00,67700.0,retrait,,local,False,aucune
213ff498,CLI-00731,2026-05-22 00:00:00,18000.0,remboursement_credit,,local,False,aucune
ceabbcc9,CLI-00055,2026-05-22 00:00:00,181900.0,depot,,local,False,aucune
45d5e53c,CLI-00484,2026-05-22 00:00:00,40700.0,transfert_sortant,CLI-00758,regional_uemoa,False,aucune
53d296b6,CLI-00489,2026-05-22 00:00:00,17200.0,retrait,,local,False,aucune
fccfb732,CLI-00062,2026-05-22 00:00:00,22700.0,retrait,,local,False,aucune
f376fc85,CLI-00008,2026-05-23 00:00:00,4100.0,transfert_entrant,CLI-00477,regional_uemoa,False,aucune
9c11f384,CLI-00260,2026-05-23 00:00:00,49400.0,depot,,local,False,aucune
45f56cb3,CLI-00735,2026-05-23 00:00:00,44100.0,depot,,regional_uemoa,False,aucune
45626f48,CLI-00253,2026-05-23 00:00:00,42500.0,transfert_sortant,CLI-00014,local,False,aucune
b8e157e4,CLI-00124,2026-05-23 00:00:00,40100.0,retrait,,transfrontalier_sensible,False,aucune
96cd8d9e,CLI-00184,2026-05-23 00:00:00,155500.0,transfert_entrant,CLI-00163,regional_uemoa,False,aucune
787cb246,CLI-00650,2026-05-23 00:00:00,11300.0,retrait,,regional_uemoa,False,aucune
bbd36ef6,CLI-00030,2026-05-23 00:00:00,29700.0,transfert_sortant,CLI-00263,local,False,aucune
9f3e5557,CLI-00707,2026-05-23 00:00:00,151500.0,depot,,local,False,aucune
9dfc8f6a,CLI-00094,2026-05-23 00:00:00,38500.0,transfert_entrant,CLI-00168,local,False,aucune
528e6f5b,CLI-00064,2026-05-23 00:00:00,34700.0,depot,,local,False,aucune
b41145c0,CLI-00595,2026-05-23 00:00:00,359400.0,transfert_entrant,CLI-00059,local,False,aucune
1053dc05,CLI-00722,2026-05-23 00:00:00,21700.0,transfert_sortant,CLI-00727,local,False,aucune
6a6740a1,CLI-00344,2026-05-23 00:00:00,70200.0,depot,,local,False,aucune
831ab6c6,CLI-00642,2026-05-23 00:00:00,175500.0,depot,,local,False,aucune
01116e28,CLI-00250,2026-05-23 00:00:00,14200.0,decaissement_credit,,local,False,aucune
8079258e,CLI-00497,2026-05-23 00:00:00,56600.0,depot,,local,False,aucune
15a7de5e,CLI-00385,2026-05-23 00:00:00,4000.0,retrait,,regional_uemoa,False,aucune
eea9def4,CLI-00362,2026-05-23 00:00:00,30600.0,remboursement_credit,,local,False,aucune
617c7bcf,CLI-00292,2026-05-23 00:00:00,62200.0,remboursement_credit,,local,False,aucune
21232000,CLI-00065,2026-05-23 00:00:00,131400.0,depot,,regional_uemoa,False,aucune
3285acd7,CLI-00405,2026-05-23 00:00:00,421400.0,depot,,local,False,aucune
4f76aea9,CLI-00154,2026-05-23 00:00:00,226900.0,decaissement_credit,,local,False,aucune
7d2dcbb7,CLI-00105,2026-05-23 00:00:00,89800.0,retrait,,local,False,aucune
401db381,CLI-00149,2026-05-23 00:00:00,32900.0,depot,,local,False,aucune
8b2a8f47,CLI-00749,2026-05-23 00:00:00,18800.0,depot,,local,False,aucune
64db0111,CLI-00153,2026-05-23 00:00:00,357300.0,remboursement_credit,,local,False,aucune
cbb21c95,CLI-00656,2026-05-23 00:00:00,8300.0,retrait,,local,False,aucune
72910488,CLI-00307,2026-05-23 00:00:00,32800.0,depot,,regional_uemoa,False,aucune
9306208c,CLI-00342,2026-05-23 00:00:00,35000.0,transfert_sortant,CLI-00357,local,False,aucune
c3649601,CLI-00739,2026-05-23 00:00:00,22100.0,remboursement_credit,,regional_uemoa,False,aucune
11197ab0,CLI-00449,2026-05-23 00:00:00,31600.0,retrait,,local,False,aucune
2387e920,CLI-00768,2026-05-23 00:00:00,300400.0,transfert_sortant,CLI-00766,local,False,aucune
c1b79179,CLI-00150,2026-05-23 00:00:00,27200.0,depot,,local,False,aucune
c8bc9195,CLI-00584,2026-05-23 00:00:00,39200.0,retrait,,local,False,aucune
8252c098,CLI-00730,2026-05-23 00:00:00,146600.0,depot,,local,False,aucune
dfc54913,CLI-00248,2026-05-23 00:00:00,40200.0,retrait,,local,False,aucune
4e244660,CLI-00547,2026-05-23 00:00:00,211400.0,retrait,,local,False,aucune
8df920e9,CLI-00163,2026-05-23 00:00:00,55200.0,remboursement_credit,,local,False,aucune
134a85d0,CLI-00734,2026-05-23 00:00:00,59000.0,depot,,local,False,aucune
14ea13de,CLI-00693,2026-05-23 00:00:00,13500.0,retrait,,local,False,aucune
ba35a40f,CLI-00487,2026-05-23 00:00:00,101800.0,decaissement_credit,,local,False,aucune
ec678960,CLI-00127,2026-05-23 00:00:00,29100.0,depot,,local,False,aucune
437dcff5,CLI-00553,2026-05-23 00:00:00,71500.0,retrait,,local,False,aucune
77388ffa,CLI-00217,2026-05-23 00:00:00,5500.0,depot,,local,False,aucune
9d725771,CLI-00622,2026-05-23 00:00:00,30500.0,transfert_sortant,CLI-00356,local,False,aucune
aaf54344,CLI-00409,2026-05-23 00:00:00,46600.0,depot,,regional_uemoa,False,aucune
d8f0014f,CLI-00313,2026-05-23 00:00:00,29500.0,retrait,,local,False,aucune
4a131da6,CLI-00770,2026-05-23 00:00:00,73400.0,remboursement_credit,,local,False,aucune
62d0bcb3,CLI-00459,2026-05-23 00:00:00,62300.0,depot,,regional_uemoa,False,aucune
6630e09b,CLI-00258,2026-05-23 00:00:00,157900.0,depot,,regional_uemoa,False,aucune
417a1fb3,CLI-00116,2026-05-23 00:00:00,173600.0,depot,,local,False,aucune
cd0f862e,CLI-00044,2026-05-23 00:00:00,229300.0,retrait,,regional_uemoa,False,aucune
37793e71,CLI-00751,2026-05-23 00:00:00,175700.0,depot,,local,False,aucune
9695571c,CLI-00289,2026-05-24 00:00:00,92600.0,depot,,transfrontalier_sensible,False,aucune
152742e5,CLI-00448,2026-05-24 00:00:00,49300.0,depot,,local,False,aucune
bcee54b3,CLI-00253,2026-05-24 00:00:00,46900.0,depot,,local,False,aucune
68e967f0,CLI-00721,2026-05-24 00:00:00,85000.0,depot,,local,False,aucune
76bbb9d1,CLI-00014,2026-05-24 00:00:00,15500.0,transfert_sortant,CLI-00019,local,False,aucune
771ecc9d,CLI-00096,2026-05-24 00:00:00,22600.0,retrait,,local,False,aucune
e15299b6,CLI-00503,2026-05-24 00:00:00,75300.0,remboursement_credit,,local,False,aucune
218a836e,CLI-00780,2026-05-24 00:00:00,69300.0,remboursement_credit,,local,False,aucune
3065f7bf,CLI-00256,2026-05-24 00:00:00,187900.0,transfert_entrant,CLI-00576,local,False,aucune
483d5917,CLI-00149,2026-05-24 00:00:00,327600.0,remboursement_credit,,regional_uemoa,False,aucune
cabeedf5,CLI-00298,2026-05-24 00:00:00,42300.0,retrait,,local,False,aucune
04c8e7eb,CLI-00462,2026-05-24 00:00:00,36200.0,remboursement_credit,,regional_uemoa,False,aucune
c2e4e1ea,CLI-00093,2026-05-24 00:00:00,151100.0,depot,,local,False,aucune
d155f3ac,CLI-00053,2026-05-24 00:00:00,84900.0,retrait,,regional_uemoa,False,aucune
21ccc97a,CLI-00771,2026-05-24 00:00:00,103400.0,decaissement_credit,,local,False,aucune
0e63968a,CLI-00506,2026-05-24 00:00:00,11800.0,decaissement_credit,,local,False,aucune
ad633db5,CLI-00583,2026-05-24 00:00:00,15800.0,retrait,,local,False,aucune
4f532d5c,CLI-00238,2026-05-24 00:00:00,572500.0,transfert_sortant,CLI-00509,local,False,aucune
bb5ba7cf,CLI-00079,2026-05-24 00:00:00,36100.0,transfert_entrant,CLI-00435,local,False,aucune
2716b7b5,CLI-00167,2026-05-24 00:00:00,28900.0,transfert_sortant,CLI-00367,local,False,aucune
b118d708,CLI-00463,2026-05-24 00:00:00,27500.0,decaissement_credit,,local,False,aucune
8e670c65,CLI-00683,2026-05-24 00:00:00,46100.0,remboursement_credit,,local,False,aucune
0b408044,CLI-00690,2026-05-24 00:00:00,9500.0,depot,,local,False,aucune
db3402f3,CLI-00075,2026-05-24 00:00:00,26800.0,transfert_sortant,CLI-00499,local,False,aucune
896c34f5,CLI-00342,2026-05-24 00:00:00,55500.0,transfert_entrant,CLI-00393,local,False,aucune
9f45c404,CLI-00489,2026-05-24 00:00:00,44300.0,retrait,,local,False,aucune
c6fbd0bb,CLI-00188,2026-05-24 00:00:00,160200.0,transfert_entrant,CLI-00236,local,False,aucune
957c9b9e,CLI-00143,2026-05-24 00:00:00,88400.0,depot,,local,False,aucune
3e47922c,CLI-00537,2026-05-24 00:00:00,40200.0,transfert_sortant,CLI-00557,local,False,aucune
7f36c815,CLI-00493,2026-05-24 00:00:00,16200.0,depot,,local,False,aucune
1e1a3e47,CLI-00027,2026-05-24 00:00:00,95900.0,transfert_sortant,CLI-00607,local,False,aucune
29da21fb,CLI-00092,2026-05-24 00:00:00,81800.0,depot,,local,False,aucune
3d2defc1,CLI-00219,2026-05-24 00:00:00,72000.0,remboursement_credit,,local,False,aucune
e413c882,CLI-00708,2026-05-24 00:00:00,15000.0,remboursement_credit,,local,False,aucune
60f54986,CLI-00065,2026-05-24 00:00:00,114100.0,retrait,,regional_uemoa,False,aucune
b918f87f,CLI-00597,2026-05-24 00:00:00,134200.0,retrait,,local,False,aucune
6038b18a,CLI-00555,2026-05-24 00:00:00,47800.0,depot,,local,False,aucune
74b60762,CLI-00088,2026-05-24 00:00:00,664600.0,transfert_entrant,CLI-00524,regional_uemoa,False,aucune
faf61326,CLI-00637,2026-05-24 00:00:00,64300.0,decaissement_credit,,local,False,aucune
d9822d99,CLI-00550,2026-05-24 00:00:00,114200.0,retrait,,local,False,aucune
603a1ac8,CLI-00261,2026-05-24 00:00:00,68500.0,retrait,,local,False,aucune
3fc0e122,CLI-00318,2026-05-24 00:00:00,70200.0,remboursement_credit,,local,False,aucune
077b8c41,CLI-00380,2026-05-25 00:00:00,4300.0,retrait,,local,False,aucune
271b7924,CLI-00451,2026-05-25 00:00:00,5400.0,transfert_sortant,CLI-00440,local,False,aucune
14084690,CLI-00330,2026-05-25 00:00:00,10400.0,decaissement_credit,,local,False,aucune
875c5702,CLI-00294,2026-05-25 00:00:00,112700.0,transfert_entrant,CLI-00538,local,False,aucune
3ff8d6e1,CLI-00020,2026-05-25 00:00:00,100700.0,decaissement_credit,,local,False,aucune
36f07448,CLI-00470,2026-05-25 00:00:00,119800.0,transfert_sortant,CLI-00212,local,False,aucune
22523573,CLI-00261,2026-05-25 00:00:00,88000.0,transfert_sortant,CLI-00498,local,False,aucune
ceb5e2fc,CLI-00220,2026-05-25 00:00:00,32900.0,depot,,local,False,aucune
6aeb6ff3,CLI-00386,2026-05-25 00:00:00,67700.0,retrait,,local,False,aucune
cf0f81bd,CLI-00573,2026-05-25 00:00:00,84000.0,retrait,,local,False,aucune
5c78e01d,CLI-00511,2026-05-25 00:00:00,30000.0,retrait,,local,False,aucune
639fd8fd,CLI-00452,2026-05-25 00:00:00,49300.0,retrait,,local,False,aucune
d17f65b2,CLI-00794,2026-05-25 00:00:00,214400.0,transfert_sortant,CLI-00493,local,False,aucune
564b47fe,CLI-00091,2026-05-25 00:00:00,51400.0,transfert_sortant,CLI-00412,local,False,aucune
cb7e24ce,CLI-00319,2026-05-25 00:00:00,12300.0,transfert_sortant,CLI-00333,local,False,aucune
61463bb6,CLI-00530,2026-05-25 00:00:00,6400.0,retrait,,local,False,aucune
1d9a750d,CLI-00792,2026-05-25 00:00:00,41800.0,retrait,,local,False,aucune
c9e9af63,CLI-00124,2026-05-25 00:00:00,83000.0,transfert_entrant,CLI-00572,local,False,aucune
21019599,CLI-00532,2026-05-25 00:00:00,20200.0,transfert_entrant,CLI-00348,local,False,aucune
d2ec37db,CLI-00592,2026-05-25 00:00:00,133300.0,retrait,,local,False,aucune
12598876,CLI-00535,2026-05-25 00:00:00,79000.0,decaissement_credit,,local,False,aucune
bf169525,CLI-00404,2026-05-25 00:00:00,313600.0,decaissement_credit,,transfrontalier_sensible,False,aucune
81b01433,CLI-00313,2026-05-25 00:00:00,93500.0,decaissement_credit,,local,False,aucune
e9b4fa80,CLI-00278,2026-05-25 00:00:00,297900.0,transfert_sortant,CLI-00284,local,False,aucune
b0ab3529,CLI-00547,2026-05-25 00:00:00,73800.0,decaissement_credit,,regional_uemoa,False,aucune
375cdd83,CLI-00239,2026-05-25 00:00:00,97600.0,depot,,local,False,aucune
8c694212,CLI-00423,2026-05-25 00:00:00,9500.0,retrait,,regional_uemoa,False,aucune
a2fed572,CLI-00129,2026-05-25 00:00:00,8200.0,depot,,regional_uemoa,False,aucune
f3720f52,CLI-00542,2026-05-25 00:00:00,42100.0,retrait,,transfrontalier_sensible,False,aucune
68c518ed,CLI-00686,2026-05-25 00:00:00,137200.0,depot,,regional_uemoa,False,aucune
1e5b60b7,CLI-00354,2026-05-25 00:00:00,219300.0,depot,,local,False,aucune
35841a73,CLI-00548,2026-05-25 00:00:00,35700.0,remboursement_credit,,local,False,aucune
89412f63,CLI-00403,2026-05-25 00:00:00,67100.0,depot,,local,False,aucune
70cd7fe0,CLI-00040,2026-05-25 00:00:00,124800.0,transfert_sortant,CLI-00293,local,False,aucune
1ebd34ae,CLI-00520,2026-05-25 00:00:00,13300.0,depot,,local,False,aucune
fd1ab785,CLI-00783,2026-05-25 00:00:00,50100.0,transfert_sortant,CLI-00467,local,False,aucune
183c9c64,CLI-00009,2026-05-25 00:00:00,333900.0,retrait,,regional_uemoa,False,aucune
2f548b95,CLI-00717,2026-05-25 00:00:00,86300.0,transfert_entrant,CLI-00715,local,False,aucune
702ab30e,CLI-00478,2026-05-25 00:00:00,95300.0,depot,,local,False,aucune
14aff9cc,CLI-00657,2026-05-25 00:00:00,43500.0,transfert_entrant,CLI-00459,local,False,aucune
536328be,CLI-00654,2026-05-25 00:00:00,14500.0,decaissement_credit,,local,False,aucune
f00bec50,CLI-00446,2026-05-25 00:00:00,116900.0,decaissement_credit,,local,False,aucune
9c40f74d,CLI-00095,2026-05-25 00:00:00,31900.0,depot,,local,False,aucune
16a8d29e,CLI-00528,2026-05-26 00:00:00,31200.0,depot,,local,False,aucune
f34a7161,CLI-00216,2026-05-26 00:00:00,32200.0,depot,,local,False,aucune
fa5b6d6c,CLI-00390,2026-05-26 00:00:00,106900.0,retrait,,transfrontalier_sensible,False,aucune
1df66127,CLI-00339,2026-05-26 00:00:00,6800.0,retrait,,local,False,aucune
4a9b2311,CLI-00312,2026-05-26 00:00:00,73100.0,transfert_sortant,CLI-00119,local,False,aucune
7d766f6c,CLI-00584,2026-05-26 00:00:00,43000.0,remboursement_credit,,local,False,aucune
4afad14c,CLI-00523,2026-05-26 00:00:00,387300.0,depot,,regional_uemoa,False,aucune
f470023d,CLI-00692,2026-05-26 00:00:00,18700.0,depot,,local,False,aucune
c9cd7c25,CLI-00254,2026-05-26 00:00:00,56500.0,retrait,,transfrontalier_sensible,False,aucune
942b160a,CLI-00769,2026-05-26 00:00:00,8200.0,depot,,local,False,aucune
d843439f,CLI-00646,2026-05-26 00:00:00,17700.0,depot,,local,False,aucune
d56a4c9f,CLI-00309,2026-05-26 00:00:00,50000.0,retrait,,transfrontalier_sensible,False,aucune
8b25134b,CLI-00461,2026-05-26 00:00:00,90600.0,transfert_sortant,CLI-00005,local,False,aucune
98869e07,CLI-00074,2026-05-26 00:00:00,5100.0,transfert_sortant,CLI-00033,local,False,aucune
93149f43,CLI-00023,2026-05-26 00:00:00,7700.0,transfert_entrant,CLI-00481,local,False,aucune
fbdfa8d6,CLI-00413,2026-05-26 00:00:00,9200.0,transfert_entrant,CLI-00437,local,False,aucune
d344a122,CLI-00396,2026-05-26 00:00:00,186200.0,retrait,,local,False,aucune
5ea572ed,CLI-00300,2026-05-26 00:00:00,53000.0,retrait,,transfrontalier_sensible,False,aucune
57169ffc,CLI-00293,2026-05-26 00:00:00,22800.0,transfert_sortant,CLI-00696,transfrontalier_sensible,False,aucune
c47c17b4,CLI-00529,2026-05-26 00:00:00,96900.0,retrait,,regional_uemoa,False,aucune
d9f639ab,CLI-00011,2026-05-26 00:00:00,19500.0,depot,,local,False,aucune
9630f773,CLI-00716,2026-05-26 00:00:00,7500.0,retrait,,local,False,aucune
77eba2e3,CLI-00638,2026-05-26 00:00:00,156400.0,depot,,local,False,aucune
0526b88b,CLI-00330,2026-05-26 00:00:00,690300.0,depot,,local,False,aucune
40aaecf6,CLI-00554,2026-05-26 00:00:00,24000.0,transfert_sortant,CLI-00483,local,False,aucune
efe021e3,CLI-00773,2026-05-26 00:00:00,116400.0,retrait,,local,False,aucune
a8cdddc7,CLI-00067,2026-05-26 00:00:00,48600.0,retrait,,regional_uemoa,False,aucune
bdecdc03,CLI-00087,2026-05-26 00:00:00,15600.0,transfert_sortant,CLI-00668,local,False,aucune
1477da3d,CLI-00676,2026-05-26 00:00:00,100100.0,retrait,,local,False,aucune
bffd97d7,CLI-00168,2026-05-26 00:00:00,7400.0,transfert_sortant,CLI-00696,local,False,aucune
50eb7743,CLI-00549,2026-05-26 00:00:00,37800.0,retrait,,regional_uemoa,False,aucune
14a22fda,CLI-00656,2026-05-26 00:00:00,47500.0,remboursement_credit,,local,False,aucune
0b14a06b,CLI-00548,2026-05-26 00:00:00,39300.0,retrait,,local,False,aucune
d5791533,CLI-00576,2026-05-26 00:00:00,22500.0,depot,,local,False,aucune
e3f72eab,CLI-00081,2026-05-26 00:00:00,28900.0,depot,,local,False,aucune
30b56fb5,CLI-00519,2026-05-26 00:00:00,124200.0,retrait,,local,False,aucune
b1369089,CLI-00354,2026-05-26 00:00:00,17900.0,depot,,local,False,aucune
9672cd31,CLI-00199,2026-05-26 00:00:00,10000.0,transfert_entrant,CLI-00301,local,False,aucune
5baadf14,CLI-00741,2026-05-26 00:00:00,93500.0,depot,,local,False,aucune
43d31e57,CLI-00125,2026-05-26 00:00:00,23900.0,remboursement_credit,,local,False,aucune
e3eb45f9,CLI-00757,2026-05-26 00:00:00,7100.0,depot,,regional_uemoa,False,aucune
32208967,CLI-00622,2026-05-26 00:00:00,54100.0,retrait,,local,False,aucune
64e3014a,CLI-00115,2026-05-26 00:00:00,8600.0,transfert_entrant,CLI-00072,local,False,aucune
77923438,CLI-00472,2026-05-26 00:00:00,133400.0,depot,,local,False,aucune
b4dba473,CLI-00357,2026-05-26 00:00:00,64400.0,depot,,local,False,aucune
e7ce22f4,CLI-00212,2026-05-26 00:00:00,64100.0,depot,,regional_uemoa,False,aucune
08976539,CLI-00116,2026-05-26 00:00:00,89600.0,transfert_sortant,CLI-00625,local,False,aucune
bd081b33,CLI-00471,2026-05-26 00:00:00,69700.0,transfert_sortant,CLI-00646,local,False,aucune
f7795bd0,CLI-00624,2026-05-26 00:00:00,16500.0,decaissement_credit,,local,False,aucune
bf57f2e3,CLI-00491,2026-05-26 00:00:00,17300.0,remboursement_credit,,local,False,aucune
72f565f2,CLI-00018,2026-05-27 00:00:00,82900.0,transfert_sortant,CLI-00418,local,False,aucune
c1d7e8ec,CLI-00548,2026-05-27 00:00:00,103200.0,retrait,,regional_uemoa,False,aucune
bce5d3ca,CLI-00591,2026-05-27 00:00:00,32900.0,transfert_sortant,CLI-00334,transfrontalier_sensible,False,aucune
9467700b,CLI-00381,2026-05-27 00:00:00,31000.0,depot,,local,False,aucune
45c912ff,CLI-00666,2026-05-27 00:00:00,80400.0,remboursement_credit,,local,False,aucune
673cbe85,CLI-00609,2026-05-27 00:00:00,25100.0,depot,,local,False,aucune
8bc3cf3f,CLI-00073,2026-05-27 00:00:00,50900.0,retrait,,regional_uemoa,False,aucune
fd67456a,CLI-00460,2026-05-27 00:00:00,149200.0,decaissement_credit,,local,False,aucune
3f9d0d2b,CLI-00315,2026-05-27 00:00:00,65800.0,remboursement_credit,,local,False,aucune
31729226,CLI-00146,2026-05-27 00:00:00,83400.0,decaissement_credit,,local,False,aucune
1d7c690f,CLI-00318,2026-05-27 00:00:00,16200.0,depot,,local,False,aucune
bb9c64f4,CLI-00127,2026-05-27 00:00:00,25300.0,transfert_sortant,CLI-00370,local,False,aucune
4e6cdf18,CLI-00780,2026-05-27 00:00:00,29800.0,remboursement_credit,,local,False,aucune
9c8c30c9,CLI-00669,2026-05-27 00:00:00,86900.0,remboursement_credit,,local,False,aucune
b30b3e45,CLI-00794,2026-05-27 00:00:00,40600.0,remboursement_credit,,local,False,aucune
1e2fbe45,CLI-00705,2026-05-27 00:00:00,60500.0,transfert_sortant,CLI-00161,local,False,aucune
e9e5bb34,CLI-00383,2026-05-27 00:00:00,17500.0,transfert_entrant,CLI-00163,regional_uemoa,False,aucune
7d6a0c01,CLI-00044,2026-05-27 00:00:00,22500.0,decaissement_credit,,local,False,aucune
5e2f2578,CLI-00147,2026-05-27 00:00:00,29900.0,depot,,local,False,aucune
4e22dd9a,CLI-00345,2026-05-27 00:00:00,61700.0,depot,,local,False,aucune
2945781e,CLI-00610,2026-05-27 00:00:00,52100.0,transfert_entrant,CLI-00435,local,False,aucune
04d7ada9,CLI-00052,2026-05-27 00:00:00,59900.0,remboursement_credit,,local,False,aucune
0e092701,CLI-00171,2026-05-27 00:00:00,37400.0,retrait,,regional_uemoa,False,aucune
578576e4,CLI-00724,2026-05-27 00:00:00,10500.0,remboursement_credit,,regional_uemoa,False,aucune
6ef5b997,CLI-00409,2026-05-27 00:00:00,57900.0,retrait,,local,False,aucune
cb61f2b5,CLI-00331,2026-05-27 00:00:00,3100.0,remboursement_credit,,transfrontalier_sensible,False,aucune
dff81679,CLI-00391,2026-05-27 00:00:00,90900.0,decaissement_credit,,local,False,aucune
b405b788,CLI-00573,2026-05-27 00:00:00,73000.0,retrait,,local,False,aucune
a25570cc,CLI-00432,2026-05-27 00:00:00,29300.0,remboursement_credit,,local,False,aucune
137fc3bc,CLI-00761,2026-05-27 00:00:00,38000.0,depot,,local,False,aucune
d3f9f307,CLI-00714,2026-05-27 00:00:00,57300.0,depot,,regional_uemoa,False,aucune
2884d102,CLI-00501,2026-05-27 00:00:00,16900.0,retrait,,regional_uemoa,False,aucune
b84e33a2,CLI-00323,2026-05-27 00:00:00,34600.0,remboursement_credit,,local,False,aucune
7ef19ebf,CLI-00122,2026-05-27 00:00:00,23200.0,transfert_sortant,CLI-00294,local,False,aucune
97067e85,CLI-00026,2026-05-27 00:00:00,2097200.0,transfert_sortant,,transfrontalier_sensible,True,corridor_sensible
79d8430e,CLI-00137,2026-05-27 00:00:00,70200.0,transfert_sortant,CLI-00795,local,False,aucune
7d9021d2,CLI-00193,2026-05-27 00:00:00,3500.0,retrait,,local,False,aucune
759bd645,CLI-00651,2026-05-27 00:00:00,81200.0,retrait,,local,False,aucune
ff714e1b,CLI-00009,2026-05-27 00:00:00,247500.0,remboursement_credit,,local,False,aucune
dc180bb6,CLI-00371,2026-05-27 00:00:00,38900.0,remboursement_credit,,local,False,aucune
3bbec297,CLI-00224,2026-05-27 00:00:00,4500.0,retrait,,local,False,aucune
8120d46b,CLI-00237,2026-05-27 00:00:00,787500.0,retrait,,regional_uemoa,False,aucune
9036190b,CLI-00284,2026-05-27 00:00:00,27500.0,remboursement_credit,,local,False,aucune
848af60d,CLI-00770,2026-05-27 00:00:00,91700.0,transfert_sortant,CLI-00723,local,False,aucune
f78d01f9,CLI-00363,2026-05-27 00:00:00,89000.0,retrait,,local,False,aucune
a1f45a6c,CLI-00397,2026-05-27 00:00:00,45700.0,retrait,,local,False,aucune
322f7545,CLI-00739,2026-05-27 00:00:00,96400.0,transfert_sortant,CLI-00615,local,False,aucune
d28845ec,CLI-00212,2026-05-27 00:00:00,13300.0,transfert_sortant,CLI-00497,local,False,aucune
c47625c3,CLI-00483,2026-05-28 00:00:00,14000.0,decaissement_credit,,local,False,aucune
56bd5452,CLI-00316,2026-05-28 00:00:00,77800.0,decaissement_credit,,local,False,aucune
91f0cb85,CLI-00374,2026-05-28 00:00:00,27400.0,remboursement_credit,,local,False,aucune
87fbfb16,CLI-00316,2026-05-28 00:00:00,176400.0,remboursement_credit,,local,False,aucune
78fc7ccb,CLI-00593,2026-05-28 00:00:00,54500.0,depot,,local,False,aucune
af55ce35,CLI-00088,2026-05-28 00:00:00,146500.0,retrait,,transfrontalier_sensible,False,aucune
df4280a5,CLI-00723,2026-05-28 00:00:00,18400.0,transfert_entrant,CLI-00256,local,False,aucune
069d4b2f,CLI-00153,2026-05-28 00:00:00,52100.0,retrait,,local,False,aucune
d1da54a4,CLI-00035,2026-05-28 00:00:00,66300.0,transfert_sortant,CLI-00352,local,False,aucune
c92719e5,CLI-00396,2026-05-28 00:00:00,5800.0,remboursement_credit,,local,False,aucune
8d878a8e,CLI-00408,2026-05-28 00:00:00,8300.0,transfert_sortant,CLI-00437,regional_uemoa,False,aucune
87f2d8e7,CLI-00529,2026-05-28 00:00:00,31200.0,transfert_entrant,CLI-00284,local,False,aucune
3e3a396b,CLI-00526,2026-05-28 00:00:00,124200.0,retrait,,local,False,aucune
196183bc,CLI-00374,2026-05-28 00:00:00,319900.0,depot,,local,False,aucune
beea0166,CLI-00476,2026-05-28 00:00:00,88500.0,retrait,,local,False,aucune
73b7bf4d,CLI-00362,2026-05-28 00:00:00,6600.0,depot,,local,False,aucune
6a0da0a1,CLI-00211,2026-05-28 00:00:00,12800.0,retrait,,regional_uemoa,False,aucune
15bab1e1,CLI-00350,2026-05-28 00:00:00,36500.0,decaissement_credit,,local,False,aucune
e2f09131,CLI-00441,2026-05-28 00:00:00,57300.0,transfert_entrant,CLI-00537,local,False,aucune
082cf09a,CLI-00747,2026-05-28 00:00:00,4600.0,transfert_sortant,CLI-00042,local,False,aucune
00d693ac,CLI-00595,2026-05-28 00:00:00,56200.0,retrait,,local,False,aucune
f0edd397,CLI-00328,2026-05-28 00:00:00,264800.0,remboursement_credit,,local,False,aucune
3e0c5a24,CLI-00286,2026-05-28 00:00:00,157500.0,transfert_entrant,CLI-00367,local,False,aucune
499f3e5d,CLI-00519,2026-05-28 00:00:00,116200.0,retrait,,local,False,aucune
f610a43c,CLI-00346,2026-05-28 00:00:00,72800.0,depot,,local,False,aucune
2e636f15,CLI-00397,2026-05-28 00:00:00,84900.0,retrait,,regional_uemoa,False,aucune
8e537676,CLI-00008,2026-05-28 00:00:00,54200.0,remboursement_credit,,local,False,aucune
7dbe249e,CLI-00762,2026-05-28 00:00:00,82200.0,remboursement_credit,,local,False,aucune
6d34789f,CLI-00426,2026-05-28 00:00:00,66100.0,depot,,regional_uemoa,False,aucune
2457d191,CLI-00578,2026-05-28 00:00:00,11000.0,depot,,local,False,aucune
a885a990,CLI-00131,2026-05-28 00:00:00,4600.0,depot,,local,False,aucune
da77836f,CLI-00700,2026-05-28 00:00:00,7100.0,retrait,,local,False,aucune
f8b67ae1,CLI-00410,2026-05-28 00:00:00,57600.0,retrait,,local,False,aucune
cece5bc0,CLI-00512,2026-05-28 00:00:00,47200.0,transfert_sortant,CLI-00752,local,False,aucune
db3abad7,CLI-00457,2026-05-28 00:00:00,4400.0,decaissement_credit,,local,False,aucune
fbf5e5d9,CLI-00069,2026-05-28 00:00:00,53000.0,retrait,,local,False,aucune
2606365b,CLI-00769,2026-05-28 00:00:00,8500.0,retrait,,local,False,aucune
a1a51a2e,CLI-00734,2026-05-28 00:00:00,107200.0,depot,,regional_uemoa,False,aucune
5024f395,CLI-00506,2026-05-28 00:00:00,299600.0,depot,,local,False,aucune
c8446099,CLI-00492,2026-05-28 00:00:00,2900.0,remboursement_credit,,local,False,aucune
381cd4ab,CLI-00692,2026-05-28 00:00:00,22100.0,transfert_sortant,CLI-00786,local,False,aucune
fa0851c9,CLI-00264,2026-05-28 00:00:00,213800.0,transfert_entrant,CLI-00702,local,False,aucune
1355fbfa,CLI-00422,2026-05-28 00:00:00,140900.0,transfert_entrant,CLI-00464,local,False,aucune
f1a96bfa,CLI-00579,2026-05-28 00:00:00,30800.0,retrait,,regional_uemoa,False,aucune
e60994c7,CLI-00409,2026-05-28 00:00:00,33100.0,depot,,local,False,aucune
e2a2fbe6,CLI-00105,2026-05-28 00:00:00,6500.0,depot,,local,False,aucune
b7e43b4c,CLI-00077,2026-05-28 00:00:00,31800.0,transfert_sortant,CLI-00423,regional_uemoa,False,aucune
d352ab9d,CLI-00212,2026-05-28 00:00:00,289700.0,retrait,,local,False,aucune
b2f999f9,CLI-00165,2026-05-28 00:00:00,20300.0,depot,,local,False,aucune
4992b15b,CLI-00460,2026-05-28 00:00:00,68400.0,remboursement_credit,,local,False,aucune
f10256a4,CLI-00201,2026-05-28 00:00:00,19900.0,retrait,,local,False,aucune
86f035c8,CLI-00353,2026-05-28 00:00:00,98100.0,transfert_sortant,CLI-00411,local,False,aucune
9b7829f9,CLI-00432,2026-05-28 00:00:00,9700.0,transfert_entrant,CLI-00281,local,False,aucune
1e492f3f,CLI-00288,2026-05-28 00:00:00,14700.0,depot,,local,False,aucune
8a4c9189,CLI-00729,2026-05-29 00:00:00,12300.0,depot,,local,False,aucune
5ab8c16e,CLI-00363,2026-05-29 00:00:00,24900.0,retrait,,local,False,aucune
f55f331f,CLI-00546,2026-05-29 00:00:00,93500.0,retrait,,local,False,aucune
38c93049,CLI-00391,2026-05-29 00:00:00,14300.0,transfert_entrant,CLI-00573,local,False,aucune
c2a6e049,CLI-00664,2026-05-29 00:00:00,30100.0,transfert_sortant,CLI-00238,regional_uemoa,False,aucune
d9b2b0b6,CLI-00319,2026-05-29 00:00:00,24100.0,depot,,regional_uemoa,False,aucune
0a8b7e03,CLI-00265,2026-05-29 00:00:00,133500.0,depot,,local,False,aucune
5a4bcdf0,CLI-00218,2026-05-29 00:00:00,182900.0,retrait,,local,False,aucune
0d109c8a,CLI-00541,2026-05-29 00:00:00,71300.0,depot,,local,False,aucune
8d52f191,CLI-00785,2026-05-29 00:00:00,49200.0,decaissement_credit,,transfrontalier_sensible,False,aucune
4f4239e9,CLI-00500,2026-05-29 00:00:00,78700.0,depot,,local,False,aucune
41a54421,CLI-00243,2026-05-29 00:00:00,34300.0,decaissement_credit,,local,False,aucune
a851dbf2,CLI-00117,2026-05-29 00:00:00,175900.0,transfert_entrant,CLI-00191,local,False,aucune
ec47c3ce,CLI-00785,2026-05-29 00:00:00,103900.0,remboursement_credit,,regional_uemoa,False,aucune
274d5311,CLI-00207,2026-05-29 00:00:00,94400.0,depot,,local,False,aucune
e5f76737,CLI-00631,2026-05-29 00:00:00,73600.0,depot,,local,False,aucune
9bb10fa4,CLI-00420,2026-05-29 00:00:00,3100.0,transfert_sortant,CLI-00645,local,False,aucune
3047849a,CLI-00369,2026-05-29 00:00:00,30300.0,remboursement_credit,,local,False,aucune
f6b0fb2a,CLI-00353,2026-05-29 00:00:00,39600.0,transfert_entrant,CLI-00641,local,False,aucune
effc3c81,CLI-00380,2026-05-29 00:00:00,34500.0,transfert_sortant,CLI-00029,local,False,aucune
0cb3e6dd,CLI-00604,2026-05-29 00:00:00,405500.0,transfert_entrant,CLI-00740,local,False,aucune
498e61f6,CLI-00118,2026-05-29 00:00:00,54100.0,remboursement_credit,,local,False,aucune
0edad78e,CLI-00603,2026-05-29 00:00:00,4900.0,decaissement_credit,,local,False,aucune
4e5ef6d9,CLI-00011,2026-05-29 00:00:00,12200.0,depot,,regional_uemoa,False,aucune
0eeb237e,CLI-00048,2026-05-29 00:00:00,100700.0,depot,,local,False,aucune
98788f63,CLI-00322,2026-05-29 00:00:00,100700.0,retrait,,local,False,aucune
071e863d,CLI-00016,2026-05-29 00:00:00,185300.0,retrait,,local,False,aucune
5202bb3f,CLI-00426,2026-05-29 00:00:00,160900.0,retrait,,regional_uemoa,False,aucune
025db20e,CLI-00352,2026-05-29 00:00:00,102700.0,depot,,local,False,aucune
ae4ea331,CLI-00493,2026-05-29 00:00:00,49200.0,remboursement_credit,,local,False,aucune
66504a5f,CLI-00090,2026-05-29 00:00:00,58900.0,remboursement_credit,,local,False,aucune
e5842a22,CLI-00457,2026-05-29 00:00:00,77200.0,retrait,,local,False,aucune
c3780d05,CLI-00265,2026-05-29 00:00:00,13000.0,depot,,local,False,aucune
154a2d80,CLI-00627,2026-05-29 00:00:00,13500.0,transfert_sortant,CLI-00571,regional_uemoa,False,aucune
5afab221,CLI-00454,2026-05-29 00:00:00,78800.0,retrait,,local,False,aucune
161d2683,CLI-00008,2026-05-29 00:00:00,36600.0,transfert_sortant,CLI-00675,local,False,aucune
50eaf699,CLI-00675,2026-05-29 00:00:00,10500.0,transfert_sortant,CLI-00617,local,False,aucune
362b1a2e,CLI-00516,2026-05-29 00:00:00,55500.0,depot,,local,False,aucune
d117478a,CLI-00316,2026-05-29 00:00:00,187300.0,decaissement_credit,,regional_uemoa,False,aucune
040a5ecb,CLI-00313,2026-05-29 00:00:00,13600.0,depot,,local,False,aucune
22b113e7,CLI-00758,2026-05-29 00:00:00,112300.0,transfert_sortant,CLI-00507,local,False,aucune
00dd121d,CLI-00552,2026-05-29 00:00:00,106300.0,depot,,local,False,aucune
64ebe488,CLI-00726,2026-05-29 00:00:00,124000.0,remboursement_credit,,regional_uemoa,False,aucune
4dfe4db5,CLI-00293,2026-05-29 00:00:00,65100.0,depot,,local,False,aucune
1fce4db5,CLI-00088,2026-05-29 00:00:00,14400.0,remboursement_credit,,regional_uemoa,False,aucune
75e9fbfd,CLI-00066,2026-05-29 00:00:00,14900.0,depot,,local,False,aucune
94e36a11,CLI-00749,2026-05-29 00:00:00,41100.0,retrait,,regional_uemoa,False,aucune
9f148541,CLI-00476,2026-05-29 00:00:00,29100.0,retrait,,local,False,aucune
e5d0a37f,CLI-00512,2026-05-29 00:00:00,12800.0,remboursement_credit,,transfrontalier_sensible,False,aucune
43006c35,CLI-00349,2026-05-29 00:00:00,4600.0,transfert_entrant,CLI-00620,transfrontalier_sensible,False,aucune
37dd4ee0,CLI-00792,2026-05-29 00:00:00,106100.0,depot,,local,False,aucune
db23567e,CLI-00405,2026-05-29 00:00:00,97900.0,retrait,,local,False,aucune
6657f458,CLI-00512,2026-05-29 00:00:00,37200.0,transfert_sortant,CLI-00233,local,False,aucune
8f675a3a,CLI-00772,2026-05-29 00:00:00,339500.0,depot,,local,False,aucune
ea1c8fbf,CLI-00557,2026-05-29 00:00:00,92800.0,depot,,local,False,aucune
3a55e158,CLI-00095,2026-05-30 00:00:00,82100.0,retrait,,local,False,aucune
69b1820d,CLI-00355,2026-05-30 00:00:00,186300.0,remboursement_credit,,local,False,aucune
660ed4ea,CLI-00566,2026-05-30 00:00:00,42800.0,retrait,,regional_uemoa,False,aucune
ee7796aa,CLI-00596,2026-05-30 00:00:00,34900.0,retrait,,regional_uemoa,False,aucune
dcac20d2,CLI-00066,2026-05-30 00:00:00,60700.0,depot,,local,False,aucune
2981ab7f,CLI-00749,2026-05-30 00:00:00,188600.0,retrait,,local,False,aucune
afd976d9,CLI-00797,2026-05-30 00:00:00,55300.0,retrait,,local,False,aucune
fe9f65d1,CLI-00496,2026-05-30 00:00:00,51600.0,depot,,local,False,aucune
7ae3c014,CLI-00243,2026-05-30 00:00:00,99900.0,retrait,,regional_uemoa,False,aucune
be043427,CLI-00076,2026-05-30 00:00:00,15900.0,depot,,local,False,aucune
e9199c20,CLI-00409,2026-05-30 00:00:00,137000.0,transfert_sortant,CLI-00214,local,False,aucune
f0f1504d,CLI-00073,2026-05-30 00:00:00,31500.0,remboursement_credit,,local,False,aucune
2cd6cdc7,CLI-00691,2026-05-30 00:00:00,4000.0,depot,,local,False,aucune
ac99ee52,CLI-00281,2026-05-30 00:00:00,33100.0,transfert_entrant,CLI-00119,local,False,aucune
60f11d9a,CLI-00793,2026-05-30 00:00:00,70900.0,transfert_sortant,CLI-00717,regional_uemoa,False,aucune
3b2324bd,CLI-00661,2026-05-30 00:00:00,18800.0,depot,,local,False,aucune
fd448e66,CLI-00427,2026-05-30 00:00:00,12000.0,depot,,local,False,aucune
db3a6bc7,CLI-00123,2026-05-30 00:00:00,34400.0,retrait,,local,False,aucune
3a947afa,CLI-00365,2026-05-30 00:00:00,31400.0,retrait,,regional_uemoa,False,aucune
8af4680a,CLI-00761,2026-05-30 00:00:00,25400.0,depot,,local,False,aucune
ca3ab102,CLI-00412,2026-05-30 00:00:00,15600.0,transfert_entrant,CLI-00096,local,False,aucune
387a8771,CLI-00003,2026-05-30 00:00:00,50100.0,retrait,,regional_uemoa,False,aucune
9277cf82,CLI-00398,2026-05-30 00:00:00,36000.0,retrait,,local,False,aucune
552b1511,CLI-00074,2026-05-30 00:00:00,35300.0,transfert_sortant,CLI-00262,regional_uemoa,False,aucune
f9f9e5fe,CLI-00711,2026-05-30 00:00:00,146500.0,retrait,,local,False,aucune
655f6145,CLI-00243,2026-05-30 00:00:00,1600.0,retrait,,local,False,aucune
64ab1065,CLI-00564,2026-05-30 00:00:00,23800.0,retrait,,regional_uemoa,False,aucune
9f42c2e5,CLI-00124,2026-05-30 00:00:00,11600.0,depot,,local,False,aucune
7190c426,CLI-00012,2026-05-30 00:00:00,95300.0,depot,,regional_uemoa,False,aucune
2c720567,CLI-00128,2026-05-30 00:00:00,40200.0,depot,,local,False,aucune
f452ad0c,CLI-00306,2026-05-30 00:00:00,402500.0,depot,,local,False,aucune
189e4f89,CLI-00695,2026-05-30 00:00:00,44700.0,transfert_sortant,CLI-00117,local,False,aucune
c2016bd9,CLI-00675,2026-05-30 00:00:00,323300.0,retrait,,local,False,aucune
067176cb,CLI-00242,2026-05-30 00:00:00,15700.0,decaissement_credit,,local,False,aucune
031b8826,CLI-00013,2026-05-30 00:00:00,69000.0,remboursement_credit,,local,False,aucune
5c7cfcc2,CLI-00150,2026-05-30 00:00:00,93200.0,depot,,local,False,aucune
c5039be0,CLI-00222,2026-05-30 00:00:00,83900.0,remboursement_credit,,regional_uemoa,False,aucune
2e1702e9,CLI-00470,2026-05-30 00:00:00,40500.0,depot,,local,False,aucune
d77f7d61,CLI-00573,2026-05-30 00:00:00,42900.0,transfert_sortant,CLI-00081,local,False,aucune
dc922cc5,CLI-00191,2026-05-30 00:00:00,12400.0,transfert_entrant,CLI-00563,local,False,aucune
1135b0b8,CLI-00016,2026-05-30 00:00:00,53800.0,retrait,,local,False,aucune
c9800e42,CLI-00101,2026-05-30 00:00:00,148200.0,decaissement_credit,,local,False,aucune
72cea5a9,CLI-00293,2026-05-30 00:00:00,66700.0,retrait,,local,False,aucune
702238e6,CLI-00468,2026-05-30 00:00:00,65600.0,retrait,,local,False,aucune
672ba09e,CLI-00259,2026-05-30 00:00:00,14200.0,retrait,,local,False,aucune
bcf26f8c,CLI-00288,2026-05-30 00:00:00,137000.0,decaissement_credit,,regional_uemoa,False,aucune
f71e48db,CLI-00114,2026-05-30 00:00:00,12400.0,retrait,,local,False,aucune
e7e357f2,CLI-00385,2026-05-30 00:00:00,27100.0,retrait,,local,False,aucune
c7969eca,CLI-00397,2026-05-30 00:00:00,17900.0,depot,,local,False,aucune
5b2ea1d7,CLI-00463,2026-05-30 00:00:00,32100.0,retrait,,local,False,aucune
4b4c9e9a,CLI-00455,2026-05-30 00:00:00,7100.0,transfert_entrant,CLI-00234,local,False,aucune
2a2ebcea,CLI-00776,2026-05-30 00:00:00,32600.0,transfert_sortant,CLI-00201,local,False,aucune
a4dce8b1,CLI-00050,2026-05-30 00:00:00,33900.0,transfert_entrant,CLI-00254,transfrontalier_sensible,False,aucune
0536d4a9,CLI-00212,2026-05-30 00:00:00,5000.0,remboursement_credit,,local,False,aucune
2a9b8a40,CLI-00639,2026-05-30 00:00:00,3700.0,transfert_sortant,CLI-00175,local,False,aucune
6ff93105,CLI-00147,2026-05-30 00:00:00,8900.0,depot,,local,False,aucune
ad1e09db,CLI-00772,2026-05-30 00:00:00,149500.0,depot,,regional_uemoa,False,aucune
041d7236,CLI-00375,2026-05-30 00:00:00,39500.0,depot,,local,False,aucune
8fb46378,CLI-00588,2026-05-30 00:00:00,36500.0,remboursement_credit,,regional_uemoa,False,aucune
ec33ea8f,CLI-00023,2026-05-30 00:00:00,4300.0,depot,,local,False,aucune
3633cc8f,CLI-00783,2026-05-30 00:00:00,17900.0,retrait,,local,False,aucune
9a52fbdf,CLI-00633,2026-05-30 00:00:00,196500.0,remboursement_credit,,local,False,aucune
41548f0e,CLI-00506,2026-05-30 00:00:00,293000.0,depot,,local,False,aucune
a46cf0b7,CLI-00214,2026-05-30 00:00:00,11900.0,depot,,local,False,aucune
b798cc99,CLI-00568,2026-05-30 00:00:00,44600.0,depot,,local,False,aucune
9a4f0d9d,CLI-00193,2026-05-30 00:00:00,53800.0,transfert_sortant,CLI-00233,transfrontalier_sensible,False,aucune
26e88082,CLI-00297,2026-05-30 00:00:00,17100.0,transfert_sortant,CLI-00143,local,False,aucune
647d719f,CLI-00785,2026-05-30 00:00:00,26700.0,retrait,,regional_uemoa,False,aucune
0c414d70,CLI-00633,2026-05-30 00:00:00,99600.0,depot,,local,False,aucune
7e1baa2f,CLI-00679,2026-05-31 00:00:00,41000.0,transfert_entrant,CLI-00056,local,False,aucune
98428812,CLI-00061,2026-05-31 00:00:00,48500.0,transfert_sortant,CLI-00727,local,False,aucune
96189c27,CLI-00262,2026-05-31 00:00:00,97600.0,depot,,local,False,aucune
cf98edc4,CLI-00265,2026-05-31 00:00:00,62900.0,transfert_sortant,CLI-00755,local,False,aucune
f7e4422c,CLI-00551,2026-05-31 00:00:00,150000.0,transfert_entrant,CLI-00615,local,False,aucune
17648d38,CLI-00373,2026-05-31 00:00:00,58000.0,depot,,regional_uemoa,False,aucune
cf5cea66,CLI-00477,2026-05-31 00:00:00,21600.0,decaissement_credit,,local,False,aucune
13a4b008,CLI-00151,2026-05-31 00:00:00,175300.0,transfert_entrant,CLI-00058,local,False,aucune
c4834ffd,CLI-00108,2026-05-31 00:00:00,8500.0,depot,,transfrontalier_sensible,False,aucune
26509659,CLI-00786,2026-05-31 00:00:00,11800.0,transfert_entrant,CLI-00151,regional_uemoa,False,aucune
8c142e87,CLI-00359,2026-05-31 00:00:00,30900.0,depot,,local,False,aucune
59fcfb65,CLI-00781,2026-05-31 00:00:00,29100.0,depot,,regional_uemoa,False,aucune
e9f4f376,CLI-00470,2026-05-31 00:00:00,81000.0,retrait,,local,False,aucune
b6accbe5,CLI-00043,2026-05-31 00:00:00,11000.0,transfert_sortant,CLI-00745,local,False,aucune
6acc7733,CLI-00462,2026-05-31 00:00:00,49300.0,remboursement_credit,,local,False,aucune
4a471ec2,CLI-00261,2026-05-31 00:00:00,168800.0,depot,,local,False,aucune
a7541140,CLI-00384,2026-05-31 00:00:00,18200.0,transfert_entrant,CLI-00245,local,False,aucune
c37867d6,CLI-00248,2026-05-31 00:00:00,49400.0,transfert_sortant,CLI-00101,local,False,aucune
61ea129a,CLI-00569,2026-05-31 00:00:00,16100.0,depot,,local,False,aucune
6d40c7bc,CLI-00740,2026-05-31 00:00:00,245000.0,depot,,local,False,aucune
749943db,CLI-00641,2026-05-31 00:00:00,75700.0,depot,,regional_uemoa,False,aucune
d91f809c,CLI-00087,2026-05-31 00:00:00,60700.0,retrait,,local,False,aucune
e9317257,CLI-00291,2026-05-31 00:00:00,56700.0,remboursement_credit,,local,False,aucune
07144e15,CLI-00432,2026-05-31 00:00:00,31800.0,remboursement_credit,,local,False,aucune
1eacf704,CLI-00483,2026-05-31 00:00:00,99300.0,depot,,local,False,aucune
57d48f8d,CLI-00332,2026-05-31 00:00:00,8400.0,transfert_entrant,CLI-00436,local,False,aucune
6a09ea10,CLI-00453,2026-05-31 00:00:00,36600.0,depot,,local,False,aucune
4f78cd54,CLI-00523,2026-05-31 00:00:00,38500.0,transfert_sortant,CLI-00451,local,False,aucune
75773213,CLI-00555,2026-05-31 00:00:00,11500.0,transfert_entrant,CLI-00458,local,False,aucune
8ca143ac,CLI-00344,2026-05-31 00:00:00,2800.0,transfert_entrant,CLI-00792,local,False,aucune
684267a3,CLI-00005,2026-05-31 00:00:00,24900.0,transfert_sortant,CLI-00195,local,False,aucune
809b5be0,CLI-00303,2026-05-31 00:00:00,104500.0,transfert_sortant,CLI-00504,transfrontalier_sensible,False,aucune
6f3dd4d1,CLI-00247,2026-05-31 00:00:00,11000.0,remboursement_credit,,local,False,aucune
81c7d32d,CLI-00625,2026-05-31 00:00:00,572800.0,depot,,local,False,aucune
9f262d65,CLI-00218,2026-05-31 00:00:00,52400.0,depot,,local,False,aucune
562e92a8,CLI-00355,2026-05-31 00:00:00,171100.0,depot,,local,False,aucune
be1bac6c,CLI-00154,2026-05-31 00:00:00,241600.0,transfert_sortant,CLI-00112,local,False,aucune
12e7807d,CLI-00593,2026-05-31 00:00:00,27300.0,transfert_entrant,CLI-00682,regional_uemoa,False,aucune
151ba8d9,CLI-00027,2026-05-31 00:00:00,6500.0,remboursement_credit,,local,False,aucune
5cfdc06b,CLI-00291,2026-05-31 00:00:00,277600.0,transfert_sortant,CLI-00664,local,False,aucune
93bc1c8d,CLI-00238,2026-05-31 00:00:00,43300.0,retrait,,local,False,aucune
8cb4bf4f,CLI-00230,2026-05-31 00:00:00,343600.0,retrait,,transfrontalier_sensible,False,aucune
7a811675,CLI-00092,2026-05-31 00:00:00,49600.0,decaissement_credit,,local,False,aucune
0f223e27,CLI-00194,2026-05-31 00:00:00,93300.0,retrait,,regional_uemoa,False,aucune
d21f2b5f,CLI-00162,2026-05-31 00:00:00,34800.0,decaissement_credit,,regional_uemoa,False,aucune
db5721c9,CLI-00064,2026-05-31 00:00:00,9300.0,retrait,,local,False,aucune
a58f2788,CLI-00588,2026-05-31 00:00:00,14000.0,remboursement_credit,,regional_uemoa,False,aucune
d4c34f38,CLI-00659,2026-05-31 00:00:00,53500.0,transfert_entrant,CLI-00335,local,False,aucune
a971a555,CLI-00493,2026-05-31 00:00:00,52700.0,depot,,local,False,aucune
8e0dbe13,CLI-00501,2026-05-31 00:00:00,226600.0,depot,,local,False,aucune
1f896ac1,CLI-00401,2026-05-31 00:00:00,80100.0,depot,,local,False,aucune
5d670e67,CLI-00071,2026-05-31 00:00:00,14600.0,depot,,local,False,aucune
2797e5aa,CLI-00093,2026-05-31 00:00:00,12700.0,depot,,local,False,aucune
f2c5700a,CLI-00520,2026-05-31 00:00:00,159300.0,remboursement_credit,,local,False,aucune
b158255e,CLI-00357,2026-05-31 00:00:00,27000.0,retrait,,local,False,aucune
eb03bbc7,CLI-00462,2026-05-31 00:00:00,210000.0,depot,,regional_uemoa,False,aucune
0dc4a3e9,CLI-00505,2026-05-31 00:00:00,6300.0,decaissement_credit,,local,False,aucune
4d39780f,CLI-00292,2026-05-31 00:00:00,121800.0,retrait,,local,False,aucune
9a696b23,CLI-00506,2026-05-31 00:00:00,110400.0,transfert_entrant,CLI-00721,local,False,aucune
87b2449a,CLI-00765,2026-05-31 00:00:00,62500.0,depot,,local,False,aucune
bc47a300,CLI-00173,2026-05-31 00:00:00,358100.0,depot,,local,False,aucune
bb4c2cca,CLI-00664,2026-05-31 00:00:00,5300.0,retrait,,local,False,aucune
ba198a9c,CLI-00782,2026-05-31 00:00:00,17600.0,depot,,regional_uemoa,False,aucune
469cfa2b,CLI-00306,2026-05-31 00:00:00,102200.0,transfert_sortant,CLI-00561,local,False,aucune
c1893d56,CLI-00036,2026-05-31 00:00:00,24700.0,transfert_sortant,CLI-00029,local,False,aucune
81cf7a72,CLI-00032,2026-05-31 00:00:00,81400.0,transfert_sortant,CLI-00496,local,False,aucune
5d95712d,CLI-00099,2026-05-31 00:00:00,131800.0,retrait,,regional_uemoa,False,aucune
aabd605c,CLI-00051,2026-06-01 00:00:00,57500.0,depot,,local,False,aucune
e7b90c88,CLI-00568,2026-06-01 00:00:00,78500.0,decaissement_credit,,local,False,aucune
5af89371,CLI-00541,2026-06-01 00:00:00,4400.0,depot,,regional_uemoa,False,aucune
11a38109,CLI-00409,2026-06-01 00:00:00,31300.0,retrait,,local,False,aucune
f5e8d355,CLI-00105,2026-06-01 00:00:00,9100.0,depot,,local,False,aucune
7d46dc26,CLI-00336,2026-06-01 00:00:00,325100.0,depot,,regional_uemoa,False,aucune
e8fad914,CLI-00766,2026-06-01 00:00:00,10700.0,decaissement_credit,,local,False,aucune
8f0b65b9,CLI-00578,2026-06-01 00:00:00,60800.0,retrait,,local,False,aucune
4ede7bac,CLI-00247,2026-06-01 00:00:00,209300.0,retrait,,local,False,aucune
56aa684a,CLI-00798,2026-06-01 00:00:00,7000.0,retrait,,local,False,aucune
25687505,CLI-00375,2026-06-01 00:00:00,72500.0,depot,,transfrontalier_sensible,False,aucune
b6a81ecb,CLI-00113,2026-06-01 00:00:00,34900.0,retrait,,local,False,aucune
add50a4f,CLI-00125,2026-06-01 00:00:00,17400.0,depot,,local,False,aucune
3151b24a,CLI-00146,2026-06-01 00:00:00,13200.0,depot,,transfrontalier_sensible,False,aucune
2e6d503c,CLI-00673,2026-06-01 00:00:00,19800.0,retrait,,regional_uemoa,False,aucune
77abeabf,CLI-00344,2026-06-01 00:00:00,185500.0,depot,,local,False,aucune
23a32c9d,CLI-00413,2026-06-01 00:00:00,154900.0,depot,,regional_uemoa,False,aucune
17036b86,CLI-00234,2026-06-01 00:00:00,25000.0,depot,,local,False,aucune
ed68c50e,CLI-00536,2026-06-01 00:00:00,22600.0,depot,,local,False,aucune
e731bbd0,CLI-00795,2026-06-01 00:00:00,20800.0,transfert_sortant,CLI-00483,local,False,aucune
ca4fd087,CLI-00381,2026-06-01 00:00:00,10400.0,retrait,,local,False,aucune
65704b46,CLI-00475,2026-06-01 00:00:00,344800.0,retrait,,regional_uemoa,False,aucune
9466b4b3,CLI-00721,2026-06-01 00:00:00,320300.0,depot,,local,False,aucune
a65e2966,CLI-00154,2026-06-01 00:00:00,119800.0,transfert_entrant,CLI-00384,local,False,aucune
ccb27c5b,CLI-00002,2026-06-01 00:00:00,12600.0,depot,,local,False,aucune
6f3afd30,CLI-00791,2026-06-01 00:00:00,15800.0,retrait,,local,False,aucune
e1902358,CLI-00284,2026-06-01 00:00:00,55700.0,transfert_entrant,CLI-00437,local,False,aucune
610a1881,CLI-00781,2026-06-01 00:00:00,6600.0,depot,,regional_uemoa,False,aucune
eace11e1,CLI-00791,2026-06-01 00:00:00,14700.0,decaissement_credit,,transfrontalier_sensible,False,aucune
6a2d03d5,CLI-00765,2026-06-01 00:00:00,20500.0,depot,,local,False,aucune
b22a2057,CLI-00030,2026-06-01 00:00:00,18300.0,retrait,,local,False,aucune
e30c1731,CLI-00560,2026-06-01 00:00:00,143100.0,depot,,local,False,aucune
6304b9ea,CLI-00143,2026-06-01 00:00:00,22000.0,transfert_entrant,CLI-00753,local,False,aucune
bc739b61,CLI-00487,2026-06-01 00:00:00,65900.0,depot,,local,False,aucune
0ce84689,CLI-00371,2026-06-01 00:00:00,12300.0,transfert_entrant,CLI-00665,local,False,aucune
f4425a95,CLI-00347,2026-06-01 00:00:00,57000.0,depot,,local,False,aucune
61c5e1e1,CLI-00255,2026-06-01 00:00:00,286700.0,retrait,,local,False,aucune
b9d44f4c,CLI-00442,2026-06-01 00:00:00,67700.0,remboursement_credit,,local,False,aucune
2881a1ac,CLI-00355,2026-06-01 00:00:00,17900.0,decaissement_credit,,local,False,aucune
0be3e542,CLI-00425,2026-06-01 00:00:00,28000.0,retrait,,local,False,aucune
4e832557,CLI-00036,2026-06-01 00:00:00,49100.0,depot,,local,False,aucune
24b9693c,CLI-00080,2026-06-01 00:00:00,66300.0,depot,,local,False,aucune
a9a95d3f,CLI-00608,2026-06-01 00:00:00,67200.0,retrait,,local,False,aucune
0f16dcdf,CLI-00316,2026-06-01 00:00:00,26600.0,retrait,,local,False,aucune
1e0e88b3,CLI-00717,2026-06-01 00:00:00,8200.0,retrait,,local,False,aucune
b7608099,CLI-00644,2026-06-01 00:00:00,25000.0,depot,,local,False,aucune
2a95695a,CLI-00133,2026-06-01 00:00:00,9900.0,depot,,local,False,aucune
c6dc42bb,CLI-00233,2026-06-01 00:00:00,30200.0,depot,,local,False,aucune
39a006f7,CLI-00509,2026-06-01 00:00:00,22500.0,retrait,,local,False,aucune
864b1f49,CLI-00626,2026-06-01 00:00:00,38700.0,transfert_sortant,CLI-00302,local,False,aucune
1271d425,CLI-00434,2026-06-01 00:00:00,147000.0,depot,,local,False,aucune
908977b0,CLI-00233,2026-06-01 00:00:00,11100.0,remboursement_credit,,local,False,aucune
db6de811,CLI-00114,2026-06-01 00:00:00,25200.0,decaissement_credit,,local,False,aucune
375e81db,CLI-00066,2026-06-01 00:00:00,116900.0,depot,,local,False,aucune
497f826f,CLI-00460,2026-06-01 00:00:00,22000.0,transfert_sortant,CLI-00461,local,False,aucune
62fcd2bc,CLI-00216,2026-06-01 00:00:00,38700.0,remboursement_credit,,local,False,aucune
3a69068f,CLI-00604,2026-06-01 00:00:00,40500.0,depot,,local,False,aucune
99d50fe7,CLI-00722,2026-06-01 00:00:00,44900.0,depot,,local,False,aucune
2a5f724a,CLI-00436,2026-06-01 00:00:00,366000.0,retrait,,local,False,aucune
cb62c4a3,CLI-00633,2026-06-01 00:00:00,40900.0,depot,,transfrontalier_sensible,False,aucune
2e8cb8d4,CLI-00026,2026-06-01 00:00:00,106300.0,decaissement_credit,,local,False,aucune
d3eee3d7,CLI-00306,2026-06-02 00:00:00,49700.0,transfert_entrant,CLI-00556,local,False,aucune
350aa944,CLI-00127,2026-06-02 00:00:00,259400.0,transfert_sortant,CLI-00119,local,False,aucune
a9b2232e,CLI-00311,2026-06-02 00:00:00,12200.0,remboursement_credit,,local,False,aucune
7c0d0aa5,CLI-00415,2026-06-02 00:00:00,33400.0,decaissement_credit,,regional_uemoa,False,aucune
841f9cb4,CLI-00198,2026-06-02 00:00:00,172300.0,decaissement_credit,,local,False,aucune
e6a10a62,CLI-00465,2026-06-02 00:00:00,101700.0,remboursement_credit,,local,False,aucune
e05aecc9,CLI-00383,2026-06-02 00:00:00,143200.0,retrait,,transfrontalier_sensible,False,aucune
4035ca8d,CLI-00298,2026-06-02 00:00:00,89100.0,depot,,transfrontalier_sensible,False,aucune
048ef63f,CLI-00718,2026-06-02 00:00:00,18300.0,transfert_sortant,CLI-00339,local,False,aucune
f0d8a4ac,CLI-00708,2026-06-02 00:00:00,9751200.0,depot,,local,True,structuring
682c92a5,CLI-00658,2026-06-02 00:00:00,10500.0,depot,,regional_uemoa,False,aucune
e3cdb302,CLI-00666,2026-06-02 00:00:00,47200.0,retrait,,local,False,aucune
886e84c1,CLI-00172,2026-06-02 00:00:00,4700.0,depot,,transfrontalier_sensible,False,aucune
3cfcbdb6,CLI-00531,2026-06-02 00:00:00,9900.0,retrait,,local,False,aucune
651cee4b,CLI-00173,2026-06-02 00:00:00,36300.0,retrait,,local,False,aucune
d43c8995,CLI-00090,2026-06-02 00:00:00,86200.0,depot,,local,False,aucune
0f8c0b99,CLI-00754,2026-06-02 00:00:00,26700.0,retrait,,regional_uemoa,False,aucune
4940835f,CLI-00061,2026-06-02 00:00:00,24600.0,retrait,,local,False,aucune
0a0cc957,CLI-00391,2026-06-02 00:00:00,36200.0,retrait,,local,False,aucune
2036f373,CLI-00009,2026-06-02 00:00:00,88600.0,transfert_sortant,CLI-00236,local,False,aucune
44922b27,CLI-00015,2026-06-02 00:00:00,67300.0,retrait,,local,False,aucune
314f3a09,CLI-00480,2026-06-02 00:00:00,47100.0,depot,,local,False,aucune
9aac15f9,CLI-00250,2026-06-02 00:00:00,24700.0,depot,,local,False,aucune
f66e14a2,CLI-00783,2026-06-02 00:00:00,9700.0,decaissement_credit,,local,False,aucune
a2b8a128,CLI-00256,2026-06-02 00:00:00,26800.0,remboursement_credit,,local,False,aucune
1ee50c47,CLI-00449,2026-06-02 00:00:00,35900.0,transfert_entrant,CLI-00366,local,False,aucune
11bc29af,CLI-00135,2026-06-02 00:00:00,45700.0,retrait,,local,False,aucune
eef6ce6c,CLI-00549,2026-06-02 00:00:00,75300.0,retrait,,local,False,aucune
c125b896,CLI-00386,2026-06-02 00:00:00,130100.0,transfert_entrant,CLI-00297,local,False,aucune
84d99762,CLI-00483,2026-06-02 00:00:00,75800.0,retrait,,local,False,aucune
60a948e4,CLI-00071,2026-06-02 00:00:00,189000.0,depot,,local,False,aucune
fafa2929,CLI-00726,2026-06-02 00:00:00,24100.0,retrait,,regional_uemoa,False,aucune
6f7cbde6,CLI-00184,2026-06-02 00:00:00,43300.0,remboursement_credit,,local,False,aucune
ed9f558b,CLI-00766,2026-06-02 00:00:00,23600.0,transfert_entrant,CLI-00632,local,False,aucune
2e3ab0f8,CLI-00021,2026-06-02 00:00:00,24300.0,depot,,local,False,aucune
ae5c338f,CLI-00429,2026-06-02 00:00:00,83800.0,depot,,local,False,aucune
6cf1b5f0,CLI-00110,2026-06-02 00:00:00,102100.0,remboursement_credit,,local,False,aucune
47e8de97,CLI-00704,2026-06-02 00:00:00,50500.0,retrait,,local,False,aucune
3b923643,CLI-00084,2026-06-02 00:00:00,29100.0,depot,,local,False,aucune
02e79fb1,CLI-00168,2026-06-02 00:00:00,20700.0,transfert_sortant,CLI-00248,local,False,aucune
435fa868,CLI-00215,2026-06-02 00:00:00,32300.0,depot,,local,False,aucune
6e26600f,CLI-00044,2026-06-02 00:00:00,5000.0,depot,,local,False,aucune
b5c20dfc,CLI-00160,2026-06-02 00:00:00,156400.0,retrait,,local,False,aucune
25936cd3,CLI-00323,2026-06-02 00:00:00,61600.0,remboursement_credit,,local,False,aucune
c5f51115,CLI-00731,2026-06-02 00:00:00,35100.0,transfert_sortant,CLI-00156,local,False,aucune
62a996fc,CLI-00410,2026-06-02 00:00:00,81000.0,decaissement_credit,,local,False,aucune
885cb459,CLI-00114,2026-06-02 00:00:00,62600.0,depot,,local,False,aucune
b119f813,CLI-00108,2026-06-03 00:00:00,6800.0,transfert_entrant,CLI-00796,local,False,aucune
0da8e9ec,CLI-00025,2026-06-03 00:00:00,16100.0,retrait,,local,False,aucune
0eb4056d,CLI-00753,2026-06-03 00:00:00,173400.0,transfert_sortant,CLI-00227,local,False,aucune
0b7b8682,CLI-00642,2026-06-03 00:00:00,37700.0,retrait,,local,False,aucune
a9f8b1da,CLI-00693,2026-06-03 00:00:00,76400.0,transfert_entrant,CLI-00597,local,False,aucune
70a29280,CLI-00656,2026-06-03 00:00:00,309700.0,retrait,,local,False,aucune
be9108a0,CLI-00657,2026-06-03 00:00:00,33100.0,remboursement_credit,,local,False,aucune
060c3058,CLI-00593,2026-06-03 00:00:00,235400.0,decaissement_credit,,local,False,aucune
590b2cec,CLI-00011,2026-06-03 00:00:00,39700.0,transfert_entrant,CLI-00766,local,False,aucune
b2d0b231,CLI-00563,2026-06-03 00:00:00,35900.0,retrait,,local,False,aucune
6c49e3ab,CLI-00617,2026-06-03 00:00:00,322200.0,retrait,,local,False,aucune
30b8dba7,CLI-00561,2026-06-03 00:00:00,242600.0,depot,,local,False,aucune
44d18f8b,CLI-00009,2026-06-03 00:00:00,254700.0,remboursement_credit,,local,False,aucune
b0a8f38e,CLI-00018,2026-06-03 00:00:00,14100.0,depot,,regional_uemoa,False,aucune
b2473743,CLI-00645,2026-06-03 00:00:00,133300.0,depot,,local,False,aucune
49d24324,CLI-00604,2026-06-03 00:00:00,315100.0,retrait,,local,False,aucune
1f50e915,CLI-00030,2026-06-03 00:00:00,306300.0,retrait,,local,False,aucune
ebd91bed,CLI-00765,2026-06-03 00:00:00,41100.0,decaissement_credit,,local,False,aucune
d6e5caea,CLI-00598,2026-06-03 00:00:00,124700.0,remboursement_credit,,local,False,aucune
ac51fcff,CLI-00035,2026-06-03 00:00:00,146900.0,depot,,local,False,aucune
d4bf51cf,CLI-00020,2026-06-03 00:00:00,217200.0,transfert_sortant,CLI-00119,local,False,aucune
b377c603,CLI-00798,2026-06-03 00:00:00,30300.0,transfert_sortant,CLI-00058,local,False,aucune
54d86399,CLI-00578,2026-06-03 00:00:00,28300.0,depot,,local,False,aucune
48c14d95,CLI-00133,2026-06-03 00:00:00,44600.0,transfert_entrant,CLI-00237,local,False,aucune
b039c543,CLI-00708,2026-06-03 00:00:00,9075600.0,depot,,local,True,structuring
55b7cb6c,CLI-00753,2026-06-03 00:00:00,82300.0,remboursement_credit,,local,False,aucune
78551b91,CLI-00546,2026-06-03 00:00:00,16300.0,retrait,,local,False,aucune
26615bbb,CLI-00632,2026-06-03 00:00:00,134700.0,depot,,local,False,aucune
4a082a12,CLI-00308,2026-06-03 00:00:00,7300.0,depot,,regional_uemoa,False,aucune
17fd1d27,CLI-00174,2026-06-03 00:00:00,73100.0,retrait,,local,False,aucune
2f88d734,CLI-00420,2026-06-03 00:00:00,90700.0,depot,,regional_uemoa,False,aucune
828d3cbd,CLI-00306,2026-06-03 00:00:00,18900.0,depot,,regional_uemoa,False,aucune
8e42084d,CLI-00221,2026-06-03 00:00:00,48700.0,decaissement_credit,,local,False,aucune
237d7edd,CLI-00286,2026-06-03 00:00:00,44400.0,retrait,,local,False,aucune
14b1a381,CLI-00204,2026-06-03 00:00:00,17700.0,retrait,,local,False,aucune
f32b9225,CLI-00185,2026-06-03 00:00:00,28500.0,transfert_entrant,CLI-00056,local,False,aucune
9706dac4,CLI-00392,2026-06-03 00:00:00,30100.0,depot,,local,False,aucune
c9823119,CLI-00537,2026-06-03 00:00:00,145900.0,depot,,local,False,aucune
c876efca,CLI-00477,2026-06-03 00:00:00,30700.0,depot,,local,False,aucune
02bcdb10,CLI-00230,2026-06-03 00:00:00,104200.0,transfert_entrant,CLI-00787,local,False,aucune
eb97474c,CLI-00230,2026-06-03 00:00:00,20500.0,transfert_entrant,CLI-00071,local,False,aucune
bac90d87,CLI-00361,2026-06-03 00:00:00,32200.0,depot,,local,False,aucune
f705a6c4,CLI-00180,2026-06-03 00:00:00,40200.0,decaissement_credit,,local,False,aucune
570208aa,CLI-00191,2026-06-03 00:00:00,17800.0,retrait,,local,False,aucune
db933517,CLI-00171,2026-06-03 00:00:00,150800.0,transfert_entrant,CLI-00660,local,False,aucune
14356c45,CLI-00504,2026-06-03 00:00:00,6000.0,retrait,,transfrontalier_sensible,False,aucune
4cb18dcd,CLI-00337,2026-06-03 00:00:00,37600.0,decaissement_credit,,local,False,aucune
9a03508b,CLI-00377,2026-06-03 00:00:00,253300.0,depot,,local,False,aucune
00b0f001,CLI-00299,2026-06-03 00:00:00,23900.0,remboursement_credit,,regional_uemoa,False,aucune
635a8987,CLI-00286,2026-06-03 00:00:00,76600.0,transfert_sortant,CLI-00156,local,False,aucune
adb925cf,CLI-00505,2026-06-03 00:00:00,174800.0,retrait,,transfrontalier_sensible,False,aucune
886d2d86,CLI-00335,2026-06-03 00:00:00,32800.0,retrait,,regional_uemoa,False,aucune
2ad5a335,CLI-00279,2026-06-03 00:00:00,79100.0,depot,,local,False,aucune
e204450b,CLI-00252,2026-06-03 00:00:00,55200.0,depot,,local,False,aucune
0f6168e1,CLI-00262,2026-06-03 00:00:00,100500.0,remboursement_credit,,local,False,aucune
568b29b5,CLI-00183,2026-06-04 00:00:00,23500.0,retrait,,regional_uemoa,False,aucune
cb2e244c,CLI-00600,2026-06-04 00:00:00,49200.0,transfert_entrant,CLI-00419,local,False,aucune
a2d68b03,CLI-00666,2026-06-04 00:00:00,97100.0,depot,,local,False,aucune
e617eab4,CLI-00713,2026-06-04 00:00:00,69100.0,decaissement_credit,,local,False,aucune
dc96da56,CLI-00355,2026-06-04 00:00:00,130300.0,depot,,local,False,aucune
5c2ae1ea,CLI-00394,2026-06-04 00:00:00,33400.0,decaissement_credit,,local,False,aucune
1ff0c1ea,CLI-00252,2026-06-04 00:00:00,50000.0,retrait,,local,False,aucune
02e0adaa,CLI-00318,2026-06-04 00:00:00,49000.0,depot,,local,False,aucune
addbf248,CLI-00295,2026-06-04 00:00:00,57700.0,transfert_sortant,CLI-00397,local,False,aucune
33812cac,CLI-00219,2026-06-04 00:00:00,45500.0,remboursement_credit,,local,False,aucune
86b73631,CLI-00115,2026-06-04 00:00:00,7700.0,retrait,,local,False,aucune
720fcbcd,CLI-00512,2026-06-04 00:00:00,165400.0,transfert_entrant,CLI-00381,regional_uemoa,False,aucune
6cb472f3,CLI-00079,2026-06-04 00:00:00,7700.0,decaissement_credit,,local,False,aucune
3637157d,CLI-00453,2026-06-04 00:00:00,37300.0,retrait,,local,False,aucune
73d35fc9,CLI-00727,2026-06-04 00:00:00,341900.0,depot,,local,False,aucune
d69e0c3f,CLI-00103,2026-06-04 00:00:00,5100.0,retrait,,regional_uemoa,False,aucune
bad5e7f1,CLI-00789,2026-06-04 00:00:00,13700.0,retrait,,regional_uemoa,False,aucune
79276dce,CLI-00585,2026-06-04 00:00:00,20500.0,decaissement_credit,,regional_uemoa,False,aucune
0035a9f2,CLI-00679,2026-06-04 00:00:00,70900.0,decaissement_credit,,local,False,aucune
15e0976e,CLI-00430,2026-06-04 00:00:00,106400.0,transfert_entrant,CLI-00353,local,False,aucune
d848fca2,CLI-00735,2026-06-04 00:00:00,156700.0,transfert_sortant,CLI-00465,local,False,aucune
cc38ab68,CLI-00494,2026-06-04 00:00:00,335700.0,depot,,local,False,aucune
a7f1f86c,CLI-00349,2026-06-04 00:00:00,32200.0,transfert_entrant,CLI-00576,local,False,aucune
8a913074,CLI-00735,2026-06-04 00:00:00,5600.0,transfert_sortant,CLI-00723,regional_uemoa,False,aucune
144db30d,CLI-00571,2026-06-04 00:00:00,105600.0,decaissement_credit,,local,False,aucune
9616d33f,CLI-00125,2026-06-04 00:00:00,983900.0,decaissement_credit,,local,False,aucune
ced7f5c9,CLI-00067,2026-06-04 00:00:00,176100.0,transfert_sortant,CLI-00671,local,False,aucune
27c8d07e,CLI-00309,2026-06-04 00:00:00,45900.0,depot,,local,False,aucune
e5e33d01,CLI-00568,2026-06-04 00:00:00,312900.0,retrait,,local,False,aucune
de1404a3,CLI-00000,2026-06-04 00:00:00,130100.0,transfert_entrant,CLI-00337,regional_uemoa,False,aucune
471308c0,CLI-00479,2026-06-04 00:00:00,19300.0,retrait,,local,False,aucune
00de45b8,CLI-00709,2026-06-04 00:00:00,7300.0,transfert_entrant,CLI-00460,regional_uemoa,False,aucune
4bfb916a,CLI-00651,2026-06-04 00:00:00,8200.0,decaissement_credit,,local,False,aucune
87a21f5f,CLI-00708,2026-06-04 00:00:00,9438800.0,depot,,local,True,structuring
1befb8a5,CLI-00547,2026-06-04 00:00:00,200300.0,decaissement_credit,,local,False,aucune
83320049,CLI-00651,2026-06-05 00:00:00,62000.0,depot,,local,False,aucune
3019d67a,CLI-00672,2026-06-05 00:00:00,60100.0,retrait,,local,False,aucune
61f05920,CLI-00482,2026-06-05 00:00:00,17500.0,remboursement_credit,,local,False,aucune
22c70aac,CLI-00770,2026-06-05 00:00:00,43800.0,retrait,,local,False,aucune
17d67015,CLI-00570,2026-06-05 00:00:00,26400.0,retrait,,regional_uemoa,False,aucune
ec9f698e,CLI-00124,2026-06-05 00:00:00,14000.0,remboursement_credit,,regional_uemoa,False,aucune
1386ac00,CLI-00366,2026-06-05 00:00:00,82700.0,decaissement_credit,,local,False,aucune
5756092b,CLI-00150,2026-06-05 00:00:00,27500.0,depot,,regional_uemoa,False,aucune
c392cbd1,CLI-00469,2026-06-05 00:00:00,10800.0,decaissement_credit,,local,False,aucune
52b5c0a0,CLI-00108,2026-06-05 00:00:00,266000.0,transfert_sortant,CLI-00518,local,False,aucune
cec59007,CLI-00376,2026-06-05 00:00:00,54200.0,retrait,,local,False,aucune
e617abe6,CLI-00044,2026-06-05 00:00:00,79500.0,retrait,,regional_uemoa,False,aucune
c603dccf,CLI-00410,2026-06-05 00:00:00,15300.0,transfert_sortant,CLI-00160,transfrontalier_sensible,False,aucune
07a1daec,CLI-00181,2026-06-05 00:00:00,19200.0,depot,,local,False,aucune
f30aca39,CLI-00204,2026-06-05 00:00:00,9600.0,transfert_sortant,CLI-00491,local,False,aucune
1f1be9d6,CLI-00552,2026-06-05 00:00:00,26200.0,transfert_sortant,CLI-00704,transfrontalier_sensible,False,aucune
3ce7e92d,CLI-00567,2026-06-05 00:00:00,80200.0,transfert_sortant,CLI-00472,local,False,aucune
721de8fd,CLI-00071,2026-06-05 00:00:00,10300.0,decaissement_credit,,regional_uemoa,False,aucune
b765de8e,CLI-00322,2026-06-05 00:00:00,241000.0,retrait,,local,False,aucune
2e334bba,CLI-00616,2026-06-05 00:00:00,15200.0,depot,,local,False,aucune
28a8f982,CLI-00429,2026-06-05 00:00:00,7400.0,retrait,,transfrontalier_sensible,False,aucune
92cda494,CLI-00299,2026-06-05 00:00:00,35900.0,transfert_entrant,CLI-00417,local,False,aucune
1d633959,CLI-00696,2026-06-05 00:00:00,74400.0,retrait,,local,False,aucune
1675d158,CLI-00454,2026-06-05 00:00:00,19800.0,retrait,,local,False,aucune
4fe98794,CLI-00786,2026-06-05 00:00:00,9800.0,transfert_entrant,CLI-00302,local,False,aucune
b9591831,CLI-00045,2026-06-05 00:00:00,10100.0,retrait,,local,False,aucune
8db09b84,CLI-00070,2026-06-05 00:00:00,149800.0,transfert_sortant,CLI-00448,local,False,aucune
4ecbc5b8,CLI-00189,2026-06-05 00:00:00,78100.0,retrait,,local,False,aucune
d55ed612,CLI-00247,2026-06-05 00:00:00,76100.0,retrait,,local,False,aucune
9fb93010,CLI-00024,2026-06-05 00:00:00,177800.0,transfert_entrant,CLI-00327,local,False,aucune
f5f2aa89,CLI-00785,2026-06-05 00:00:00,81200.0,remboursement_credit,,local,False,aucune
98afc7c5,CLI-00585,2026-06-05 00:00:00,127800.0,retrait,,regional_uemoa,False,aucune
2557eea7,CLI-00675,2026-06-05 00:00:00,20500.0,retrait,,local,False,aucune
d5239cb4,CLI-00042,2026-06-05 00:00:00,12700.0,depot,,regional_uemoa,False,aucune
c7b7f923,CLI-00401,2026-06-05 00:00:00,28000.0,depot,,regional_uemoa,False,aucune
fc27e57e,CLI-00787,2026-06-05 00:00:00,26800.0,retrait,,local,False,aucune
60cb7c2d,CLI-00610,2026-06-05 00:00:00,332500.0,depot,,local,False,aucune
91170314,CLI-00133,2026-06-05 00:00:00,19700.0,remboursement_credit,,local,False,aucune
9f25e159,CLI-00066,2026-06-05 00:00:00,423100.0,transfert_sortant,CLI-00135,local,False,aucune
a4a72c8f,CLI-00709,2026-06-05 00:00:00,10600.0,transfert_sortant,CLI-00368,local,False,aucune
60a3b3cf,CLI-00286,2026-06-05 00:00:00,22600.0,depot,,local,False,aucune
ab716a82,CLI-00774,2026-06-05 00:00:00,105000.0,transfert_entrant,CLI-00536,local,False,aucune
bd09898b,CLI-00756,2026-06-05 00:00:00,3000.0,depot,,local,False,aucune
400b0624,CLI-00687,2026-06-05 00:00:00,16900.0,decaissement_credit,,local,False,aucune
5abb2d93,CLI-00437,2026-06-05 00:00:00,82900.0,depot,,local,False,aucune
dc177331,CLI-00488,2026-06-05 00:00:00,30700.0,depot,,local,False,aucune
9a73315e,CLI-00621,2026-06-05 00:00:00,88300.0,remboursement_credit,,local,False,aucune
3841a1c8,CLI-00796,2026-06-05 00:00:00,26400.0,depot,,regional_uemoa,False,aucune
e255ee91,CLI-00019,2026-06-05 00:00:00,117700.0,retrait,,local,False,aucune
c7e25f9b,CLI-00030,2026-06-05 00:00:00,19900.0,transfert_sortant,CLI-00689,local,False,aucune
c316eb5c,CLI-00609,2026-06-05 00:00:00,56800.0,transfert_sortant,CLI-00039,local,False,aucune
4104e004,CLI-00334,2026-06-05 00:00:00,275200.0,remboursement_credit,,regional_uemoa,False,aucune
af8a779a,CLI-00417,2026-06-05 00:00:00,353100.0,depot,,local,False,aucune
02b71de9,CLI-00208,2026-06-05 00:00:00,97400.0,retrait,,local,False,aucune
7f096286,CLI-00496,2026-06-05 00:00:00,68700.0,depot,,regional_uemoa,False,aucune
674f0095,CLI-00753,2026-06-05 00:00:00,171100.0,retrait,,local,False,aucune
9be8e054,CLI-00167,2026-06-05 00:00:00,51900.0,depot,,local,False,aucune
e136e1df,CLI-00623,2026-06-05 00:00:00,6500.0,depot,,local,False,aucune
c15bbe05,CLI-00104,2026-06-05 00:00:00,50700.0,retrait,,local,False,aucune
b78e3dba,CLI-00686,2026-06-05 00:00:00,120600.0,depot,,local,False,aucune
f2824f9a,CLI-00126,2026-06-05 00:00:00,73400.0,remboursement_credit,,local,False,aucune
d340cf98,CLI-00461,2026-06-05 00:00:00,257600.0,depot,,transfrontalier_sensible,False,aucune
1f7479a2,CLI-00774,2026-06-05 00:00:00,16000.0,depot,,local,False,aucune
b9eba1c7,CLI-00022,2026-06-05 00:00:00,47100.0,retrait,,local,False,aucune
4876c646,CLI-00668,2026-06-05 00:00:00,43300.0,retrait,,local,False,aucune
3a504405,CLI-00668,2026-06-05 00:00:00,49200.0,retrait,,regional_uemoa,False,aucune
bbe9844a,CLI-00027,2026-06-05 00:00:00,16400.0,retrait,,regional_uemoa,False,aucune
ffcc9c17,CLI-00708,2026-06-05 00:00:00,9522600.0,depot,,local,True,structuring
04617816,CLI-00720,2026-06-05 00:00:00,14300.0,depot,,local,False,aucune
7bc9a250,CLI-00562,2026-06-06 00:00:00,12900.0,retrait,,local,False,aucune
3ed6f8e4,CLI-00350,2026-06-06 00:00:00,47100.0,retrait,,local,False,aucune
108d7588,CLI-00141,2026-06-06 00:00:00,13900.0,retrait,,transfrontalier_sensible,False,aucune
3ec20c1b,CLI-00561,2026-06-06 00:00:00,15600.0,transfert_sortant,CLI-00028,local,False,aucune
cb6db5fa,CLI-00095,2026-06-06 00:00:00,25500.0,depot,,local,False,aucune
879359b0,CLI-00643,2026-06-06 00:00:00,13200.0,transfert_entrant,CLI-00361,local,False,aucune
762b4d24,CLI-00782,2026-06-06 00:00:00,9500.0,transfert_entrant,CLI-00382,regional_uemoa,False,aucune
bc1c9a9f,CLI-00759,2026-06-06 00:00:00,65700.0,depot,,local,False,aucune
46cfbf8c,CLI-00463,2026-06-06 00:00:00,11400.0,transfert_entrant,CLI-00158,local,False,aucune
be481078,CLI-00359,2026-06-06 00:00:00,37100.0,transfert_sortant,CLI-00222,local,False,aucune
343528e2,CLI-00174,2026-06-06 00:00:00,81500.0,depot,,local,False,aucune
eaf4c1ba,CLI-00785,2026-06-06 00:00:00,20000.0,retrait,,local,False,aucune
cc471eab,CLI-00271,2026-06-06 00:00:00,22000.0,depot,,regional_uemoa,False,aucune
5ba76712,CLI-00631,2026-06-06 00:00:00,207400.0,remboursement_credit,,local,False,aucune
d9bb7044,CLI-00780,2026-06-06 00:00:00,57900.0,transfert_entrant,CLI-00791,regional_uemoa,False,aucune
c7f33fe3,CLI-00578,2026-06-06 00:00:00,12100.0,decaissement_credit,,local,False,aucune
bea8043a,CLI-00030,2026-06-06 00:00:00,28800.0,transfert_sortant,CLI-00100,local,False,aucune
e4225266,CLI-00355,2026-06-06 00:00:00,72500.0,depot,,local,False,aucune
6f3b0dd3,CLI-00191,2026-06-06 00:00:00,183200.0,transfert_sortant,CLI-00344,local,False,aucune
d2a86546,CLI-00376,2026-06-06 00:00:00,27400.0,decaissement_credit,,local,False,aucune
fc2f12db,CLI-00320,2026-06-06 00:00:00,59900.0,transfert_sortant,CLI-00424,local,False,aucune
67e93e52,CLI-00003,2026-06-06 00:00:00,31200.0,remboursement_credit,,local,False,aucune
cd4795a6,CLI-00552,2026-06-06 00:00:00,424300.0,transfert_sortant,CLI-00327,local,False,aucune
ecc115ba,CLI-00401,2026-06-06 00:00:00,226000.0,remboursement_credit,,local,False,aucune
549a408b,CLI-00118,2026-06-06 00:00:00,38500.0,retrait,,local,False,aucune
0806df32,CLI-00136,2026-06-06 00:00:00,430000.0,remboursement_credit,,local,False,aucune
ce2d3c37,CLI-00251,2026-06-06 00:00:00,31200.0,depot,,local,False,aucune
44578d0e,CLI-00538,2026-06-06 00:00:00,95300.0,transfert_sortant,CLI-00290,local,False,aucune
6ea531be,CLI-00795,2026-06-06 00:00:00,63600.0,depot,,local,False,aucune
b7ea6964,CLI-00097,2026-06-06 00:00:00,43400.0,remboursement_credit,,local,False,aucune
7c65154a,CLI-00654,2026-06-06 00:00:00,124100.0,depot,,local,False,aucune
6864152f,CLI-00385,2026-06-06 00:00:00,57100.0,decaissement_credit,,local,False,aucune
9b3d90f4,CLI-00388,2026-06-06 00:00:00,30400.0,retrait,,regional_uemoa,False,aucune
e0953f1f,CLI-00084,2026-06-06 00:00:00,17200.0,depot,,local,False,aucune
c43a40e5,CLI-00225,2026-06-06 00:00:00,49600.0,transfert_entrant,CLI-00626,local,False,aucune
3a6eb9be,CLI-00098,2026-06-06 00:00:00,81200.0,retrait,,local,False,aucune
ff50f447,CLI-00645,2026-06-06 00:00:00,160500.0,depot,,local,False,aucune
ee2053e3,CLI-00687,2026-06-06 00:00:00,11900.0,retrait,,local,False,aucune
06d45208,CLI-00236,2026-06-06 00:00:00,54400.0,transfert_entrant,CLI-00213,local,False,aucune
54168dd7,CLI-00611,2026-06-06 00:00:00,22800.0,depot,,regional_uemoa,False,aucune
294e5e54,CLI-00411,2026-06-06 00:00:00,11300.0,decaissement_credit,,local,False,aucune
bbbfccb1,CLI-00414,2026-06-06 00:00:00,66200.0,decaissement_credit,,local,False,aucune
4e61dc51,CLI-00649,2026-06-06 00:00:00,28700.0,depot,,local,False,aucune
4d709ff1,CLI-00159,2026-06-06 00:00:00,128300.0,depot,,regional_uemoa,False,aucune
09356432,CLI-00788,2026-06-06 00:00:00,167000.0,transfert_entrant,CLI-00081,local,False,aucune
864a4b4b,CLI-00045,2026-06-06 00:00:00,59700.0,retrait,,local,False,aucune
ef2ab7a7,CLI-00112,2026-06-06 00:00:00,34900.0,depot,,local,False,aucune
969bad07,CLI-00206,2026-06-06 00:00:00,63000.0,retrait,,regional_uemoa,False,aucune
6885fe9e,CLI-00483,2026-06-06 00:00:00,23000.0,transfert_sortant,CLI-00765,local,False,aucune
268646d4,CLI-00307,2026-06-06 00:00:00,25300.0,transfert_entrant,CLI-00673,regional_uemoa,False,aucune
7e201acd,CLI-00419,2026-06-07 00:00:00,92000.0,transfert_entrant,CLI-00394,local,False,aucune
f2d2879b,CLI-00198,2026-06-07 00:00:00,49400.0,depot,,local,False,aucune
a0923b99,CLI-00461,2026-06-07 00:00:00,7600.0,depot,,local,False,aucune
6da9c1d5,CLI-00544,2026-06-07 00:00:00,65200.0,transfert_entrant,CLI-00096,local,False,aucune
5f3bc66f,CLI-00488,2026-06-07 00:00:00,138400.0,retrait,,local,False,aucune
682c5851,CLI-00690,2026-06-07 00:00:00,52700.0,depot,,local,False,aucune
0256c10e,CLI-00607,2026-06-07 00:00:00,53200.0,retrait,,local,False,aucune
0969092d,CLI-00339,2026-06-07 00:00:00,70200.0,retrait,,local,False,aucune
7e8e05b9,CLI-00640,2026-06-07 00:00:00,6100.0,transfert_sortant,CLI-00369,local,False,aucune
bed34936,CLI-00796,2026-06-07 00:00:00,77200.0,decaissement_credit,,regional_uemoa,False,aucune
1bb1c524,CLI-00487,2026-06-07 00:00:00,152800.0,depot,,local,False,aucune
27e29300,CLI-00456,2026-06-07 00:00:00,44000.0,transfert_sortant,CLI-00688,local,False,aucune
8c232960,CLI-00181,2026-06-07 00:00:00,35900.0,retrait,,local,False,aucune
6f2a138b,CLI-00639,2026-06-07 00:00:00,30700.0,transfert_entrant,CLI-00175,local,False,aucune
fb68bdf1,CLI-00251,2026-06-07 00:00:00,113100.0,retrait,,local,False,aucune
ffeba0c0,CLI-00459,2026-06-07 00:00:00,62300.0,transfert_sortant,CLI-00140,transfrontalier_sensible,False,aucune
2ab3a83d,CLI-00486,2026-06-07 00:00:00,18600.0,retrait,,local,False,aucune
944f658a,CLI-00781,2026-06-07 00:00:00,44500.0,depot,,local,False,aucune
83c9a1d4,CLI-00206,2026-06-07 00:00:00,11600.0,decaissement_credit,,local,False,aucune
53b17f4a,CLI-00637,2026-06-07 00:00:00,19000.0,transfert_sortant,CLI-00615,local,False,aucune
e732704d,CLI-00772,2026-06-07 00:00:00,39200.0,remboursement_credit,,local,False,aucune
055927e5,CLI-00482,2026-06-07 00:00:00,94200.0,retrait,,local,False,aucune
6e6b1a94,CLI-00002,2026-06-07 00:00:00,18600.0,transfert_entrant,CLI-00611,regional_uemoa,False,aucune
ecb1b8cb,CLI-00641,2026-06-07 00:00:00,91000.0,depot,,local,False,aucune
256e95c1,CLI-00404,2026-06-07 00:00:00,104200.0,remboursement_credit,,local,False,aucune
cf28100f,CLI-00604,2026-06-07 00:00:00,81900.0,transfert_entrant,CLI-00104,local,False,aucune
075bbb61,CLI-00790,2026-06-07 00:00:00,106500.0,depot,,local,False,aucune
e7fcd884,CLI-00500,2026-06-07 00:00:00,49900.0,remboursement_credit,,local,False,aucune
e31f3806,CLI-00369,2026-06-07 00:00:00,8100.0,transfert_entrant,CLI-00275,local,False,aucune
8a986488,CLI-00740,2026-06-07 00:00:00,12400.0,depot,,local,False,aucune
ee000969,CLI-00552,2026-06-07 00:00:00,111300.0,remboursement_credit,,local,False,aucune
c3d2e6ae,CLI-00427,2026-06-07 00:00:00,14100.0,depot,,local,False,aucune
ffa090f0,CLI-00364,2026-06-07 00:00:00,63200.0,remboursement_credit,,local,False,aucune
e8159d3a,CLI-00036,2026-06-07 00:00:00,67100.0,retrait,,local,False,aucune
e974ad55,CLI-00361,2026-06-07 00:00:00,106400.0,depot,,local,False,aucune
86024e22,CLI-00238,2026-06-07 00:00:00,29900.0,transfert_entrant,CLI-00435,local,False,aucune
96f72284,CLI-00581,2026-06-07 00:00:00,81900.0,decaissement_credit,,local,False,aucune
6f88d004,CLI-00186,2026-06-07 00:00:00,68200.0,remboursement_credit,,local,False,aucune
e22d7428,CLI-00173,2026-06-07 00:00:00,5700.0,retrait,,local,False,aucune
bbf4b356,CLI-00035,2026-06-07 00:00:00,32200.0,remboursement_credit,,regional_uemoa,False,aucune
802ee1d2,CLI-00512,2026-06-07 00:00:00,20400.0,depot,,local,False,aucune
f7e1d46f,CLI-00497,2026-06-07 00:00:00,14600.0,retrait,,local,False,aucune
7aa77ef6,CLI-00227,2026-06-07 00:00:00,40700.0,depot,,local,False,aucune
b7d4cd3e,CLI-00718,2026-06-07 00:00:00,12400.0,depot,,local,False,aucune
8895740c,CLI-00102,2026-06-07 00:00:00,176400.0,transfert_sortant,CLI-00773,local,False,aucune
5c113d6d,CLI-00142,2026-06-07 00:00:00,53200.0,retrait,,regional_uemoa,False,aucune
638460f3,CLI-00241,2026-06-07 00:00:00,42400.0,depot,,regional_uemoa,False,aucune
f187f6a2,CLI-00232,2026-06-07 00:00:00,167900.0,retrait,,local,False,aucune
2e9866b9,CLI-00053,2026-06-07 00:00:00,339400.0,remboursement_credit,,local,False,aucune
071e5776,CLI-00782,2026-06-07 00:00:00,52200.0,decaissement_credit,,transfrontalier_sensible,False,aucune
d2a9c2bb,CLI-00324,2026-06-07 00:00:00,309600.0,transfert_sortant,CLI-00749,local,False,aucune
d8527919,CLI-00788,2026-06-07 00:00:00,18800.0,decaissement_credit,,local,False,aucune
4c49d536,CLI-00140,2026-06-08 00:00:00,34400.0,remboursement_credit,,local,False,aucune
23d9c514,CLI-00674,2026-06-08 00:00:00,16300.0,depot,,local,False,aucune
1f65525c,CLI-00150,2026-06-08 00:00:00,46800.0,transfert_entrant,CLI-00649,local,False,aucune
4f86a849,CLI-00675,2026-06-08 00:00:00,126400.0,depot,,local,False,aucune
635efd5c,CLI-00592,2026-06-08 00:00:00,30800.0,transfert_sortant,CLI-00097,local,False,aucune
16acbceb,CLI-00192,2026-06-08 00:00:00,78500.0,retrait,,local,False,aucune
e6c2efd1,CLI-00771,2026-06-08 00:00:00,11000.0,retrait,,regional_uemoa,False,aucune
36f5d3ec,CLI-00637,2026-06-08 00:00:00,102600.0,transfert_sortant,CLI-00597,local,False,aucune
7eb62e23,CLI-00466,2026-06-08 00:00:00,124300.0,depot,,local,False,aucune
fabc28b6,CLI-00699,2026-06-08 00:00:00,40000.0,depot,,local,False,aucune
ddf021d3,CLI-00206,2026-06-08 00:00:00,9900.0,transfert_sortant,CLI-00181,regional_uemoa,False,aucune
1d4c11c4,CLI-00587,2026-06-08 00:00:00,13900.0,retrait,,local,False,aucune
f04fb11d,CLI-00458,2026-06-08 00:00:00,45100.0,retrait,,local,False,aucune
1088db73,CLI-00732,2026-06-08 00:00:00,9000.0,remboursement_credit,,transfrontalier_sensible,False,aucune
2a425fbe,CLI-00699,2026-06-08 00:00:00,78100.0,depot,,local,False,aucune
24b0d6ba,CLI-00378,2026-06-08 00:00:00,4200.0,retrait,,local,False,aucune
9751950a,CLI-00491,2026-06-08 00:00:00,40000.0,depot,,regional_uemoa,False,aucune
f34d1a92,CLI-00144,2026-06-08 00:00:00,49800.0,remboursement_credit,,local,False,aucune
2b60c900,CLI-00603,2026-06-08 00:00:00,65700.0,retrait,,local,False,aucune
c4c72a5c,CLI-00354,2026-06-08 00:00:00,108600.0,retrait,,local,False,aucune
01be3af9,CLI-00032,2026-06-08 00:00:00,13800.0,transfert_entrant,CLI-00311,local,False,aucune
5359362a,CLI-00134,2026-06-08 00:00:00,18900.0,remboursement_credit,,local,False,aucune
c1c295b7,CLI-00260,2026-06-08 00:00:00,455700.0,transfert_sortant,CLI-00627,regional_uemoa,False,aucune
605cf543,CLI-00713,2026-06-08 00:00:00,25100.0,retrait,,local,False,aucune
d1c1c6d8,CLI-00352,2026-06-08 00:00:00,17800.0,decaissement_credit,,local,False,aucune
59370990,CLI-00713,2026-06-08 00:00:00,12100.0,remboursement_credit,,local,False,aucune
e29e1cfb,CLI-00282,2026-06-08 00:00:00,33800.0,remboursement_credit,,local,False,aucune
fa01c0ae,CLI-00517,2026-06-08 00:00:00,30300.0,depot,,local,False,aucune
b9b39acd,CLI-00275,2026-06-08 00:00:00,38600.0,depot,,local,False,aucune
c7f893e8,CLI-00149,2026-06-08 00:00:00,14800.0,retrait,,local,False,aucune
fce00e96,CLI-00680,2026-06-08 00:00:00,50300.0,transfert_sortant,CLI-00449,local,False,aucune
51baf6a7,CLI-00709,2026-06-08 00:00:00,128100.0,transfert_entrant,CLI-00767,regional_uemoa,False,aucune
ac8e9bd9,CLI-00254,2026-06-08 00:00:00,8800.0,retrait,,regional_uemoa,False,aucune
81a74229,CLI-00709,2026-06-08 00:00:00,17200.0,depot,,local,False,aucune
4abb9740,CLI-00520,2026-06-08 00:00:00,18600.0,transfert_sortant,CLI-00496,local,False,aucune
b84beffb,CLI-00520,2026-06-08 00:00:00,292600.0,remboursement_credit,,local,False,aucune
1ab75294,CLI-00572,2026-06-08 00:00:00,21700.0,transfert_entrant,CLI-00030,local,False,aucune
eca22481,CLI-00138,2026-06-08 00:00:00,61000.0,depot,,regional_uemoa,False,aucune
ce8f8ac0,CLI-00524,2026-06-08 00:00:00,48700.0,retrait,,local,False,aucune
f045363e,CLI-00632,2026-06-08 00:00:00,19500.0,retrait,,local,False,aucune
de729aeb,CLI-00157,2026-06-08 00:00:00,20000.0,remboursement_credit,,regional_uemoa,False,aucune
2265674e,CLI-00772,2026-06-08 00:00:00,20200.0,remboursement_credit,,local,False,aucune
c109c57f,CLI-00532,2026-06-08 00:00:00,103500.0,transfert_sortant,CLI-00405,transfrontalier_sensible,False,aucune
bce3ed0a,CLI-00449,2026-06-08 00:00:00,146400.0,transfert_entrant,CLI-00480,local,False,aucune
c4befb90,CLI-00224,2026-06-08 00:00:00,795400.0,depot,,local,False,aucune
46fd3641,CLI-00785,2026-06-08 00:00:00,22800.0,remboursement_credit,,local,False,aucune
c7449f79,CLI-00537,2026-06-08 00:00:00,254700.0,depot,,local,False,aucune
591f4e3e,CLI-00100,2026-06-08 00:00:00,109300.0,transfert_sortant,CLI-00272,local,False,aucune
0fc0d5a3,CLI-00457,2026-06-08 00:00:00,60500.0,transfert_entrant,CLI-00123,local,False,aucune
00ca74c7,CLI-00774,2026-06-08 00:00:00,31900.0,transfert_entrant,CLI-00418,local,False,aucune
8f3cd312,CLI-00556,2026-06-08 00:00:00,59600.0,retrait,,transfrontalier_sensible,False,aucune
87cf510c,CLI-00313,2026-06-08 00:00:00,44700.0,retrait,,local,False,aucune
93d4203b,CLI-00537,2026-06-08 00:00:00,153600.0,depot,,regional_uemoa,False,aucune
c6584db1,CLI-00429,2026-06-09 00:00:00,11500.0,transfert_entrant,CLI-00738,local,False,aucune
a346ed6e,CLI-00713,2026-06-09 00:00:00,198500.0,retrait,,regional_uemoa,False,aucune
b93ff5b9,CLI-00530,2026-06-09 00:00:00,76800.0,transfert_sortant,CLI-00274,local,False,aucune
c5b49c61,CLI-00594,2026-06-09 00:00:00,321500.0,transfert_entrant,CLI-00791,regional_uemoa,False,aucune
291894a6,CLI-00098,2026-06-09 00:00:00,24700.0,transfert_sortant,CLI-00090,local,False,aucune
bed7545a,CLI-00720,2026-06-09 00:00:00,16500.0,transfert_entrant,CLI-00721,regional_uemoa,False,aucune
7cd671a8,CLI-00124,2026-06-09 00:00:00,27900.0,depot,,local,False,aucune
f71d6a98,CLI-00405,2026-06-09 00:00:00,110900.0,retrait,,local,False,aucune
4b9bbad2,CLI-00167,2026-06-09 00:00:00,43400.0,transfert_sortant,CLI-00562,regional_uemoa,False,aucune
ac86adb7,CLI-00532,2026-06-09 00:00:00,84400.0,transfert_entrant,CLI-00437,local,False,aucune
0a82bacf,CLI-00460,2026-06-09 00:00:00,278300.0,depot,,local,False,aucune
0d28a90f,CLI-00001,2026-06-09 00:00:00,26200.0,transfert_entrant,CLI-00099,local,False,aucune
3e388a4a,CLI-00028,2026-06-09 00:00:00,30400.0,depot,,local,False,aucune
51a4a8c3,CLI-00078,2026-06-09 00:00:00,13600.0,retrait,,local,False,aucune
21caf60a,CLI-00119,2026-06-09 00:00:00,36600.0,retrait,,regional_uemoa,False,aucune
d1dbad82,CLI-00286,2026-06-09 00:00:00,96000.0,retrait,,local,False,aucune
2ca8d1bc,CLI-00027,2026-06-09 00:00:00,131800.0,depot,,local,False,aucune
047240bd,CLI-00005,2026-06-09 00:00:00,36900.0,retrait,,local,False,aucune
55d2ba14,CLI-00453,2026-06-09 00:00:00,48800.0,transfert_sortant,CLI-00499,local,False,aucune
6ba15ef9,CLI-00733,2026-06-09 00:00:00,5000.0,transfert_entrant,CLI-00640,local,False,aucune
267bf4dd,CLI-00440,2026-06-09 00:00:00,27600.0,depot,,local,False,aucune
6e168315,CLI-00439,2026-06-09 00:00:00,232500.0,transfert_sortant,CLI-00000,local,False,aucune
294cf43c,CLI-00045,2026-06-09 00:00:00,21100.0,retrait,,regional_uemoa,False,aucune
b942a3bc,CLI-00331,2026-06-09 00:00:00,52400.0,decaissement_credit,,local,False,aucune
75db963d,CLI-00226,2026-06-09 00:00:00,18900.0,retrait,,local,False,aucune
f49567bb,CLI-00032,2026-06-09 00:00:00,33100.0,decaissement_credit,,local,False,aucune
5874a3d6,CLI-00459,2026-06-09 00:00:00,39000.0,retrait,,regional_uemoa,False,aucune
0dbb94e5,CLI-00569,2026-06-09 00:00:00,25600.0,transfert_sortant,CLI-00083,local,False,aucune
3cc7acd8,CLI-00373,2026-06-09 00:00:00,34000.0,depot,,transfrontalier_sensible,False,aucune
77e833e4,CLI-00008,2026-06-09 00:00:00,944700.0,depot,,local,False,aucune
27f50b7e,CLI-00046,2026-06-09 00:00:00,29100.0,transfert_entrant,CLI-00202,transfrontalier_sensible,False,aucune
f67c9fb4,CLI-00125,2026-06-09 00:00:00,16500.0,transfert_sortant,CLI-00531,regional_uemoa,False,aucune
7ed413d5,CLI-00484,2026-06-09 00:00:00,80900.0,depot,,transfrontalier_sensible,False,aucune
eb45fe56,CLI-00075,2026-06-09 00:00:00,7900.0,transfert_sortant,CLI-00163,regional_uemoa,False,aucune
fdf02600,CLI-00208,2026-06-09 00:00:00,22700.0,transfert_entrant,CLI-00163,local,False,aucune
8e521014,CLI-00763,2026-06-09 00:00:00,33600.0,depot,,local,False,aucune
827f5d85,CLI-00193,2026-06-09 00:00:00,63900.0,depot,,local,False,aucune
6f2a055e,CLI-00703,2026-06-09 00:00:00,71900.0,retrait,,local,False,aucune
078b7d0a,CLI-00251,2026-06-09 00:00:00,11600.0,retrait,,local,False,aucune
83fb5668,CLI-00094,2026-06-09 00:00:00,54500.0,retrait,,local,False,aucune
b13fc6c4,CLI-00245,2026-06-09 00:00:00,137600.0,transfert_entrant,CLI-00006,local,False,aucune
ba75cc78,CLI-00399,2026-06-09 00:00:00,26000.0,transfert_entrant,CLI-00117,local,False,aucune
b2ad30d3,CLI-00136,2026-06-09 00:00:00,28600.0,retrait,,local,False,aucune
de0ecc53,CLI-00771,2026-06-09 00:00:00,58600.0,depot,,local,False,aucune
07938865,CLI-00714,2026-06-09 00:00:00,33200.0,depot,,local,False,aucune
1da8a4e6,CLI-00186,2026-06-09 00:00:00,7400.0,transfert_sortant,CLI-00769,local,False,aucune
98d7a61f,CLI-00142,2026-06-09 00:00:00,15900.0,retrait,,local,False,aucune
1958124d,CLI-00751,2026-06-09 00:00:00,17100.0,retrait,,transfrontalier_sensible,False,aucune
a18293c4,CLI-00669,2026-06-09 00:00:00,206000.0,transfert_sortant,CLI-00578,transfrontalier_sensible,False,aucune
077c2cbf,CLI-00372,2026-06-09 00:00:00,23600.0,remboursement_credit,,local,False,aucune
a0e41419,CLI-00013,2026-06-09 00:00:00,218100.0,depot,,local,False,aucune
6abb1686,CLI-00076,2026-06-09 00:00:00,76300.0,depot,,local,False,aucune
26bbbcc9,CLI-00263,2026-06-09 00:00:00,32800.0,retrait,,local,False,aucune
083ad375,CLI-00674,2026-06-09 00:00:00,78500.0,retrait,,local,False,aucune
3943a229,CLI-00779,2026-06-09 00:00:00,18500.0,depot,,local,False,aucune
a9ceaf38,CLI-00244,2026-06-09 00:00:00,166400.0,depot,,transfrontalier_sensible,False,aucune
01c196f7,CLI-00423,2026-06-09 00:00:00,8400.0,depot,,local,False,aucune
09ca8413,CLI-00691,2026-06-09 00:00:00,20400.0,depot,,regional_uemoa,False,aucune
c30f7d27,CLI-00586,2026-06-09 00:00:00,46700.0,remboursement_credit,,local,False,aucune
e4cb7c4d,CLI-00328,2026-06-09 00:00:00,11200.0,depot,,local,False,aucune
128badcf,CLI-00718,2026-06-09 00:00:00,341400.0,depot,,transfrontalier_sensible,False,aucune
fcc77c71,CLI-00236,2026-06-10 00:00:00,268200.0,decaissement_credit,,local,False,aucune
0bd6502b,CLI-00416,2026-06-10 00:00:00,175800.0,retrait,,local,False,aucune
c22d8a98,CLI-00554,2026-06-10 00:00:00,51600.0,remboursement_credit,,local,False,aucune
b6c39aba,CLI-00533,2026-06-10 00:00:00,8900.0,depot,,local,False,aucune
98724370,CLI-00403,2026-06-10 00:00:00,198200.0,transfert_sortant,CLI-00199,local,False,aucune
6ca680b8,CLI-00193,2026-06-10 00:00:00,5200.0,retrait,,regional_uemoa,False,aucune
627c9f8d,CLI-00182,2026-06-10 00:00:00,7500.0,remboursement_credit,,local,False,aucune
97699f6c,CLI-00610,2026-06-10 00:00:00,127200.0,retrait,,transfrontalier_sensible,False,aucune
09a95b9b,CLI-00147,2026-06-10 00:00:00,50000.0,retrait,,local,False,aucune
58dd15cc,CLI-00110,2026-06-10 00:00:00,46500.0,retrait,,local,False,aucune
317d15a5,CLI-00366,2026-06-10 00:00:00,51100.0,decaissement_credit,,local,False,aucune
08b89ebf,CLI-00431,2026-06-10 00:00:00,3500.0,decaissement_credit,,local,False,aucune
47cccd08,CLI-00671,2026-06-10 00:00:00,41500.0,depot,,local,False,aucune
fe6f0409,CLI-00632,2026-06-10 00:00:00,41300.0,depot,,local,False,aucune
d9961bae,CLI-00692,2026-06-10 00:00:00,13000.0,decaissement_credit,,transfrontalier_sensible,False,aucune
feb7110f,CLI-00630,2026-06-10 00:00:00,5000.0,transfert_sortant,CLI-00631,local,False,aucune
08aab9c3,CLI-00359,2026-06-10 00:00:00,32200.0,depot,,regional_uemoa,False,aucune
ad904bb7,CLI-00740,2026-06-10 00:00:00,21100.0,depot,,local,False,aucune
2a25ca09,CLI-00359,2026-06-10 00:00:00,18100.0,depot,,local,False,aucune
7a16af96,CLI-00171,2026-06-10 00:00:00,4800.0,retrait,,local,False,aucune
d3d066e0,CLI-00189,2026-06-10 00:00:00,198600.0,retrait,,regional_uemoa,False,aucune
c7db12ee,CLI-00158,2026-06-10 00:00:00,6900.0,transfert_sortant,CLI-00081,local,False,aucune
814b92cb,CLI-00329,2026-06-10 00:00:00,9500.0,transfert_entrant,CLI-00077,local,False,aucune
634d4eaf,CLI-00229,2026-06-10 00:00:00,93000.0,remboursement_credit,,local,False,aucune
f9f9f2e2,CLI-00514,2026-06-10 00:00:00,49000.0,retrait,,local,False,aucune
8e40ac10,CLI-00618,2026-06-10 00:00:00,115100.0,retrait,,local,False,aucune
aa8d6095,CLI-00465,2026-06-10 00:00:00,78700.0,retrait,,local,False,aucune
06b1b670,CLI-00112,2026-06-10 00:00:00,26400.0,depot,,local,False,aucune
fd077049,CLI-00641,2026-06-10 00:00:00,9400.0,depot,,local,False,aucune
36acf67e,CLI-00382,2026-06-10 00:00:00,30500.0,retrait,,local,False,aucune
421672ee,CLI-00064,2026-06-10 00:00:00,6600.0,transfert_sortant,CLI-00479,local,False,aucune
63f92690,CLI-00728,2026-06-10 00:00:00,5600.0,depot,,local,False,aucune
348278c2,CLI-00699,2026-06-10 00:00:00,42500.0,retrait,,local,False,aucune
4839c014,CLI-00653,2026-06-10 00:00:00,69700.0,depot,,regional_uemoa,False,aucune
a957abd1,CLI-00152,2026-06-10 00:00:00,27700.0,remboursement_credit,,local,False,aucune
568334b7,CLI-00773,2026-06-10 00:00:00,561400.0,transfert_sortant,CLI-00089,local,False,aucune
b2b5ac97,CLI-00318,2026-06-10 00:00:00,24100.0,retrait,,local,False,aucune
b1554185,CLI-00616,2026-06-10 00:00:00,26300.0,transfert_entrant,CLI-00729,local,False,aucune
2ba16535,CLI-00521,2026-06-10 00:00:00,152100.0,depot,,local,False,aucune
6bdbb25b,CLI-00100,2026-06-10 00:00:00,295700.0,retrait,,local,False,aucune
bba0d605,CLI-00719,2026-06-10 00:00:00,919600.0,retrait,,local,False,aucune
04066060,CLI-00152,2026-06-10 00:00:00,10000.0,decaissement_credit,,regional_uemoa,False,aucune
1a642f91,CLI-00168,2026-06-10 00:00:00,22400.0,retrait,,local,False,aucune
f846bf20,CLI-00522,2026-06-10 00:00:00,28200.0,depot,,regional_uemoa,False,aucune
b48e17ba,CLI-00496,2026-06-10 00:00:00,11100.0,transfert_sortant,CLI-00607,local,False,aucune
f3498e02,CLI-00683,2026-06-10 00:00:00,111700.0,transfert_sortant,CLI-00788,local,False,aucune
0af37d2e,CLI-00791,2026-06-10 00:00:00,18000.0,depot,,local,False,aucune
eb3df484,CLI-00386,2026-06-10 00:00:00,15100.0,depot,,regional_uemoa,False,aucune
3eea5ba0,CLI-00168,2026-06-10 00:00:00,34300.0,depot,,local,False,aucune
377cfe3a,CLI-00605,2026-06-10 00:00:00,126700.0,retrait,,local,False,aucune
a0157bab,CLI-00338,2026-06-10 00:00:00,58400.0,transfert_sortant,CLI-00485,regional_uemoa,False,aucune
a9779bcf,CLI-00130,2026-06-10 00:00:00,56700.0,transfert_entrant,CLI-00386,local,False,aucune
1b0a4623,CLI-00049,2026-06-10 00:00:00,600700.0,depot,,local,False,aucune
d943fdb6,CLI-00319,2026-06-10 00:00:00,516600.0,depot,,local,False,aucune
37300611,CLI-00490,2026-06-10 00:00:00,161000.0,decaissement_credit,,local,False,aucune
e7271f3a,CLI-00715,2026-06-10 00:00:00,45700.0,decaissement_credit,,local,False,aucune
3e97e792,CLI-00072,2026-06-10 00:00:00,31400.0,depot,,local,False,aucune
e1e44db4,CLI-00153,2026-06-11 00:00:00,95600.0,retrait,,local,False,aucune
2dbde3fc,CLI-00478,2026-06-11 00:00:00,103000.0,depot,,local,False,aucune
5e335a68,CLI-00565,2026-06-11 00:00:00,21600.0,transfert_sortant,CLI-00784,local,False,aucune
91a4e6b2,CLI-00043,2026-06-11 00:00:00,69500.0,depot,,local,False,aucune
d0c52893,CLI-00744,2026-06-11 00:00:00,98900.0,depot,,local,False,aucune
a16bf69b,CLI-00747,2026-06-11 00:00:00,20200.0,transfert_sortant,CLI-00239,local,False,aucune
bddd3186,CLI-00092,2026-06-11 00:00:00,124100.0,retrait,,local,False,aucune
38e38b17,CLI-00000,2026-06-11 00:00:00,40800.0,transfert_sortant,CLI-00433,local,False,aucune
aea0321e,CLI-00696,2026-06-11 00:00:00,22500.0,retrait,,local,False,aucune
3a1c665e,CLI-00007,2026-06-11 00:00:00,19700.0,depot,,regional_uemoa,False,aucune
265ec966,CLI-00358,2026-06-11 00:00:00,24900.0,remboursement_credit,,local,False,aucune
3af31115,CLI-00523,2026-06-11 00:00:00,119800.0,decaissement_credit,,local,False,aucune
e822de78,CLI-00719,2026-06-11 00:00:00,34200.0,depot,,local,False,aucune
23813979,CLI-00492,2026-06-11 00:00:00,49400.0,retrait,,local,False,aucune
ab13075e,CLI-00358,2026-06-11 00:00:00,54200.0,retrait,,local,False,aucune
d01887ad,CLI-00241,2026-06-11 00:00:00,162100.0,retrait,,local,False,aucune
8d8a66c9,CLI-00639,2026-06-11 00:00:00,11900.0,transfert_sortant,CLI-00444,regional_uemoa,False,aucune
caeb9216,CLI-00132,2026-06-11 00:00:00,174000.0,decaissement_credit,,local,False,aucune
cb92a9b8,CLI-00673,2026-06-11 00:00:00,45100.0,transfert_entrant,CLI-00005,local,False,aucune
fc3e39ee,CLI-00255,2026-06-11 00:00:00,51800.0,depot,,local,False,aucune
1ef64138,CLI-00339,2026-06-11 00:00:00,25700.0,depot,,local,False,aucune
b85c39b0,CLI-00714,2026-06-11 00:00:00,13300.0,retrait,,local,False,aucune
df7490ba,CLI-00586,2026-06-11 00:00:00,18000.0,depot,,local,False,aucune
7167a319,CLI-00214,2026-06-11 00:00:00,28700.0,depot,,local,False,aucune
c7097f84,CLI-00673,2026-06-11 00:00:00,60300.0,retrait,,regional_uemoa,False,aucune
5c38c9b9,CLI-00569,2026-06-11 00:00:00,848700.0,transfert_entrant,CLI-00470,local,False,aucune
4da49fe3,CLI-00542,2026-06-11 00:00:00,516400.0,retrait,,regional_uemoa,False,aucune
08519a70,CLI-00685,2026-06-11 00:00:00,143500.0,transfert_sortant,CLI-00085,local,False,aucune
16cc36c9,CLI-00051,2026-06-11 00:00:00,13700.0,retrait,,local,False,aucune
be1754e5,CLI-00793,2026-06-11 00:00:00,14200.0,transfert_sortant,CLI-00468,local,False,aucune
1bb9acda,CLI-00066,2026-06-11 00:00:00,5300.0,transfert_sortant,CLI-00640,local,False,aucune
cb60c405,CLI-00195,2026-06-11 00:00:00,104100.0,remboursement_credit,,regional_uemoa,False,aucune
f1e31da8,CLI-00731,2026-06-11 00:00:00,44400.0,retrait,,regional_uemoa,False,aucune
8162c808,CLI-00789,2026-06-11 00:00:00,11100.0,remboursement_credit,,local,False,aucune
2901d4b1,CLI-00078,2026-06-11 00:00:00,11900.0,transfert_sortant,CLI-00710,local,False,aucune
0dfe87c7,CLI-00699,2026-06-11 00:00:00,31500.0,depot,,regional_uemoa,False,aucune
e896d8f4,CLI-00137,2026-06-11 00:00:00,17700.0,retrait,,local,False,aucune
ec37f2e6,CLI-00595,2026-06-11 00:00:00,25200.0,transfert_sortant,CLI-00711,regional_uemoa,False,aucune
918f7941,CLI-00382,2026-06-11 00:00:00,134300.0,remboursement_credit,,local,False,aucune
f61a5623,CLI-00699,2026-06-11 00:00:00,37900.0,remboursement_credit,,local,False,aucune
16fc6ef2,CLI-00611,2026-06-11 00:00:00,101100.0,remboursement_credit,,local,False,aucune
e9dbd403,CLI-00107,2026-06-11 00:00:00,14300.0,transfert_entrant,CLI-00506,local,False,aucune
883f27a4,CLI-00595,2026-06-11 00:00:00,54500.0,transfert_entrant,CLI-00209,local,False,aucune
2e9423b2,CLI-00009,2026-06-11 00:00:00,17400.0,transfert_entrant,CLI-00468,local,False,aucune
d7753b83,CLI-00204,2026-06-11 00:00:00,32100.0,depot,,local,False,aucune
31b61c28,CLI-00697,2026-06-11 00:00:00,15400.0,retrait,,local,False,aucune
1de4a95e,CLI-00122,2026-06-11 00:00:00,14700.0,transfert_sortant,CLI-00251,transfrontalier_sensible,False,aucune
1819e833,CLI-00472,2026-06-11 00:00:00,16500.0,retrait,,local,False,aucune
aecfbf38,CLI-00324,2026-06-11 00:00:00,43100.0,transfert_sortant,CLI-00322,regional_uemoa,False,aucune
59f20774,CLI-00069,2026-06-11 00:00:00,8100.0,remboursement_credit,,local,False,aucune
0eaa1f98,CLI-00712,2026-06-11 00:00:00,42600.0,transfert_entrant,CLI-00642,local,False,aucune
cad99dcf,CLI-00788,2026-06-11 00:00:00,420800.0,retrait,,local,False,aucune
c8ed9c2d,CLI-00286,2026-06-11 00:00:00,23400.0,depot,,local,False,aucune
4e23f66f,CLI-00634,2026-06-11 00:00:00,74200.0,transfert_entrant,CLI-00638,local,False,aucune
8b7a6ab6,CLI-00032,2026-06-11 00:00:00,43900.0,transfert_entrant,CLI-00309,local,False,aucune
0abaa7cd,CLI-00314,2026-06-12 00:00:00,5800.0,depot,,local,False,aucune
04d379bc,CLI-00701,2026-06-12 00:00:00,26000.0,transfert_entrant,CLI-00679,regional_uemoa,False,aucune
d2597685,CLI-00303,2026-06-12 00:00:00,353300.0,transfert_entrant,CLI-00163,local,False,aucune
3a2cdec0,CLI-00507,2026-06-12 00:00:00,4100.0,depot,,local,False,aucune
3a0f1a0f,CLI-00504,2026-06-12 00:00:00,23500.0,transfert_entrant,CLI-00109,local,False,aucune
814c92ed,CLI-00691,2026-06-12 00:00:00,366500.0,depot,,local,False,aucune
3c8b3b7f,CLI-00161,2026-06-12 00:00:00,4000.0,retrait,,local,False,aucune
62f975e2,CLI-00187,2026-06-12 00:00:00,25600.0,transfert_entrant,CLI-00702,local,False,aucune
1b83e8bc,CLI-00039,2026-06-12 00:00:00,20900.0,depot,,regional_uemoa,False,aucune
23fa655b,CLI-00144,2026-06-12 00:00:00,37400.0,depot,,local,False,aucune
41db1174,CLI-00607,2026-06-12 00:00:00,54100.0,decaissement_credit,,local,False,aucune
692d0ebd,CLI-00143,2026-06-12 00:00:00,45400.0,remboursement_credit,,local,False,aucune
80846f6d,CLI-00472,2026-06-12 00:00:00,55400.0,depot,,local,False,aucune
634513d4,CLI-00627,2026-06-12 00:00:00,24700.0,depot,,local,False,aucune
e460b981,CLI-00420,2026-06-12 00:00:00,544100.0,retrait,,local,False,aucune
fec1cc73,CLI-00384,2026-06-12 00:00:00,17300.0,remboursement_credit,,local,False,aucune
d935cb54,CLI-00059,2026-06-12 00:00:00,54800.0,depot,,local,False,aucune
464da0a1,CLI-00603,2026-06-12 00:00:00,11900.0,transfert_sortant,CLI-00769,local,False,aucune
40beb58a,CLI-00372,2026-06-12 00:00:00,178400.0,transfert_sortant,CLI-00672,local,False,aucune
abe474ca,CLI-00431,2026-06-12 00:00:00,296100.0,depot,,local,False,aucune
ee9aa5e2,CLI-00597,2026-06-12 00:00:00,53900.0,retrait,,local,False,aucune
17c89ae4,CLI-00556,2026-06-12 00:00:00,157800.0,retrait,,local,False,aucune
86887d24,CLI-00317,2026-06-12 00:00:00,7800.0,depot,,local,False,aucune
8efe6ef1,CLI-00723,2026-06-12 00:00:00,20600.0,depot,,regional_uemoa,False,aucune
bde50279,CLI-00443,2026-06-12 00:00:00,333600.0,transfert_sortant,CLI-00243,local,False,aucune
871beaf7,CLI-00464,2026-06-12 00:00:00,5800.0,retrait,,local,False,aucune
3088adea,CLI-00057,2026-06-12 00:00:00,109600.0,retrait,,local,False,aucune
e8909678,CLI-00306,2026-06-12 00:00:00,11600.0,depot,,local,False,aucune
4524792a,CLI-00196,2026-06-12 00:00:00,58600.0,retrait,,regional_uemoa,False,aucune
577fce39,CLI-00316,2026-06-12 00:00:00,177300.0,transfert_entrant,CLI-00132,local,False,aucune
ec3159e4,CLI-00106,2026-06-12 00:00:00,48300.0,retrait,,local,False,aucune
3961cb81,CLI-00290,2026-06-12 00:00:00,11700.0,transfert_sortant,CLI-00212,local,False,aucune
7117be79,CLI-00439,2026-06-12 00:00:00,31700.0,remboursement_credit,,local,False,aucune
3078e4c3,CLI-00612,2026-06-12 00:00:00,109800.0,decaissement_credit,,local,False,aucune
12d14b61,CLI-00337,2026-06-12 00:00:00,96600.0,depot,,regional_uemoa,False,aucune
728a701f,CLI-00177,2026-06-12 00:00:00,37500.0,transfert_sortant,CLI-00528,local,False,aucune
310bd916,CLI-00152,2026-06-12 00:00:00,12700.0,transfert_sortant,CLI-00402,local,False,aucune
40d2400c,CLI-00231,2026-06-12 00:00:00,68900.0,remboursement_credit,,local,False,aucune
15eabd18,CLI-00092,2026-06-12 00:00:00,40500.0,retrait,,local,False,aucune
6674dd7b,CLI-00455,2026-06-12 00:00:00,66700.0,remboursement_credit,,local,False,aucune
959ec9d4,CLI-00529,2026-06-12 00:00:00,114500.0,depot,,local,False,aucune
8abafc87,CLI-00746,2026-06-12 00:00:00,88900.0,remboursement_credit,,local,False,aucune
499e8ae2,CLI-00311,2026-06-12 00:00:00,308700.0,depot,,regional_uemoa,False,aucune
28647538,CLI-00664,2026-06-12 00:00:00,28700.0,transfert_sortant,CLI-00033,local,False,aucune
36009ee1,CLI-00230,2026-06-12 00:00:00,168200.0,depot,,local,False,aucune
8e8832df,CLI-00236,2026-06-13 00:00:00,4300.0,transfert_entrant,CLI-00154,regional_uemoa,False,aucune
651a521f,CLI-00201,2026-06-13 00:00:00,85300.0,depot,,regional_uemoa,False,aucune
6744ad45,CLI-00532,2026-06-13 00:00:00,58300.0,retrait,,local,False,aucune
7519f388,CLI-00206,2026-06-13 00:00:00,30100.0,depot,,transfrontalier_sensible,False,aucune
30b6a950,CLI-00504,2026-06-13 00:00:00,68600.0,depot,,local,False,aucune
50be3d24,CLI-00448,2026-06-13 00:00:00,25300.0,transfert_entrant,CLI-00402,local,False,aucune
cc564951,CLI-00712,2026-06-13 00:00:00,717900.0,depot,,local,False,aucune
7f12d004,CLI-00436,2026-06-13 00:00:00,19100.0,decaissement_credit,,local,False,aucune
83c872bd,CLI-00726,2026-06-13 00:00:00,107900.0,transfert_sortant,CLI-00736,regional_uemoa,False,aucune
3d40d1b8,CLI-00753,2026-06-13 00:00:00,10200.0,transfert_entrant,CLI-00121,local,False,aucune
66f42f97,CLI-00662,2026-06-13 00:00:00,94600.0,remboursement_credit,,transfrontalier_sensible,False,aucune
7ee80418,CLI-00563,2026-06-13 00:00:00,216800.0,depot,,local,False,aucune
c37b36cc,CLI-00436,2026-06-13 00:00:00,36300.0,transfert_entrant,CLI-00794,local,False,aucune
c7e545f2,CLI-00469,2026-06-13 00:00:00,29800.0,depot,,local,False,aucune
7227e744,CLI-00521,2026-06-13 00:00:00,12800.0,retrait,,regional_uemoa,False,aucune
b296d111,CLI-00105,2026-06-13 00:00:00,27400.0,retrait,,regional_uemoa,False,aucune
eaae5eb0,CLI-00568,2026-06-13 00:00:00,62700.0,retrait,,local,False,aucune
d77df2d9,CLI-00133,2026-06-13 00:00:00,28000.0,depot,,local,False,aucune
41d6f6f0,CLI-00019,2026-06-13 00:00:00,27400.0,retrait,,local,False,aucune
fa094948,CLI-00486,2026-06-13 00:00:00,15200.0,retrait,,local,False,aucune
d528f5d7,CLI-00729,2026-06-13 00:00:00,24900.0,transfert_entrant,CLI-00188,local,False,aucune
c340ef6a,CLI-00713,2026-06-13 00:00:00,119400.0,transfert_sortant,CLI-00307,local,False,aucune
7a15358f,CLI-00720,2026-06-13 00:00:00,8100.0,transfert_sortant,CLI-00071,regional_uemoa,False,aucune
76ba3a2f,CLI-00236,2026-06-13 00:00:00,5200.0,retrait,,local,False,aucune
3a39f2cc,CLI-00731,2026-06-13 00:00:00,268600.0,retrait,,local,False,aucune
8c6096ea,CLI-00686,2026-06-13 00:00:00,13500.0,decaissement_credit,,local,False,aucune
73f4341a,CLI-00514,2026-06-13 00:00:00,38800.0,remboursement_credit,,local,False,aucune
8cf19030,CLI-00056,2026-06-13 00:00:00,50300.0,depot,,local,False,aucune
6a56bafd,CLI-00261,2026-06-13 00:00:00,133800.0,remboursement_credit,,local,False,aucune
4eccefe7,CLI-00062,2026-06-13 00:00:00,119200.0,retrait,,transfrontalier_sensible,False,aucune
b267875d,CLI-00006,2026-06-13 00:00:00,35600.0,retrait,,local,False,aucune
7986a4cf,CLI-00319,2026-06-13 00:00:00,18700.0,depot,,local,False,aucune
e4f82d7e,CLI-00551,2026-06-13 00:00:00,21300.0,retrait,,local,False,aucune
b55dfa8c,CLI-00161,2026-06-13 00:00:00,16400.0,depot,,local,False,aucune
af917613,CLI-00677,2026-06-13 00:00:00,138300.0,transfert_entrant,CLI-00749,local,False,aucune
a227dc49,CLI-00442,2026-06-13 00:00:00,129900.0,retrait,,regional_uemoa,False,aucune
53f6b31d,CLI-00765,2026-06-13 00:00:00,21500.0,transfert_entrant,CLI-00722,local,False,aucune
817fab71,CLI-00666,2026-06-13 00:00:00,10500.0,retrait,,transfrontalier_sensible,False,aucune
5b5411fe,CLI-00418,2026-06-13 00:00:00,71800.0,depot,,local,False,aucune
014fb680,CLI-00522,2026-06-13 00:00:00,28900.0,retrait,,local,False,aucune
39ba6327,CLI-00335,2026-06-13 00:00:00,66100.0,depot,,local,False,aucune
50af0839,CLI-00233,2026-06-13 00:00:00,35200.0,retrait,,local,False,aucune
ab0f2152,CLI-00367,2026-06-13 00:00:00,367500.0,remboursement_credit,,local,False,aucune
0aea93f2,CLI-00386,2026-06-13 00:00:00,455100.0,depot,,local,False,aucune
c8c368b4,CLI-00618,2026-06-13 00:00:00,320200.0,depot,,local,False,aucune
9867d6da,CLI-00150,2026-06-13 00:00:00,31300.0,transfert_entrant,CLI-00647,transfrontalier_sensible,False,aucune
2c8f2ac8,CLI-00122,2026-06-13 00:00:00,23100.0,depot,,local,False,aucune
fe923d96,CLI-00645,2026-06-13 00:00:00,40600.0,retrait,,local,False,aucune
5a0e30f0,CLI-00507,2026-06-13 00:00:00,28700.0,depot,,local,False,aucune
116d1d32,CLI-00618,2026-06-13 00:00:00,120700.0,transfert_sortant,CLI-00780,local,False,aucune
d5ffc894,CLI-00276,2026-06-13 00:00:00,69300.0,remboursement_credit,,regional_uemoa,False,aucune
732fb079,CLI-00204,2026-06-13 00:00:00,33000.0,transfert_sortant,CLI-00342,regional_uemoa,False,aucune
94045291,CLI-00509,2026-06-13 00:00:00,39700.0,transfert_entrant,CLI-00547,local,False,aucune
441eb1c6,CLI-00419,2026-06-13 00:00:00,145800.0,retrait,,local,False,aucune
14e0831f,CLI-00783,2026-06-13 00:00:00,46000.0,retrait,,local,False,aucune
593461b6,CLI-00672,2026-06-13 00:00:00,93200.0,depot,,local,False,aucune
50dd5026,CLI-00608,2026-06-13 00:00:00,85700.0,depot,,regional_uemoa,False,aucune
6bc2032d,CLI-00510,2026-06-13 00:00:00,128200.0,retrait,,local,False,aucune
a0a9fe2f,CLI-00418,2026-06-13 00:00:00,105300.0,decaissement_credit,,local,False,aucune
eba1e842,CLI-00470,2026-06-13 00:00:00,63600.0,transfert_sortant,CLI-00796,local,False,aucune
0854e8c4,CLI-00028,2026-06-13 00:00:00,8700.0,retrait,,local,False,aucune
6ef45a8e,CLI-00770,2026-06-13 00:00:00,95000.0,remboursement_credit,,local,False,aucune
7cf9b15b,CLI-00205,2026-06-14 00:00:00,33300.0,depot,,local,False,aucune
3a134e2e,CLI-00183,2026-06-14 00:00:00,3400.0,transfert_sortant,CLI-00716,local,False,aucune
434f5124,CLI-00498,2026-06-14 00:00:00,116900.0,depot,,local,False,aucune
f3dabca7,CLI-00124,2026-06-14 00:00:00,10300.0,retrait,,local,False,aucune
58bf5e01,CLI-00501,2026-06-14 00:00:00,32400.0,retrait,,local,False,aucune
244093df,CLI-00463,2026-06-14 00:00:00,33800.0,depot,,local,False,aucune
eecf9999,CLI-00045,2026-06-14 00:00:00,15600.0,remboursement_credit,,local,False,aucune
e1f59629,CLI-00148,2026-06-14 00:00:00,136600.0,retrait,,local,False,aucune
30a5458d,CLI-00566,2026-06-14 00:00:00,26800.0,retrait,,local,False,aucune
f20df256,CLI-00272,2026-06-14 00:00:00,2800.0,decaissement_credit,,local,False,aucune
11d1b4fc,CLI-00234,2026-06-14 00:00:00,43900.0,decaissement_credit,,local,False,aucune
60fc6ad5,CLI-00437,2026-06-14 00:00:00,326400.0,depot,,local,False,aucune
a44cc706,CLI-00236,2026-06-14 00:00:00,51700.0,depot,,regional_uemoa,False,aucune
84890277,CLI-00679,2026-06-14 00:00:00,23900.0,depot,,local,False,aucune
205bc9f8,CLI-00343,2026-06-14 00:00:00,10800.0,transfert_entrant,CLI-00086,local,False,aucune
562f7674,CLI-00109,2026-06-14 00:00:00,136400.0,retrait,,regional_uemoa,False,aucune
a299573d,CLI-00271,2026-06-14 00:00:00,60600.0,depot,,local,False,aucune
7ed354ee,CLI-00106,2026-06-14 00:00:00,91200.0,retrait,,regional_uemoa,False,aucune
1b90264d,CLI-00570,2026-06-14 00:00:00,35800.0,depot,,local,False,aucune
b2372bf8,CLI-00345,2026-06-14 00:00:00,23100.0,retrait,,local,False,aucune
fef7778e,CLI-00450,2026-06-14 00:00:00,25400.0,retrait,,local,False,aucune
1d7fe98b,CLI-00520,2026-06-14 00:00:00,19600.0,retrait,,local,False,aucune
7117aa48,CLI-00411,2026-06-14 00:00:00,127400.0,remboursement_credit,,regional_uemoa,False,aucune
a8f1bf09,CLI-00563,2026-06-14 00:00:00,7000.0,depot,,local,False,aucune
45d0c14f,CLI-00513,2026-06-14 00:00:00,18100.0,decaissement_credit,,local,False,aucune
7488635f,CLI-00024,2026-06-14 00:00:00,42200.0,retrait,,local,False,aucune
099df65a,CLI-00465,2026-06-14 00:00:00,37700.0,remboursement_credit,,regional_uemoa,False,aucune
93337788,CLI-00325,2026-06-14 00:00:00,55900.0,transfert_entrant,CLI-00044,local,False,aucune
2e81df6b,CLI-00657,2026-06-14 00:00:00,59200.0,retrait,,local,False,aucune
fd29796f,CLI-00639,2026-06-14 00:00:00,115300.0,depot,,local,False,aucune
51be217f,CLI-00750,2026-06-14 00:00:00,46400.0,transfert_sortant,CLI-00118,local,False,aucune
59d1f228,CLI-00350,2026-06-14 00:00:00,71500.0,depot,,local,False,aucune
7a5650c6,CLI-00418,2026-06-14 00:00:00,162800.0,retrait,,local,False,aucune
54366c22,CLI-00236,2026-06-14 00:00:00,18300.0,transfert_sortant,CLI-00356,local,False,aucune
e8c28dec,CLI-00239,2026-06-14 00:00:00,23000.0,retrait,,local,False,aucune
d68ae36d,CLI-00388,2026-06-14 00:00:00,34100.0,decaissement_credit,,local,False,aucune
4978e269,CLI-00524,2026-06-14 00:00:00,22400.0,transfert_sortant,CLI-00743,local,False,aucune
5e0b545f,CLI-00200,2026-06-14 00:00:00,60600.0,remboursement_credit,,local,False,aucune
4a7b4ff2,CLI-00622,2026-06-14 00:00:00,23300.0,depot,,local,False,aucune
86b26ee1,CLI-00233,2026-06-14 00:00:00,43800.0,depot,,local,False,aucune
07089f66,CLI-00700,2026-06-14 00:00:00,192900.0,depot,,local,False,aucune
1c7edf9d,CLI-00755,2026-06-14 00:00:00,181000.0,retrait,,local,False,aucune
62e832cc,CLI-00355,2026-06-14 00:00:00,33100.0,transfert_entrant,CLI-00168,local,False,aucune
b8a2914d,CLI-00416,2026-06-14 00:00:00,192200.0,retrait,,regional_uemoa,False,aucune
191fe5c6,CLI-00598,2026-06-14 00:00:00,112900.0,remboursement_credit,,local,False,aucune
ed062a50,CLI-00360,2026-06-14 00:00:00,100900.0,transfert_sortant,CLI-00706,local,False,aucune
bdc9b5e2,CLI-00551,2026-06-15 00:00:00,146900.0,depot,,local,False,aucune
ba1f8ef1,CLI-00494,2026-06-15 00:00:00,70000.0,remboursement_credit,,local,False,aucune
5ffb0b98,CLI-00495,2026-06-15 00:00:00,26900.0,retrait,,local,False,aucune
78409411,CLI-00600,2026-06-15 00:00:00,183300.0,retrait,,local,False,aucune
8d7de9c7,CLI-00499,2026-06-15 00:00:00,203600.0,depot,,local,False,aucune
48d9867f,CLI-00345,2026-06-15 00:00:00,35800.0,retrait,,local,False,aucune
71634ae1,CLI-00262,2026-06-15 00:00:00,19700.0,retrait,,local,False,aucune
7371c7e8,CLI-00534,2026-06-15 00:00:00,16600.0,transfert_sortant,CLI-00579,local,False,aucune
a5bb93cc,CLI-00385,2026-06-15 00:00:00,248900.0,depot,,local,False,aucune
f22f765a,CLI-00438,2026-06-15 00:00:00,8400.0,retrait,,local,False,aucune
0632526b,CLI-00134,2026-06-15 00:00:00,148000.0,depot,,regional_uemoa,False,aucune
8efbe52a,CLI-00563,2026-06-15 00:00:00,140300.0,depot,,local,False,aucune
f32f85d0,CLI-00595,2026-06-15 00:00:00,5900.0,depot,,local,False,aucune
55234efc,CLI-00364,2026-06-15 00:00:00,25400.0,depot,,local,False,aucune
500ce2d1,CLI-00773,2026-06-15 00:00:00,73900.0,retrait,,regional_uemoa,False,aucune
1c02c0ac,CLI-00543,2026-06-15 00:00:00,19500.0,transfert_entrant,CLI-00664,local,False,aucune
6d6a8dd0,CLI-00532,2026-06-15 00:00:00,15300.0,retrait,,transfrontalier_sensible,False,aucune
6e3b7d3b,CLI-00699,2026-06-15 00:00:00,34500.0,depot,,local,False,aucune
5ef36710,CLI-00185,2026-06-15 00:00:00,189100.0,remboursement_credit,,local,False,aucune
94a162b4,CLI-00173,2026-06-15 00:00:00,101100.0,depot,,local,False,aucune
8d39e315,CLI-00164,2026-06-15 00:00:00,68900.0,transfert_sortant,CLI-00505,local,False,aucune
8cc4440d,CLI-00610,2026-06-15 00:00:00,5600.0,retrait,,local,False,aucune
6d3c7115,CLI-00043,2026-06-15 00:00:00,13400.0,decaissement_credit,,local,False,aucune
7474b442,CLI-00464,2026-06-15 00:00:00,61600.0,transfert_sortant,CLI-00699,local,False,aucune
01d93d37,CLI-00670,2026-06-15 00:00:00,518800.0,retrait,,local,False,aucune
08845ded,CLI-00324,2026-06-15 00:00:00,39600.0,remboursement_credit,,local,False,aucune
2a0f465d,CLI-00610,2026-06-15 00:00:00,51900.0,retrait,,local,False,aucune
5f01a042,CLI-00003,2026-06-15 00:00:00,87200.0,depot,,regional_uemoa,False,aucune
054993b2,CLI-00003,2026-06-15 00:00:00,20400.0,depot,,local,False,aucune
673e4663,CLI-00270,2026-06-15 00:00:00,31200.0,transfert_entrant,CLI-00496,local,False,aucune
dbf95de4,CLI-00166,2026-06-15 00:00:00,58700.0,decaissement_credit,,transfrontalier_sensible,False,aucune
6b5d59a7,CLI-00558,2026-06-15 00:00:00,75600.0,remboursement_credit,,local,False,aucune
b5f748a2,CLI-00013,2026-06-15 00:00:00,49300.0,retrait,,regional_uemoa,False,aucune
0826a5c1,CLI-00036,2026-06-15 00:00:00,34100.0,remboursement_credit,,local,False,aucune
a893827b,CLI-00131,2026-06-15 00:00:00,58900.0,retrait,,local,False,aucune
18553dd8,CLI-00273,2026-06-15 00:00:00,267900.0,remboursement_credit,,local,False,aucune
401b666a,CLI-00234,2026-06-15 00:00:00,13200.0,retrait,,transfrontalier_sensible,False,aucune
af8f664c,CLI-00546,2026-06-15 00:00:00,18900.0,depot,,local,False,aucune
e72626c6,CLI-00610,2026-06-15 00:00:00,38600.0,transfert_entrant,CLI-00012,local,False,aucune
63ee56dc,CLI-00639,2026-06-15 00:00:00,529000.0,decaissement_credit,,local,False,aucune
e74ad8c7,CLI-00667,2026-06-15 00:00:00,28700.0,depot,,local,False,aucune
a31857af,CLI-00343,2026-06-15 00:00:00,164000.0,depot,,local,False,aucune
4ca5362f,CLI-00516,2026-06-15 00:00:00,21800.0,decaissement_credit,,local,False,aucune
2dfa5b8f,CLI-00380,2026-06-15 00:00:00,18600.0,decaissement_credit,,transfrontalier_sensible,False,aucune
7851fab2,CLI-00466,2026-06-15 00:00:00,9100.0,depot,,local,False,aucune
0dab7887,CLI-00095,2026-06-15 00:00:00,19300.0,remboursement_credit,,local,False,aucune
59fc97ad,CLI-00379,2026-06-15 00:00:00,64800.0,remboursement_credit,,local,False,aucune
4b08dbf4,CLI-00152,2026-06-15 00:00:00,34100.0,depot,,local,False,aucune
97171f73,CLI-00516,2026-06-15 00:00:00,18500.0,retrait,,local,False,aucune
8aab6f3b,CLI-00193,2026-06-15 00:00:00,375200.0,remboursement_credit,,regional_uemoa,False,aucune
3f46fe6a,CLI-00538,2026-06-15 00:00:00,30600.0,transfert_sortant,CLI-00025,local,False,aucune
b5f2302f,CLI-00417,2026-06-15 00:00:00,21300.0,decaissement_credit,,local,False,aucune
96c3d41f,CLI-00706,2026-06-15 00:00:00,28100.0,decaissement_credit,,local,False,aucune
b1eea2e0,CLI-00720,2026-06-15 00:00:00,203900.0,remboursement_credit,,local,False,aucune
c53ff7b0,CLI-00733,2026-06-15 00:00:00,74600.0,remboursement_credit,,local,False,aucune
6eb8adf5,CLI-00417,2026-06-15 00:00:00,105100.0,retrait,,local,False,aucune
1730ef5c,CLI-00733,2026-06-15 00:00:00,103700.0,retrait,,local,False,aucune
19a63700,CLI-00249,2026-06-15 00:00:00,136300.0,remboursement_credit,,transfrontalier_sensible,False,aucune
f835014c,CLI-00798,2026-06-15 00:00:00,76500.0,retrait,,local,False,aucune
e6fb7bee,CLI-00221,2026-06-16 00:00:00,48000.0,transfert_entrant,CLI-00204,regional_uemoa,False,aucune
7edd1621,CLI-00071,2026-06-16 00:00:00,22300.0,depot,,local,False,aucune
d1aa85e3,CLI-00490,2026-06-16 00:00:00,30000.0,depot,,local,False,aucune
760f9eb5,CLI-00490,2026-06-16 00:00:00,57700.0,depot,,regional_uemoa,False,aucune
4190a61d,CLI-00259,2026-06-16 00:00:00,30200.0,depot,,local,False,aucune
c75c7839,CLI-00115,2026-06-16 00:00:00,29200.0,depot,,local,False,aucune
bbeda695,CLI-00600,2026-06-16 00:00:00,13100.0,remboursement_credit,,local,False,aucune
e467d1ea,CLI-00338,2026-06-16 00:00:00,153000.0,decaissement_credit,,local,False,aucune
1799723f,CLI-00245,2026-06-16 00:00:00,557500.0,retrait,,local,False,aucune
c079d26b,CLI-00719,2026-06-16 00:00:00,70600.0,depot,,local,False,aucune
51c61709,CLI-00217,2026-06-16 00:00:00,77900.0,retrait,,local,False,aucune
1160897a,CLI-00569,2026-06-16 00:00:00,30600.0,retrait,,regional_uemoa,False,aucune
65f625ee,CLI-00655,2026-06-16 00:00:00,198200.0,depot,,local,False,aucune
4b8fafe2,CLI-00129,2026-06-16 00:00:00,1700.0,retrait,,local,False,aucune
a1acac37,CLI-00132,2026-06-16 00:00:00,82800.0,transfert_sortant,CLI-00340,local,False,aucune
ef562651,CLI-00493,2026-06-16 00:00:00,24700.0,depot,,regional_uemoa,False,aucune
8d91782d,CLI-00008,2026-06-16 00:00:00,21000.0,transfert_sortant,CLI-00776,transfrontalier_sensible,False,aucune
49a44670,CLI-00488,2026-06-16 00:00:00,40700.0,depot,,local,False,aucune
7339d543,CLI-00521,2026-06-16 00:00:00,27400.0,depot,,local,False,aucune
78e7276f,CLI-00062,2026-06-16 00:00:00,41000.0,transfert_entrant,CLI-00455,local,False,aucune
c9fbcee4,CLI-00709,2026-06-16 00:00:00,144200.0,retrait,,local,False,aucune
6851e021,CLI-00566,2026-06-16 00:00:00,98700.0,decaissement_credit,,transfrontalier_sensible,False,aucune
bc0bcb2d,CLI-00418,2026-06-16 00:00:00,13000.0,depot,,local,False,aucune
1bf462d0,CLI-00155,2026-06-16 00:00:00,13500.0,depot,,local,False,aucune
09209490,CLI-00645,2026-06-16 00:00:00,39000.0,depot,,local,False,aucune
23095afe,CLI-00430,2026-06-16 00:00:00,31100.0,depot,,local,False,aucune
613a5931,CLI-00205,2026-06-16 00:00:00,59700.0,remboursement_credit,,local,False,aucune
373194e1,CLI-00202,2026-06-16 00:00:00,155000.0,retrait,,local,False,aucune
c56f0925,CLI-00305,2026-06-16 00:00:00,34500.0,depot,,local,False,aucune
8d077044,CLI-00561,2026-06-16 00:00:00,44900.0,remboursement_credit,,local,False,aucune
403cc049,CLI-00333,2026-06-16 00:00:00,8600.0,transfert_sortant,CLI-00274,local,False,aucune
35e4fed2,CLI-00170,2026-06-16 00:00:00,8600.0,remboursement_credit,,local,False,aucune
ee858b47,CLI-00501,2026-06-16 00:00:00,81000.0,depot,,local,False,aucune
01780866,CLI-00035,2026-06-16 00:00:00,86600.0,depot,,local,False,aucune
b4e7a8b1,CLI-00405,2026-06-16 00:00:00,35200.0,decaissement_credit,,local,False,aucune
237b3d3d,CLI-00670,2026-06-16 00:00:00,54100.0,remboursement_credit,,local,False,aucune
54b9d929,CLI-00554,2026-06-16 00:00:00,33400.0,transfert_sortant,CLI-00697,local,False,aucune
6f6c6713,CLI-00378,2026-06-16 00:00:00,28300.0,transfert_entrant,CLI-00751,local,False,aucune
62bd1842,CLI-00356,2026-06-16 00:00:00,121300.0,retrait,,local,False,aucune
017ef99a,CLI-00561,2026-06-16 00:00:00,31800.0,retrait,,local,False,aucune
a2994885,CLI-00799,2026-06-16 00:00:00,44400.0,depot,,regional_uemoa,False,aucune
2688a053,CLI-00442,2026-06-16 00:00:00,111800.0,transfert_sortant,CLI-00281,local,False,aucune
e0e625d0,CLI-00334,2026-06-16 00:00:00,392800.0,depot,,local,False,aucune
c299d410,CLI-00295,2026-06-16 00:00:00,212500.0,depot,,local,False,aucune
c9d91d22,CLI-00136,2026-06-16 00:00:00,274500.0,retrait,,local,False,aucune
1c922d0b,CLI-00410,2026-06-16 00:00:00,67200.0,transfert_sortant,CLI-00572,local,False,aucune
aac06218,CLI-00520,2026-06-16 00:00:00,58900.0,retrait,,local,False,aucune
750b8410,CLI-00181,2026-06-16 00:00:00,20500.0,depot,,local,False,aucune
8357fea6,CLI-00195,2026-06-16 00:00:00,24400.0,transfert_entrant,CLI-00064,local,False,aucune
84e8bf9e,CLI-00423,2026-06-16 00:00:00,46900.0,transfert_sortant,CLI-00518,local,False,aucune
f8fc6108,CLI-00784,2026-06-16 00:00:00,16400.0,retrait,,local,False,aucune
cfc6b8c4,CLI-00050,2026-06-16 00:00:00,57700.0,remboursement_credit,,local,False,aucune
975baa34,CLI-00079,2026-06-16 00:00:00,557200.0,transfert_sortant,CLI-00529,local,False,aucune
2db48d03,CLI-00251,2026-06-16 00:00:00,20000.0,retrait,,local,False,aucune
22481e67,CLI-00228,2026-06-16 00:00:00,185600.0,remboursement_credit,,local,False,aucune
59583e7f,CLI-00574,2026-06-16 00:00:00,213300.0,remboursement_credit,,local,False,aucune
47bad6ff,CLI-00023,2026-06-17 00:00:00,420400.0,decaissement_credit,,local,False,aucune
0528c7cc,CLI-00794,2026-06-17 00:00:00,47500.0,transfert_entrant,CLI-00406,local,False,aucune
d4798028,CLI-00099,2026-06-17 00:00:00,39400.0,depot,,transfrontalier_sensible,False,aucune
e38e53b4,CLI-00715,2026-06-17 00:00:00,76800.0,retrait,,local,False,aucune
8404fba4,CLI-00198,2026-06-17 00:00:00,77300.0,transfert_sortant,CLI-00473,local,False,aucune
37574e94,CLI-00509,2026-06-17 00:00:00,53800.0,depot,,local,False,aucune
3309ec98,CLI-00752,2026-06-17 00:00:00,140500.0,depot,,local,False,aucune
3a22dd40,CLI-00506,2026-06-17 00:00:00,54200.0,retrait,,regional_uemoa,False,aucune
909c1fd0,CLI-00692,2026-06-17 00:00:00,40600.0,transfert_entrant,CLI-00307,local,False,aucune
e0e51426,CLI-00105,2026-06-17 00:00:00,44600.0,retrait,,local,False,aucune
0130f2c8,CLI-00513,2026-06-17 00:00:00,6300.0,remboursement_credit,,local,False,aucune
bdb7b132,CLI-00644,2026-06-17 00:00:00,11200.0,depot,,local,False,aucune
5d4a5ac2,CLI-00524,2026-06-17 00:00:00,24600.0,retrait,,local,False,aucune
dd35d841,CLI-00566,2026-06-17 00:00:00,61000.0,retrait,,local,False,aucune
37bced54,CLI-00783,2026-06-17 00:00:00,83800.0,decaissement_credit,,local,False,aucune
c79631b5,CLI-00782,2026-06-17 00:00:00,49200.0,depot,,regional_uemoa,False,aucune
1126b8f6,CLI-00567,2026-06-17 00:00:00,30700.0,depot,,transfrontalier_sensible,False,aucune
582d6b79,CLI-00366,2026-06-17 00:00:00,19500.0,retrait,,regional_uemoa,False,aucune
9a6cf375,CLI-00582,2026-06-17 00:00:00,76800.0,remboursement_credit,,local,False,aucune
2813a853,CLI-00099,2026-06-17 00:00:00,7600.0,depot,,local,False,aucune
a8c06cae,CLI-00306,2026-06-17 00:00:00,21500.0,depot,,local,False,aucune
41f41363,CLI-00591,2026-06-17 00:00:00,24600.0,depot,,local,False,aucune
f34adfb2,CLI-00559,2026-06-17 00:00:00,13000.0,depot,,local,False,aucune
081e1be1,CLI-00617,2026-06-17 00:00:00,75400.0,depot,,local,False,aucune
6fbee604,CLI-00548,2026-06-17 00:00:00,20100.0,decaissement_credit,,local,False,aucune
1cf0c9fe,CLI-00469,2026-06-17 00:00:00,23400.0,depot,,local,False,aucune
de9c85a6,CLI-00535,2026-06-17 00:00:00,131200.0,transfert_entrant,CLI-00698,local,False,aucune
1d1fcd96,CLI-00487,2026-06-17 00:00:00,5200.0,depot,,local,False,aucune
b9882e00,CLI-00774,2026-06-17 00:00:00,167100.0,decaissement_credit,,transfrontalier_sensible,False,aucune
9c993686,CLI-00181,2026-06-17 00:00:00,51300.0,transfert_entrant,CLI-00296,local,False,aucune
f24025f5,CLI-00481,2026-06-17 00:00:00,208400.0,depot,,local,False,aucune
fe597e60,CLI-00776,2026-06-17 00:00:00,33300.0,transfert_entrant,CLI-00212,local,False,aucune
244aefea,CLI-00460,2026-06-17 00:00:00,176200.0,depot,,local,False,aucune
a686cb40,CLI-00217,2026-06-17 00:00:00,10100.0,remboursement_credit,,local,False,aucune
0a7edbeb,CLI-00170,2026-06-17 00:00:00,168900.0,retrait,,local,False,aucune
8b747beb,CLI-00437,2026-06-17 00:00:00,129300.0,depot,,local,False,aucune
30837e91,CLI-00194,2026-06-17 00:00:00,80100.0,retrait,,local,False,aucune
2738096b,CLI-00628,2026-06-17 00:00:00,10200.0,transfert_entrant,CLI-00119,local,False,aucune
abc0196a,CLI-00780,2026-06-17 00:00:00,330700.0,transfert_sortant,CLI-00461,regional_uemoa,False,aucune
e593a9a2,CLI-00429,2026-06-17 00:00:00,100100.0,depot,,regional_uemoa,False,aucune
70993603,CLI-00400,2026-06-17 00:00:00,60100.0,decaissement_credit,,transfrontalier_sensible,False,aucune
26c0d7eb,CLI-00478,2026-06-17 00:00:00,20300.0,remboursement_credit,,local,False,aucune
32fd543c,CLI-00163,2026-06-17 00:00:00,39700.0,depot,,regional_uemoa,False,aucune
f9c3d4d3,CLI-00577,2026-06-17 00:00:00,32000.0,depot,,regional_uemoa,False,aucune
0cb6fe65,CLI-00653,2026-06-17 00:00:00,85700.0,depot,,local,False,aucune
6704ef25,CLI-00129,2026-06-17 00:00:00,58600.0,depot,,local,False,aucune
2e9b676a,CLI-00591,2026-06-17 00:00:00,93400.0,depot,,regional_uemoa,False,aucune
ad9fdbc1,CLI-00416,2026-06-18 00:00:00,32800.0,transfert_entrant,CLI-00246,local,False,aucune
fdde8445,CLI-00128,2026-06-18 00:00:00,153700.0,transfert_sortant,CLI-00301,local,False,aucune
37e1dd2f,CLI-00243,2026-06-18 00:00:00,35600.0,remboursement_credit,,local,False,aucune
1c206978,CLI-00539,2026-06-18 00:00:00,64600.0,retrait,,local,False,aucune
83906b1b,CLI-00695,2026-06-18 00:00:00,307700.0,depot,,local,False,aucune
a7b56ac7,CLI-00401,2026-06-18 00:00:00,27100.0,transfert_sortant,CLI-00194,transfrontalier_sensible,False,aucune
5e8cf03d,CLI-00305,2026-06-18 00:00:00,45900.0,decaissement_credit,,regional_uemoa,False,aucune
64e7e24a,CLI-00614,2026-06-18 00:00:00,7000.0,transfert_sortant,CLI-00544,local,False,aucune
e5d909a7,CLI-00544,2026-06-18 00:00:00,52100.0,depot,,transfrontalier_sensible,False,aucune
e1841058,CLI-00309,2026-06-18 00:00:00,9300.0,retrait,,local,False,aucune
ba7bf1b2,CLI-00315,2026-06-18 00:00:00,59900.0,depot,,local,False,aucune
f29f92da,CLI-00501,2026-06-18 00:00:00,79500.0,retrait,,local,False,aucune
4dbcbb00,CLI-00750,2026-06-18 00:00:00,41400.0,transfert_sortant,CLI-00779,local,False,aucune
3f152305,CLI-00667,2026-06-18 00:00:00,41600.0,depot,,local,False,aucune
6f713bf5,CLI-00529,2026-06-18 00:00:00,24400.0,retrait,,local,False,aucune
deb03ebb,CLI-00729,2026-06-18 00:00:00,157200.0,retrait,,local,False,aucune
9a55a52d,CLI-00170,2026-06-18 00:00:00,54200.0,depot,,local,False,aucune
a45574b6,CLI-00156,2026-06-18 00:00:00,7700.0,transfert_sortant,CLI-00203,local,False,aucune
1f7c92d3,CLI-00593,2026-06-18 00:00:00,52200.0,decaissement_credit,,transfrontalier_sensible,False,aucune
fca21449,CLI-00380,2026-06-18 00:00:00,198800.0,transfert_sortant,CLI-00010,local,False,aucune
52bf9996,CLI-00626,2026-06-18 00:00:00,29600.0,transfert_entrant,CLI-00635,local,False,aucune
9b91cd23,CLI-00633,2026-06-18 00:00:00,44300.0,remboursement_credit,,local,False,aucune
9979fada,CLI-00104,2026-06-18 00:00:00,53800.0,remboursement_credit,,local,False,aucune
d022786a,CLI-00386,2026-06-18 00:00:00,15900.0,retrait,,local,False,aucune
283fa66e,CLI-00228,2026-06-18 00:00:00,49500.0,retrait,,regional_uemoa,False,aucune
a207370e,CLI-00463,2026-06-18 00:00:00,36600.0,transfert_entrant,CLI-00167,local,False,aucune
8149ecc8,CLI-00725,2026-06-18 00:00:00,119600.0,retrait,,local,False,aucune
2cfa40da,CLI-00462,2026-06-18 00:00:00,68900.0,retrait,,local,False,aucune
a3da0ff0,CLI-00585,2026-06-18 00:00:00,78800.0,decaissement_credit,,local,False,aucune
59174f7a,CLI-00170,2026-06-18 00:00:00,9900.0,retrait,,regional_uemoa,False,aucune
2e5da280,CLI-00018,2026-06-18 00:00:00,21000.0,transfert_entrant,CLI-00764,local,False,aucune
351c68ff,CLI-00641,2026-06-18 00:00:00,18700.0,retrait,,local,False,aucune
f1b1e4c5,CLI-00392,2026-06-18 00:00:00,58100.0,retrait,,local,False,aucune
89f54f46,CLI-00178,2026-06-18 00:00:00,7900.0,depot,,local,False,aucune
48667370,CLI-00622,2026-06-18 00:00:00,21000.0,depot,,local,False,aucune
616b3966,CLI-00152,2026-06-18 00:00:00,205500.0,depot,,local,False,aucune
82635862,CLI-00178,2026-06-18 00:00:00,32900.0,depot,,local,False,aucune
a1d4355c,CLI-00622,2026-06-18 00:00:00,55600.0,decaissement_credit,,local,False,aucune
b78309f2,CLI-00378,2026-06-18 00:00:00,5400.0,remboursement_credit,,local,False,aucune
1196fcb1,CLI-00255,2026-06-18 00:00:00,67100.0,depot,,local,False,aucune
843f1a45,CLI-00440,2026-06-18 00:00:00,57700.0,transfert_sortant,CLI-00264,local,False,aucune
e35ae0af,CLI-00789,2026-06-18 00:00:00,239800.0,depot,,local,False,aucune
bed62338,CLI-00180,2026-06-18 00:00:00,9800.0,transfert_sortant,CLI-00652,transfrontalier_sensible,False,aucune
a27c1d3c,CLI-00595,2026-06-18 00:00:00,14600.0,retrait,,local,False,aucune
49e68463,CLI-00441,2026-06-18 00:00:00,149600.0,retrait,,local,False,aucune
d7580fe6,CLI-00602,2026-06-18 00:00:00,73300.0,retrait,,local,False,aucune
d38e5831,CLI-00324,2026-06-18 00:00:00,35500.0,transfert_entrant,CLI-00001,local,False,aucune
7fe654f2,CLI-00293,2026-06-18 00:00:00,68400.0,transfert_entrant,CLI-00281,local,False,aucune
6c8b9be8,CLI-00571,2026-06-18 00:00:00,40800.0,depot,,local,False,aucune
2276bf68,CLI-00236,2026-06-19 00:00:00,9200.0,transfert_entrant,CLI-00021,local,False,aucune
31aa3a5a,CLI-00531,2026-06-19 00:00:00,45900.0,transfert_entrant,CLI-00008,local,False,aucune
d68a57e6,CLI-00739,2026-06-19 00:00:00,197300.0,retrait,,local,False,aucune
c1af1e7a,CLI-00484,2026-06-19 00:00:00,39200.0,depot,,regional_uemoa,False,aucune
57e4385e,CLI-00321,2026-06-19 00:00:00,47200.0,transfert_sortant,CLI-00412,local,False,aucune
0279d19f,CLI-00431,2026-06-19 00:00:00,57000.0,remboursement_credit,,local,False,aucune
3afa8d3d,CLI-00367,2026-06-19 00:00:00,301500.0,remboursement_credit,,regional_uemoa,False,aucune
7b7a0e2f,CLI-00324,2026-06-19 00:00:00,19700.0,retrait,,local,False,aucune
e756d474,CLI-00252,2026-06-19 00:00:00,811500.0,remboursement_credit,,local,False,aucune
67930605,CLI-00588,2026-06-19 00:00:00,128800.0,depot,,transfrontalier_sensible,False,aucune
61baca15,CLI-00785,2026-06-19 00:00:00,525500.0,depot,,local,False,aucune
224f55f5,CLI-00398,2026-06-19 00:00:00,38100.0,remboursement_credit,,local,False,aucune
74422a6f,CLI-00247,2026-06-19 00:00:00,269400.0,retrait,,local,False,aucune
016a3163,CLI-00565,2026-06-19 00:00:00,18100.0,remboursement_credit,,transfrontalier_sensible,False,aucune
3078ea9f,CLI-00649,2026-06-19 00:00:00,97600.0,depot,,local,False,aucune
7d036ff7,CLI-00767,2026-06-19 00:00:00,64800.0,decaissement_credit,,local,False,aucune
1180b517,CLI-00029,2026-06-19 00:00:00,50600.0,retrait,,local,False,aucune
ee382f3a,CLI-00661,2026-06-19 00:00:00,325000.0,transfert_entrant,CLI-00386,local,False,aucune
936a84da,CLI-00528,2026-06-19 00:00:00,34400.0,depot,,regional_uemoa,False,aucune
82c5580b,CLI-00310,2026-06-19 00:00:00,40300.0,transfert_sortant,CLI-00625,local,False,aucune
357ec266,CLI-00352,2026-06-19 00:00:00,92700.0,retrait,,local,False,aucune
30d27c98,CLI-00754,2026-06-19 00:00:00,172800.0,decaissement_credit,,local,False,aucune
2b47ccc4,CLI-00618,2026-06-19 00:00:00,112200.0,retrait,,local,False,aucune
24e3d0b8,CLI-00204,2026-06-19 00:00:00,48400.0,retrait,,regional_uemoa,False,aucune
9b3bcfa3,CLI-00514,2026-06-19 00:00:00,14700.0,retrait,,local,False,aucune
6d452625,CLI-00700,2026-06-19 00:00:00,10500.0,depot,,regional_uemoa,False,aucune
2dad694e,CLI-00228,2026-06-19 00:00:00,52800.0,depot,,local,False,aucune
c1054373,CLI-00002,2026-06-19 00:00:00,10900.0,depot,,local,False,aucune
df481bb9,CLI-00433,2026-06-19 00:00:00,11400.0,depot,,local,False,aucune
d516d875,CLI-00296,2026-06-19 00:00:00,23500.0,transfert_sortant,CLI-00180,local,False,aucune
f8aa19d0,CLI-00296,2026-06-19 00:00:00,215900.0,retrait,,local,False,aucune
211d0bc5,CLI-00228,2026-06-19 00:00:00,27400.0,retrait,,local,False,aucune
77f8c0f5,CLI-00557,2026-06-19 00:00:00,224500.0,depot,,local,False,aucune
0ad43eb6,CLI-00613,2026-06-19 00:00:00,132400.0,retrait,,local,False,aucune
265ad833,CLI-00083,2026-06-19 00:00:00,400.0,depot,,regional_uemoa,False,aucune
730311f7,CLI-00043,2026-06-19 00:00:00,34400.0,depot,,local,False,aucune
9d72fb0a,CLI-00159,2026-06-19 00:00:00,130000.0,retrait,,local,False,aucune
877c0298,CLI-00600,2026-06-19 00:00:00,33700.0,retrait,,local,False,aucune
06b18a67,CLI-00167,2026-06-19 00:00:00,44500.0,transfert_sortant,CLI-00050,regional_uemoa,False,aucune
fab9d3c4,CLI-00451,2026-06-19 00:00:00,25200.0,depot,,local,False,aucune
fb9ba5c5,CLI-00128,2026-06-19 00:00:00,102300.0,retrait,,local,False,aucune
0a41b215,CLI-00209,2026-06-19 00:00:00,92500.0,retrait,,local,False,aucune
3e00716f,CLI-00197,2026-06-19 00:00:00,30300.0,depot,,transfrontalier_sensible,False,aucune
ac50c9c2,CLI-00259,2026-06-19 00:00:00,25600.0,remboursement_credit,,regional_uemoa,False,aucune
a3216828,CLI-00385,2026-06-19 00:00:00,68000.0,depot,,regional_uemoa,False,aucune
dc4a35d3,CLI-00095,2026-06-19 00:00:00,445100.0,transfert_sortant,CLI-00565,local,False,aucune
ec0351fb,CLI-00383,2026-06-19 00:00:00,44800.0,depot,,local,False,aucune
d29d3b91,CLI-00419,2026-06-19 00:00:00,60900.0,retrait,,local,False,aucune
6b1ace18,CLI-00709,2026-06-19 00:00:00,2400.0,depot,,local,False,aucune
3bfc1f80,CLI-00627,2026-06-19 00:00:00,44900.0,depot,,local,False,aucune
793930b8,CLI-00303,2026-06-19 00:00:00,78800.0,depot,,local,False,aucune
ad5b0b7b,CLI-00471,2026-06-19 00:00:00,68900.0,retrait,,local,False,aucune
66ecc49d,CLI-00444,2026-06-19 00:00:00,92200.0,retrait,,local,False,aucune
e2c9e112,CLI-00491,2026-06-19 00:00:00,20800.0,retrait,,local,False,aucune
649525a7,CLI-00623,2026-06-19 00:00:00,184500.0,transfert_sortant,CLI-00550,local,False,aucune
c2ad9e64,CLI-00319,2026-06-19 00:00:00,51200.0,retrait,,local,False,aucune
e26565cb,CLI-00151,2026-06-20 00:00:00,23200.0,retrait,,local,False,aucune
366a6ac4,CLI-00229,2026-06-20 00:00:00,127900.0,retrait,,transfrontalier_sensible,False,aucune
12725ca1,CLI-00178,2026-06-20 00:00:00,116600.0,retrait,,local,False,aucune
aefde69a,CLI-00008,2026-06-20 00:00:00,59900.0,transfert_sortant,CLI-00078,regional_uemoa,False,aucune
d0c5a189,CLI-00721,2026-06-20 00:00:00,24100.0,transfert_entrant,CLI-00190,regional_uemoa,False,aucune
21498399,CLI-00446,2026-06-20 00:00:00,28100.0,transfert_entrant,CLI-00614,local,False,aucune
afe11e8d,CLI-00473,2026-06-20 00:00:00,219800.0,decaissement_credit,,transfrontalier_sensible,False,aucune
737ecad7,CLI-00281,2026-06-20 00:00:00,59000.0,depot,,transfrontalier_sensible,False,aucune
8b87070e,CLI-00412,2026-06-20 00:00:00,6900.0,remboursement_credit,,regional_uemoa,False,aucune
a7f533aa,CLI-00568,2026-06-20 00:00:00,261400.0,decaissement_credit,,regional_uemoa,False,aucune
754b3a02,CLI-00662,2026-06-20 00:00:00,32600.0,remboursement_credit,,local,False,aucune
72e4181d,CLI-00225,2026-06-20 00:00:00,34800.0,depot,,local,False,aucune
d5b5b89f,CLI-00199,2026-06-20 00:00:00,15300.0,depot,,local,False,aucune
ddd62f7d,CLI-00624,2026-06-20 00:00:00,54100.0,retrait,,local,False,aucune
fff97b70,CLI-00056,2026-06-20 00:00:00,210000.0,depot,,local,False,aucune
ad39a96f,CLI-00720,2026-06-20 00:00:00,27900.0,retrait,,local,False,aucune
79070858,CLI-00686,2026-06-20 00:00:00,32400.0,depot,,local,False,aucune
d33e46af,CLI-00767,2026-06-20 00:00:00,16400.0,transfert_entrant,CLI-00626,local,False,aucune
602a9627,CLI-00170,2026-06-20 00:00:00,3500.0,depot,,regional_uemoa,False,aucune
6ac99266,CLI-00459,2026-06-20 00:00:00,48900.0,transfert_entrant,CLI-00006,local,False,aucune
0ad7aedb,CLI-00057,2026-06-20 00:00:00,290000.0,transfert_sortant,CLI-00681,regional_uemoa,False,aucune
05bc578b,CLI-00181,2026-06-20 00:00:00,5900.0,depot,,local,False,aucune
7d885832,CLI-00520,2026-06-20 00:00:00,205000.0,retrait,,local,False,aucune
f1d202a5,CLI-00335,2026-06-20 00:00:00,47500.0,transfert_sortant,CLI-00490,local,False,aucune
4a39c222,CLI-00341,2026-06-20 00:00:00,51200.0,depot,,local,False,aucune
1affc674,CLI-00149,2026-06-20 00:00:00,62500.0,transfert_entrant,CLI-00766,local,False,aucune
25cea54a,CLI-00133,2026-06-20 00:00:00,29400.0,depot,,local,False,aucune
e4ab9c41,CLI-00214,2026-06-20 00:00:00,101100.0,transfert_entrant,CLI-00171,local,False,aucune
b2341a38,CLI-00263,2026-06-20 00:00:00,88500.0,transfert_entrant,CLI-00715,local,False,aucune
a6569a2c,CLI-00265,2026-06-20 00:00:00,133400.0,depot,,regional_uemoa,False,aucune
fa46ae88,CLI-00075,2026-06-20 00:00:00,58500.0,transfert_entrant,CLI-00217,local,False,aucune
e1de9c11,CLI-00566,2026-06-20 00:00:00,38300.0,remboursement_credit,,regional_uemoa,False,aucune
93955d7d,CLI-00047,2026-06-20 00:00:00,6500.0,depot,,local,False,aucune
04bfe907,CLI-00047,2026-06-20 00:00:00,155400.0,depot,,local,False,aucune
273b1f6b,CLI-00487,2026-06-20 00:00:00,119200.0,retrait,,local,False,aucune
923fa799,CLI-00075,2026-06-20 00:00:00,107100.0,remboursement_credit,,transfrontalier_sensible,False,aucune
a96b6d09,CLI-00658,2026-06-20 00:00:00,13500.0,depot,,regional_uemoa,False,aucune
4306da47,CLI-00402,2026-06-20 00:00:00,218200.0,remboursement_credit,,local,False,aucune
ad57c4b8,CLI-00040,2026-06-20 00:00:00,27600.0,transfert_entrant,CLI-00412,local,False,aucune
10bf0bf4,CLI-00692,2026-06-20 00:00:00,3500.0,depot,,local,False,aucune
d713e4f6,CLI-00237,2026-06-20 00:00:00,33200.0,depot,,local,False,aucune
6ec72655,CLI-00318,2026-06-20 00:00:00,152400.0,remboursement_credit,,local,False,aucune
9b6e1986,CLI-00551,2026-06-20 00:00:00,4900.0,transfert_entrant,CLI-00580,local,False,aucune
68006e86,CLI-00479,2026-06-20 00:00:00,4900.0,retrait,,local,False,aucune
9bd88dcc,CLI-00038,2026-06-20 00:00:00,5400.0,depot,,regional_uemoa,False,aucune
ea305675,CLI-00053,2026-06-20 00:00:00,49600.0,transfert_sortant,CLI-00778,local,False,aucune
45fc4d08,CLI-00670,2026-06-20 00:00:00,68400.0,transfert_sortant,CLI-00307,local,False,aucune
e98fa8b7,CLI-00301,2026-06-20 00:00:00,193500.0,transfert_sortant,CLI-00506,transfrontalier_sensible,False,aucune
46651666,CLI-00784,2026-06-20 00:00:00,606400.0,retrait,,regional_uemoa,False,aucune
9295b885,CLI-00233,2026-06-20 00:00:00,10300.0,retrait,,local,False,aucune
e30b2045,CLI-00014,2026-06-20 00:00:00,169800.0,retrait,,regional_uemoa,False,aucune
d964a758,CLI-00053,2026-06-20 00:00:00,26800.0,retrait,,local,False,aucune
8dcf96bd,CLI-00145,2026-06-20 00:00:00,19000.0,retrait,,local,False,aucune
a79ae9ec,CLI-00247,2026-06-20 00:00:00,24100.0,transfert_entrant,CLI-00511,local,False,aucune
c7058e92,CLI-00418,2026-06-21 00:00:00,31700.0,transfert_sortant,CLI-00203,local,False,aucune
4c66159c,CLI-00210,2026-06-21 00:00:00,25900.0,retrait,,local,False,aucune
cbaa290c,CLI-00441,2026-06-21 00:00:00,265300.0,transfert_entrant,CLI-00361,local,False,aucune
f9544645,CLI-00655,2026-06-21 00:00:00,202700.0,depot,,transfrontalier_sensible,False,aucune
7b796e98,CLI-00113,2026-06-21 00:00:00,168400.0,retrait,,local,False,aucune
b7d3110f,CLI-00120,2026-06-21 00:00:00,21000.0,depot,,local,False,aucune
b5d6d834,CLI-00665,2026-06-21 00:00:00,40300.0,depot,,regional_uemoa,False,aucune
c92eaa42,CLI-00665,2026-06-21 00:00:00,13200.0,depot,,local,False,aucune
fd48d8ab,CLI-00433,2026-06-21 00:00:00,37300.0,depot,,local,False,aucune
b08fd443,CLI-00207,2026-06-21 00:00:00,6300.0,retrait,,local,False,aucune
c20205e2,CLI-00473,2026-06-21 00:00:00,13900.0,remboursement_credit,,local,False,aucune
14bff668,CLI-00448,2026-06-21 00:00:00,79000.0,remboursement_credit,,local,False,aucune
7e014919,CLI-00649,2026-06-21 00:00:00,11000.0,transfert_sortant,CLI-00636,regional_uemoa,False,aucune
6dfce2b0,CLI-00209,2026-06-21 00:00:00,81300.0,remboursement_credit,,local,False,aucune
94a288a2,CLI-00078,2026-06-21 00:00:00,43100.0,retrait,,local,False,aucune
31e4e634,CLI-00081,2026-06-21 00:00:00,67700.0,retrait,,local,False,aucune
a85bbee2,CLI-00648,2026-06-21 00:00:00,17900.0,depot,,local,False,aucune
744da4f7,CLI-00414,2026-06-21 00:00:00,60800.0,transfert_entrant,CLI-00240,local,False,aucune
eba1fd0d,CLI-00417,2026-06-21 00:00:00,42300.0,remboursement_credit,,local,False,aucune
c7bdab49,CLI-00164,2026-06-21 00:00:00,60200.0,retrait,,local,False,aucune
73615267,CLI-00136,2026-06-21 00:00:00,33500.0,retrait,,local,False,aucune
f5dfec0c,CLI-00694,2026-06-21 00:00:00,160200.0,transfert_entrant,CLI-00444,local,False,aucune
93a81ea5,CLI-00488,2026-06-21 00:00:00,20100.0,retrait,,local,False,aucune
bb261c5a,CLI-00172,2026-06-21 00:00:00,113600.0,transfert_entrant,CLI-00643,regional_uemoa,False,aucune
04716cae,CLI-00555,2026-06-21 00:00:00,113700.0,depot,,local,False,aucune
0b0f77a6,CLI-00554,2026-06-21 00:00:00,242400.0,decaissement_credit,,local,False,aucune
4e3543d2,CLI-00509,2026-06-21 00:00:00,28700.0,retrait,,local,False,aucune
903fa949,CLI-00535,2026-06-21 00:00:00,12100.0,depot,,local,False,aucune
3ed2a0b4,CLI-00791,2026-06-21 00:00:00,28100.0,transfert_entrant,CLI-00693,local,False,aucune
9f325d94,CLI-00744,2026-06-21 00:00:00,16900.0,transfert_sortant,CLI-00421,regional_uemoa,False,aucune
91331adb,CLI-00393,2026-06-21 00:00:00,12800.0,depot,,local,False,aucune
51a36b73,CLI-00271,2026-06-21 00:00:00,16100.0,remboursement_credit,,local,False,aucune
80a526bf,CLI-00701,2026-06-21 00:00:00,10600.0,retrait,,regional_uemoa,False,aucune
9beaae81,CLI-00782,2026-06-21 00:00:00,27800.0,remboursement_credit,,local,False,aucune
a51f4d8c,CLI-00754,2026-06-21 00:00:00,102900.0,transfert_sortant,CLI-00330,local,False,aucune
0b2756f9,CLI-00069,2026-06-21 00:00:00,85800.0,remboursement_credit,,regional_uemoa,False,aucune
990850e6,CLI-00143,2026-06-21 00:00:00,15100.0,retrait,,local,False,aucune
b24f8d55,CLI-00050,2026-06-21 00:00:00,161600.0,transfert_entrant,CLI-00440,regional_uemoa,False,aucune
6c6d95bd,CLI-00164,2026-06-21 00:00:00,7700.0,depot,,local,False,aucune
56f85627,CLI-00192,2026-06-21 00:00:00,12100.0,retrait,,local,False,aucune
f945504b,CLI-00545,2026-06-21 00:00:00,63600.0,transfert_sortant,CLI-00176,local,False,aucune
8d9fcde3,CLI-00375,2026-06-21 00:00:00,134500.0,retrait,,local,False,aucune
467ba583,CLI-00590,2026-06-21 00:00:00,16500.0,depot,,local,False,aucune
157e1a6e,CLI-00538,2026-06-21 00:00:00,126300.0,transfert_sortant,CLI-00695,local,False,aucune
4ae67752,CLI-00378,2026-06-21 00:00:00,132400.0,depot,,local,False,aucune
9de758ed,CLI-00548,2026-06-21 00:00:00,32100.0,retrait,,regional_uemoa,False,aucune
e790722d,CLI-00191,2026-06-21 00:00:00,24000.0,retrait,,local,False,aucune
bb8c190e,CLI-00482,2026-06-21 00:00:00,24700.0,depot,,local,False,aucune
e1511d51,CLI-00559,2026-06-21 00:00:00,7000.0,remboursement_credit,,local,False,aucune
6ddd0294,CLI-00356,2026-06-22 00:00:00,27800.0,retrait,,local,False,aucune
812a58c9,CLI-00669,2026-06-22 00:00:00,54600.0,depot,,regional_uemoa,False,aucune
147a1d53,CLI-00760,2026-06-22 00:00:00,503000.0,depot,,local,False,aucune
b0d0963c,CLI-00512,2026-06-22 00:00:00,27500.0,decaissement_credit,,regional_uemoa,False,aucune
6c8510af,CLI-00754,2026-06-22 00:00:00,11700.0,retrait,,regional_uemoa,False,aucune
1e88be91,CLI-00077,2026-06-22 00:00:00,41900.0,decaissement_credit,,local,False,aucune
f6649624,CLI-00392,2026-06-22 00:00:00,1500.0,retrait,,local,False,aucune
d0341b3c,CLI-00518,2026-06-22 00:00:00,43500.0,depot,,local,False,aucune
dda98db1,CLI-00361,2026-06-22 00:00:00,120300.0,depot,,transfrontalier_sensible,False,aucune
e017252b,CLI-00461,2026-06-22 00:00:00,209300.0,decaissement_credit,,local,False,aucune
b69862fc,CLI-00720,2026-06-22 00:00:00,53700.0,decaissement_credit,,local,False,aucune
9a0bb98b,CLI-00282,2026-06-22 00:00:00,169600.0,depot,,local,False,aucune
fb36c1a8,CLI-00576,2026-06-22 00:00:00,59400.0,transfert_entrant,CLI-00588,local,False,aucune
a4748ace,CLI-00365,2026-06-22 00:00:00,92500.0,depot,,local,False,aucune
b8fc41d4,CLI-00110,2026-06-22 00:00:00,41900.0,retrait,,local,False,aucune
15f2a5b5,CLI-00080,2026-06-22 00:00:00,109400.0,transfert_sortant,CLI-00697,local,False,aucune
8833aa82,CLI-00678,2026-06-22 00:00:00,44900.0,transfert_sortant,CLI-00173,local,False,aucune
ff2cf067,CLI-00591,2026-06-22 00:00:00,13400.0,transfert_entrant,CLI-00508,regional_uemoa,False,aucune
127a2013,CLI-00134,2026-06-22 00:00:00,84700.0,retrait,,local,False,aucune
b8a88f6c,CLI-00596,2026-06-22 00:00:00,43200.0,retrait,,local,False,aucune
504f53d0,CLI-00676,2026-06-22 00:00:00,1026900.0,transfert_sortant,CLI-00470,local,False,aucune
3b71e1b5,CLI-00213,2026-06-22 00:00:00,40400.0,retrait,,local,False,aucune
b3711119,CLI-00747,2026-06-22 00:00:00,25000.0,depot,,local,False,aucune
733deac3,CLI-00430,2026-06-22 00:00:00,79700.0,transfert_sortant,CLI-00581,local,False,aucune
704a0d40,CLI-00258,2026-06-22 00:00:00,44000.0,transfert_sortant,CLI-00666,local,False,aucune
5e1da785,CLI-00198,2026-06-22 00:00:00,46900.0,depot,,local,False,aucune
f4f40f24,CLI-00494,2026-06-22 00:00:00,64500.0,transfert_sortant,CLI-00543,regional_uemoa,False,aucune
d1d61d12,CLI-00365,2026-06-22 00:00:00,31400.0,depot,,local,False,aucune
28f1bca5,CLI-00187,2026-06-22 00:00:00,13200.0,depot,,local,False,aucune
5cdbad7f,CLI-00145,2026-06-22 00:00:00,102000.0,depot,,local,False,aucune
d0f9dd54,CLI-00272,2026-06-22 00:00:00,27800.0,depot,,local,False,aucune
6bceb693,CLI-00598,2026-06-22 00:00:00,9000.0,retrait,,local,False,aucune
f1dd9f12,CLI-00636,2026-06-22 00:00:00,105600.0,depot,,regional_uemoa,False,aucune
c7523312,CLI-00414,2026-06-22 00:00:00,46000.0,transfert_sortant,CLI-00673,local,False,aucune
c2682e40,CLI-00180,2026-06-22 00:00:00,6500.0,depot,,local,False,aucune
b2193d86,CLI-00485,2026-06-22 00:00:00,352000.0,depot,,local,False,aucune
caa32d2d,CLI-00324,2026-06-22 00:00:00,52200.0,depot,,regional_uemoa,False,aucune
8c3cf250,CLI-00791,2026-06-22 00:00:00,24200.0,retrait,,local,False,aucune
a24e7a1b,CLI-00227,2026-06-22 00:00:00,182400.0,transfert_sortant,CLI-00639,local,False,aucune
a59e9047,CLI-00226,2026-06-22 00:00:00,4900.0,depot,,local,False,aucune
f0d1d3d8,CLI-00612,2026-06-22 00:00:00,67800.0,transfert_sortant,CLI-00396,regional_uemoa,False,aucune
b550717d,CLI-00447,2026-06-22 00:00:00,159100.0,transfert_sortant,CLI-00343,local,False,aucune
85468eb8,CLI-00173,2026-06-22 00:00:00,89200.0,depot,,local,False,aucune
c3721745,CLI-00613,2026-06-22 00:00:00,106900.0,depot,,transfrontalier_sensible,False,aucune
93dc59ce,CLI-00222,2026-06-22 00:00:00,40400.0,transfert_entrant,CLI-00404,local,False,aucune
8daef786,CLI-00647,2026-06-22 00:00:00,47200.0,transfert_sortant,CLI-00780,local,False,aucune
5b3faa30,CLI-00121,2026-06-22 00:00:00,156200.0,remboursement_credit,,regional_uemoa,False,aucune
d631bd20,CLI-00313,2026-06-22 00:00:00,739400.0,remboursement_credit,,local,False,aucune
60d90737,CLI-00166,2026-06-22 00:00:00,17000.0,remboursement_credit,,local,False,aucune
20be5b2c,CLI-00616,2026-06-22 00:00:00,11300.0,remboursement_credit,,regional_uemoa,False,aucune
d5fa7efc,CLI-00205,2026-06-22 00:00:00,27700.0,transfert_entrant,CLI-00660,local,False,aucune
74222af3,CLI-00303,2026-06-22 00:00:00,20700.0,retrait,,local,False,aucune
ab90844d,CLI-00019,2026-06-22 00:00:00,300500.0,retrait,,regional_uemoa,False,aucune
31eb612f,CLI-00326,2026-06-22 00:00:00,31900.0,decaissement_credit,,regional_uemoa,False,aucune
ae6dfa26,CLI-00664,2026-06-22 00:00:00,22000.0,retrait,,local,False,aucune
37579d62,CLI-00639,2026-06-22 00:00:00,58300.0,retrait,,local,False,aucune
266ed83e,CLI-00525,2026-06-22 00:00:00,25700.0,depot,,local,False,aucune
0d0fd948,CLI-00342,2026-06-22 00:00:00,24400.0,retrait,,local,False,aucune
f6bac347,CLI-00179,2026-06-22 00:00:00,20800.0,remboursement_credit,,local,False,aucune
c7887174,CLI-00061,2026-06-22 00:00:00,14400.0,depot,,local,False,aucune
e99086f0,CLI-00767,2026-06-22 00:00:00,55100.0,depot,,local,False,aucune
6f0e4793,CLI-00564,2026-06-22 00:00:00,94200.0,depot,,regional_uemoa,False,aucune
6ada6016,CLI-00092,2026-06-22 00:00:00,65900.0,retrait,,local,False,aucune
5c563105,CLI-00458,2026-06-22 00:00:00,78000.0,retrait,,regional_uemoa,False,aucune
89828446,CLI-00769,2026-06-22 00:00:00,105900.0,retrait,,local,False,aucune
fd4fa7a4,CLI-00436,2026-06-23 00:00:00,57200.0,depot,,local,False,aucune
4271a984,CLI-00108,2026-06-23 00:00:00,29100.0,transfert_sortant,CLI-00481,local,False,aucune
325555b4,CLI-00654,2026-06-23 00:00:00,165700.0,remboursement_credit,,local,False,aucune
4f161087,CLI-00665,2026-06-23 00:00:00,21500.0,transfert_entrant,CLI-00515,local,False,aucune
97e1f24e,CLI-00460,2026-06-23 00:00:00,454200.0,depot,,local,False,aucune
7f247654,CLI-00732,2026-06-23 00:00:00,21300.0,retrait,,local,False,aucune
e84973ee,CLI-00466,2026-06-23 00:00:00,40400.0,transfert_entrant,CLI-00736,regional_uemoa,False,aucune
03068213,CLI-00459,2026-06-23 00:00:00,66700.0,depot,,local,False,aucune
f67e33a7,CLI-00627,2026-06-23 00:00:00,68200.0,remboursement_credit,,local,False,aucune
65533a93,CLI-00194,2026-06-23 00:00:00,38900.0,decaissement_credit,,local,False,aucune
0fd46c45,CLI-00100,2026-06-23 00:00:00,33900.0,decaissement_credit,,local,False,aucune
d0b39dbf,CLI-00537,2026-06-23 00:00:00,41700.0,remboursement_credit,,regional_uemoa,False,aucune
8da90041,CLI-00229,2026-06-23 00:00:00,359000.0,transfert_entrant,CLI-00436,regional_uemoa,False,aucune
a822661d,CLI-00551,2026-06-23 00:00:00,99400.0,depot,,local,False,aucune
3a90dd4d,CLI-00581,2026-06-23 00:00:00,23600.0,depot,,local,False,aucune
53465331,CLI-00435,2026-06-23 00:00:00,55000.0,transfert_sortant,CLI-00774,local,False,aucune
c4704eb9,CLI-00146,2026-06-23 00:00:00,13300.0,depot,,transfrontalier_sensible,False,aucune
ad228db8,CLI-00455,2026-06-23 00:00:00,73200.0,transfert_sortant,CLI-00562,regional_uemoa,False,aucune
ea1e9711,CLI-00233,2026-06-23 00:00:00,9200.0,depot,,regional_uemoa,False,aucune
bb1e9ee3,CLI-00659,2026-06-23 00:00:00,67800.0,depot,,local,False,aucune
a5436d3c,CLI-00783,2026-06-23 00:00:00,22400.0,retrait,,local,False,aucune
8a93136e,CLI-00646,2026-06-23 00:00:00,33900.0,remboursement_credit,,regional_uemoa,False,aucune
f42c6919,CLI-00783,2026-06-23 00:00:00,81700.0,remboursement_credit,,local,False,aucune
ee4d9baf,CLI-00261,2026-06-23 00:00:00,59400.0,depot,,regional_uemoa,False,aucune
f61cf64f,CLI-00217,2026-06-23 00:00:00,52700.0,retrait,,local,False,aucune
65e6f399,CLI-00321,2026-06-23 00:00:00,17800.0,remboursement_credit,,local,False,aucune
66c0e8bf,CLI-00672,2026-06-23 00:00:00,54800.0,remboursement_credit,,local,False,aucune
fcea0960,CLI-00789,2026-06-23 00:00:00,21600.0,retrait,,local,False,aucune
55294c58,CLI-00336,2026-06-23 00:00:00,58500.0,retrait,,local,False,aucune
5714285f,CLI-00630,2026-06-23 00:00:00,34400.0,depot,,local,False,aucune
f98a0f66,CLI-00784,2026-06-23 00:00:00,47800.0,remboursement_credit,,local,False,aucune
77c02ca6,CLI-00507,2026-06-23 00:00:00,30400.0,decaissement_credit,,local,False,aucune
b3d0d1ad,CLI-00650,2026-06-23 00:00:00,30600.0,depot,,local,False,aucune
93f06c45,CLI-00477,2026-06-23 00:00:00,11300.0,transfert_entrant,CLI-00197,local,False,aucune
c849ed83,CLI-00597,2026-06-23 00:00:00,115700.0,decaissement_credit,,local,False,aucune
342559c2,CLI-00202,2026-06-23 00:00:00,28200.0,depot,,local,False,aucune
ff8cfe00,CLI-00224,2026-06-23 00:00:00,12900.0,decaissement_credit,,local,False,aucune
98b01778,CLI-00124,2026-06-23 00:00:00,91800.0,transfert_sortant,CLI-00505,local,False,aucune
7fd2d02c,CLI-00704,2026-06-23 00:00:00,378300.0,transfert_sortant,CLI-00193,local,False,aucune
296b95b0,CLI-00260,2026-06-23 00:00:00,42200.0,transfert_entrant,CLI-00293,local,False,aucune
e9446d76,CLI-00055,2026-06-23 00:00:00,59300.0,retrait,,local,False,aucune
0d5f729f,CLI-00133,2026-06-23 00:00:00,22500.0,transfert_entrant,CLI-00020,local,False,aucune
dc8c9186,CLI-00599,2026-06-23 00:00:00,7400.0,retrait,,regional_uemoa,False,aucune
282d861e,CLI-00597,2026-06-23 00:00:00,45000.0,depot,,regional_uemoa,False,aucune
4ce7bef4,CLI-00704,2026-06-23 00:00:00,54500.0,depot,,local,False,aucune
bc97a69b,CLI-00195,2026-06-23 00:00:00,66900.0,retrait,,local,False,aucune
658b1584,CLI-00477,2026-06-23 00:00:00,55200.0,retrait,,local,False,aucune
e08af588,CLI-00194,2026-06-23 00:00:00,10300.0,depot,,regional_uemoa,False,aucune
6565d424,CLI-00058,2026-06-23 00:00:00,16500.0,depot,,local,False,aucune
bb2c6439,CLI-00603,2026-06-23 00:00:00,57700.0,depot,,local,False,aucune
113cd4d7,CLI-00070,2026-06-23 00:00:00,8900.0,depot,,local,False,aucune
f694bafe,CLI-00396,2026-06-23 00:00:00,47800.0,retrait,,transfrontalier_sensible,False,aucune
3e235bf4,CLI-00388,2026-06-24 00:00:00,9000.0,retrait,,local,False,aucune
271e350f,CLI-00036,2026-06-24 00:00:00,420800.0,retrait,,local,False,aucune
1b8bb0d5,CLI-00391,2026-06-24 00:00:00,122800.0,remboursement_credit,,local,False,aucune
7d0d3909,CLI-00474,2026-06-24 00:00:00,171500.0,retrait,,local,False,aucune
853e9bae,CLI-00584,2026-06-24 00:00:00,120500.0,remboursement_credit,,regional_uemoa,False,aucune
58d2c986,CLI-00419,2026-06-24 00:00:00,143300.0,retrait,,local,False,aucune
66b219b9,CLI-00120,2026-06-24 00:00:00,41000.0,remboursement_credit,,regional_uemoa,False,aucune
41cc8b9a,CLI-00257,2026-06-24 00:00:00,47100.0,remboursement_credit,,local,False,aucune
5bf78c53,CLI-00197,2026-06-24 00:00:00,56300.0,transfert_sortant,CLI-00075,regional_uemoa,False,aucune
3d7f8126,CLI-00038,2026-06-24 00:00:00,8900.0,transfert_entrant,CLI-00199,regional_uemoa,False,aucune
e3500bb1,CLI-00291,2026-06-24 00:00:00,49500.0,depot,,local,False,aucune
fd6310ae,CLI-00227,2026-06-24 00:00:00,32900.0,transfert_entrant,CLI-00564,local,False,aucune
987b3f11,CLI-00356,2026-06-24 00:00:00,14000.0,depot,,local,False,aucune
37812a2d,CLI-00057,2026-06-24 00:00:00,311700.0,transfert_entrant,CLI-00322,local,False,aucune
942b71a1,CLI-00705,2026-06-24 00:00:00,184800.0,depot,,local,False,aucune
944c44e3,CLI-00329,2026-06-24 00:00:00,16700.0,retrait,,local,False,aucune
7dff6a2b,CLI-00602,2026-06-24 00:00:00,3500.0,transfert_entrant,CLI-00728,local,False,aucune
3f023bf3,CLI-00667,2026-06-24 00:00:00,43200.0,retrait,,local,False,aucune
f5499dbd,CLI-00601,2026-06-24 00:00:00,24900.0,retrait,,local,False,aucune
d275fc3e,CLI-00056,2026-06-24 00:00:00,22800.0,transfert_sortant,CLI-00650,local,False,aucune
802db8e6,CLI-00491,2026-06-24 00:00:00,124900.0,depot,,regional_uemoa,False,aucune
2bc44f21,CLI-00758,2026-06-24 00:00:00,37200.0,retrait,,local,False,aucune
ac55722c,CLI-00639,2026-06-24 00:00:00,12200.0,depot,,regional_uemoa,False,aucune
90ba09f8,CLI-00478,2026-06-24 00:00:00,30200.0,retrait,,local,False,aucune
8c091fde,CLI-00462,2026-06-24 00:00:00,76300.0,depot,,local,False,aucune
d8884cee,CLI-00642,2026-06-24 00:00:00,15000.0,retrait,,local,False,aucune
b94b1e7a,CLI-00443,2026-06-24 00:00:00,10900.0,transfert_entrant,CLI-00628,regional_uemoa,False,aucune
f4972902,CLI-00209,2026-06-24 00:00:00,64000.0,depot,,local,False,aucune
957f6d4e,CLI-00132,2026-06-24 00:00:00,89200.0,transfert_sortant,CLI-00111,local,False,aucune
4aa5668e,CLI-00507,2026-06-24 00:00:00,54900.0,remboursement_credit,,local,False,aucune
60024b96,CLI-00132,2026-06-24 00:00:00,23300.0,retrait,,local,False,aucune
4597cb45,CLI-00401,2026-06-24 00:00:00,35600.0,transfert_sortant,CLI-00334,local,False,aucune
fc9798de,CLI-00728,2026-06-24 00:00:00,121400.0,depot,,local,False,aucune
585cf51d,CLI-00180,2026-06-24 00:00:00,52300.0,retrait,,local,False,aucune
aac7b1a9,CLI-00766,2026-06-24 00:00:00,28700.0,depot,,transfrontalier_sensible,False,aucune
02a5d330,CLI-00124,2026-06-24 00:00:00,80800.0,depot,,local,False,aucune
ad69fcfd,CLI-00316,2026-06-24 00:00:00,104100.0,transfert_entrant,CLI-00680,local,False,aucune
392e5ef4,CLI-00411,2026-06-24 00:00:00,53000.0,depot,,local,False,aucune
69e51b4d,CLI-00288,2026-06-24 00:00:00,27200.0,decaissement_credit,,local,False,aucune
7817f3c2,CLI-00118,2026-06-24 00:00:00,56800.0,retrait,,local,False,aucune
5b51beac,CLI-00458,2026-06-24 00:00:00,35300.0,retrait,,local,False,aucune
5b3f5433,CLI-00380,2026-06-24 00:00:00,58600.0,depot,,local,False,aucune
dcb5638d,CLI-00679,2026-06-24 00:00:00,37800.0,remboursement_credit,,regional_uemoa,False,aucune
073c1656,CLI-00291,2026-06-24 00:00:00,79400.0,remboursement_credit,,local,False,aucune
5176697e,CLI-00653,2026-06-24 00:00:00,147800.0,transfert_entrant,CLI-00447,regional_uemoa,False,aucune
abf365e3,CLI-00219,2026-06-24 00:00:00,21900.0,remboursement_credit,,regional_uemoa,False,aucune
a591df30,CLI-00316,2026-06-24 00:00:00,212700.0,retrait,,local,False,aucune
5f8ccd65,CLI-00017,2026-06-24 00:00:00,54800.0,transfert_sortant,CLI-00251,local,False,aucune
6a32eefc,CLI-00347,2026-06-24 00:00:00,28200.0,decaissement_credit,,regional_uemoa,False,aucune
d1404223,CLI-00019,2026-06-24 00:00:00,22200.0,retrait,,local,False,aucune
b50ed2bb,CLI-00692,2026-06-24 00:00:00,77900.0,decaissement_credit,,local,False,aucune
163f4aa2,CLI-00348,2026-06-24 00:00:00,78300.0,remboursement_credit,,local,False,aucune
bef0b792,CLI-00702,2026-06-24 00:00:00,66900.0,retrait,,local,False,aucune
cc248313,CLI-00149,2026-06-24 00:00:00,29900.0,remboursement_credit,,local,False,aucune
0299a03e,CLI-00403,2026-06-25 00:00:00,497500.0,retrait,,regional_uemoa,False,aucune
1285a5af,CLI-00604,2026-06-25 00:00:00,33600.0,transfert_entrant,CLI-00783,local,False,aucune
835c4df9,CLI-00333,2026-06-25 00:00:00,215900.0,transfert_entrant,CLI-00002,local,False,aucune
a0ef72ed,CLI-00295,2026-06-25 00:00:00,35700.0,remboursement_credit,,local,False,aucune
4a3519dd,CLI-00402,2026-06-25 00:00:00,340400.0,decaissement_credit,,local,False,aucune
ebe8d123,CLI-00199,2026-06-25 00:00:00,381300.0,depot,,local,False,aucune
aa484cdc,CLI-00290,2026-06-25 00:00:00,35100.0,retrait,,local,False,aucune
c4d4f009,CLI-00781,2026-06-25 00:00:00,11800.0,depot,,transfrontalier_sensible,False,aucune
e7e1ffb2,CLI-00401,2026-06-25 00:00:00,4700.0,depot,,local,False,aucune
531bcd74,CLI-00634,2026-06-25 00:00:00,208800.0,retrait,,transfrontalier_sensible,False,aucune
3ae4a9e3,CLI-00155,2026-06-25 00:00:00,159800.0,depot,,local,False,aucune
b960a1a3,CLI-00283,2026-06-25 00:00:00,35800.0,decaissement_credit,,regional_uemoa,False,aucune
173767cc,CLI-00474,2026-06-25 00:00:00,25300.0,depot,,local,False,aucune
ecb42543,CLI-00766,2026-06-25 00:00:00,182000.0,depot,,transfrontalier_sensible,False,aucune
66452fe0,CLI-00442,2026-06-25 00:00:00,15300.0,retrait,,local,False,aucune
fd96d875,CLI-00456,2026-06-25 00:00:00,35100.0,remboursement_credit,,local,False,aucune
211ac2e8,CLI-00572,2026-06-25 00:00:00,20000.0,depot,,local,False,aucune
f48bc47f,CLI-00019,2026-06-25 00:00:00,49900.0,depot,,local,False,aucune
33c07b59,CLI-00491,2026-06-25 00:00:00,81200.0,remboursement_credit,,local,False,aucune
7018ec72,CLI-00351,2026-06-25 00:00:00,233500.0,depot,,local,False,aucune
1c4e581e,CLI-00077,2026-06-25 00:00:00,62300.0,transfert_sortant,CLI-00737,local,False,aucune
95b879d5,CLI-00604,2026-06-25 00:00:00,133600.0,remboursement_credit,,regional_uemoa,False,aucune
c64c10e8,CLI-00518,2026-06-25 00:00:00,12400.0,depot,,local,False,aucune
4491a5f1,CLI-00094,2026-06-25 00:00:00,4500.0,retrait,,local,False,aucune
17f885f7,CLI-00302,2026-06-25 00:00:00,38200.0,transfert_entrant,CLI-00199,local,False,aucune
7aa9c32a,CLI-00318,2026-06-25 00:00:00,24900.0,transfert_entrant,CLI-00703,local,False,aucune
5a3a383c,CLI-00793,2026-06-25 00:00:00,104800.0,transfert_entrant,CLI-00618,local,False,aucune
5bcb25fd,CLI-00041,2026-06-25 00:00:00,319300.0,decaissement_credit,,local,False,aucune
a0e316d0,CLI-00269,2026-06-25 00:00:00,16000.0,retrait,,local,False,aucune
b41831dc,CLI-00161,2026-06-25 00:00:00,25900.0,retrait,,local,False,aucune
50bb4778,CLI-00369,2026-06-25 00:00:00,156000.0,transfert_entrant,CLI-00745,local,False,aucune
1a3e0b66,CLI-00147,2026-06-25 00:00:00,46800.0,retrait,,local,False,aucune
a4da00f2,CLI-00050,2026-06-25 00:00:00,4800.0,remboursement_credit,,local,False,aucune
45edc69b,CLI-00550,2026-06-25 00:00:00,34300.0,transfert_sortant,CLI-00675,local,False,aucune
3806bb54,CLI-00042,2026-06-25 00:00:00,69500.0,remboursement_credit,,local,False,aucune
ddc45536,CLI-00007,2026-06-25 00:00:00,551100.0,retrait,,local,False,aucune
d83b8e82,CLI-00798,2026-06-25 00:00:00,49500.0,depot,,local,False,aucune
48251aa7,CLI-00374,2026-06-25 00:00:00,49100.0,retrait,,local,False,aucune
6814b6ae,CLI-00625,2026-06-25 00:00:00,96000.0,depot,,local,False,aucune
eeaaf366,CLI-00097,2026-06-25 00:00:00,247900.0,retrait,,local,False,aucune
a9c3f69b,CLI-00006,2026-06-25 00:00:00,3300.0,decaissement_credit,,local,False,aucune
d0fa6e91,CLI-00794,2026-06-25 00:00:00,104300.0,depot,,regional_uemoa,False,aucune
95bb8e96,CLI-00164,2026-06-25 00:00:00,489700.0,depot,,local,False,aucune
6629be94,CLI-00143,2026-06-25 00:00:00,251900.0,retrait,,regional_uemoa,False,aucune
64df0cf4,CLI-00210,2026-06-25 00:00:00,34800.0,transfert_sortant,CLI-00167,local,False,aucune
857e4674,CLI-00278,2026-06-25 00:00:00,96200.0,decaissement_credit,,local,False,aucune
4ef767df,CLI-00644,2026-06-25 00:00:00,86600.0,decaissement_credit,,local,False,aucune
feaa87a4,CLI-00241,2026-06-25 00:00:00,42600.0,depot,,local,False,aucune
5a2c5efb,CLI-00214,2026-06-25 00:00:00,50500.0,decaissement_credit,,local,False,aucune
b50e46d3,CLI-00157,2026-06-25 00:00:00,115100.0,remboursement_credit,,local,False,aucune
105b9099,CLI-00013,2026-06-25 00:00:00,40900.0,depot,,local,False,aucune
5d83b2cc,CLI-00366,2026-06-25 00:00:00,53800.0,depot,,local,False,aucune
5171a8ad,CLI-00750,2026-06-25 00:00:00,46700.0,transfert_entrant,CLI-00238,local,False,aucune
14460d7d,CLI-00600,2026-06-25 00:00:00,26700.0,depot,,local,False,aucune
a3013ae8,CLI-00732,2026-06-25 00:00:00,5500.0,remboursement_credit,,local,False,aucune
6a5fa4e7,CLI-00126,2026-06-25 00:00:00,107200.0,depot,,local,False,aucune
971e391a,CLI-00469,2026-06-25 00:00:00,66100.0,retrait,,local,False,aucune
20b78b7e,CLI-00112,2026-06-26 00:00:00,9406200.0,depot,,local,True,structuring
1815f42d,CLI-00164,2026-06-26 00:00:00,129200.0,retrait,,transfrontalier_sensible,False,aucune
5af3c117,CLI-00773,2026-06-26 00:00:00,40000.0,remboursement_credit,,local,False,aucune
8b6244dc,CLI-00313,2026-06-26 00:00:00,21500.0,depot,,local,False,aucune
c346fa4b,CLI-00698,2026-06-26 00:00:00,6500.0,retrait,,regional_uemoa,False,aucune
143e3cce,CLI-00112,2026-06-26 00:00:00,9213300.0,depot,,local,True,structuring
aa27db0d,CLI-00315,2026-06-26 00:00:00,29800.0,transfert_entrant,CLI-00433,local,False,aucune
33dbd024,CLI-00218,2026-06-26 00:00:00,80500.0,decaissement_credit,,local,False,aucune
b8f1ddb7,CLI-00292,2026-06-26 00:00:00,38900.0,depot,,local,False,aucune
fef23fc8,CLI-00250,2026-06-26 00:00:00,60600.0,transfert_entrant,CLI-00772,local,False,aucune
a2323975,CLI-00124,2026-06-26 00:00:00,14400.0,remboursement_credit,,local,False,aucune
3de5f1ee,CLI-00334,2026-06-26 00:00:00,61600.0,retrait,,local,False,aucune
3b35c99c,CLI-00618,2026-06-26 00:00:00,15500.0,remboursement_credit,,local,False,aucune
ff908fb0,CLI-00654,2026-06-26 00:00:00,83300.0,remboursement_credit,,local,False,aucune
884bc184,CLI-00009,2026-06-26 00:00:00,27700.0,retrait,,local,False,aucune
78842b94,CLI-00703,2026-06-26 00:00:00,29700.0,retrait,,local,False,aucune
b813be40,CLI-00248,2026-06-26 00:00:00,132300.0,depot,,local,False,aucune
bf5ec7a1,CLI-00559,2026-06-26 00:00:00,4600.0,transfert_entrant,CLI-00476,local,False,aucune
294d2cfe,CLI-00220,2026-06-26 00:00:00,59100.0,transfert_entrant,CLI-00045,local,False,aucune
451b9130,CLI-00477,2026-06-26 00:00:00,38500.0,transfert_entrant,CLI-00611,local,False,aucune
4fe62b0b,CLI-00220,2026-06-26 00:00:00,58200.0,retrait,,regional_uemoa,False,aucune
ea2b5257,CLI-00249,2026-06-26 00:00:00,11700.0,transfert_entrant,CLI-00531,local,False,aucune
efd7fea1,CLI-00558,2026-06-26 00:00:00,13800.0,transfert_sortant,CLI-00384,local,False,aucune
4bd72393,CLI-00154,2026-06-26 00:00:00,17400.0,remboursement_credit,,local,False,aucune
f04459c7,CLI-00594,2026-06-26 00:00:00,19400.0,depot,,local,False,aucune
d3d6af5c,CLI-00582,2026-06-26 00:00:00,480400.0,depot,,local,False,aucune
3c0b4b6f,CLI-00360,2026-06-26 00:00:00,89700.0,remboursement_credit,,local,False,aucune
7fdd89f4,CLI-00470,2026-06-26 00:00:00,32800.0,retrait,,local,False,aucune
e171dfe0,CLI-00284,2026-06-26 00:00:00,35000.0,remboursement_credit,,local,False,aucune
bf839ec2,CLI-00506,2026-06-26 00:00:00,42600.0,retrait,,local,False,aucune
a84eaaba,CLI-00043,2026-06-26 00:00:00,28600.0,depot,,local,False,aucune
b853b8ce,CLI-00231,2026-06-26 00:00:00,58300.0,depot,,local,False,aucune
78c4f7f0,CLI-00632,2026-06-26 00:00:00,630800.0,retrait,,local,False,aucune
0974a13d,CLI-00374,2026-06-26 00:00:00,3700.0,transfert_sortant,CLI-00039,local,False,aucune
b861acb0,CLI-00052,2026-06-26 00:00:00,8000.0,retrait,,local,False,aucune
bffddb01,CLI-00514,2026-06-26 00:00:00,18300.0,remboursement_credit,,local,False,aucune
3d8b23ce,CLI-00377,2026-06-26 00:00:00,41500.0,transfert_sortant,CLI-00197,local,False,aucune
d8d16686,CLI-00139,2026-06-26 00:00:00,10200.0,remboursement_credit,,regional_uemoa,False,aucune
d7b5834d,CLI-00438,2026-06-26 00:00:00,61400.0,depot,,regional_uemoa,False,aucune
4f9c04d4,CLI-00145,2026-06-26 00:00:00,12800.0,retrait,,local,False,aucune
0a2d6840,CLI-00283,2026-06-26 00:00:00,8000.0,depot,,local,False,aucune
ba6eef65,CLI-00756,2026-06-26 00:00:00,35300.0,retrait,,local,False,aucune
9b758a28,CLI-00400,2026-06-26 00:00:00,28200.0,transfert_entrant,CLI-00201,local,False,aucune
aeba5605,CLI-00664,2026-06-26 00:00:00,4200.0,remboursement_credit,,local,False,aucune
ad6bba3f,CLI-00720,2026-06-26 00:00:00,24300.0,retrait,,local,False,aucune
6e69cdb8,CLI-00593,2026-06-26 00:00:00,19000.0,transfert_entrant,CLI-00157,local,False,aucune
615b20bd,CLI-00358,2026-06-26 00:00:00,65500.0,retrait,,local,False,aucune
0bd1cb02,CLI-00474,2026-06-26 00:00:00,353400.0,retrait,,local,False,aucune
bf77ab00,CLI-00342,2026-06-26 00:00:00,26700.0,remboursement_credit,,transfrontalier_sensible,False,aucune
3dfa9200,CLI-00727,2026-06-26 00:00:00,137400.0,decaissement_credit,,local,False,aucune
e70e63c6,CLI-00340,2026-06-26 00:00:00,20700.0,retrait,,local,False,aucune
e3d859a4,CLI-00623,2026-06-26 00:00:00,50500.0,retrait,,local,False,aucune
6ef345d4,CLI-00277,2026-06-26 00:00:00,14900.0,depot,,local,False,aucune
ece92fc9,CLI-00399,2026-06-26 00:00:00,58400.0,transfert_entrant,CLI-00071,local,False,aucune
8c0c58de,CLI-00211,2026-06-26 00:00:00,77000.0,depot,,local,False,aucune
b92b85f6,CLI-00257,2026-06-27 00:00:00,15500.0,transfert_entrant,CLI-00137,local,False,aucune
46b6331f,CLI-00134,2026-06-27 00:00:00,18400.0,decaissement_credit,,local,False,aucune
73d73776,CLI-00116,2026-06-27 00:00:00,100000.0,depot,,local,False,aucune
99fad46e,CLI-00067,2026-06-27 00:00:00,179000.0,retrait,,local,False,aucune
1ac27c8f,CLI-00367,2026-06-27 00:00:00,15100.0,depot,,local,False,aucune
cf40992b,CLI-00248,2026-06-27 00:00:00,13400.0,depot,,local,False,aucune
dbe31a9e,CLI-00400,2026-06-27 00:00:00,19800.0,depot,,local,False,aucune
c488366f,CLI-00051,2026-06-27 00:00:00,29700.0,depot,,local,False,aucune
99789cef,CLI-00112,2026-06-27 00:00:00,9080700.0,transfert_sortant,,local,True,structuring
f732124e,CLI-00136,2026-06-27 00:00:00,259300.0,retrait,,local,False,aucune
8523369c,CLI-00381,2026-06-27 00:00:00,165200.0,depot,,local,False,aucune
cf8fe1fc,CLI-00164,2026-06-27 00:00:00,33800.0,remboursement_credit,,local,False,aucune
829a086d,CLI-00244,2026-06-27 00:00:00,13700.0,transfert_sortant,CLI-00192,regional_uemoa,False,aucune
d65633a5,CLI-00546,2026-06-27 00:00:00,23400.0,transfert_sortant,CLI-00685,local,False,aucune
fc708e55,CLI-00674,2026-06-27 00:00:00,78800.0,transfert_sortant,CLI-00301,local,False,aucune
a9ab5a2b,CLI-00615,2026-06-27 00:00:00,72900.0,retrait,,local,False,aucune
3cf4dc5e,CLI-00503,2026-06-27 00:00:00,74000.0,depot,,regional_uemoa,False,aucune
e282830d,CLI-00006,2026-06-27 00:00:00,9700.0,decaissement_credit,,local,False,aucune
dba421ad,CLI-00481,2026-06-27 00:00:00,91700.0,retrait,,local,False,aucune
3f08fd27,CLI-00212,2026-06-27 00:00:00,34700.0,depot,,local,False,aucune
216b6ab4,CLI-00112,2026-06-27 00:00:00,40100.0,decaissement_credit,,transfrontalier_sensible,False,aucune
3cd483b8,CLI-00120,2026-06-27 00:00:00,92100.0,retrait,,transfrontalier_sensible,False,aucune
db6705f9,CLI-00591,2026-06-27 00:00:00,3500.0,retrait,,local,False,aucune
a55eae35,CLI-00738,2026-06-27 00:00:00,43800.0,depot,,local,False,aucune
bfada016,CLI-00522,2026-06-27 00:00:00,41300.0,depot,,local,False,aucune
3e228c80,CLI-00013,2026-06-27 00:00:00,47300.0,remboursement_credit,,regional_uemoa,False,aucune
fd2bdd18,CLI-00106,2026-06-27 00:00:00,34200.0,transfert_sortant,CLI-00261,local,False,aucune
9f3fce01,CLI-00275,2026-06-27 00:00:00,26000.0,transfert_sortant,CLI-00485,local,False,aucune
71b48afc,CLI-00519,2026-06-27 00:00:00,109500.0,transfert_entrant,CLI-00355,local,False,aucune
f117606e,CLI-00229,2026-06-27 00:00:00,46200.0,retrait,,local,False,aucune
f2b527fa,CLI-00491,2026-06-27 00:00:00,41600.0,retrait,,local,False,aucune
a8e82cf5,CLI-00520,2026-06-27 00:00:00,13800.0,retrait,,local,False,aucune
a76667b1,CLI-00439,2026-06-27 00:00:00,67600.0,depot,,local,False,aucune
1b85cdd7,CLI-00199,2026-06-27 00:00:00,75000.0,transfert_entrant,CLI-00625,local,False,aucune
b4c750f7,CLI-00229,2026-06-27 00:00:00,346700.0,retrait,,transfrontalier_sensible,False,aucune
797123ba,CLI-00345,2026-06-27 00:00:00,118600.0,depot,,regional_uemoa,False,aucune
58904fe8,CLI-00474,2026-06-27 00:00:00,6000.0,transfert_sortant,CLI-00565,local,False,aucune
981d8a1b,CLI-00663,2026-06-27 00:00:00,143400.0,retrait,,regional_uemoa,False,aucune
2e715d59,CLI-00767,2026-06-27 00:00:00,129200.0,transfert_sortant,CLI-00069,local,False,aucune
641e9c0c,CLI-00456,2026-06-27 00:00:00,90400.0,depot,,local,False,aucune
7bc68a07,CLI-00489,2026-06-27 00:00:00,449500.0,depot,,local,False,aucune
35e31285,CLI-00773,2026-06-27 00:00:00,98000.0,decaissement_credit,,regional_uemoa,False,aucune
3da392b9,CLI-00662,2026-06-27 00:00:00,434900.0,transfert_entrant,CLI-00272,transfrontalier_sensible,False,aucune
6e3418aa,CLI-00487,2026-06-27 00:00:00,37700.0,retrait,,transfrontalier_sensible,False,aucune
72bbf4d9,CLI-00216,2026-06-27 00:00:00,17700.0,transfert_entrant,CLI-00066,local,False,aucune
dad9b585,CLI-00607,2026-06-27 00:00:00,82000.0,transfert_sortant,CLI-00770,local,False,aucune
b8497658,CLI-00669,2026-06-27 00:00:00,112800.0,depot,,local,False,aucune
6dfd2cf9,CLI-00579,2026-06-27 00:00:00,120900.0,depot,,transfrontalier_sensible,False,aucune
f9dcf022,CLI-00157,2026-06-27 00:00:00,25600.0,transfert_entrant,CLI-00274,regional_uemoa,False,aucune
f3d39be8,CLI-00358,2026-06-27 00:00:00,19200.0,depot,,local,False,aucune
c61fd584,CLI-00147,2026-06-27 00:00:00,124700.0,retrait,,local,False,aucune
32aed682,CLI-00580,2026-06-27 00:00:00,13700.0,retrait,,local,False,aucune
5f8d9169,CLI-00658,2026-06-27 00:00:00,33600.0,transfert_sortant,CLI-00284,regional_uemoa,False,aucune
cf6e93a8,CLI-00172,2026-06-27 00:00:00,113300.0,retrait,,local,False,aucune
838c6e4d,CLI-00231,2026-06-27 00:00:00,114500.0,depot,,local,False,aucune
1f6c6946,CLI-00208,2026-06-27 00:00:00,11400.0,transfert_sortant,CLI-00586,regional_uemoa,False,aucune
6808b4df,CLI-00350,2026-06-27 00:00:00,181400.0,remboursement_credit,,regional_uemoa,False,aucune
5c48f8c8,CLI-00749,2026-06-27 00:00:00,255500.0,remboursement_credit,,regional_uemoa,False,aucune
b1712624,CLI-00274,2026-06-28 00:00:00,34800.0,retrait,,local,False,aucune
952cf004,CLI-00112,2026-06-28 00:00:00,9365000.0,depot,,local,True,structuring
990cea36,CLI-00066,2026-06-28 00:00:00,12200.0,depot,,local,False,aucune
67250618,CLI-00341,2026-06-28 00:00:00,21600.0,retrait,,local,False,aucune
b9f07868,CLI-00291,2026-06-28 00:00:00,23400.0,depot,,local,False,aucune
b996cfc3,CLI-00650,2026-06-28 00:00:00,9800.0,depot,,local,False,aucune
2b72820d,CLI-00383,2026-06-28 00:00:00,87900.0,remboursement_credit,,local,False,aucune
2dc9d2f0,CLI-00427,2026-06-28 00:00:00,104700.0,transfert_sortant,CLI-00567,local,False,aucune
e09e2e9f,CLI-00691,2026-06-28 00:00:00,36400.0,transfert_sortant,CLI-00118,local,False,aucune
fa05119a,CLI-00732,2026-06-28 00:00:00,150400.0,depot,,local,False,aucune
54091442,CLI-00740,2026-06-28 00:00:00,16300.0,retrait,,local,False,aucune
2f0c0fb5,CLI-00796,2026-06-28 00:00:00,30600.0,depot,,local,False,aucune
a27b86f7,CLI-00687,2026-06-28 00:00:00,67100.0,depot,,local,False,aucune
57006d07,CLI-00234,2026-06-28 00:00:00,74400.0,depot,,local,False,aucune
94457a85,CLI-00664,2026-06-28 00:00:00,20600.0,transfert_sortant,CLI-00658,regional_uemoa,False,aucune
d15f3f7b,CLI-00733,2026-06-28 00:00:00,49300.0,transfert_entrant,CLI-00059,local,False,aucune
0dccd03b,CLI-00265,2026-06-28 00:00:00,117200.0,retrait,,local,False,aucune
ebe07902,CLI-00756,2026-06-28 00:00:00,114100.0,remboursement_credit,,local,False,aucune
76472b81,CLI-00225,2026-06-28 00:00:00,205700.0,depot,,local,False,aucune
9c8fe45c,CLI-00043,2026-06-28 00:00:00,150800.0,remboursement_credit,,local,False,aucune
bc068b23,CLI-00447,2026-06-28 00:00:00,36300.0,decaissement_credit,,local,False,aucune
b17da343,CLI-00739,2026-06-28 00:00:00,31200.0,depot,,local,False,aucune
2ff72e46,CLI-00269,2026-06-28 00:00:00,97700.0,remboursement_credit,,local,False,aucune
9fc615b2,CLI-00700,2026-06-28 00:00:00,95400.0,decaissement_credit,,local,False,aucune
0c657187,CLI-00683,2026-06-28 00:00:00,30800.0,depot,,local,False,aucune
a8ec3b70,CLI-00299,2026-06-28 00:00:00,43100.0,depot,,local,False,aucune
491cdf07,CLI-00000,2026-06-28 00:00:00,53900.0,decaissement_credit,,local,False,aucune
9199be44,CLI-00640,2026-06-28 00:00:00,21900.0,depot,,local,False,aucune
3681ec87,CLI-00116,2026-06-28 00:00:00,121200.0,retrait,,local,False,aucune
27c5f5e8,CLI-00646,2026-06-28 00:00:00,20400.0,retrait,,local,False,aucune
4a43e592,CLI-00107,2026-06-28 00:00:00,110800.0,depot,,local,False,aucune
2aa69568,CLI-00495,2026-06-28 00:00:00,245600.0,remboursement_credit,,local,False,aucune
6b14e51a,CLI-00172,2026-06-28 00:00:00,37800.0,transfert_sortant,CLI-00651,local,False,aucune
2291b70a,CLI-00537,2026-06-28 00:00:00,124500.0,retrait,,local,False,aucune
5e4e8757,CLI-00641,2026-06-28 00:00:00,4400.0,decaissement_credit,,local,False,aucune
8988b52d,CLI-00111,2026-06-28 00:00:00,56400.0,remboursement_credit,,local,False,aucune
8306cfba,CLI-00476,2026-06-28 00:00:00,385000.0,depot,,regional_uemoa,False,aucune
289fd306,CLI-00548,2026-06-28 00:00:00,111400.0,depot,,local,False,aucune
fa9eec49,CLI-00606,2026-06-28 00:00:00,41600.0,depot,,local,False,aucune
841025af,CLI-00468,2026-06-28 00:00:00,184500.0,transfert_sortant,CLI-00246,local,False,aucune
826baf12,CLI-00627,2026-06-28 00:00:00,128500.0,depot,,local,False,aucune
46030e96,CLI-00646,2026-06-28 00:00:00,18000.0,transfert_sortant,CLI-00161,local,False,aucune
f98a099c,CLI-00525,2026-06-28 00:00:00,48400.0,depot,,local,False,aucune
69a32050,CLI-00210,2026-06-28 00:00:00,22700.0,depot,,local,False,aucune
e4008175,CLI-00363,2026-06-29 00:00:00,31000.0,remboursement_credit,,local,False,aucune
6ae3681a,CLI-00526,2026-06-29 00:00:00,22300.0,retrait,,local,False,aucune
234e1b7c,CLI-00274,2026-06-29 00:00:00,92800.0,retrait,,local,False,aucune
96127166,CLI-00146,2026-06-29 00:00:00,33100.0,retrait,,local,False,aucune
07631354,CLI-00147,2026-06-29 00:00:00,7500.0,transfert_entrant,CLI-00101,local,False,aucune
cbcb11d1,CLI-00750,2026-06-29 00:00:00,18800.0,decaissement_credit,,local,False,aucune
d04980ba,CLI-00339,2026-06-29 00:00:00,245100.0,transfert_sortant,CLI-00153,local,False,aucune
ba382bcf,CLI-00180,2026-06-29 00:00:00,44500.0,remboursement_credit,,local,False,aucune
3c8565f1,CLI-00421,2026-06-29 00:00:00,6400.0,retrait,,regional_uemoa,False,aucune
6c453eac,CLI-00181,2026-06-29 00:00:00,26000.0,transfert_entrant,CLI-00528,local,False,aucune
642f9f63,CLI-00575,2026-06-29 00:00:00,27900.0,decaissement_credit,,local,False,aucune
619b99d7,CLI-00043,2026-06-29 00:00:00,64000.0,retrait,,local,False,aucune
c5f74dcb,CLI-00029,2026-06-29 00:00:00,26200.0,depot,,local,False,aucune
da33f3f8,CLI-00574,2026-06-29 00:00:00,50500.0,remboursement_credit,,local,False,aucune
7fe40232,CLI-00285,2026-06-29 00:00:00,16200.0,retrait,,local,False,aucune
a4106b45,CLI-00180,2026-06-29 00:00:00,56500.0,depot,,local,False,aucune
aefd051b,CLI-00189,2026-06-29 00:00:00,94000.0,depot,,local,False,aucune
852e1c64,CLI-00045,2026-06-29 00:00:00,59500.0,transfert_entrant,CLI-00349,regional_uemoa,False,aucune
bba4a710,CLI-00733,2026-06-29 00:00:00,87600.0,retrait,,local,False,aucune
d56369ef,CLI-00415,2026-06-29 00:00:00,7200.0,remboursement_credit,,local,False,aucune
cbfa2132,CLI-00246,2026-06-29 00:00:00,7400.0,depot,,local,False,aucune
5404a15f,CLI-00408,2026-06-29 00:00:00,59900.0,remboursement_credit,,local,False,aucune
337ec4fa,CLI-00485,2026-06-29 00:00:00,108700.0,decaissement_credit,,regional_uemoa,False,aucune
25186d5e,CLI-00706,2026-06-29 00:00:00,59800.0,remboursement_credit,,local,False,aucune
8950a9bc,CLI-00405,2026-06-29 00:00:00,55700.0,depot,,local,False,aucune
e580824e,CLI-00433,2026-06-29 00:00:00,4900.0,retrait,,local,False,aucune
0086a276,CLI-00607,2026-06-29 00:00:00,131400.0,decaissement_credit,,local,False,aucune
3978adef,CLI-00199,2026-06-29 00:00:00,168700.0,remboursement_credit,,local,False,aucune
7a970052,CLI-00400,2026-06-29 00:00:00,26500.0,remboursement_credit,,local,False,aucune
74c26ca5,CLI-00060,2026-06-29 00:00:00,55400.0,depot,,local,False,aucune
57471457,CLI-00435,2026-06-29 00:00:00,19200.0,retrait,,local,False,aucune
466efd0d,CLI-00131,2026-06-29 00:00:00,189300.0,transfert_sortant,CLI-00283,transfrontalier_sensible,False,aucune
22f324b9,CLI-00716,2026-06-29 00:00:00,9300.0,retrait,,local,False,aucune
71c93827,CLI-00461,2026-06-29 00:00:00,39600.0,remboursement_credit,,local,False,aucune
011b9507,CLI-00668,2026-06-29 00:00:00,10300.0,depot,,transfrontalier_sensible,False,aucune
74834322,CLI-00198,2026-06-29 00:00:00,18200.0,depot,,regional_uemoa,False,aucune
243153cc,CLI-00634,2026-06-29 00:00:00,25000.0,retrait,,local,False,aucune
0fdcee48,CLI-00722,2026-06-29 00:00:00,73000.0,retrait,,local,False,aucune
d5d867f3,CLI-00053,2026-06-29 00:00:00,51200.0,transfert_sortant,CLI-00434,local,False,aucune
89eb61c1,CLI-00460,2026-06-29 00:00:00,80100.0,transfert_entrant,CLI-00332,local,False,aucune
cc3602e8,CLI-00729,2026-06-29 00:00:00,53300.0,transfert_sortant,CLI-00648,local,False,aucune
00e1fa1f,CLI-00591,2026-06-29 00:00:00,84600.0,retrait,,local,False,aucune
6b6a5b73,CLI-00734,2026-06-29 00:00:00,72600.0,retrait,,regional_uemoa,False,aucune
ed27ae06,CLI-00225,2026-06-29 00:00:00,7700.0,depot,,local,False,aucune
2fa14d27,CLI-00074,2026-06-29 00:00:00,103000.0,retrait,,local,False,aucune
570a1f05,CLI-00798,2026-06-29 00:00:00,13700.0,transfert_entrant,CLI-00321,local,False,aucune
09ed4396,CLI-00298,2026-06-29 00:00:00,387400.0,retrait,,regional_uemoa,False,aucune
4cda6202,CLI-00546,2026-06-29 00:00:00,18600.0,depot,,local,False,aucune
0bee17ea,CLI-00451,2026-06-29 00:00:00,22200.0,retrait,,local,False,aucune
7f35c4a9,CLI-00561,2026-06-29 00:00:00,14900.0,remboursement_credit,,local,False,aucune
d8649508,CLI-00649,2026-06-29 00:00:00,10600.0,depot,,local,False,aucune
d2dadd45,CLI-00426,2026-06-29 00:00:00,108100.0,depot,,local,False,aucune
efc9e857,CLI-00451,2026-06-29 00:00:00,27300.0,decaissement_credit,,local,False,aucune
4fd5b6e6,CLI-00167,2026-06-29 00:00:00,54200.0,depot,,local,False,aucune
e0f08abd,CLI-00428,2026-06-29 00:00:00,140400.0,retrait,,local,False,aucune
1191d6d2,CLI-00783,2026-06-29 00:00:00,56000.0,remboursement_credit,,local,False,aucune
8a376a02,CLI-00035,2026-06-30 00:00:00,34700.0,remboursement_credit,,local,False,aucune
4bd6dfc3,CLI-00795,2026-06-30 00:00:00,23600.0,depot,,local,False,aucune
2f38d68a,CLI-00214,2026-06-30 00:00:00,22700.0,retrait,,local,False,aucune
57d3cc36,CLI-00355,2026-06-30 00:00:00,348100.0,depot,,local,False,aucune
b83f3807,CLI-00755,2026-06-30 00:00:00,29700.0,transfert_entrant,CLI-00356,regional_uemoa,False,aucune
aab59697,CLI-00228,2026-06-30 00:00:00,201700.0,transfert_sortant,CLI-00699,local,False,aucune
ef55d560,CLI-00083,2026-06-30 00:00:00,8500.0,decaissement_credit,,transfrontalier_sensible,False,aucune
61d50bae,CLI-00032,2026-06-30 00:00:00,2300.0,remboursement_credit,,local,False,aucune
4a86db3a,CLI-00450,2026-06-30 00:00:00,28300.0,depot,,local,False,aucune
e848da03,CLI-00401,2026-06-30 00:00:00,91400.0,remboursement_credit,,regional_uemoa,False,aucune
f8a48c80,CLI-00757,2026-06-30 00:00:00,18700.0,retrait,,local,False,aucune
49b8bbcc,CLI-00014,2026-06-30 00:00:00,15100.0,retrait,,local,False,aucune
6e04e336,CLI-00327,2026-06-30 00:00:00,347100.0,depot,,local,False,aucune
ff6be9ea,CLI-00073,2026-06-30 00:00:00,4400.0,decaissement_credit,,local,False,aucune
317c09a1,CLI-00145,2026-06-30 00:00:00,126100.0,decaissement_credit,,local,False,aucune
97f92eb0,CLI-00158,2026-06-30 00:00:00,25400.0,retrait,,local,False,aucune
0eebf83f,CLI-00050,2026-06-30 00:00:00,30800.0,depot,,local,False,aucune
a30a5f54,CLI-00386,2026-06-30 00:00:00,2500.0,remboursement_credit,,local,False,aucune
345012b5,CLI-00216,2026-06-30 00:00:00,93900.0,depot,,local,False,aucune
af36ac53,CLI-00048,2026-06-30 00:00:00,35600.0,retrait,,local,False,aucune
eb393e1d,CLI-00380,2026-06-30 00:00:00,20400.0,retrait,,local,False,aucune
67e2d191,CLI-00380,2026-06-30 00:00:00,35700.0,remboursement_credit,,local,False,aucune
31c3179e,CLI-00301,2026-06-30 00:00:00,17800.0,retrait,,local,False,aucune
1547f69e,CLI-00592,2026-06-30 00:00:00,16500.0,remboursement_credit,,local,False,aucune
2d87a904,CLI-00556,2026-06-30 00:00:00,70000.0,transfert_entrant,CLI-00553,local,False,aucune
f144e00a,CLI-00168,2026-06-30 00:00:00,91200.0,depot,,local,False,aucune
0a4fc982,CLI-00044,2026-06-30 00:00:00,63500.0,transfert_sortant,CLI-00705,regional_uemoa,False,aucune
6afe7fab,CLI-00458,2026-06-30 00:00:00,30500.0,retrait,,local,False,aucune
37241ec0,CLI-00391,2026-06-30 00:00:00,96000.0,retrait,,local,False,aucune
7aabb55c,CLI-00100,2026-06-30 00:00:00,438800.0,depot,,local,False,aucune
9b0f7b32,CLI-00267,2026-06-30 00:00:00,183800.0,transfert_sortant,CLI-00260,local,False,aucune
4bd776ca,CLI-00039,2026-06-30 00:00:00,47300.0,depot,,local,False,aucune
6503bb5a,CLI-00662,2026-06-30 00:00:00,61900.0,transfert_sortant,CLI-00647,regional_uemoa,False,aucune
516df042,CLI-00746,2026-06-30 00:00:00,7500.0,transfert_entrant,CLI-00584,local,False,aucune
75bfebe7,CLI-00377,2026-06-30 00:00:00,43800.0,depot,,local,False,aucune
23008cc6,CLI-00003,2026-06-30 00:00:00,30100.0,depot,,local,False,aucune
486dd77c,CLI-00260,2026-06-30 00:00:00,34600.0,remboursement_credit,,local,False,aucune
33464bca,CLI-00645,2026-06-30 00:00:00,313600.0,transfert_sortant,CLI-00590,local,False,aucune
d32776c4,CLI-00336,2026-06-30 00:00:00,265400.0,decaissement_credit,,local,False,aucune
ecf74a75,CLI-00770,2026-06-30 00:00:00,48300.0,depot,,local,False,aucune
877106cf,CLI-00342,2026-06-30 00:00:00,125600.0,decaissement_credit,,local,False,aucune
43e96e16,CLI-00702,2026-06-30 00:00:00,124500.0,transfert_sortant,CLI-00260,local,False,aucune
f1fa7943,CLI-00344,2026-06-30 00:00:00,22700.0,depot,,local,False,aucune
fc886074,CLI-00447,2026-06-30 00:00:00,47300.0,transfert_entrant,CLI-00314,local,False,aucune
b5556219,CLI-00125,2026-06-30 00:00:00,103000.0,depot,,local,False,aucune
d5f57dbc,CLI-00560,2026-06-30 00:00:00,133000.0,decaissement_credit,,local,False,aucune
57c0ce50,CLI-00567,2026-06-30 00:00:00,10700.0,depot,,local,False,aucune
343a5169,CLI-00088,2026-06-30 00:00:00,19300.0,retrait,,transfrontalier_sensible,False,aucune
b1fba7d5,CLI-00763,2026-06-30 00:00:00,29400.0,depot,,local,False,aucune
76f771da,CLI-00619,2026-06-30 00:00:00,59500.0,retrait,,local,False,aucune
86f99b19,CLI-00101,2026-06-30 00:00:00,360100.0,transfert_sortant,CLI-00191,local,False,aucune
72efed93,CLI-00633,2026-06-30 00:00:00,72300.0,depot,,local,False,aucune
8c3730ef,CLI-00768,2026-06-30 00:00:00,86600.0,remboursement_credit,,local,False,aucune
a3ccb454,CLI-00794,2026-07-01 00:00:00,11700.0,transfert_sortant,CLI-00069,local,False,aucune
69a447f5,CLI-00474,2026-07-01 00:00:00,30200.0,depot,,local,False,aucune
0b49ed07,CLI-00142,2026-07-01 00:00:00,74000.0,decaissement_credit,,local,False,aucune
8c9636b5,CLI-00007,2026-07-01 00:00:00,11000.0,depot,,transfrontalier_sensible,False,aucune
f7083bdf,CLI-00069,2026-07-01 00:00:00,51700.0,decaissement_credit,,local,False,aucune
f5b15027,CLI-00584,2026-07-01 00:00:00,21300.0,retrait,,local,False,aucune
2fae4830,CLI-00309,2026-07-01 00:00:00,18700.0,transfert_entrant,CLI-00359,regional_uemoa,False,aucune
a4e43d84,CLI-00397,2026-07-01 00:00:00,76000.0,transfert_entrant,CLI-00390,local,False,aucune
63ee7a58,CLI-00614,2026-07-01 00:00:00,31600.0,retrait,,local,False,aucune
f4532199,CLI-00493,2026-07-01 00:00:00,201900.0,retrait,,local,False,aucune
b5934562,CLI-00481,2026-07-01 00:00:00,6000.0,retrait,,local,False,aucune
32a2ee09,CLI-00197,2026-07-01 00:00:00,628600.0,retrait,,local,False,aucune
ae401f7b,CLI-00387,2026-07-01 00:00:00,245800.0,remboursement_credit,,local,False,aucune
9b9dba8b,CLI-00333,2026-07-01 00:00:00,8600.0,remboursement_credit,,local,False,aucune
00cdf914,CLI-00378,2026-07-01 00:00:00,23600.0,decaissement_credit,,local,False,aucune
62cb29d7,CLI-00460,2026-07-01 00:00:00,14400.0,depot,,local,False,aucune
9d60ca04,CLI-00452,2026-07-01 00:00:00,100300.0,transfert_entrant,CLI-00088,local,False,aucune
cfe86fed,CLI-00071,2026-07-01 00:00:00,44100.0,depot,,local,False,aucune
6ec28d39,CLI-00110,2026-07-01 00:00:00,20300.0,retrait,,local,False,aucune
9bef47ef,CLI-00085,2026-07-01 00:00:00,79800.0,depot,,local,False,aucune
bf24a22b,CLI-00175,2026-07-01 00:00:00,6300.0,depot,,local,False,aucune
2617da26,CLI-00677,2026-07-01 00:00:00,59900.0,retrait,,transfrontalier_sensible,False,aucune
7ada978c,CLI-00375,2026-07-01 00:00:00,82900.0,retrait,,local,False,aucune
d1ce7003,CLI-00044,2026-07-01 00:00:00,64500.0,transfert_sortant,CLI-00799,local,False,aucune
2b0129f3,CLI-00048,2026-07-01 00:00:00,23000.0,depot,,transfrontalier_sensible,False,aucune
046b6306,CLI-00198,2026-07-01 00:00:00,549100.0,depot,,local,False,aucune
f1dabb64,CLI-00147,2026-07-01 00:00:00,13000.0,depot,,local,False,aucune
4a2e2c37,CLI-00765,2026-07-01 00:00:00,134800.0,remboursement_credit,,local,False,aucune
d1b529c6,CLI-00727,2026-07-01 00:00:00,107200.0,retrait,,local,False,aucune
9a123fad,CLI-00404,2026-07-01 00:00:00,42200.0,retrait,,regional_uemoa,False,aucune
b748e95a,CLI-00677,2026-07-01 00:00:00,41200.0,depot,,local,False,aucune
b9e4af98,CLI-00312,2026-07-01 00:00:00,14200.0,depot,,local,False,aucune
68005183,CLI-00150,2026-07-01 00:00:00,142500.0,transfert_sortant,CLI-00750,local,False,aucune
2f5012a7,CLI-00280,2026-07-01 00:00:00,67700.0,depot,,local,False,aucune
0a457131,CLI-00651,2026-07-01 00:00:00,33100.0,depot,,regional_uemoa,False,aucune
c9ca7e6a,CLI-00407,2026-07-01 00:00:00,10800.0,retrait,,regional_uemoa,False,aucune
9fa874fb,CLI-00538,2026-07-01 00:00:00,89200.0,retrait,,regional_uemoa,False,aucune
8812abed,CLI-00248,2026-07-01 00:00:00,50600.0,depot,,local,False,aucune
bae5e298,CLI-00785,2026-07-01 00:00:00,12500.0,depot,,local,False,aucune
8b1ffa1c,CLI-00629,2026-07-01 00:00:00,15100.0,transfert_sortant,CLI-00479,local,False,aucune
8294d51c,CLI-00077,2026-07-01 00:00:00,9400.0,depot,,local,False,aucune
ab646683,CLI-00511,2026-07-01 00:00:00,54800.0,depot,,local,False,aucune
3d3884ce,CLI-00440,2026-07-01 00:00:00,10000.0,remboursement_credit,,local,False,aucune
04362dba,CLI-00684,2026-07-01 00:00:00,31700.0,retrait,,local,False,aucune
2df9bb61,CLI-00420,2026-07-01 00:00:00,31500.0,transfert_sortant,CLI-00072,local,False,aucune
e63ef917,CLI-00096,2026-07-01 00:00:00,46200.0,transfert_sortant,CLI-00489,local,False,aucune
41c6f20c,CLI-00248,2026-07-01 00:00:00,19400.0,decaissement_credit,,local,False,aucune
aba5f96f,CLI-00364,2026-07-01 00:00:00,65500.0,remboursement_credit,,local,False,aucune
a8abbfae,CLI-00032,2026-07-01 00:00:00,111500.0,remboursement_credit,,regional_uemoa,False,aucune
5f3a8cab,CLI-00386,2026-07-02 00:00:00,42300.0,retrait,,local,False,aucune
251fe69b,CLI-00251,2026-07-02 00:00:00,48800.0,transfert_entrant,CLI-00015,local,False,aucune
84070d22,CLI-00430,2026-07-02 00:00:00,69700.0,depot,,local,False,aucune
46c83591,CLI-00170,2026-07-02 00:00:00,184200.0,remboursement_credit,,transfrontalier_sensible,False,aucune
042f9081,CLI-00463,2026-07-02 00:00:00,203200.0,decaissement_credit,,regional_uemoa,False,aucune
1893acad,CLI-00434,2026-07-02 00:00:00,138900.0,depot,,local,False,aucune
1402f2fd,CLI-00257,2026-07-02 00:00:00,54400.0,retrait,,local,False,aucune
e1447d89,CLI-00060,2026-07-02 00:00:00,32500.0,transfert_sortant,CLI-00683,local,False,aucune
98bb3749,CLI-00133,2026-07-02 00:00:00,89900.0,remboursement_credit,,local,False,aucune
acca7f91,CLI-00430,2026-07-02 00:00:00,28500.0,depot,,local,False,aucune
68567b1e,CLI-00689,2026-07-02 00:00:00,35700.0,retrait,,local,False,aucune
3c708611,CLI-00398,2026-07-02 00:00:00,28800.0,transfert_entrant,CLI-00055,local,False,aucune
ecc9f8d0,CLI-00198,2026-07-02 00:00:00,33500.0,depot,,local,False,aucune
65fe8860,CLI-00718,2026-07-02 00:00:00,18500.0,remboursement_credit,,local,False,aucune
9dce4b71,CLI-00113,2026-07-02 00:00:00,90000.0,transfert_sortant,CLI-00182,local,False,aucune
76b301b7,CLI-00110,2026-07-02 00:00:00,11900.0,remboursement_credit,,local,False,aucune
afebf515,CLI-00494,2026-07-02 00:00:00,54300.0,decaissement_credit,,local,False,aucune
2357b6c5,CLI-00711,2026-07-02 00:00:00,19400.0,depot,,transfrontalier_sensible,False,aucune
13169fc6,CLI-00654,2026-07-02 00:00:00,34200.0,transfert_entrant,CLI-00119,local,False,aucune
47e68ce4,CLI-00429,2026-07-02 00:00:00,20500.0,retrait,,regional_uemoa,False,aucune
8d080b86,CLI-00152,2026-07-02 00:00:00,21100.0,retrait,,regional_uemoa,False,aucune
98394486,CLI-00288,2026-07-02 00:00:00,51800.0,decaissement_credit,,local,False,aucune
187572fd,CLI-00225,2026-07-02 00:00:00,16900.0,decaissement_credit,,regional_uemoa,False,aucune
ef2d262d,CLI-00579,2026-07-02 00:00:00,27500.0,decaissement_credit,,local,False,aucune
9785da29,CLI-00741,2026-07-02 00:00:00,14400.0,depot,,local,False,aucune
fe150f07,CLI-00349,2026-07-02 00:00:00,248000.0,depot,,local,False,aucune
f3f3c800,CLI-00141,2026-07-02 00:00:00,6900.0,transfert_entrant,CLI-00492,local,False,aucune
eb568a03,CLI-00629,2026-07-02 00:00:00,46300.0,depot,,local,False,aucune
28946aa5,CLI-00112,2026-07-02 00:00:00,43200.0,depot,,local,False,aucune
b68a3de8,CLI-00094,2026-07-02 00:00:00,405400.0,remboursement_credit,,local,False,aucune
7cecf9fb,CLI-00589,2026-07-02 00:00:00,80600.0,retrait,,regional_uemoa,False,aucune
3af39f4c,CLI-00524,2026-07-02 00:00:00,89100.0,transfert_sortant,CLI-00446,local,False,aucune
2f5d2ecc,CLI-00278,2026-07-02 00:00:00,251400.0,transfert_sortant,CLI-00067,local,False,aucune
5c6cc0dc,CLI-00559,2026-07-02 00:00:00,126800.0,depot,,local,False,aucune
49f43a73,CLI-00771,2026-07-02 00:00:00,77300.0,retrait,,regional_uemoa,False,aucune
2cc88f16,CLI-00447,2026-07-02 00:00:00,29500.0,retrait,,local,False,aucune
64c4acf5,CLI-00728,2026-07-02 00:00:00,42400.0,depot,,local,False,aucune
59cf17eb,CLI-00382,2026-07-02 00:00:00,19900.0,transfert_sortant,CLI-00367,transfrontalier_sensible,False,aucune
da14c8f5,CLI-00422,2026-07-02 00:00:00,45900.0,remboursement_credit,,local,False,aucune
b28e7e47,CLI-00757,2026-07-02 00:00:00,23900.0,transfert_entrant,CLI-00690,local,False,aucune
1e208722,CLI-00789,2026-07-02 00:00:00,26500.0,retrait,,local,False,aucune
017cae5c,CLI-00761,2026-07-02 00:00:00,201400.0,depot,,local,False,aucune
6ea649ec,CLI-00501,2026-07-02 00:00:00,47900.0,transfert_sortant,CLI-00011,regional_uemoa,False,aucune
00390972,CLI-00154,2026-07-02 00:00:00,11500.0,retrait,,local,False,aucune
00d441be,CLI-00378,2026-07-02 00:00:00,37200.0,retrait,,local,False,aucune
364ea66c,CLI-00779,2026-07-02 00:00:00,3100.0,depot,,local,False,aucune
348092d9,CLI-00533,2026-07-02 00:00:00,112900.0,retrait,,local,False,aucune
3e9350cd,CLI-00281,2026-07-02 00:00:00,17200.0,transfert_entrant,CLI-00696,local,False,aucune
ce1d52d7,CLI-00279,2026-07-02 00:00:00,26700.0,retrait,,regional_uemoa,False,aucune
cf6ea595,CLI-00456,2026-07-02 00:00:00,98800.0,remboursement_credit,,local,False,aucune
90f76169,CLI-00156,2026-07-03 00:00:00,14500.0,retrait,,local,False,aucune
5e34d7ee,CLI-00558,2026-07-03 00:00:00,48400.0,retrait,,local,False,aucune
43904164,CLI-00443,2026-07-03 00:00:00,18700.0,depot,,local,False,aucune
a3a10e9e,CLI-00249,2026-07-03 00:00:00,250900.0,depot,,local,False,aucune
7edd2bf7,CLI-00609,2026-07-03 00:00:00,45700.0,retrait,,local,False,aucune
68c361b9,CLI-00498,2026-07-03 00:00:00,36200.0,depot,,local,False,aucune
f015b8e4,CLI-00569,2026-07-03 00:00:00,27600.0,transfert_sortant,CLI-00721,local,False,aucune
177e2362,CLI-00561,2026-07-03 00:00:00,69000.0,transfert_sortant,CLI-00117,local,False,aucune
6066950a,CLI-00423,2026-07-03 00:00:00,95000.0,decaissement_credit,,regional_uemoa,False,aucune
cb0c3cc7,CLI-00682,2026-07-03 00:00:00,29900.0,depot,,local,False,aucune
811a8ebd,CLI-00626,2026-07-03 00:00:00,6100.0,decaissement_credit,,local,False,aucune
110e5969,CLI-00244,2026-07-03 00:00:00,37000.0,retrait,,local,False,aucune
1992f715,CLI-00771,2026-07-03 00:00:00,52100.0,remboursement_credit,,local,False,aucune
2b623a87,CLI-00416,2026-07-03 00:00:00,10300.0,transfert_entrant,CLI-00782,local,False,aucune
f8ce0beb,CLI-00309,2026-07-03 00:00:00,245200.0,depot,,transfrontalier_sensible,False,aucune
e1039151,CLI-00410,2026-07-03 00:00:00,6100.0,retrait,,local,False,aucune
d47af902,CLI-00295,2026-07-03 00:00:00,58100.0,decaissement_credit,,local,False,aucune
3c958610,CLI-00541,2026-07-03 00:00:00,14600.0,retrait,,local,False,aucune
253593ec,CLI-00095,2026-07-03 00:00:00,313100.0,depot,,local,False,aucune
3fbaa3c6,CLI-00704,2026-07-03 00:00:00,1166900.0,depot,,regional_uemoa,False,aucune
e811a4a8,CLI-00523,2026-07-03 00:00:00,46600.0,depot,,local,False,aucune
f83eda0d,CLI-00410,2026-07-03 00:00:00,30500.0,transfert_sortant,CLI-00034,regional_uemoa,False,aucune
62c073df,CLI-00102,2026-07-03 00:00:00,267900.0,depot,,local,False,aucune
bad93bbd,CLI-00642,2026-07-03 00:00:00,88900.0,transfert_entrant,CLI-00774,local,False,aucune
300941a1,CLI-00317,2026-07-03 00:00:00,14100.0,remboursement_credit,,regional_uemoa,False,aucune
c6e04722,CLI-00663,2026-07-03 00:00:00,50100.0,retrait,,local,False,aucune
d65f2ffb,CLI-00735,2026-07-03 00:00:00,38800.0,remboursement_credit,,local,False,aucune
f7d62b48,CLI-00197,2026-07-03 00:00:00,52400.0,retrait,,local,False,aucune
f5361153,CLI-00044,2026-07-03 00:00:00,58200.0,depot,,local,False,aucune
234c8f69,CLI-00599,2026-07-03 00:00:00,55400.0,transfert_sortant,CLI-00409,local,False,aucune
7e004a40,CLI-00532,2026-07-03 00:00:00,33300.0,depot,,local,False,aucune
757131d8,CLI-00487,2026-07-03 00:00:00,36200.0,retrait,,local,False,aucune
21733077,CLI-00533,2026-07-03 00:00:00,43500.0,transfert_sortant,CLI-00412,local,False,aucune
9ec59f5f,CLI-00591,2026-07-03 00:00:00,15400.0,depot,,local,False,aucune
51b8310b,CLI-00193,2026-07-03 00:00:00,24900.0,transfert_sortant,CLI-00099,local,False,aucune
7789e517,CLI-00594,2026-07-03 00:00:00,29400.0,retrait,,local,False,aucune
24496b65,CLI-00384,2026-07-03 00:00:00,50200.0,transfert_sortant,CLI-00395,local,False,aucune
aced991a,CLI-00208,2026-07-03 00:00:00,31600.0,retrait,,regional_uemoa,False,aucune
ed24c4cf,CLI-00594,2026-07-03 00:00:00,18800.0,depot,,local,False,aucune
54a88a54,CLI-00082,2026-07-03 00:00:00,70800.0,retrait,,regional_uemoa,False,aucune
7621692a,CLI-00092,2026-07-03 00:00:00,8900.0,depot,,local,False,aucune
138d67b1,CLI-00324,2026-07-03 00:00:00,27100.0,depot,,local,False,aucune
457f14c4,CLI-00491,2026-07-03 00:00:00,26800.0,decaissement_credit,,local,False,aucune
b6e4bbfb,CLI-00619,2026-07-03 00:00:00,200700.0,depot,,local,False,aucune
1b7159b0,CLI-00207,2026-07-03 00:00:00,24200.0,remboursement_credit,,regional_uemoa,False,aucune
563a9254,CLI-00641,2026-07-03 00:00:00,137200.0,transfert_sortant,CLI-00147,local,False,aucune
5876ea46,CLI-00753,2026-07-03 00:00:00,38900.0,depot,,local,False,aucune
4e49275d,CLI-00491,2026-07-03 00:00:00,1087200.0,transfert_entrant,CLI-00438,local,False,aucune
03003c06,CLI-00649,2026-07-03 00:00:00,45600.0,transfert_entrant,CLI-00170,local,False,aucune
85ef6ea4,CLI-00034,2026-07-03 00:00:00,5600.0,retrait,,transfrontalier_sensible,False,aucune
e7906b96,CLI-00602,2026-07-03 00:00:00,39300.0,retrait,,regional_uemoa,False,aucune
a4509980,CLI-00147,2026-07-03 00:00:00,157700.0,transfert_entrant,CLI-00196,local,False,aucune
6bf36246,CLI-00584,2026-07-03 00:00:00,67800.0,retrait,,local,False,aucune
db28f5de,CLI-00038,2026-07-03 00:00:00,14200.0,retrait,,local,False,aucune
1e509e96,CLI-00083,2026-07-04 00:00:00,11200.0,remboursement_credit,,local,False,aucune
4962f916,CLI-00241,2026-07-04 00:00:00,54600.0,depot,,transfrontalier_sensible,False,aucune
1e8dbc74,CLI-00418,2026-07-04 00:00:00,98800.0,retrait,,local,False,aucune
2bd16ab5,CLI-00077,2026-07-04 00:00:00,21600.0,retrait,,local,False,aucune
fafd2fef,CLI-00243,2026-07-04 00:00:00,8100.0,decaissement_credit,,transfrontalier_sensible,False,aucune
db355081,CLI-00079,2026-07-04 00:00:00,76600.0,remboursement_credit,,local,False,aucune
bbb1a0c9,CLI-00428,2026-07-04 00:00:00,98700.0,retrait,,local,False,aucune
ea108908,CLI-00505,2026-07-04 00:00:00,7000.0,retrait,,regional_uemoa,False,aucune
f54f7ab3,CLI-00411,2026-07-04 00:00:00,77000.0,retrait,,regional_uemoa,False,aucune
3a389ed9,CLI-00288,2026-07-04 00:00:00,308000.0,remboursement_credit,,local,False,aucune
ec1936d0,CLI-00152,2026-07-04 00:00:00,72900.0,depot,,local,False,aucune
6c42e9dc,CLI-00340,2026-07-04 00:00:00,37900.0,depot,,local,False,aucune
31384724,CLI-00523,2026-07-04 00:00:00,13100.0,transfert_entrant,CLI-00550,local,False,aucune
8619bc2a,CLI-00565,2026-07-04 00:00:00,7700.0,transfert_sortant,CLI-00794,local,False,aucune
44a92929,CLI-00020,2026-07-04 00:00:00,90300.0,depot,,local,False,aucune
376f6c7a,CLI-00775,2026-07-04 00:00:00,88100.0,depot,,regional_uemoa,False,aucune
3102b615,CLI-00776,2026-07-04 00:00:00,165800.0,transfert_sortant,CLI-00767,local,False,aucune
816fb1d0,CLI-00028,2026-07-04 00:00:00,47100.0,depot,,local,False,aucune
31c0059a,CLI-00293,2026-07-04 00:00:00,17000.0,decaissement_credit,,local,False,aucune
648bbb69,CLI-00557,2026-07-04 00:00:00,228600.0,decaissement_credit,,local,False,aucune
b26e9aa4,CLI-00012,2026-07-04 00:00:00,35500.0,remboursement_credit,,local,False,aucune
75b29abb,CLI-00793,2026-07-04 00:00:00,11400.0,transfert_sortant,CLI-00565,local,False,aucune
c604cae5,CLI-00317,2026-07-04 00:00:00,57300.0,remboursement_credit,,local,False,aucune
1be61827,CLI-00162,2026-07-04 00:00:00,109400.0,transfert_sortant,CLI-00444,local,False,aucune
b6d797c3,CLI-00797,2026-07-04 00:00:00,26900.0,depot,,local,False,aucune
3723efd3,CLI-00004,2026-07-04 00:00:00,188300.0,decaissement_credit,,local,False,aucune
8c952cfb,CLI-00799,2026-07-04 00:00:00,20800.0,retrait,,local,False,aucune
fd706e5e,CLI-00559,2026-07-04 00:00:00,18900.0,transfert_entrant,CLI-00516,local,False,aucune
44cb3272,CLI-00284,2026-07-04 00:00:00,209200.0,transfert_entrant,CLI-00662,local,False,aucune
3dd939ae,CLI-00148,2026-07-04 00:00:00,126900.0,depot,,local,False,aucune
b7455977,CLI-00184,2026-07-04 00:00:00,10100.0,depot,,regional_uemoa,False,aucune
bd7f11f4,CLI-00125,2026-07-04 00:00:00,55100.0,retrait,,local,False,aucune
b63111e4,CLI-00705,2026-07-04 00:00:00,49900.0,remboursement_credit,,local,False,aucune
fd81c293,CLI-00249,2026-07-04 00:00:00,28600.0,retrait,,local,False,aucune
70d20ffe,CLI-00707,2026-07-04 00:00:00,31100.0,retrait,,local,False,aucune
29b907cb,CLI-00127,2026-07-04 00:00:00,107400.0,retrait,,local,False,aucune
a0493f6b,CLI-00063,2026-07-04 00:00:00,155900.0,retrait,,local,False,aucune
785136fc,CLI-00401,2026-07-04 00:00:00,103100.0,remboursement_credit,,local,False,aucune
cf641757,CLI-00129,2026-07-04 00:00:00,18200.0,remboursement_credit,,local,False,aucune
ed90ef63,CLI-00489,2026-07-04 00:00:00,14100.0,depot,,local,False,aucune
81e39b43,CLI-00252,2026-07-04 00:00:00,53700.0,depot,,local,False,aucune
a49f53e3,CLI-00131,2026-07-04 00:00:00,10700.0,remboursement_credit,,local,False,aucune
6fa90953,CLI-00254,2026-07-04 00:00:00,84900.0,retrait,,transfrontalier_sensible,False,aucune
f3b938de,CLI-00491,2026-07-04 00:00:00,85600.0,decaissement_credit,,local,False,aucune
2753b23c,CLI-00050,2026-07-04 00:00:00,183500.0,depot,,local,False,aucune
863c1de6,CLI-00370,2026-07-04 00:00:00,23300.0,depot,,local,False,aucune
a4c9975a,CLI-00507,2026-07-04 00:00:00,35100.0,depot,,local,False,aucune
bc428fd4,CLI-00742,2026-07-04 00:00:00,105100.0,retrait,,local,False,aucune
54878a61,CLI-00582,2026-07-04 00:00:00,79500.0,transfert_sortant,CLI-00179,regional_uemoa,False,aucune
078c1e67,CLI-00581,2026-07-04 00:00:00,14600.0,transfert_sortant,CLI-00717,regional_uemoa,False,aucune
1f9caee5,CLI-00245,2026-07-04 00:00:00,627800.0,remboursement_credit,,local,False,aucune
e8921fbd,CLI-00083,2026-07-04 00:00:00,3400.0,transfert_entrant,CLI-00493,regional_uemoa,False,aucune
da9f3bbc,CLI-00234,2026-07-04 00:00:00,72100.0,depot,,local,False,aucune
941721ab,CLI-00430,2026-07-04 00:00:00,3500.0,transfert_entrant,CLI-00304,local,False,aucune
08c8eb13,CLI-00455,2026-07-04 00:00:00,28000.0,depot,,local,False,aucune
1181dcc3,CLI-00099,2026-07-04 00:00:00,219200.0,transfert_sortant,CLI-00464,regional_uemoa,False,aucune
1abfd2f3,CLI-00651,2026-07-04 00:00:00,32400.0,retrait,,regional_uemoa,False,aucune
d9cafd52,CLI-00642,2026-07-04 00:00:00,10500.0,remboursement_credit,,transfrontalier_sensible,False,aucune
e1eb555e,CLI-00632,2026-07-04 00:00:00,27200.0,retrait,,local,False,aucune
e55a69e3,CLI-00088,2026-07-04 00:00:00,219100.0,retrait,,local,False,aucune
3b1cb463,CLI-00218,2026-07-04 00:00:00,10500.0,depot,,local,False,aucune
eec7c21b,CLI-00654,2026-07-04 00:00:00,35100.0,retrait,,regional_uemoa,False,aucune
61fe56eb,CLI-00230,2026-07-04 00:00:00,168200.0,transfert_sortant,CLI-00163,regional_uemoa,False,aucune
c5d877f0,CLI-00233,2026-07-04 00:00:00,90500.0,retrait,,local,False,aucune
4317185e,CLI-00660,2026-07-04 00:00:00,42400.0,retrait,,local,False,aucune
cf0b4837,CLI-00101,2026-07-04 00:00:00,44500.0,remboursement_credit,,local,False,aucune
c2361bba,CLI-00450,2026-07-04 00:00:00,54500.0,retrait,,local,False,aucune
5e5ee769,CLI-00463,2026-07-04 00:00:00,33600.0,transfert_sortant,CLI-00047,local,False,aucune
5c5420bb,CLI-00639,2026-07-04 00:00:00,68100.0,retrait,,local,False,aucune
1e998ea5,CLI-00087,2026-07-04 00:00:00,726200.0,retrait,,local,False,aucune
eb62fe4b,CLI-00095,2026-07-04 00:00:00,22300.0,decaissement_credit,,local,False,aucune
2fa9bb50,CLI-00677,2026-07-04 00:00:00,15500.0,retrait,,local,False,aucune
437cd143,CLI-00675,2026-07-04 00:00:00,50700.0,transfert_sortant,CLI-00373,local,False,aucune
ad591073,CLI-00677,2026-07-04 00:00:00,28700.0,depot,,local,False,aucune
633cbe6a,CLI-00232,2026-07-04 00:00:00,4300.0,depot,,local,False,aucune
e1e4fffd,CLI-00672,2026-07-04 00:00:00,12300.0,retrait,,local,False,aucune
606a0449,CLI-00286,2026-07-05 00:00:00,207900.0,depot,,local,False,aucune
74211c47,CLI-00282,2026-07-05 00:00:00,19300.0,remboursement_credit,,local,False,aucune
a816cf30,CLI-00020,2026-07-05 00:00:00,18200.0,remboursement_credit,,local,False,aucune
2fac5027,CLI-00282,2026-07-05 00:00:00,15600.0,transfert_entrant,CLI-00145,regional_uemoa,False,aucune
21058f5e,CLI-00152,2026-07-05 00:00:00,47800.0,retrait,,local,False,aucune
592ecb29,CLI-00032,2026-07-05 00:00:00,71500.0,depot,,regional_uemoa,False,aucune
5da315e4,CLI-00491,2026-07-05 00:00:00,17200.0,decaissement_credit,,local,False,aucune
f8d71c44,CLI-00279,2026-07-05 00:00:00,42000.0,depot,,local,False,aucune
74c589c2,CLI-00485,2026-07-05 00:00:00,22400.0,transfert_sortant,CLI-00663,local,False,aucune
c3c2befa,CLI-00317,2026-07-05 00:00:00,79000.0,transfert_entrant,CLI-00389,local,False,aucune
39318c6a,CLI-00167,2026-07-05 00:00:00,105900.0,depot,,local,False,aucune
af5b3812,CLI-00232,2026-07-05 00:00:00,54900.0,transfert_sortant,CLI-00524,local,False,aucune
0a3ba4b2,CLI-00249,2026-07-05 00:00:00,189000.0,decaissement_credit,,local,False,aucune
00eff08b,CLI-00179,2026-07-05 00:00:00,244800.0,depot,,local,False,aucune
6c5e97bd,CLI-00314,2026-07-05 00:00:00,47900.0,transfert_entrant,CLI-00159,local,False,aucune
4611deb6,CLI-00401,2026-07-05 00:00:00,23300.0,transfert_sortant,CLI-00741,local,False,aucune
70cae1d7,CLI-00085,2026-07-05 00:00:00,54100.0,depot,,local,False,aucune
89dcfd27,CLI-00224,2026-07-05 00:00:00,53100.0,transfert_sortant,CLI-00448,local,False,aucune
5cca8b86,CLI-00714,2026-07-05 00:00:00,4400.0,transfert_entrant,CLI-00206,local,False,aucune
f4b5cf54,CLI-00571,2026-07-05 00:00:00,97100.0,depot,,local,False,aucune
fd7a777f,CLI-00605,2026-07-05 00:00:00,198300.0,transfert_entrant,CLI-00498,regional_uemoa,False,aucune
0906af78,CLI-00494,2026-07-05 00:00:00,60900.0,depot,,local,False,aucune
705c7f42,CLI-00519,2026-07-05 00:00:00,22900.0,depot,,local,False,aucune
b54363a0,CLI-00551,2026-07-05 00:00:00,148500.0,depot,,regional_uemoa,False,aucune
130858f1,CLI-00285,2026-07-05 00:00:00,260800.0,depot,,transfrontalier_sensible,False,aucune
9946247a,CLI-00228,2026-07-05 00:00:00,51200.0,transfert_entrant,CLI-00185,local,False,aucune
afed0143,CLI-00241,2026-07-05 00:00:00,37100.0,depot,,local,False,aucune
efcdc9f5,CLI-00526,2026-07-05 00:00:00,14500.0,retrait,,regional_uemoa,False,aucune
faeacdb9,CLI-00493,2026-07-05 00:00:00,122900.0,retrait,,local,False,aucune
6f94a904,CLI-00550,2026-07-05 00:00:00,59000.0,retrait,,regional_uemoa,False,aucune
acebf437,CLI-00670,2026-07-05 00:00:00,32400.0,remboursement_credit,,local,False,aucune
7838aaba,CLI-00317,2026-07-05 00:00:00,33600.0,remboursement_credit,,local,False,aucune
fdef2a60,CLI-00775,2026-07-05 00:00:00,131400.0,remboursement_credit,,local,False,aucune
994f9440,CLI-00235,2026-07-05 00:00:00,34100.0,remboursement_credit,,local,False,aucune
5420e1e5,CLI-00249,2026-07-05 00:00:00,82400.0,depot,,transfrontalier_sensible,False,aucune
fc82bc39,CLI-00611,2026-07-05 00:00:00,34900.0,retrait,,local,False,aucune
6417352c,CLI-00080,2026-07-05 00:00:00,13600.0,depot,,local,False,aucune
8cb0550f,CLI-00097,2026-07-05 00:00:00,10600.0,transfert_entrant,CLI-00370,local,False,aucune
67974aed,CLI-00068,2026-07-05 00:00:00,111900.0,transfert_entrant,CLI-00174,local,False,aucune
7bd80e2d,CLI-00159,2026-07-05 00:00:00,49200.0,depot,,local,False,aucune
80675a67,CLI-00082,2026-07-05 00:00:00,36600.0,remboursement_credit,,local,False,aucune
ab282c6a,CLI-00510,2026-07-05 00:00:00,138300.0,transfert_entrant,CLI-00149,local,False,aucune
d42239ca,CLI-00654,2026-07-05 00:00:00,12000.0,retrait,,regional_uemoa,False,aucune
f6bed074,CLI-00745,2026-07-05 00:00:00,29800.0,transfert_sortant,CLI-00509,local,False,aucune
f0d233fc,CLI-00307,2026-07-05 00:00:00,110600.0,transfert_sortant,CLI-00568,local,False,aucune
564b2b2c,CLI-00734,2026-07-05 00:00:00,46200.0,remboursement_credit,,transfrontalier_sensible,False,aucune
a7a68697,CLI-00451,2026-07-05 00:00:00,48200.0,depot,,local,False,aucune
f3595519,CLI-00373,2026-07-05 00:00:00,2100.0,depot,,local,False,aucune
81bf4b01,CLI-00146,2026-07-05 00:00:00,25700.0,retrait,,local,False,aucune
5d00ffd7,CLI-00614,2026-07-05 00:00:00,114800.0,depot,,transfrontalier_sensible,False,aucune
cdf27dc6,CLI-00034,2026-07-05 00:00:00,43200.0,retrait,,local,False,aucune
3c24b1d8,CLI-00068,2026-07-05 00:00:00,154700.0,retrait,,local,False,aucune
599c73d5,CLI-00447,2026-07-06 00:00:00,95800.0,retrait,,local,False,aucune
904092a7,CLI-00370,2026-07-06 00:00:00,59600.0,depot,,local,False,aucune
1e0ff7f2,CLI-00573,2026-07-06 00:00:00,51100.0,retrait,,local,False,aucune
deba0dad,CLI-00175,2026-07-06 00:00:00,53100.0,transfert_sortant,CLI-00138,local,False,aucune
fdafa47a,CLI-00772,2026-07-06 00:00:00,30000.0,transfert_sortant,CLI-00136,regional_uemoa,False,aucune
fd576027,CLI-00457,2026-07-06 00:00:00,22900.0,depot,,local,False,aucune
6e0846cc,CLI-00328,2026-07-06 00:00:00,59900.0,transfert_entrant,CLI-00049,transfrontalier_sensible,False,aucune
aa26108e,CLI-00045,2026-07-06 00:00:00,216900.0,retrait,,local,False,aucune
533c7f51,CLI-00284,2026-07-06 00:00:00,45100.0,depot,,local,False,aucune
aa4a96ab,CLI-00507,2026-07-06 00:00:00,13700.0,transfert_sortant,CLI-00710,regional_uemoa,False,aucune
8ec2262c,CLI-00038,2026-07-06 00:00:00,195700.0,retrait,,regional_uemoa,False,aucune
819266a6,CLI-00715,2026-07-06 00:00:00,43600.0,retrait,,local,False,aucune
7cebbb3c,CLI-00428,2026-07-06 00:00:00,32000.0,remboursement_credit,,local,False,aucune
b79e7926,CLI-00220,2026-07-06 00:00:00,13300.0,remboursement_credit,,local,False,aucune
03ed4d68,CLI-00076,2026-07-06 00:00:00,237500.0,remboursement_credit,,regional_uemoa,False,aucune
dbfb4ff2,CLI-00393,2026-07-06 00:00:00,18800.0,remboursement_credit,,local,False,aucune
eefdea2b,CLI-00717,2026-07-06 00:00:00,47700.0,transfert_entrant,CLI-00127,local,False,aucune
64185fbf,CLI-00507,2026-07-06 00:00:00,5000.0,depot,,local,False,aucune
cafc1dbb,CLI-00000,2026-07-06 00:00:00,13300.0,decaissement_credit,,local,False,aucune
83b0591d,CLI-00417,2026-07-06 00:00:00,7600.0,remboursement_credit,,local,False,aucune
4a8b34b5,CLI-00371,2026-07-06 00:00:00,269100.0,transfert_sortant,CLI-00616,local,False,aucune
cb5e42e0,CLI-00361,2026-07-06 00:00:00,31500.0,decaissement_credit,,local,False,aucune
6bb9641c,CLI-00781,2026-07-06 00:00:00,252400.0,depot,,transfrontalier_sensible,False,aucune
a83aef8c,CLI-00777,2026-07-06 00:00:00,17800.0,retrait,,local,False,aucune
e9e60165,CLI-00160,2026-07-06 00:00:00,75400.0,decaissement_credit,,local,False,aucune
992b5c61,CLI-00032,2026-07-06 00:00:00,62800.0,retrait,,regional_uemoa,False,aucune
0b786a44,CLI-00674,2026-07-06 00:00:00,66300.0,retrait,,local,False,aucune
f6d916f6,CLI-00164,2026-07-06 00:00:00,35600.0,retrait,,local,False,aucune
6b95b2b7,CLI-00512,2026-07-06 00:00:00,27600.0,depot,,local,False,aucune
47b9d526,CLI-00513,2026-07-06 00:00:00,48800.0,retrait,,local,False,aucune
4cda3311,CLI-00776,2026-07-06 00:00:00,129000.0,depot,,local,False,aucune
2682ebea,CLI-00359,2026-07-06 00:00:00,42100.0,retrait,,local,False,aucune
d60d4d61,CLI-00593,2026-07-06 00:00:00,161700.0,retrait,,transfrontalier_sensible,False,aucune
d1ab437a,CLI-00236,2026-07-06 00:00:00,54800.0,transfert_entrant,CLI-00627,transfrontalier_sensible,False,aucune
7c72a7d7,CLI-00139,2026-07-06 00:00:00,28900.0,depot,,local,False,aucune
5a67688f,CLI-00093,2026-07-06 00:00:00,91400.0,decaissement_credit,,local,False,aucune
5abb2e51,CLI-00356,2026-07-06 00:00:00,68700.0,decaissement_credit,,local,False,aucune
a47c5d85,CLI-00011,2026-07-06 00:00:00,27700.0,retrait,,local,False,aucune
5d9c6de2,CLI-00233,2026-07-06 00:00:00,52800.0,transfert_sortant,CLI-00483,local,False,aucune
2c914258,CLI-00594,2026-07-06 00:00:00,14200.0,remboursement_credit,,local,False,aucune
bb972a40,CLI-00321,2026-07-06 00:00:00,96800.0,remboursement_credit,,local,False,aucune
09b2c793,CLI-00704,2026-07-06 00:00:00,15700.0,retrait,,local,False,aucune
a0d31c8f,CLI-00499,2026-07-06 00:00:00,58800.0,decaissement_credit,,local,False,aucune
e0f9b813,CLI-00330,2026-07-07 00:00:00,306700.0,transfert_sortant,CLI-00423,regional_uemoa,False,aucune
8f17eee0,CLI-00415,2026-07-07 00:00:00,43100.0,depot,,local,False,aucune
92b1be40,CLI-00297,2026-07-07 00:00:00,102500.0,transfert_entrant,CLI-00284,local,False,aucune
735e4d30,CLI-00407,2026-07-07 00:00:00,34500.0,depot,,local,False,aucune
3e11cd1b,CLI-00398,2026-07-07 00:00:00,11300.0,depot,,regional_uemoa,False,aucune
315ea74d,CLI-00204,2026-07-07 00:00:00,19500.0,depot,,local,False,aucune
7d31b61b,CLI-00298,2026-07-07 00:00:00,204100.0,remboursement_credit,,local,False,aucune
64279bbd,CLI-00233,2026-07-07 00:00:00,21300.0,depot,,regional_uemoa,False,aucune
5a216e20,CLI-00250,2026-07-07 00:00:00,12900.0,remboursement_credit,,local,False,aucune
9a0ce4fa,CLI-00632,2026-07-07 00:00:00,10100.0,retrait,,local,False,aucune
82955ee0,CLI-00398,2026-07-07 00:00:00,27100.0,remboursement_credit,,local,False,aucune
2fb1cde1,CLI-00322,2026-07-07 00:00:00,100700.0,remboursement_credit,,local,False,aucune
d82cd199,CLI-00125,2026-07-07 00:00:00,82300.0,decaissement_credit,,local,False,aucune
351f2f2e,CLI-00019,2026-07-07 00:00:00,25000.0,depot,,local,False,aucune
6fa28bed,CLI-00152,2026-07-07 00:00:00,137100.0,transfert_sortant,CLI-00371,regional_uemoa,False,aucune
efbfa33d,CLI-00714,2026-07-07 00:00:00,145000.0,transfert_sortant,CLI-00137,regional_uemoa,False,aucune
25705a46,CLI-00652,2026-07-07 00:00:00,53900.0,depot,,local,False,aucune
2746b11a,CLI-00075,2026-07-07 00:00:00,20000.0,transfert_sortant,CLI-00678,local,False,aucune
74d353c7,CLI-00654,2026-07-07 00:00:00,18000.0,depot,,local,False,aucune
b706d2a4,CLI-00292,2026-07-07 00:00:00,20800.0,remboursement_credit,,local,False,aucune
7659e122,CLI-00408,2026-07-07 00:00:00,40400.0,decaissement_credit,,local,False,aucune
8c52c94c,CLI-00340,2026-07-07 00:00:00,37900.0,transfert_entrant,CLI-00109,local,False,aucune
8f8606e0,CLI-00774,2026-07-07 00:00:00,51800.0,remboursement_credit,,transfrontalier_sensible,False,aucune
0eee1501,CLI-00013,2026-07-07 00:00:00,415500.0,transfert_entrant,CLI-00081,local,False,aucune
c314741f,CLI-00108,2026-07-07 00:00:00,232600.0,depot,,local,False,aucune
ed63a417,CLI-00239,2026-07-07 00:00:00,44700.0,transfert_entrant,CLI-00280,regional_uemoa,False,aucune
3e60aab5,CLI-00683,2026-07-07 00:00:00,39000.0,retrait,,local,False,aucune
c0b117b1,CLI-00754,2026-07-07 00:00:00,168300.0,depot,,regional_uemoa,False,aucune
37919f68,CLI-00132,2026-07-07 00:00:00,40700.0,transfert_entrant,CLI-00207,local,False,aucune
d81a5f50,CLI-00682,2026-07-07 00:00:00,56200.0,decaissement_credit,,local,False,aucune
beb2dbea,CLI-00450,2026-07-07 00:00:00,59700.0,retrait,,local,False,aucune
2073a2ee,CLI-00545,2026-07-07 00:00:00,35600.0,decaissement_credit,,local,False,aucune
96bde636,CLI-00310,2026-07-07 00:00:00,123600.0,remboursement_credit,,local,False,aucune
011cab7d,CLI-00186,2026-07-07 00:00:00,19700.0,retrait,,local,False,aucune
ae78df53,CLI-00276,2026-07-07 00:00:00,226200.0,remboursement_credit,,local,False,aucune
e5847316,CLI-00506,2026-07-07 00:00:00,86200.0,depot,,local,False,aucune
5a07dbeb,CLI-00305,2026-07-07 00:00:00,35400.0,retrait,,local,False,aucune
61de5fc5,CLI-00164,2026-07-07 00:00:00,19300.0,transfert_sortant,CLI-00170,local,False,aucune
db77fc32,CLI-00582,2026-07-07 00:00:00,5900.0,remboursement_credit,,regional_uemoa,False,aucune
b948af05,CLI-00274,2026-07-07 00:00:00,42200.0,transfert_entrant,CLI-00130,local,False,aucune
ff05c989,CLI-00269,2026-07-07 00:00:00,166600.0,transfert_sortant,CLI-00505,local,False,aucune
ac846b62,CLI-00165,2026-07-07 00:00:00,119000.0,depot,,local,False,aucune
b0be4df8,CLI-00272,2026-07-07 00:00:00,29300.0,depot,,local,False,aucune
665b614e,CLI-00363,2026-07-07 00:00:00,21200.0,retrait,,local,False,aucune
64b70d18,CLI-00628,2026-07-07 00:00:00,62400.0,depot,,local,False,aucune
d7a823f3,CLI-00458,2026-07-07 00:00:00,45800.0,transfert_entrant,CLI-00234,local,False,aucune
3260d5ed,CLI-00367,2026-07-07 00:00:00,81300.0,transfert_entrant,CLI-00206,local,False,aucune
691811ae,CLI-00143,2026-07-07 00:00:00,17200.0,retrait,,local,False,aucune
7023e888,CLI-00188,2026-07-07 00:00:00,74600.0,decaissement_credit,,local,False,aucune
2e587acd,CLI-00114,2026-07-07 00:00:00,7900.0,retrait,,regional_uemoa,False,aucune
289d63b8,CLI-00380,2026-07-07 00:00:00,22900.0,retrait,,regional_uemoa,False,aucune
0fcaa567,CLI-00423,2026-07-07 00:00:00,211000.0,depot,,transfrontalier_sensible,False,aucune
e555bd7c,CLI-00389,2026-07-07 00:00:00,127600.0,depot,,local,False,aucune
fe05098f,CLI-00116,2026-07-07 00:00:00,70700.0,retrait,,transfrontalier_sensible,False,aucune
6e37d298,CLI-00686,2026-07-07 00:00:00,25400.0,depot,,local,False,aucune
e5bcbe6b,CLI-00257,2026-07-07 00:00:00,20800.0,retrait,,regional_uemoa,False,aucune
8a093a86,CLI-00724,2026-07-07 00:00:00,295300.0,depot,,local,False,aucune
f0d8bf83,CLI-00419,2026-07-07 00:00:00,82000.0,transfert_entrant,CLI-00769,local,False,aucune
01eefcd3,CLI-00658,2026-07-07 00:00:00,10600.0,depot,,local,False,aucune
fb751342,CLI-00056,2026-07-07 00:00:00,110700.0,depot,,local,False,aucune
adcabef8,CLI-00028,2026-07-07 00:00:00,144200.0,transfert_entrant,CLI-00260,transfrontalier_sensible,False,aucune
e8735590,CLI-00027,2026-07-07 00:00:00,18200.0,depot,,local,False,aucune
4c420dad,CLI-00181,2026-07-07 00:00:00,73800.0,transfert_sortant,CLI-00569,local,False,aucune
e35b3b97,CLI-00027,2026-07-07 00:00:00,102600.0,transfert_entrant,CLI-00046,regional_uemoa,False,aucune
44598d12,CLI-00156,2026-07-08 00:00:00,166000.0,depot,,local,False,aucune
ba3e6f93,CLI-00295,2026-07-08 00:00:00,24200.0,retrait,,local,False,aucune
246d9ac4,CLI-00604,2026-07-08 00:00:00,260900.0,depot,,local,False,aucune
7b3e43cf,CLI-00722,2026-07-08 00:00:00,46000.0,retrait,,local,False,aucune
945f587c,CLI-00063,2026-07-08 00:00:00,529900.0,depot,,local,False,aucune
13eeb877,CLI-00461,2026-07-08 00:00:00,47800.0,retrait,,local,False,aucune
101649a0,CLI-00042,2026-07-08 00:00:00,40900.0,retrait,,local,False,aucune
02fe6e6d,CLI-00701,2026-07-08 00:00:00,29100.0,depot,,local,False,aucune
7f54fb1f,CLI-00186,2026-07-08 00:00:00,100400.0,depot,,local,False,aucune
1fb65564,CLI-00326,2026-07-08 00:00:00,354300.0,retrait,,local,False,aucune
38b8f5e8,CLI-00086,2026-07-08 00:00:00,152600.0,transfert_sortant,CLI-00613,local,False,aucune
a7395cab,CLI-00041,2026-07-08 00:00:00,25200.0,depot,,regional_uemoa,False,aucune
a723b5dd,CLI-00463,2026-07-08 00:00:00,631800.0,retrait,,local,False,aucune
3c299bc3,CLI-00133,2026-07-08 00:00:00,11200.0,depot,,transfrontalier_sensible,False,aucune
2b008c94,CLI-00271,2026-07-08 00:00:00,38600.0,decaissement_credit,,transfrontalier_sensible,False,aucune
6ee25a9c,CLI-00372,2026-07-08 00:00:00,161700.0,retrait,,regional_uemoa,False,aucune
0560cab6,CLI-00259,2026-07-08 00:00:00,38100.0,retrait,,local,False,aucune
a76f3d10,CLI-00096,2026-07-08 00:00:00,36400.0,retrait,,local,False,aucune
4ead3f08,CLI-00148,2026-07-08 00:00:00,334400.0,transfert_entrant,CLI-00261,regional_uemoa,False,aucune
681855c1,CLI-00710,2026-07-08 00:00:00,6700.0,transfert_sortant,CLI-00528,local,False,aucune
665e22e9,CLI-00104,2026-07-08 00:00:00,178200.0,remboursement_credit,,local,False,aucune
a6fcf5ac,CLI-00382,2026-07-08 00:00:00,32500.0,retrait,,local,False,aucune
4ae3c758,CLI-00609,2026-07-08 00:00:00,73100.0,remboursement_credit,,local,False,aucune
17681f48,CLI-00280,2026-07-08 00:00:00,48300.0,depot,,local,False,aucune
f25f0ef2,CLI-00136,2026-07-08 00:00:00,7200.0,depot,,local,False,aucune
528128db,CLI-00195,2026-07-08 00:00:00,26400.0,retrait,,regional_uemoa,False,aucune
279c925c,CLI-00592,2026-07-08 00:00:00,80700.0,depot,,local,False,aucune
7ebb0495,CLI-00578,2026-07-08 00:00:00,22700.0,depot,,local,False,aucune
857124f4,CLI-00031,2026-07-08 00:00:00,79400.0,decaissement_credit,,local,False,aucune
ae1f1f47,CLI-00030,2026-07-08 00:00:00,26100.0,transfert_sortant,CLI-00318,local,False,aucune
d35c25cb,CLI-00672,2026-07-08 00:00:00,348400.0,remboursement_credit,,local,False,aucune
3edc8a8c,CLI-00331,2026-07-08 00:00:00,291300.0,retrait,,local,False,aucune
965aecb2,CLI-00231,2026-07-08 00:00:00,53100.0,depot,,local,False,aucune
d5705189,CLI-00497,2026-07-08 00:00:00,81400.0,transfert_sortant,CLI-00374,local,False,aucune
b1568297,CLI-00199,2026-07-08 00:00:00,36900.0,depot,,local,False,aucune
ebfb916b,CLI-00376,2026-07-08 00:00:00,57000.0,remboursement_credit,,local,False,aucune
151135bc,CLI-00455,2026-07-08 00:00:00,124500.0,depot,,local,False,aucune
f4b966a5,CLI-00195,2026-07-08 00:00:00,16200.0,remboursement_credit,,local,False,aucune
5a597d66,CLI-00294,2026-07-08 00:00:00,23700.0,retrait,,local,False,aucune
82114c63,CLI-00105,2026-07-08 00:00:00,27200.0,retrait,,local,False,aucune
53fd42fb,CLI-00485,2026-07-08 00:00:00,16200.0,remboursement_credit,,local,False,aucune
1beb09ec,CLI-00373,2026-07-08 00:00:00,63200.0,depot,,local,False,aucune
a561a83b,CLI-00276,2026-07-08 00:00:00,12900.0,transfert_entrant,CLI-00761,local,False,aucune
d7091b03,CLI-00138,2026-07-08 00:00:00,205300.0,remboursement_credit,,local,False,aucune
1cb55dbc,CLI-00090,2026-07-08 00:00:00,52400.0,remboursement_credit,,regional_uemoa,False,aucune
735a7870,CLI-00743,2026-07-08 00:00:00,103600.0,decaissement_credit,,local,False,aucune
c78a475b,CLI-00549,2026-07-08 00:00:00,27900.0,transfert_sortant,CLI-00248,local,False,aucune
fb929917,CLI-00163,2026-07-08 00:00:00,142700.0,transfert_sortant,CLI-00578,local,False,aucune
7f4239b4,CLI-00422,2026-07-08 00:00:00,41500.0,retrait,,local,False,aucune
8c395375,CLI-00086,2026-07-08 00:00:00,53000.0,retrait,,regional_uemoa,False,aucune
5ddea053,CLI-00468,2026-07-08 00:00:00,36800.0,transfert_entrant,CLI-00675,local,False,aucune
41426453,CLI-00677,2026-07-08 00:00:00,63600.0,depot,,regional_uemoa,False,aucune
e3d1a7c7,CLI-00476,2026-07-08 00:00:00,69400.0,retrait,,local,False,aucune
70658733,CLI-00008,2026-07-08 00:00:00,107200.0,depot,,local,False,aucune
d2084ec8,CLI-00463,2026-07-08 00:00:00,54300.0,depot,,local,False,aucune
922cae3b,CLI-00550,2026-07-08 00:00:00,57500.0,transfert_sortant,CLI-00076,local,False,aucune
572f8715,CLI-00475,2026-07-08 00:00:00,219700.0,depot,,regional_uemoa,False,aucune
e3cfd354,CLI-00688,2026-07-08 00:00:00,112100.0,transfert_entrant,CLI-00569,regional_uemoa,False,aucune
d5c5f04d,CLI-00237,2026-07-08 00:00:00,71100.0,retrait,,local,False,aucune
4b47feab,CLI-00292,2026-07-09 00:00:00,24500.0,depot,,local,False,aucune
623d4dff,CLI-00091,2026-07-09 00:00:00,96700.0,depot,,local,False,aucune
bfd5ce86,CLI-00324,2026-07-09 00:00:00,19700.0,retrait,,local,False,aucune
f093da04,CLI-00185,2026-07-09 00:00:00,36900.0,transfert_sortant,CLI-00375,local,False,aucune
f254fd98,CLI-00138,2026-07-09 00:00:00,22400.0,depot,,local,False,aucune
52882166,CLI-00204,2026-07-09 00:00:00,59700.0,depot,,local,False,aucune
825bf4fd,CLI-00299,2026-07-09 00:00:00,71900.0,decaissement_credit,,local,False,aucune
25174ca1,CLI-00459,2026-07-09 00:00:00,75200.0,transfert_sortant,CLI-00237,local,False,aucune
c120ac0a,CLI-00091,2026-07-09 00:00:00,9600.0,depot,,local,False,aucune
84e23185,CLI-00535,2026-07-09 00:00:00,52000.0,transfert_sortant,CLI-00339,local,False,aucune
f9795d70,CLI-00479,2026-07-09 00:00:00,39100.0,depot,,local,False,aucune
681b130f,CLI-00660,2026-07-09 00:00:00,62000.0,remboursement_credit,,local,False,aucune
b7d00acb,CLI-00314,2026-07-09 00:00:00,8000.0,depot,,regional_uemoa,False,aucune
393e0d2c,CLI-00315,2026-07-09 00:00:00,18700.0,remboursement_credit,,local,False,aucune
e4c45273,CLI-00471,2026-07-09 00:00:00,37900.0,depot,,local,False,aucune
fd1ad997,CLI-00077,2026-07-09 00:00:00,21900.0,remboursement_credit,,local,False,aucune
a9a1d865,CLI-00341,2026-07-09 00:00:00,15900.0,remboursement_credit,,local,False,aucune
8235c9c8,CLI-00117,2026-07-09 00:00:00,39700.0,retrait,,local,False,aucune
11f0e0e6,CLI-00602,2026-07-09 00:00:00,8400.0,retrait,,regional_uemoa,False,aucune
3f778650,CLI-00445,2026-07-09 00:00:00,37300.0,depot,,local,False,aucune
37af83b3,CLI-00027,2026-07-09 00:00:00,9100.0,retrait,,local,False,aucune
17490d61,CLI-00061,2026-07-09 00:00:00,69000.0,depot,,local,False,aucune
2940d47d,CLI-00437,2026-07-09 00:00:00,54500.0,remboursement_credit,,local,False,aucune
18d06753,CLI-00120,2026-07-09 00:00:00,8800.0,depot,,local,False,aucune
03d06308,CLI-00537,2026-07-09 00:00:00,129700.0,transfert_entrant,CLI-00779,regional_uemoa,False,aucune
d5f0f84a,CLI-00597,2026-07-09 00:00:00,411400.0,transfert_sortant,CLI-00607,local,False,aucune
a0c673f4,CLI-00791,2026-07-09 00:00:00,72100.0,decaissement_credit,,local,False,aucune
dba2e008,CLI-00658,2026-07-09 00:00:00,25400.0,retrait,,local,False,aucune
8003f423,CLI-00652,2026-07-09 00:00:00,17100.0,depot,,local,False,aucune
ff78ca37,CLI-00685,2026-07-09 00:00:00,31100.0,remboursement_credit,,local,False,aucune
d61129c7,CLI-00488,2026-07-09 00:00:00,15000.0,transfert_entrant,CLI-00466,local,False,aucune
3feb78c7,CLI-00021,2026-07-09 00:00:00,18000.0,decaissement_credit,,local,False,aucune
a2a7bfd3,CLI-00425,2026-07-09 00:00:00,24900.0,transfert_entrant,CLI-00241,transfrontalier_sensible,False,aucune
fb01b127,CLI-00154,2026-07-09 00:00:00,427900.0,retrait,,local,False,aucune
8883b790,CLI-00247,2026-07-09 00:00:00,95800.0,retrait,,local,False,aucune
c7d028bb,CLI-00429,2026-07-09 00:00:00,56900.0,transfert_entrant,CLI-00572,local,False,aucune
8d7fc7aa,CLI-00615,2026-07-09 00:00:00,46200.0,retrait,,local,False,aucune
4239255b,CLI-00113,2026-07-09 00:00:00,36500.0,retrait,,local,False,aucune
62e93fad,CLI-00743,2026-07-09 00:00:00,67900.0,depot,,regional_uemoa,False,aucune
fe1037fe,CLI-00465,2026-07-09 00:00:00,42900.0,retrait,,local,False,aucune
b83684b0,CLI-00511,2026-07-09 00:00:00,109100.0,transfert_sortant,CLI-00264,local,False,aucune
09d3f461,CLI-00745,2026-07-09 00:00:00,3700.0,retrait,,local,False,aucune
7edce269,CLI-00786,2026-07-09 00:00:00,21300.0,remboursement_credit,,local,False,aucune
2a079b2c,CLI-00314,2026-07-10 00:00:00,33100.0,depot,,local,False,aucune
78c30057,CLI-00071,2026-07-10 00:00:00,35400.0,transfert_sortant,CLI-00307,local,False,aucune
a57f31c6,CLI-00071,2026-07-10 00:00:00,26600.0,transfert_sortant,CLI-00594,local,False,aucune
1d6aa12d,CLI-00195,2026-07-10 00:00:00,43300.0,remboursement_credit,,local,False,aucune
95a366e3,CLI-00128,2026-07-10 00:00:00,148500.0,depot,,local,False,aucune
93e407da,CLI-00506,2026-07-10 00:00:00,127900.0,retrait,,local,False,aucune
fa9d88d3,CLI-00063,2026-07-10 00:00:00,19100.0,transfert_entrant,CLI-00255,regional_uemoa,False,aucune
865844ea,CLI-00201,2026-07-10 00:00:00,153100.0,retrait,,local,False,aucune
2f99497d,CLI-00240,2026-07-10 00:00:00,193500.0,depot,,local,False,aucune
a20a789f,CLI-00664,2026-07-10 00:00:00,8500.0,depot,,local,False,aucune
3c49c0b7,CLI-00747,2026-07-10 00:00:00,58900.0,depot,,local,False,aucune
b3fd39a7,CLI-00699,2026-07-10 00:00:00,14300.0,remboursement_credit,,local,False,aucune
a91ffc0a,CLI-00250,2026-07-10 00:00:00,32800.0,retrait,,local,False,aucune
55208cd5,CLI-00718,2026-07-10 00:00:00,3400.0,depot,,local,False,aucune
3b2cbba3,CLI-00708,2026-07-10 00:00:00,8900.0,retrait,,local,False,aucune
649b1444,CLI-00293,2026-07-10 00:00:00,13400.0,depot,,local,False,aucune
49397ac4,CLI-00541,2026-07-10 00:00:00,202100.0,transfert_entrant,CLI-00658,local,False,aucune
f10d3284,CLI-00707,2026-07-10 00:00:00,100500.0,retrait,,local,False,aucune
b2936bc2,CLI-00211,2026-07-10 00:00:00,74800.0,retrait,,local,False,aucune
7f5faf41,CLI-00176,2026-07-10 00:00:00,87800.0,retrait,,local,False,aucune
410cc0f9,CLI-00233,2026-07-10 00:00:00,82500.0,decaissement_credit,,local,False,aucune
b052502f,CLI-00531,2026-07-10 00:00:00,54400.0,depot,,local,False,aucune
0080fffc,CLI-00350,2026-07-10 00:00:00,58300.0,depot,,local,False,aucune
4d434633,CLI-00602,2026-07-10 00:00:00,43400.0,depot,,local,False,aucune
e3746cf8,CLI-00026,2026-07-10 00:00:00,26900.0,transfert_sortant,CLI-00645,local,False,aucune
0e8bcbae,CLI-00255,2026-07-10 00:00:00,56400.0,depot,,local,False,aucune
f1ba8341,CLI-00289,2026-07-10 00:00:00,270100.0,remboursement_credit,,local,False,aucune
d4acf171,CLI-00644,2026-07-10 00:00:00,80900.0,depot,,local,False,aucune
db0d2f85,CLI-00428,2026-07-10 00:00:00,47700.0,depot,,local,False,aucune
68406374,CLI-00059,2026-07-10 00:00:00,66700.0,depot,,local,False,aucune
f783e14f,CLI-00198,2026-07-10 00:00:00,40200.0,depot,,local,False,aucune
8685ed10,CLI-00765,2026-07-10 00:00:00,109500.0,depot,,local,False,aucune
2c25f046,CLI-00596,2026-07-10 00:00:00,66200.0,transfert_sortant,CLI-00090,local,False,aucune
2cce1d78,CLI-00549,2026-07-10 00:00:00,20500.0,depot,,local,False,aucune
fc0104a1,CLI-00537,2026-07-10 00:00:00,596500.0,depot,,local,False,aucune
ff97e9a9,CLI-00572,2026-07-10 00:00:00,190500.0,decaissement_credit,,local,False,aucune
59d2ac76,CLI-00714,2026-07-10 00:00:00,11100.0,retrait,,local,False,aucune
27f2008a,CLI-00525,2026-07-10 00:00:00,179200.0,remboursement_credit,,local,False,aucune
cdf216df,CLI-00634,2026-07-10 00:00:00,8800.0,retrait,,local,False,aucune
36c62c52,CLI-00489,2026-07-10 00:00:00,112300.0,transfert_entrant,CLI-00761,local,False,aucune
db0f36dc,CLI-00549,2026-07-10 00:00:00,16200.0,decaissement_credit,,local,False,aucune
27383c90,CLI-00713,2026-07-10 00:00:00,86600.0,decaissement_credit,,local,False,aucune
3cdf8bd5,CLI-00167,2026-07-10 00:00:00,15800.0,decaissement_credit,,local,False,aucune
ef2506df,CLI-00722,2026-07-10 00:00:00,52400.0,remboursement_credit,,local,False,aucune
bedd35e3,CLI-00278,2026-07-10 00:00:00,11200.0,transfert_sortant,CLI-00220,local,False,aucune
bf938378,CLI-00668,2026-07-10 00:00:00,59200.0,retrait,,regional_uemoa,False,aucune
c6ba9565,CLI-00705,2026-07-10 00:00:00,188200.0,depot,,regional_uemoa,False,aucune
358f83d8,CLI-00748,2026-07-10 00:00:00,32600.0,remboursement_credit,,local,False,aucune
6bd370c9,CLI-00616,2026-07-10 00:00:00,44300.0,retrait,,local,False,aucune
ca2a3f07,CLI-00081,2026-07-10 00:00:00,20400.0,depot,,local,False,aucune
94b5f517,CLI-00044,2026-07-10 00:00:00,42600.0,retrait,,regional_uemoa,False,aucune
5b335cb5,CLI-00247,2026-07-10 00:00:00,49500.0,depot,,local,False,aucune
e9a31e9c,CLI-00425,2026-07-10 00:00:00,116000.0,transfert_sortant,CLI-00081,local,False,aucune
515af77a,CLI-00415,2026-07-10 00:00:00,50200.0,transfert_entrant,CLI-00135,local,False,aucune
5e7e351e,CLI-00484,2026-07-10 00:00:00,114900.0,depot,,local,False,aucune
e6c0cc12,CLI-00733,2026-07-10 00:00:00,61500.0,retrait,,local,False,aucune
96e956b0,CLI-00732,2026-07-10 00:00:00,4300.0,remboursement_credit,,local,False,aucune
b0e80afd,CLI-00230,2026-07-10 00:00:00,67400.0,depot,,local,False,aucune
215266b7,CLI-00732,2026-07-10 00:00:00,22800.0,retrait,,local,False,aucune
ed9c557a,CLI-00123,2026-07-10 00:00:00,6100.0,depot,,local,False,aucune
7a2a94be,CLI-00487,2026-07-11 00:00:00,25000.0,retrait,,local,False,aucune
4d58dabc,CLI-00631,2026-07-11 00:00:00,57000.0,remboursement_credit,,local,False,aucune
9e9ce92a,CLI-00069,2026-07-11 00:00:00,72100.0,transfert_entrant,CLI-00066,regional_uemoa,False,aucune
4a3ca1e5,CLI-00619,2026-07-11 00:00:00,20800.0,retrait,,local,False,aucune
d114639e,CLI-00141,2026-07-11 00:00:00,28600.0,transfert_entrant,CLI-00248,local,False,aucune
10671dad,CLI-00401,2026-07-11 00:00:00,81100.0,decaissement_credit,,local,False,aucune
4bbe86c1,CLI-00770,2026-07-11 00:00:00,34600.0,decaissement_credit,,local,False,aucune
fea99ac4,CLI-00308,2026-07-11 00:00:00,16700.0,retrait,,local,False,aucune
cb0b95cc,CLI-00764,2026-07-11 00:00:00,11900.0,remboursement_credit,,local,False,aucune
17139ecf,CLI-00510,2026-07-11 00:00:00,44100.0,remboursement_credit,,local,False,aucune
b84358d9,CLI-00359,2026-07-11 00:00:00,18100.0,transfert_entrant,CLI-00113,local,False,aucune
303ee8c6,CLI-00373,2026-07-11 00:00:00,76300.0,retrait,,regional_uemoa,False,aucune
221e972f,CLI-00130,2026-07-11 00:00:00,58000.0,depot,,local,False,aucune
64fda8d1,CLI-00791,2026-07-11 00:00:00,11800.0,transfert_entrant,CLI-00451,local,False,aucune
c08606df,CLI-00616,2026-07-11 00:00:00,104200.0,depot,,local,False,aucune
986b56bb,CLI-00565,2026-07-11 00:00:00,27700.0,depot,,local,False,aucune
94a3db0b,CLI-00231,2026-07-11 00:00:00,122000.0,retrait,,local,False,aucune
c2336d40,CLI-00597,2026-07-11 00:00:00,233500.0,depot,,local,False,aucune
6b60e7ef,CLI-00560,2026-07-11 00:00:00,57800.0,retrait,,local,False,aucune
2e38867c,CLI-00564,2026-07-11 00:00:00,63300.0,retrait,,local,False,aucune
95aee71e,CLI-00350,2026-07-11 00:00:00,77100.0,depot,,local,False,aucune
312d7e69,CLI-00518,2026-07-11 00:00:00,27900.0,depot,,local,False,aucune
fa72ea12,CLI-00378,2026-07-11 00:00:00,57600.0,depot,,regional_uemoa,False,aucune
193ce4a4,CLI-00162,2026-07-11 00:00:00,12900.0,retrait,,transfrontalier_sensible,False,aucune
0f73d744,CLI-00681,2026-07-11 00:00:00,157200.0,retrait,,local,False,aucune
dbbe9899,CLI-00633,2026-07-11 00:00:00,103200.0,depot,,local,False,aucune
f466092b,CLI-00741,2026-07-11 00:00:00,7100.0,remboursement_credit,,local,False,aucune
7fcfa385,CLI-00794,2026-07-11 00:00:00,26500.0,remboursement_credit,,local,False,aucune
695999b5,CLI-00221,2026-07-11 00:00:00,36200.0,depot,,local,False,aucune
b870da57,CLI-00750,2026-07-11 00:00:00,52700.0,remboursement_credit,,transfrontalier_sensible,False,aucune
17542b39,CLI-00498,2026-07-11 00:00:00,164300.0,transfert_sortant,CLI-00399,local,False,aucune
ec495dd8,CLI-00345,2026-07-11 00:00:00,38400.0,depot,,local,False,aucune
47188e9a,CLI-00626,2026-07-11 00:00:00,246800.0,retrait,,local,False,aucune
dfc4d7b5,CLI-00331,2026-07-11 00:00:00,594200.0,transfert_entrant,CLI-00476,local,False,aucune
d1bd844e,CLI-00468,2026-07-11 00:00:00,92300.0,depot,,local,False,aucune
45edfd28,CLI-00673,2026-07-11 00:00:00,74600.0,depot,,local,False,aucune
e6efa559,CLI-00502,2026-07-11 00:00:00,338600.0,retrait,,local,False,aucune
b3b753b1,CLI-00671,2026-07-11 00:00:00,24800.0,depot,,transfrontalier_sensible,False,aucune
fe0dd90c,CLI-00779,2026-07-11 00:00:00,6500.0,transfert_sortant,CLI-00369,local,False,aucune
e90309f4,CLI-00098,2026-07-11 00:00:00,102000.0,transfert_sortant,CLI-00087,local,False,aucune
d7c07488,CLI-00784,2026-07-11 00:00:00,137200.0,transfert_entrant,CLI-00289,local,False,aucune
a8223551,CLI-00444,2026-07-11 00:00:00,43700.0,depot,,local,False,aucune
00774bfa,CLI-00247,2026-07-11 00:00:00,52900.0,depot,,local,False,aucune
87a1064a,CLI-00455,2026-07-11 00:00:00,9800.0,decaissement_credit,,regional_uemoa,False,aucune
449a2906,CLI-00755,2026-07-11 00:00:00,19600.0,remboursement_credit,,local,False,aucune
3709dbcd,CLI-00211,2026-07-11 00:00:00,107800.0,retrait,,local,False,aucune
9d2b4236,CLI-00692,2026-07-11 00:00:00,27800.0,retrait,,local,False,aucune
434213bc,CLI-00418,2026-07-11 00:00:00,23700.0,decaissement_credit,,local,False,aucune
5cba64a6,CLI-00666,2026-07-11 00:00:00,43900.0,depot,,local,False,aucune
61473856,CLI-00442,2026-07-11 00:00:00,42600.0,transfert_sortant,CLI-00288,regional_uemoa,False,aucune
d31ea2e4,CLI-00150,2026-07-11 00:00:00,2000.0,decaissement_credit,,local,False,aucune
d8d65388,CLI-00454,2026-07-11 00:00:00,15900.0,remboursement_credit,,regional_uemoa,False,aucune
7b42b92f,CLI-00369,2026-07-11 00:00:00,92100.0,retrait,,local,False,aucune
8d2fac0d,CLI-00554,2026-07-11 00:00:00,99700.0,retrait,,transfrontalier_sensible,False,aucune
251b2492,CLI-00360,2026-07-11 00:00:00,174800.0,depot,,transfrontalier_sensible,False,aucune
dd8e3f3b,CLI-00618,2026-07-11 00:00:00,202400.0,depot,,local,False,aucune
613b4472,CLI-00674,2026-07-12 00:00:00,67000.0,depot,,local,False,aucune
67561161,CLI-00172,2026-07-12 00:00:00,47100.0,retrait,,local,False,aucune
e45d0d50,CLI-00000,2026-07-12 00:00:00,34700.0,retrait,,local,False,aucune
de0206fa,CLI-00231,2026-07-12 00:00:00,13500.0,retrait,,local,False,aucune
aecd2845,CLI-00652,2026-07-12 00:00:00,68800.0,transfert_entrant,CLI-00235,local,False,aucune
a404353c,CLI-00144,2026-07-12 00:00:00,8100.0,depot,,local,False,aucune
f878b498,CLI-00102,2026-07-12 00:00:00,225000.0,depot,,local,False,aucune
71c92fd6,CLI-00523,2026-07-12 00:00:00,27700.0,depot,,local,False,aucune
cd904c18,CLI-00717,2026-07-12 00:00:00,130500.0,retrait,,local,False,aucune
67408f85,CLI-00038,2026-07-12 00:00:00,45200.0,retrait,,local,False,aucune
458c581c,CLI-00584,2026-07-12 00:00:00,108500.0,depot,,local,False,aucune
e423da6d,CLI-00054,2026-07-12 00:00:00,12900.0,depot,,local,False,aucune
2b54f25c,CLI-00474,2026-07-12 00:00:00,18600.0,depot,,local,False,aucune
b3ba0430,CLI-00716,2026-07-12 00:00:00,176100.0,retrait,,local,False,aucune
a77c621a,CLI-00156,2026-07-12 00:00:00,80200.0,retrait,,local,False,aucune
723d30f4,CLI-00623,2026-07-12 00:00:00,69600.0,retrait,,regional_uemoa,False,aucune
b53bf7c8,CLI-00782,2026-07-12 00:00:00,80400.0,depot,,local,False,aucune
e5355e68,CLI-00611,2026-07-12 00:00:00,61800.0,decaissement_credit,,local,False,aucune
26789860,CLI-00789,2026-07-12 00:00:00,87500.0,remboursement_credit,,local,False,aucune
dbc1a4ee,CLI-00034,2026-07-12 00:00:00,8200.0,remboursement_credit,,local,False,aucune
d04b0d44,CLI-00576,2026-07-12 00:00:00,12100.0,transfert_sortant,CLI-00537,local,False,aucune
d1ca5334,CLI-00220,2026-07-12 00:00:00,7700.0,transfert_sortant,CLI-00587,local,False,aucune
404e79a2,CLI-00186,2026-07-12 00:00:00,259500.0,depot,,regional_uemoa,False,aucune
1a5e454d,CLI-00561,2026-07-12 00:00:00,24800.0,retrait,,local,False,aucune
deb7ab85,CLI-00499,2026-07-12 00:00:00,170000.0,transfert_sortant,CLI-00528,local,False,aucune
e206f245,CLI-00273,2026-07-12 00:00:00,52300.0,transfert_entrant,CLI-00418,transfrontalier_sensible,False,aucune
8434bd22,CLI-00665,2026-07-12 00:00:00,26600.0,decaissement_credit,,local,False,aucune
64f3a5ee,CLI-00141,2026-07-12 00:00:00,147200.0,retrait,,transfrontalier_sensible,False,aucune
dba3d712,CLI-00517,2026-07-12 00:00:00,15600.0,decaissement_credit,,local,False,aucune
46114104,CLI-00358,2026-07-12 00:00:00,38400.0,retrait,,local,False,aucune
38837474,CLI-00610,2026-07-12 00:00:00,75000.0,decaissement_credit,,local,False,aucune
a0fc7728,CLI-00659,2026-07-12 00:00:00,184100.0,retrait,,local,False,aucune
c01f8954,CLI-00362,2026-07-12 00:00:00,25100.0,transfert_entrant,CLI-00182,local,False,aucune
7596a6fb,CLI-00682,2026-07-12 00:00:00,16300.0,retrait,,local,False,aucune
792d1a0f,CLI-00120,2026-07-12 00:00:00,339700.0,remboursement_credit,,local,False,aucune
d9148037,CLI-00189,2026-07-12 00:00:00,12300.0,remboursement_credit,,local,False,aucune
2584fc95,CLI-00679,2026-07-12 00:00:00,7000.0,retrait,,local,False,aucune
c9e6b54e,CLI-00411,2026-07-12 00:00:00,29700.0,depot,,local,False,aucune
2b3a7611,CLI-00451,2026-07-12 00:00:00,150800.0,retrait,,local,False,aucune
f49f4c43,CLI-00468,2026-07-12 00:00:00,26800.0,retrait,,local,False,aucune
7117c6d5,CLI-00597,2026-07-12 00:00:00,81600.0,remboursement_credit,,local,False,aucune
4251ec52,CLI-00336,2026-07-12 00:00:00,101600.0,depot,,local,False,aucune
2d25e285,CLI-00619,2026-07-12 00:00:00,59300.0,transfert_sortant,CLI-00645,local,False,aucune
cc9384ca,CLI-00651,2026-07-12 00:00:00,28800.0,retrait,,local,False,aucune
06dfa82e,CLI-00145,2026-07-12 00:00:00,40900.0,transfert_sortant,CLI-00496,local,False,aucune
e8435e48,CLI-00292,2026-07-12 00:00:00,241100.0,transfert_sortant,CLI-00202,regional_uemoa,False,aucune
80ae949e,CLI-00084,2026-07-12 00:00:00,31200.0,transfert_sortant,CLI-00136,local,False,aucune
99992377,CLI-00177,2026-07-12 00:00:00,674700.0,depot,,local,False,aucune
f9bcff3f,CLI-00790,2026-07-12 00:00:00,27100.0,retrait,,local,False,aucune
49bbd22c,CLI-00073,2026-07-12 00:00:00,5600.0,retrait,,local,False,aucune
e86cbc8f,CLI-00592,2026-07-12 00:00:00,5600.0,retrait,,regional_uemoa,False,aucune
1a70b3b1,CLI-00004,2026-07-12 00:00:00,464000.0,depot,,local,False,aucune
1ec842fd,CLI-00523,2026-07-13 00:00:00,143100.0,transfert_sortant,CLI-00311,local,False,aucune
aaeee638,CLI-00731,2026-07-13 00:00:00,222000.0,retrait,,local,False,aucune
a177560a,CLI-00223,2026-07-13 00:00:00,9100.0,retrait,,local,False,aucune
802ece7f,CLI-00355,2026-07-13 00:00:00,359000.0,retrait,,regional_uemoa,False,aucune
337110b8,CLI-00688,2026-07-13 00:00:00,133900.0,depot,,local,False,aucune
4cb58597,CLI-00147,2026-07-13 00:00:00,31500.0,depot,,local,False,aucune
f4295395,CLI-00080,2026-07-13 00:00:00,25600.0,transfert_sortant,CLI-00056,local,False,aucune
bab6a883,CLI-00142,2026-07-13 00:00:00,55300.0,decaissement_credit,,local,False,aucune
e8eab7db,CLI-00270,2026-07-13 00:00:00,32400.0,remboursement_credit,,regional_uemoa,False,aucune
b99ec56e,CLI-00753,2026-07-13 00:00:00,142600.0,remboursement_credit,,local,False,aucune
243e034c,CLI-00285,2026-07-13 00:00:00,132400.0,decaissement_credit,,local,False,aucune
7dccaf70,CLI-00582,2026-07-13 00:00:00,234500.0,retrait,,regional_uemoa,False,aucune
7833f88f,CLI-00457,2026-07-13 00:00:00,161100.0,depot,,local,False,aucune
9eb7eb34,CLI-00347,2026-07-13 00:00:00,8100.0,retrait,,transfrontalier_sensible,False,aucune
3dac1265,CLI-00053,2026-07-13 00:00:00,24300.0,retrait,,local,False,aucune
5f02b76f,CLI-00675,2026-07-13 00:00:00,40000.0,transfert_entrant,CLI-00591,local,False,aucune
e3587fa2,CLI-00310,2026-07-13 00:00:00,11700.0,retrait,,regional_uemoa,False,aucune
84bc52b3,CLI-00569,2026-07-13 00:00:00,30300.0,transfert_entrant,CLI-00646,local,False,aucune
59a23494,CLI-00439,2026-07-13 00:00:00,108900.0,retrait,,local,False,aucune
70b2eab0,CLI-00506,2026-07-13 00:00:00,122300.0,decaissement_credit,,local,False,aucune
d11250c0,CLI-00242,2026-07-13 00:00:00,55800.0,depot,,local,False,aucune
39ac5a15,CLI-00745,2026-07-13 00:00:00,22100.0,depot,,transfrontalier_sensible,False,aucune
9c239560,CLI-00680,2026-07-13 00:00:00,24400.0,remboursement_credit,,local,False,aucune
f7b65b3d,CLI-00216,2026-07-13 00:00:00,355800.0,depot,,local,False,aucune
b1de4e7a,CLI-00305,2026-07-13 00:00:00,453300.0,depot,,local,False,aucune
900ffb55,CLI-00077,2026-07-13 00:00:00,55300.0,depot,,regional_uemoa,False,aucune
4a7e2d30,CLI-00696,2026-07-13 00:00:00,69100.0,depot,,local,False,aucune
cdf3a76f,CLI-00575,2026-07-13 00:00:00,88400.0,depot,,local,False,aucune
5fede429,CLI-00171,2026-07-13 00:00:00,158500.0,remboursement_credit,,local,False,aucune
e592fa21,CLI-00585,2026-07-13 00:00:00,53700.0,retrait,,local,False,aucune
33610e4c,CLI-00061,2026-07-13 00:00:00,1400.0,retrait,,local,False,aucune
c07abcde,CLI-00174,2026-07-13 00:00:00,5700.0,transfert_entrant,CLI-00722,local,False,aucune
78068765,CLI-00324,2026-07-13 00:00:00,23900.0,remboursement_credit,,local,False,aucune
36ba1a9d,CLI-00022,2026-07-13 00:00:00,181000.0,transfert_entrant,CLI-00427,local,False,aucune
731fe93b,CLI-00534,2026-07-13 00:00:00,35600.0,depot,,regional_uemoa,False,aucune
6e34b4a0,CLI-00406,2026-07-13 00:00:00,1179300.0,depot,,local,False,aucune
3bcb36b0,CLI-00479,2026-07-13 00:00:00,69100.0,depot,,local,False,aucune
db141a46,CLI-00533,2026-07-13 00:00:00,55500.0,depot,,local,False,aucune
caa3b2ea,CLI-00072,2026-07-13 00:00:00,85700.0,transfert_sortant,CLI-00316,local,False,aucune
313a0959,CLI-00706,2026-07-13 00:00:00,27400.0,retrait,,local,False,aucune
c0504f6c,CLI-00461,2026-07-13 00:00:00,60300.0,retrait,,local,False,aucune
70825545,CLI-00299,2026-07-13 00:00:00,10900.0,retrait,,regional_uemoa,False,aucune
e73d9ef1,CLI-00011,2026-07-13 00:00:00,4000.0,retrait,,local,False,aucune
62a37b6f,CLI-00776,2026-07-13 00:00:00,32100.0,transfert_entrant,CLI-00645,local,False,aucune
a3b2897e,CLI-00243,2026-07-13 00:00:00,43600.0,depot,,local,False,aucune
34223539,CLI-00617,2026-07-13 00:00:00,73700.0,depot,,local,False,aucune
ad806018,CLI-00203,2026-07-13 00:00:00,22700.0,retrait,,regional_uemoa,False,aucune
87ded3f4,CLI-00615,2026-07-13 00:00:00,21500.0,retrait,,local,False,aucune
10ebf23d,CLI-00018,2026-07-13 00:00:00,64800.0,transfert_sortant,CLI-00446,local,False,aucune
10ae48a4,CLI-00790,2026-07-13 00:00:00,18900.0,transfert_sortant,CLI-00742,local,False,aucune
22463cb1,CLI-00335,2026-07-13 00:00:00,74000.0,depot,,local,False,aucune
ffea9ce6,CLI-00057,2026-07-13 00:00:00,48900.0,depot,,local,False,aucune
98d1e583,CLI-00697,2026-07-13 00:00:00,16900.0,remboursement_credit,,local,False,aucune
3f0b8e69,CLI-00066,2026-07-13 00:00:00,7800.0,remboursement_credit,,regional_uemoa,False,aucune
d1dcbb41,CLI-00338,2026-07-13 00:00:00,9300.0,retrait,,transfrontalier_sensible,False,aucune
e9c1cc0f,CLI-00001,2026-07-14 00:00:00,93100.0,retrait,,local,False,aucune
4fa20a56,CLI-00333,2026-07-14 00:00:00,73200.0,transfert_entrant,CLI-00094,local,False,aucune
226db16b,CLI-00773,2026-07-14 00:00:00,35200.0,transfert_entrant,CLI-00716,regional_uemoa,False,aucune
ed050e10,CLI-00388,2026-07-14 00:00:00,405600.0,transfert_entrant,CLI-00011,local,False,aucune
04759cca,CLI-00134,2026-07-14 00:00:00,423800.0,retrait,,local,False,aucune
918ef571,CLI-00357,2026-07-14 00:00:00,37200.0,transfert_entrant,CLI-00037,local,False,aucune
7167e052,CLI-00655,2026-07-14 00:00:00,143600.0,transfert_sortant,CLI-00249,local,False,aucune
249b861a,CLI-00326,2026-07-14 00:00:00,17800.0,retrait,,local,False,aucune
7fba68aa,CLI-00173,2026-07-14 00:00:00,239300.0,depot,,local,False,aucune
5f29ebb4,CLI-00383,2026-07-14 00:00:00,46800.0,transfert_entrant,CLI-00260,regional_uemoa,False,aucune
8457d116,CLI-00274,2026-07-14 00:00:00,98000.0,depot,,local,False,aucune
96da2d8a,CLI-00579,2026-07-14 00:00:00,43900.0,transfert_sortant,CLI-00074,local,False,aucune
17896b19,CLI-00265,2026-07-14 00:00:00,31200.0,retrait,,regional_uemoa,False,aucune
ee77cfd7,CLI-00091,2026-07-14 00:00:00,37700.0,retrait,,local,False,aucune
d64edaf7,CLI-00781,2026-07-14 00:00:00,20300.0,transfert_entrant,CLI-00272,regional_uemoa,False,aucune
75f16366,CLI-00400,2026-07-14 00:00:00,154900.0,transfert_entrant,CLI-00398,local,False,aucune
4e4dcb09,CLI-00548,2026-07-14 00:00:00,29600.0,depot,,regional_uemoa,False,aucune
e5579a9d,CLI-00073,2026-07-14 00:00:00,45600.0,depot,,regional_uemoa,False,aucune
c3d6c8e0,CLI-00694,2026-07-14 00:00:00,64100.0,depot,,local,False,aucune
bc4d5748,CLI-00531,2026-07-14 00:00:00,21600.0,depot,,local,False,aucune
d009b994,CLI-00371,2026-07-14 00:00:00,72800.0,retrait,,local,False,aucune
8531268d,CLI-00577,2026-07-14 00:00:00,27600.0,depot,,local,False,aucune
2785a95f,CLI-00517,2026-07-14 00:00:00,75600.0,retrait,,local,False,aucune
31c162f3,CLI-00648,2026-07-14 00:00:00,21200.0,retrait,,local,False,aucune
54d234c5,CLI-00367,2026-07-14 00:00:00,49400.0,transfert_sortant,CLI-00457,local,False,aucune
ee0463e4,CLI-00555,2026-07-14 00:00:00,113400.0,transfert_sortant,CLI-00779,regional_uemoa,False,aucune
d66099b7,CLI-00095,2026-07-14 00:00:00,114400.0,transfert_entrant,CLI-00395,regional_uemoa,False,aucune
4fe64aeb,CLI-00250,2026-07-14 00:00:00,38900.0,transfert_entrant,CLI-00054,local,False,aucune
03424955,CLI-00543,2026-07-14 00:00:00,27900.0,retrait,,local,False,aucune
a256d4a8,CLI-00254,2026-07-14 00:00:00,159100.0,transfert_sortant,CLI-00250,local,False,aucune
cc830791,CLI-00744,2026-07-14 00:00:00,9100.0,depot,,regional_uemoa,False,aucune
b96d084d,CLI-00561,2026-07-14 00:00:00,86300.0,retrait,,local,False,aucune
03c9b5bb,CLI-00544,2026-07-14 00:00:00,142400.0,depot,,local,False,aucune
c8945307,CLI-00745,2026-07-14 00:00:00,18900.0,depot,,local,False,aucune
7aee1db0,CLI-00730,2026-07-14 00:00:00,431300.0,transfert_sortant,CLI-00567,local,False,aucune
074d1652,CLI-00380,2026-07-14 00:00:00,17400.0,depot,,transfrontalier_sensible,False,aucune
a88c2b62,CLI-00205,2026-07-14 00:00:00,28900.0,remboursement_credit,,local,False,aucune
338a2358,CLI-00403,2026-07-14 00:00:00,5100.0,retrait,,local,False,aucune
368f2f25,CLI-00308,2026-07-14 00:00:00,134500.0,remboursement_credit,,local,False,aucune
d8b07594,CLI-00157,2026-07-14 00:00:00,183500.0,transfert_entrant,CLI-00697,regional_uemoa,False,aucune
a199d2a4,CLI-00690,2026-07-14 00:00:00,139300.0,remboursement_credit,,local,False,aucune
9f4effd0,CLI-00382,2026-07-14 00:00:00,95900.0,transfert_sortant,CLI-00612,regional_uemoa,False,aucune
638183f3,CLI-00224,2026-07-14 00:00:00,84400.0,retrait,,local,False,aucune
63046070,CLI-00293,2026-07-14 00:00:00,97300.0,transfert_sortant,CLI-00041,local,False,aucune
32f9e713,CLI-00330,2026-07-14 00:00:00,17000.0,remboursement_credit,,local,False,aucune
cd65711a,CLI-00031,2026-07-14 00:00:00,34300.0,depot,,local,False,aucune
d7a44bb7,CLI-00699,2026-07-14 00:00:00,26300.0,depot,,local,False,aucune
3d7b76e9,CLI-00617,2026-07-14 00:00:00,42200.0,retrait,,local,False,aucune
37a61582,CLI-00278,2026-07-15 00:00:00,171900.0,remboursement_credit,,local,False,aucune
b7ad42aa,CLI-00003,2026-07-15 00:00:00,56800.0,transfert_sortant,CLI-00278,regional_uemoa,False,aucune
9292363d,CLI-00705,2026-07-15 00:00:00,98400.0,remboursement_credit,,local,False,aucune
b19c7172,CLI-00781,2026-07-15 00:00:00,578300.0,retrait,,local,False,aucune
b0d67bd6,CLI-00047,2026-07-15 00:00:00,19100.0,retrait,,local,False,aucune
5c672b3f,CLI-00376,2026-07-15 00:00:00,21300.0,transfert_sortant,CLI-00204,local,False,aucune
03dfb5e3,CLI-00121,2026-07-15 00:00:00,14300.0,depot,,local,False,aucune
672a599f,CLI-00155,2026-07-15 00:00:00,12400.0,decaissement_credit,,local,False,aucune
1b1366a8,CLI-00790,2026-07-15 00:00:00,17900.0,decaissement_credit,,local,False,aucune
60ff8c60,CLI-00251,2026-07-15 00:00:00,94300.0,transfert_sortant,CLI-00702,local,False,aucune
f93d270b,CLI-00313,2026-07-15 00:00:00,41200.0,transfert_sortant,CLI-00080,local,False,aucune
71ec9170,CLI-00579,2026-07-15 00:00:00,48800.0,retrait,,regional_uemoa,False,aucune
692933e3,CLI-00757,2026-07-15 00:00:00,191400.0,depot,,local,False,aucune
0b89c463,CLI-00734,2026-07-15 00:00:00,56000.0,transfert_entrant,CLI-00353,local,False,aucune
73ddd16d,CLI-00091,2026-07-15 00:00:00,16900.0,retrait,,local,False,aucune
3d68a8b0,CLI-00183,2026-07-15 00:00:00,28000.0,transfert_entrant,CLI-00625,local,False,aucune
c97f121d,CLI-00541,2026-07-15 00:00:00,48500.0,depot,,local,False,aucune
4da9aad1,CLI-00578,2026-07-15 00:00:00,900800.0,decaissement_credit,,regional_uemoa,False,aucune
2456544c,CLI-00380,2026-07-15 00:00:00,5500.0,transfert_entrant,CLI-00012,local,False,aucune
fa1feceb,CLI-00265,2026-07-15 00:00:00,45500.0,decaissement_credit,,local,False,aucune
5e5894c3,CLI-00370,2026-07-15 00:00:00,101500.0,retrait,,local,False,aucune
0725fa16,CLI-00669,2026-07-15 00:00:00,212100.0,retrait,,local,False,aucune
b721b947,CLI-00792,2026-07-15 00:00:00,6200.0,transfert_sortant,CLI-00739,regional_uemoa,False,aucune
811b22c5,CLI-00653,2026-07-15 00:00:00,23700.0,transfert_sortant,CLI-00371,local,False,aucune
d4cd18dc,CLI-00657,2026-07-15 00:00:00,9300.0,depot,,local,False,aucune
621da098,CLI-00544,2026-07-15 00:00:00,28400.0,transfert_sortant,CLI-00056,local,False,aucune
69924679,CLI-00325,2026-07-15 00:00:00,9200.0,depot,,local,False,aucune
930d212c,CLI-00601,2026-07-15 00:00:00,7000.0,depot,,local,False,aucune
096df92f,CLI-00506,2026-07-15 00:00:00,12400.0,transfert_sortant,CLI-00249,local,False,aucune
b84458a3,CLI-00543,2026-07-15 00:00:00,10800.0,retrait,,local,False,aucune
82ec1568,CLI-00586,2026-07-15 00:00:00,98500.0,remboursement_credit,,local,False,aucune
6b0e27a2,CLI-00236,2026-07-15 00:00:00,27900.0,transfert_entrant,CLI-00458,transfrontalier_sensible,False,aucune
072b0674,CLI-00363,2026-07-15 00:00:00,46700.0,depot,,local,False,aucune
739b89b8,CLI-00246,2026-07-15 00:00:00,65900.0,transfert_entrant,CLI-00634,local,False,aucune
abfb9d76,CLI-00290,2026-07-15 00:00:00,31300.0,depot,,local,False,aucune
e23c3159,CLI-00077,2026-07-15 00:00:00,217900.0,depot,,regional_uemoa,False,aucune
c6b986f6,CLI-00600,2026-07-15 00:00:00,38800.0,retrait,,local,False,aucune
e178b880,CLI-00042,2026-07-15 00:00:00,31700.0,retrait,,regional_uemoa,False,aucune
53eb2ea1,CLI-00586,2026-07-15 00:00:00,130500.0,transfert_sortant,CLI-00572,local,False,aucune
7c6d1676,CLI-00550,2026-07-15 00:00:00,43800.0,depot,,local,False,aucune
25aff94f,CLI-00653,2026-07-15 00:00:00,166400.0,depot,,local,False,aucune
29af30ae,CLI-00171,2026-07-15 00:00:00,23600.0,transfert_sortant,CLI-00079,local,False,aucune
35d3d174,CLI-00271,2026-07-15 00:00:00,259100.0,depot,,regional_uemoa,False,aucune
e72a58d8,CLI-00248,2026-07-15 00:00:00,20600.0,remboursement_credit,,local,False,aucune
964c7638,CLI-00569,2026-07-15 00:00:00,12100.0,depot,,local,False,aucune
ae548eb4,CLI-00743,2026-07-15 00:00:00,86300.0,retrait,,regional_uemoa,False,aucune
521b58d9,CLI-00425,2026-07-15 00:00:00,98000.0,depot,,local,False,aucune
0b3a5365,CLI-00749,2026-07-15 00:00:00,15800.0,retrait,,local,False,aucune
f4a7b109,CLI-00623,2026-07-15 00:00:00,15200.0,depot,,local,False,aucune
5e0e082b,CLI-00630,2026-07-15 00:00:00,177900.0,retrait,,local,False,aucune
71195dbd,CLI-00568,2026-07-15 00:00:00,20000.0,depot,,local,False,aucune
51dd275f,CLI-00043,2026-07-15 00:00:00,14300.0,retrait,,local,False,aucune
91e0d2ce,CLI-00297,2026-07-15 00:00:00,30600.0,transfert_sortant,CLI-00120,local,False,aucune
3755fd9b,CLI-00488,2026-07-15 00:00:00,184000.0,transfert_sortant,CLI-00784,local,False,aucune
7e7ca626,CLI-00341,2026-07-15 00:00:00,89700.0,transfert_sortant,CLI-00678,local,False,aucune
cf7bcc88,CLI-00303,2026-07-15 00:00:00,9200.0,retrait,,local,False,aucune
eea2d10b,CLI-00105,2026-07-15 00:00:00,20700.0,depot,,local,False,aucune
27d826e1,CLI-00557,2026-07-15 00:00:00,91300.0,depot,,local,False,aucune
b7c30105,CLI-00233,2026-07-15 00:00:00,302200.0,remboursement_credit,,local,False,aucune
4fe07b6d,CLI-00528,2026-07-16 00:00:00,129400.0,depot,,local,False,aucune
d7c67e6d,CLI-00379,2026-07-16 00:00:00,163200.0,transfert_entrant,CLI-00018,local,False,aucune
20716e7c,CLI-00615,2026-07-16 00:00:00,182200.0,depot,,local,False,aucune
ac6b0f8d,CLI-00743,2026-07-16 00:00:00,4200.0,depot,,local,False,aucune
c9723a6a,CLI-00202,2026-07-16 00:00:00,28600.0,retrait,,transfrontalier_sensible,False,aucune
c9297f57,CLI-00579,2026-07-16 00:00:00,73800.0,depot,,local,False,aucune
30227e97,CLI-00502,2026-07-16 00:00:00,16500.0,depot,,local,False,aucune
3ef9aef8,CLI-00015,2026-07-16 00:00:00,74100.0,transfert_entrant,CLI-00791,local,False,aucune
e625816a,CLI-00042,2026-07-16 00:00:00,10200.0,depot,,local,False,aucune
8047dd65,CLI-00637,2026-07-16 00:00:00,55800.0,remboursement_credit,,local,False,aucune
65758e8a,CLI-00245,2026-07-16 00:00:00,7200.0,depot,,local,False,aucune
f3bef878,CLI-00459,2026-07-16 00:00:00,87400.0,depot,,local,False,aucune
5f96805f,CLI-00427,2026-07-16 00:00:00,7800.0,transfert_entrant,CLI-00026,local,False,aucune
f193db34,CLI-00439,2026-07-16 00:00:00,22900.0,remboursement_credit,,regional_uemoa,False,aucune
a382a3a8,CLI-00704,2026-07-16 00:00:00,44500.0,depot,,local,False,aucune
96ac9436,CLI-00588,2026-07-16 00:00:00,29100.0,depot,,local,False,aucune
a262fc32,CLI-00579,2026-07-16 00:00:00,44900.0,remboursement_credit,,local,False,aucune
198da8c7,CLI-00413,2026-07-16 00:00:00,59300.0,retrait,,regional_uemoa,False,aucune
d6bee26e,CLI-00617,2026-07-16 00:00:00,54700.0,retrait,,regional_uemoa,False,aucune
453a01e1,CLI-00704,2026-07-16 00:00:00,21700.0,depot,,local,False,aucune
aa54adee,CLI-00082,2026-07-16 00:00:00,30800.0,transfert_entrant,CLI-00077,local,False,aucune
8d2a0c84,CLI-00288,2026-07-16 00:00:00,165800.0,retrait,,regional_uemoa,False,aucune
91806798,CLI-00677,2026-07-16 00:00:00,25200.0,transfert_entrant,CLI-00146,local,False,aucune
c2f40fef,CLI-00209,2026-07-16 00:00:00,43600.0,transfert_sortant,CLI-00637,local,False,aucune
11ed35fa,CLI-00346,2026-07-16 00:00:00,44700.0,remboursement_credit,,local,False,aucune
b2fc0032,CLI-00290,2026-07-16 00:00:00,67300.0,remboursement_credit,,local,False,aucune
53ae2b66,CLI-00153,2026-07-16 00:00:00,56300.0,remboursement_credit,,local,False,aucune
071b1c2b,CLI-00128,2026-07-16 00:00:00,95600.0,transfert_entrant,CLI-00203,local,False,aucune
add2634c,CLI-00725,2026-07-16 00:00:00,100100.0,depot,,local,False,aucune
d019252f,CLI-00351,2026-07-16 00:00:00,26900.0,depot,,local,False,aucune
1028fbe8,CLI-00646,2026-07-16 00:00:00,544500.0,depot,,regional_uemoa,False,aucune
68af9935,CLI-00009,2026-07-16 00:00:00,152600.0,depot,,local,False,aucune
26ee7422,CLI-00712,2026-07-16 00:00:00,41900.0,transfert_entrant,CLI-00578,local,False,aucune
118b5ba3,CLI-00401,2026-07-16 00:00:00,208000.0,retrait,,local,False,aucune
1c435d16,CLI-00691,2026-07-16 00:00:00,13100.0,transfert_sortant,CLI-00054,regional_uemoa,False,aucune
7b51abca,CLI-00287,2026-07-16 00:00:00,15200.0,transfert_sortant,CLI-00011,regional_uemoa,False,aucune
c9cb9ecd,CLI-00176,2026-07-16 00:00:00,16000.0,retrait,,local,False,aucune
d993d620,CLI-00727,2026-07-16 00:00:00,3700.0,depot,,regional_uemoa,False,aucune
6e6b4e76,CLI-00608,2026-07-16 00:00:00,32500.0,retrait,,local,False,aucune
4fc1756d,CLI-00028,2026-07-16 00:00:00,170000.0,retrait,,local,False,aucune
53a9cc26,CLI-00417,2026-07-16 00:00:00,81700.0,retrait,,local,False,aucune
12763f5d,CLI-00416,2026-07-16 00:00:00,105100.0,retrait,,regional_uemoa,False,aucune
4e907fa4,CLI-00525,2026-07-16 00:00:00,56500.0,remboursement_credit,,local,False,aucune
53c5857f,CLI-00317,2026-07-16 00:00:00,57800.0,decaissement_credit,,local,False,aucune
cd0933cb,CLI-00645,2026-07-16 00:00:00,5100.0,retrait,,local,False,aucune
bb22b294,CLI-00209,2026-07-16 00:00:00,168200.0,decaissement_credit,,local,False,aucune
698ff8ab,CLI-00490,2026-07-16 00:00:00,55800.0,transfert_entrant,CLI-00754,local,False,aucune
891be4ac,CLI-00153,2026-07-16 00:00:00,66200.0,remboursement_credit,,local,False,aucune
0a87a542,CLI-00348,2026-07-16 00:00:00,5300.0,retrait,,local,False,aucune
18293ebf,CLI-00491,2026-07-16 00:00:00,5500.0,transfert_entrant,CLI-00293,local,False,aucune
b9cceb7f,CLI-00495,2026-07-16 00:00:00,18600.0,depot,,local,False,aucune
95025839,CLI-00128,2026-07-16 00:00:00,15400.0,decaissement_credit,,local,False,aucune
5c40de68,CLI-00562,2026-07-16 00:00:00,41600.0,decaissement_credit,,local,False,aucune
8b23230a,CLI-00515,2026-07-16 00:00:00,36900.0,decaissement_credit,,local,False,aucune
54eb8ee3,CLI-00551,2026-07-17 00:00:00,88200.0,depot,,transfrontalier_sensible,False,aucune
643bb4ed,CLI-00437,2026-07-17 00:00:00,3000.0,depot,,transfrontalier_sensible,False,aucune
515382e5,CLI-00348,2026-07-17 00:00:00,210500.0,retrait,,local,False,aucune
fddcf565,CLI-00029,2026-07-17 00:00:00,88600.0,depot,,transfrontalier_sensible,False,aucune
244d1f25,CLI-00582,2026-07-17 00:00:00,3200.0,depot,,local,False,aucune
e447b257,CLI-00027,2026-07-17 00:00:00,22700.0,decaissement_credit,,local,False,aucune
a70a3266,CLI-00532,2026-07-17 00:00:00,29800.0,transfert_entrant,CLI-00505,regional_uemoa,False,aucune
ebb40012,CLI-00612,2026-07-17 00:00:00,147000.0,remboursement_credit,,local,False,aucune
bf1a1da8,CLI-00493,2026-07-17 00:00:00,24900.0,transfert_entrant,CLI-00426,local,False,aucune
051e8827,CLI-00124,2026-07-17 00:00:00,41700.0,depot,,local,False,aucune
1352828e,CLI-00651,2026-07-17 00:00:00,25000.0,decaissement_credit,,regional_uemoa,False,aucune
0cddab9b,CLI-00345,2026-07-17 00:00:00,87400.0,depot,,regional_uemoa,False,aucune
ce3cdf96,CLI-00526,2026-07-17 00:00:00,611700.0,transfert_entrant,CLI-00700,local,False,aucune
4f273c08,CLI-00695,2026-07-17 00:00:00,52800.0,depot,,local,False,aucune
6cd8b715,CLI-00536,2026-07-17 00:00:00,117400.0,depot,,local,False,aucune
148e52a0,CLI-00417,2026-07-17 00:00:00,28600.0,decaissement_credit,,local,False,aucune
55cd3d3c,CLI-00062,2026-07-17 00:00:00,134000.0,depot,,local,False,aucune
41bfb60a,CLI-00420,2026-07-17 00:00:00,509300.0,remboursement_credit,,regional_uemoa,False,aucune
9379e3bd,CLI-00699,2026-07-17 00:00:00,36900.0,depot,,local,False,aucune
df18ba8d,CLI-00361,2026-07-17 00:00:00,32700.0,retrait,,local,False,aucune
b0ffbea7,CLI-00593,2026-07-17 00:00:00,5900.0,depot,,regional_uemoa,False,aucune
f699a9cd,CLI-00117,2026-07-17 00:00:00,65800.0,depot,,regional_uemoa,False,aucune
aba90619,CLI-00299,2026-07-17 00:00:00,22700.0,transfert_sortant,CLI-00209,local,False,aucune
67f2e808,CLI-00648,2026-07-17 00:00:00,78100.0,depot,,local,False,aucune
f23f78f0,CLI-00398,2026-07-17 00:00:00,127400.0,decaissement_credit,,local,False,aucune
7e8f11d0,CLI-00012,2026-07-17 00:00:00,58900.0,depot,,local,False,aucune
c9e02c07,CLI-00004,2026-07-17 00:00:00,22800.0,decaissement_credit,,regional_uemoa,False,aucune
b08c3ead,CLI-00164,2026-07-17 00:00:00,66600.0,decaissement_credit,,local,False,aucune
068eccf0,CLI-00083,2026-07-17 00:00:00,731500.0,transfert_entrant,CLI-00156,local,False,aucune
76f071b0,CLI-00401,2026-07-17 00:00:00,20900.0,depot,,local,False,aucune
70d94c93,CLI-00290,2026-07-17 00:00:00,10100.0,decaissement_credit,,local,False,aucune
32783e12,CLI-00675,2026-07-17 00:00:00,34100.0,transfert_sortant,CLI-00055,local,False,aucune
1d8a579f,CLI-00539,2026-07-17 00:00:00,24400.0,transfert_sortant,CLI-00724,local,False,aucune
c41f1723,CLI-00745,2026-07-17 00:00:00,18500.0,transfert_entrant,CLI-00596,local,False,aucune
663483b1,CLI-00535,2026-07-17 00:00:00,72500.0,depot,,transfrontalier_sensible,False,aucune
028fb6ba,CLI-00167,2026-07-17 00:00:00,344800.0,depot,,regional_uemoa,False,aucune
7875b73e,CLI-00278,2026-07-17 00:00:00,215900.0,transfert_entrant,CLI-00727,regional_uemoa,False,aucune
cc0bf38b,CLI-00660,2026-07-17 00:00:00,5100.0,retrait,,local,False,aucune
3a619247,CLI-00344,2026-07-17 00:00:00,77600.0,retrait,,local,False,aucune
d424c71d,CLI-00427,2026-07-17 00:00:00,6000.0,remboursement_credit,,local,False,aucune
77666d05,CLI-00428,2026-07-17 00:00:00,12400.0,depot,,regional_uemoa,False,aucune
e5be098b,CLI-00020,2026-07-17 00:00:00,82800.0,retrait,,local,False,aucune
c7c570e4,CLI-00758,2026-07-17 00:00:00,19300.0,retrait,,local,False,aucune
a14e89e0,CLI-00492,2026-07-17 00:00:00,33600.0,transfert_sortant,CLI-00735,local,False,aucune
a4ef3969,CLI-00481,2026-07-17 00:00:00,8200.0,retrait,,local,False,aucune
74fe9f6f,CLI-00264,2026-07-17 00:00:00,54400.0,transfert_entrant,CLI-00790,local,False,aucune
db04a0ac,CLI-00093,2026-07-17 00:00:00,21200.0,retrait,,local,False,aucune
ee252cc2,CLI-00443,2026-07-18 00:00:00,5400.0,depot,,local,False,aucune
07500b07,CLI-00367,2026-07-18 00:00:00,8300.0,remboursement_credit,,local,False,aucune
5f8154fe,CLI-00306,2026-07-18 00:00:00,21400.0,decaissement_credit,,local,False,aucune
f95a7b60,CLI-00602,2026-07-18 00:00:00,6200.0,depot,,local,False,aucune
5a50b653,CLI-00785,2026-07-18 00:00:00,44600.0,retrait,,local,False,aucune
48b8afc9,CLI-00318,2026-07-18 00:00:00,30600.0,remboursement_credit,,transfrontalier_sensible,False,aucune
44818850,CLI-00347,2026-07-18 00:00:00,52300.0,remboursement_credit,,regional_uemoa,False,aucune
45b0a551,CLI-00766,2026-07-18 00:00:00,9300.0,depot,,local,False,aucune
da415f45,CLI-00158,2026-07-18 00:00:00,20000.0,remboursement_credit,,local,False,aucune
4265441d,CLI-00272,2026-07-18 00:00:00,261100.0,transfert_sortant,CLI-00583,local,False,aucune
0574b359,CLI-00013,2026-07-18 00:00:00,68400.0,remboursement_credit,,local,False,aucune
bbfbe53a,CLI-00180,2026-07-18 00:00:00,69300.0,decaissement_credit,,local,False,aucune
5092de19,CLI-00523,2026-07-18 00:00:00,90700.0,depot,,local,False,aucune
0ffbf98a,CLI-00411,2026-07-18 00:00:00,188600.0,transfert_entrant,CLI-00570,local,False,aucune
445e7d14,CLI-00150,2026-07-18 00:00:00,43700.0,depot,,local,False,aucune
79c70423,CLI-00667,2026-07-18 00:00:00,18600.0,retrait,,local,False,aucune
d2415096,CLI-00698,2026-07-18 00:00:00,9800.0,transfert_entrant,CLI-00223,regional_uemoa,False,aucune
7ed4adce,CLI-00568,2026-07-18 00:00:00,12100.0,retrait,,local,False,aucune
c95854e7,CLI-00480,2026-07-18 00:00:00,63500.0,retrait,,local,False,aucune
72e35732,CLI-00542,2026-07-18 00:00:00,26500.0,remboursement_credit,,local,False,aucune
91a9f038,CLI-00142,2026-07-18 00:00:00,84600.0,remboursement_credit,,local,False,aucune
19925f29,CLI-00390,2026-07-18 00:00:00,24500.0,depot,,regional_uemoa,False,aucune
0cd6d146,CLI-00651,2026-07-18 00:00:00,131300.0,retrait,,local,False,aucune
20df163d,CLI-00221,2026-07-18 00:00:00,184100.0,transfert_entrant,CLI-00390,local,False,aucune
05a45357,CLI-00148,2026-07-18 00:00:00,46600.0,decaissement_credit,,local,False,aucune
ff3c514e,CLI-00504,2026-07-18 00:00:00,59800.0,transfert_entrant,CLI-00511,local,False,aucune
39f7daf6,CLI-00576,2026-07-18 00:00:00,108700.0,remboursement_credit,,local,False,aucune
855495b5,CLI-00797,2026-07-18 00:00:00,44900.0,retrait,,local,False,aucune
4c937652,CLI-00140,2026-07-18 00:00:00,14200.0,depot,,local,False,aucune
d414083a,CLI-00487,2026-07-18 00:00:00,4400.0,remboursement_credit,,local,False,aucune
250e0ffb,CLI-00243,2026-07-18 00:00:00,84500.0,retrait,,transfrontalier_sensible,False,aucune
0ed44dc6,CLI-00163,2026-07-18 00:00:00,80400.0,depot,,local,False,aucune
62acdbcf,CLI-00016,2026-07-18 00:00:00,42000.0,transfert_entrant,CLI-00086,regional_uemoa,False,aucune
789ffdde,CLI-00087,2026-07-18 00:00:00,5600.0,retrait,,local,False,aucune
9d44fd92,CLI-00251,2026-07-18 00:00:00,5200.0,depot,,local,False,aucune
3d8e583c,CLI-00682,2026-07-18 00:00:00,6800.0,transfert_sortant,CLI-00026,local,False,aucune
91a84033,CLI-00516,2026-07-18 00:00:00,23300.0,decaissement_credit,,regional_uemoa,False,aucune
c1adb23d,CLI-00046,2026-07-18 00:00:00,15600.0,depot,,local,False,aucune
d467c0cc,CLI-00066,2026-07-18 00:00:00,168500.0,remboursement_credit,,local,False,aucune
a2dca184,CLI-00642,2026-07-18 00:00:00,326600.0,transfert_sortant,CLI-00125,regional_uemoa,False,aucune
c4d45f18,CLI-00047,2026-07-18 00:00:00,72700.0,retrait,,regional_uemoa,False,aucune
f972bd5e,CLI-00501,2026-07-18 00:00:00,97300.0,remboursement_credit,,local,False,aucune
4e5253c1,CLI-00778,2026-07-18 00:00:00,461000.0,depot,,local,False,aucune
47613523,CLI-00354,2026-07-18 00:00:00,4700.0,depot,,regional_uemoa,False,aucune
8f1f4b01,CLI-00126,2026-07-18 00:00:00,58000.0,retrait,,local,False,aucune
05507d3a,CLI-00006,2026-07-18 00:00:00,32200.0,remboursement_credit,,local,False,aucune
f0892177,CLI-00500,2026-07-18 00:00:00,2780300.0,transfert_sortant,,transfrontalier_sensible,True,corridor_sensible
c8731685,CLI-00005,2026-07-18 00:00:00,8800.0,transfert_entrant,CLI-00449,local,False,aucune
348a9ea6,CLI-00233,2026-07-18 00:00:00,399300.0,transfert_sortant,CLI-00650,regional_uemoa,False,aucune
a7bacec9,CLI-00199,2026-07-18 00:00:00,22200.0,transfert_entrant,CLI-00291,local,False,aucune
59d05d96,CLI-00029,2026-07-18 00:00:00,274600.0,depot,,local,False,aucune
c910946c,CLI-00748,2026-07-18 00:00:00,128800.0,retrait,,local,False,aucune
9235f74e,CLI-00634,2026-07-18 00:00:00,251200.0,depot,,local,False,aucune
1ec8a972,CLI-00677,2026-07-18 00:00:00,298100.0,depot,,local,False,aucune
e1070488,CLI-00327,2026-07-18 00:00:00,37800.0,depot,,local,False,aucune
3d2cbb69,CLI-00589,2026-07-18 00:00:00,17300.0,depot,,regional_uemoa,False,aucune
95230dd3,CLI-00386,2026-07-18 00:00:00,136300.0,retrait,,regional_uemoa,False,aucune
b07181f4,CLI-00348,2026-07-18 00:00:00,13400.0,depot,,local,False,aucune
a2a33cad,CLI-00409,2026-07-18 00:00:00,52500.0,remboursement_credit,,regional_uemoa,False,aucune
f3afbf9e,CLI-00532,2026-07-18 00:00:00,36800.0,retrait,,local,False,aucune
70ea0b27,CLI-00409,2026-07-18 00:00:00,14800.0,transfert_sortant,CLI-00367,local,False,aucune
37c88b3a,CLI-00494,2026-07-18 00:00:00,50800.0,depot,,regional_uemoa,False,aucune
e9fad18b,CLI-00012,2026-07-19 00:00:00,148000.0,depot,,local,False,aucune
374af4f4,CLI-00167,2026-07-19 00:00:00,2000.0,depot,,local,False,aucune
e83ad493,CLI-00452,2026-07-19 00:00:00,9100.0,depot,,local,False,aucune
9d754ab3,CLI-00393,2026-07-19 00:00:00,9559000.0,depot,,local,True,structuring
b18a9b27,CLI-00640,2026-07-19 00:00:00,143000.0,decaissement_credit,,local,False,aucune
3ea932b7,CLI-00026,2026-07-19 00:00:00,21700.0,depot,,local,False,aucune
5ee6baf7,CLI-00289,2026-07-19 00:00:00,96000.0,transfert_sortant,CLI-00249,local,False,aucune
f30a9379,CLI-00754,2026-07-19 00:00:00,41000.0,depot,,local,False,aucune
061ab4d1,CLI-00393,2026-07-19 00:00:00,9630600.0,depot,,local,True,structuring
0d265d97,CLI-00294,2026-07-19 00:00:00,272600.0,transfert_sortant,CLI-00760,local,False,aucune
f87594d8,CLI-00513,2026-07-19 00:00:00,41800.0,transfert_sortant,CLI-00115,local,False,aucune
fc95b456,CLI-00765,2026-07-19 00:00:00,49000.0,transfert_sortant,CLI-00543,regional_uemoa,False,aucune
ff35e815,CLI-00745,2026-07-19 00:00:00,79600.0,retrait,,local,False,aucune
225f5313,CLI-00763,2026-07-19 00:00:00,13200.0,decaissement_credit,,local,False,aucune
e02c80f3,CLI-00792,2026-07-19 00:00:00,68500.0,decaissement_credit,,local,False,aucune
19cc600c,CLI-00308,2026-07-19 00:00:00,22400.0,remboursement_credit,,local,False,aucune
03ae8027,CLI-00185,2026-07-19 00:00:00,35200.0,depot,,local,False,aucune
3e57f6fb,CLI-00580,2026-07-19 00:00:00,72300.0,depot,,local,False,aucune
855702d4,CLI-00792,2026-07-19 00:00:00,43000.0,retrait,,local,False,aucune
7b3c0d77,CLI-00580,2026-07-19 00:00:00,96100.0,remboursement_credit,,local,False,aucune
3bf76156,CLI-00517,2026-07-19 00:00:00,65100.0,depot,,local,False,aucune
020477df,CLI-00283,2026-07-19 00:00:00,58900.0,depot,,local,False,aucune
bbca7a20,CLI-00441,2026-07-19 00:00:00,20300.0,remboursement_credit,,local,False,aucune
0d01bfe6,CLI-00393,2026-07-19 00:00:00,9228300.0,depot,,local,True,structuring
8c3798b7,CLI-00586,2026-07-19 00:00:00,9900.0,retrait,,local,False,aucune
590f2bea,CLI-00599,2026-07-19 00:00:00,40600.0,decaissement_credit,,local,False,aucune
33ad7a49,CLI-00195,2026-07-19 00:00:00,340800.0,retrait,,local,False,aucune
2d662fe7,CLI-00400,2026-07-19 00:00:00,221700.0,depot,,local,False,aucune
cc4a4922,CLI-00111,2026-07-19 00:00:00,18900.0,depot,,local,False,aucune
2fa68918,CLI-00472,2026-07-19 00:00:00,35600.0,transfert_entrant,CLI-00563,local,False,aucune
791db50c,CLI-00076,2026-07-19 00:00:00,146400.0,decaissement_credit,,local,False,aucune
b4e2058f,CLI-00738,2026-07-19 00:00:00,58500.0,depot,,local,False,aucune
d64bd1d6,CLI-00087,2026-07-19 00:00:00,29500.0,transfert_sortant,CLI-00067,local,False,aucune
638aa3a6,CLI-00477,2026-07-19 00:00:00,40700.0,retrait,,regional_uemoa,False,aucune
5231a9dc,CLI-00217,2026-07-19 00:00:00,95700.0,retrait,,local,False,aucune
ce17fd52,CLI-00235,2026-07-19 00:00:00,28200.0,transfert_sortant,CLI-00184,local,False,aucune
41ce7b99,CLI-00411,2026-07-19 00:00:00,24500.0,transfert_sortant,CLI-00324,local,False,aucune
9c497b51,CLI-00074,2026-07-19 00:00:00,21600.0,depot,,local,False,aucune
8530b0de,CLI-00589,2026-07-19 00:00:00,32500.0,transfert_sortant,CLI-00304,local,False,aucune
498608a5,CLI-00091,2026-07-19 00:00:00,36100.0,decaissement_credit,,local,False,aucune
80f11c41,CLI-00123,2026-07-19 00:00:00,11800.0,transfert_sortant,CLI-00265,local,False,aucune
aa7a2858,CLI-00070,2026-07-19 00:00:00,2500.0,retrait,,regional_uemoa,False,aucune
f7c49192,CLI-00205,2026-07-19 00:00:00,162100.0,transfert_sortant,CLI-00644,local,False,aucune
49fb5885,CLI-00670,2026-07-19 00:00:00,47200.0,retrait,,regional_uemoa,False,aucune
5406e0e6,CLI-00423,2026-07-19 00:00:00,64900.0,transfert_sortant,CLI-00619,local,False,aucune
6d7fa134,CLI-00205,2026-07-19 00:00:00,149600.0,depot,,local,False,aucune
94d5a266,CLI-00197,2026-07-19 00:00:00,93900.0,retrait,,local,False,aucune
325dba55,CLI-00257,2026-07-19 00:00:00,26900.0,retrait,,local,False,aucune
2dae072a,CLI-00239,2026-07-19 00:00:00,31200.0,transfert_sortant,CLI-00276,transfrontalier_sensible,False,aucune
b250e731,CLI-00599,2026-07-19 00:00:00,33900.0,retrait,,local,False,aucune
681710c8,CLI-00686,2026-07-20 00:00:00,27500.0,retrait,,local,False,aucune
a6a6668a,CLI-00734,2026-07-20 00:00:00,9100.0,depot,,local,False,aucune
70bc781a,CLI-00694,2026-07-20 00:00:00,776700.0,transfert_sortant,CLI-00665,local,False,aucune
571293ee,CLI-00452,2026-07-20 00:00:00,12900.0,transfert_entrant,CLI-00533,local,False,aucune
76535de1,CLI-00346,2026-07-20 00:00:00,100700.0,retrait,,local,False,aucune
b8a8c846,CLI-00333,2026-07-20 00:00:00,3300.0,depot,,local,False,aucune
74f9aa38,CLI-00150,2026-07-20 00:00:00,55300.0,depot,,local,False,aucune
fd27c102,CLI-00682,2026-07-20 00:00:00,43100.0,depot,,local,False,aucune
2036c097,CLI-00779,2026-07-20 00:00:00,40800.0,depot,,local,False,aucune
ef0adf68,CLI-00788,2026-07-20 00:00:00,39300.0,remboursement_credit,,local,False,aucune
358d239b,CLI-00515,2026-07-20 00:00:00,209300.0,retrait,,local,False,aucune
18842be9,CLI-00341,2026-07-20 00:00:00,108700.0,depot,,local,False,aucune
5630f872,CLI-00008,2026-07-20 00:00:00,39700.0,depot,,local,False,aucune
96c93b79,CLI-00785,2026-07-20 00:00:00,65500.0,depot,,local,False,aucune
c525e586,CLI-00329,2026-07-20 00:00:00,28200.0,remboursement_credit,,local,False,aucune
46f670cb,CLI-00610,2026-07-20 00:00:00,23900.0,depot,,local,False,aucune
e8199a55,CLI-00476,2026-07-20 00:00:00,90900.0,depot,,regional_uemoa,False,aucune
cd58692a,CLI-00559,2026-07-20 00:00:00,19700.0,retrait,,local,False,aucune
d334d903,CLI-00067,2026-07-20 00:00:00,66600.0,depot,,regional_uemoa,False,aucune
17123d3d,CLI-00186,2026-07-20 00:00:00,122500.0,transfert_sortant,CLI-00352,local,False,aucune
47ba50f6,CLI-00754,2026-07-20 00:00:00,16200.0,retrait,,local,False,aucune
ccdb28b3,CLI-00414,2026-07-20 00:00:00,2700.0,remboursement_credit,,local,False,aucune
a02f25a7,CLI-00790,2026-07-20 00:00:00,78400.0,depot,,local,False,aucune
88643c6b,CLI-00296,2026-07-20 00:00:00,12000.0,depot,,local,False,aucune
b929604d,CLI-00418,2026-07-20 00:00:00,99700.0,depot,,transfrontalier_sensible,False,aucune
e6475e7b,CLI-00080,2026-07-20 00:00:00,3400.0,retrait,,local,False,aucune
9450dab5,CLI-00609,2026-07-20 00:00:00,90500.0,remboursement_credit,,local,False,aucune
950c0e21,CLI-00438,2026-07-20 00:00:00,280700.0,retrait,,local,False,aucune
5067908d,CLI-00677,2026-07-20 00:00:00,32200.0,remboursement_credit,,local,False,aucune
d1f38d5f,CLI-00167,2026-07-20 00:00:00,100300.0,remboursement_credit,,local,False,aucune
27ef8cbf,CLI-00603,2026-07-20 00:00:00,10800.0,transfert_sortant,CLI-00429,local,False,aucune
09eb3819,CLI-00469,2026-07-20 00:00:00,5400.0,remboursement_credit,,regional_uemoa,False,aucune
e8c49c15,CLI-00633,2026-07-20 00:00:00,7500.0,depot,,local,False,aucune
0ca2ec64,CLI-00613,2026-07-20 00:00:00,40500.0,depot,,local,False,aucune
d877081f,CLI-00167,2026-07-20 00:00:00,10700.0,retrait,,local,False,aucune
4cdc7e42,CLI-00547,2026-07-20 00:00:00,12600.0,depot,,local,False,aucune
c2b45a7c,CLI-00028,2026-07-20 00:00:00,18200.0,retrait,,local,False,aucune
dc66e2d9,CLI-00507,2026-07-20 00:00:00,45800.0,retrait,,local,False,aucune
d58982e1,CLI-00033,2026-07-20 00:00:00,50200.0,transfert_sortant,CLI-00735,local,False,aucune
4c598cee,CLI-00191,2026-07-20 00:00:00,3500.0,transfert_entrant,CLI-00501,local,False,aucune
b88ed028,CLI-00669,2026-07-20 00:00:00,112200.0,retrait,,local,False,aucune
e1ff46c6,CLI-00684,2026-07-20 00:00:00,8600.0,remboursement_credit,,regional_uemoa,False,aucune
ca0ecda8,CLI-00048,2026-07-20 00:00:00,63000.0,transfert_entrant,CLI-00565,local,False,aucune
e22e2b57,CLI-00747,2026-07-20 00:00:00,67700.0,decaissement_credit,,local,False,aucune
f1e10891,CLI-00635,2026-07-20 00:00:00,184700.0,depot,,local,False,aucune
56338e91,CLI-00785,2026-07-20 00:00:00,51100.0,depot,,local,False,aucune
48075a57,CLI-00115,2026-07-20 00:00:00,150600.0,transfert_sortant,CLI-00695,regional_uemoa,False,aucune
74181680,CLI-00393,2026-07-20 00:00:00,9005800.0,depot,,local,True,structuring
d600edb0,CLI-00636,2026-07-20 00:00:00,16200.0,retrait,,local,False,aucune
aa222cb4,CLI-00146,2026-07-20 00:00:00,49100.0,transfert_sortant,CLI-00691,local,False,aucune
e4565354,CLI-00733,2026-07-20 00:00:00,14400.0,retrait,,local,False,aucune
fb55b696,CLI-00042,2026-07-20 00:00:00,3500.0,depot,,local,False,aucune
f33e9450,CLI-00641,2026-07-20 00:00:00,234400.0,transfert_entrant,CLI-00157,local,False,aucune
0e90108d,CLI-00297,2026-07-21 00:00:00,29600.0,retrait,,local,False,aucune
3cb3b81d,CLI-00246,2026-07-21 00:00:00,365900.0,depot,,local,False,aucune
dfd24dfe,CLI-00173,2026-07-21 00:00:00,44800.0,transfert_entrant,CLI-00578,regional_uemoa,False,aucune
535d5dd8,CLI-00483,2026-07-21 00:00:00,28400.0,depot,,local,False,aucune
fdcdfc2e,CLI-00410,2026-07-21 00:00:00,543400.0,decaissement_credit,,local,False,aucune
cfef8601,CLI-00029,2026-07-21 00:00:00,59900.0,depot,,local,False,aucune
6c93282c,CLI-00296,2026-07-21 00:00:00,78500.0,retrait,,local,False,aucune
15b3f201,CLI-00496,2026-07-21 00:00:00,71300.0,decaissement_credit,,local,False,aucune
ae14171e,CLI-00656,2026-07-21 00:00:00,61400.0,transfert_entrant,CLI-00053,local,False,aucune
ae9d623a,CLI-00726,2026-07-21 00:00:00,23600.0,retrait,,local,False,aucune
8ac7dbc9,CLI-00291,2026-07-21 00:00:00,1033200.0,decaissement_credit,,local,False,aucune
6bf5c909,CLI-00178,2026-07-21 00:00:00,155100.0,retrait,,local,False,aucune
cbe19aef,CLI-00718,2026-07-21 00:00:00,58700.0,retrait,,local,False,aucune
f7eef824,CLI-00713,2026-07-21 00:00:00,129000.0,depot,,regional_uemoa,False,aucune
60da45ce,CLI-00594,2026-07-21 00:00:00,49200.0,retrait,,regional_uemoa,False,aucune
2a4ee37d,CLI-00711,2026-07-21 00:00:00,100400.0,transfert_sortant,CLI-00110,regional_uemoa,False,aucune
f5147cac,CLI-00784,2026-07-21 00:00:00,220400.0,retrait,,regional_uemoa,False,aucune
8df645a9,CLI-00225,2026-07-21 00:00:00,26900.0,transfert_entrant,CLI-00061,local,False,aucune
22dd4d01,CLI-00353,2026-07-21 00:00:00,91800.0,depot,,regional_uemoa,False,aucune
579421c2,CLI-00109,2026-07-21 00:00:00,152600.0,depot,,local,False,aucune
6c5a64ef,CLI-00501,2026-07-21 00:00:00,51900.0,remboursement_credit,,regional_uemoa,False,aucune
1721bcf4,CLI-00198,2026-07-21 00:00:00,249200.0,remboursement_credit,,local,False,aucune
09ffde9f,CLI-00730,2026-07-21 00:00:00,269700.0,retrait,,local,False,aucune
6ce4eef1,CLI-00781,2026-07-21 00:00:00,11100.0,transfert_entrant,CLI-00394,local,False,aucune
664d486a,CLI-00379,2026-07-21 00:00:00,32100.0,retrait,,local,False,aucune
9ede7996,CLI-00484,2026-07-21 00:00:00,22400.0,transfert_entrant,CLI-00160,local,False,aucune
53ff84e4,CLI-00598,2026-07-21 00:00:00,75400.0,depot,,local,False,aucune
409c79bb,CLI-00487,2026-07-21 00:00:00,47000.0,retrait,,regional_uemoa,False,aucune
94995f86,CLI-00720,2026-07-21 00:00:00,114100.0,retrait,,local,False,aucune
e015a9b5,CLI-00099,2026-07-21 00:00:00,9200.0,remboursement_credit,,local,False,aucune
31560184,CLI-00125,2026-07-21 00:00:00,9200.0,remboursement_credit,,local,False,aucune
26a2dc53,CLI-00469,2026-07-21 00:00:00,27200.0,depot,,local,False,aucune
67e69fd5,CLI-00320,2026-07-21 00:00:00,41700.0,transfert_entrant,CLI-00497,transfrontalier_sensible,False,aucune
c5520991,CLI-00161,2026-07-21 00:00:00,32900.0,retrait,,transfrontalier_sensible,False,aucune
9c41fb10,CLI-00476,2026-07-21 00:00:00,45300.0,depot,,local,False,aucune
815d2f0c,CLI-00267,2026-07-21 00:00:00,11300.0,depot,,local,False,aucune
8644eaeb,CLI-00585,2026-07-21 00:00:00,110700.0,depot,,local,False,aucune
37e0ebab,CLI-00115,2026-07-21 00:00:00,77000.0,depot,,local,False,aucune
49b50f2f,CLI-00304,2026-07-21 00:00:00,24700.0,depot,,transfrontalier_sensible,False,aucune
8c16d9c8,CLI-00240,2026-07-21 00:00:00,153100.0,depot,,local,False,aucune
3c87fcd2,CLI-00084,2026-07-21 00:00:00,46400.0,transfert_entrant,CLI-00293,regional_uemoa,False,aucune
deb0825e,CLI-00186,2026-07-21 00:00:00,386300.0,transfert_sortant,CLI-00582,local,False,aucune
50f7c48f,CLI-00500,2026-07-21 00:00:00,2524500.0,transfert_sortant,,transfrontalier_sensible,True,corridor_sensible
3d12346e,CLI-00695,2026-07-21 00:00:00,85600.0,depot,,local,False,aucune
d7495e89,CLI-00585,2026-07-21 00:00:00,247100.0,transfert_sortant,CLI-00190,transfrontalier_sensible,False,aucune
fb3551fb,CLI-00500,2026-07-21 00:00:00,3442400.0,transfert_sortant,,transfrontalier_sensible,True,corridor_sensible
38318631,CLI-00680,2026-07-21 00:00:00,95100.0,decaissement_credit,,local,False,aucune
6d9f4843,CLI-00798,2026-07-21 00:00:00,45300.0,retrait,,local,False,aucune
0a023c00,CLI-00792,2026-07-21 00:00:00,241300.0,transfert_sortant,CLI-00248,regional_uemoa,False,aucune
5a2afbd3,CLI-00480,2026-07-21 00:00:00,60900.0,decaissement_credit,,local,False,aucune
faef1fdd,CLI-00750,2026-07-21 00:00:00,98000.0,retrait,,local,False,aucune
f6491a75,CLI-00661,2026-07-22 00:00:00,52100.0,transfert_sortant,CLI-00686,local,False,aucune
529a80ab,CLI-00434,2026-07-22 00:00:00,177600.0,retrait,,local,False,aucune
0a1dd7cd,CLI-00383,2026-07-22 00:00:00,33500.0,depot,,local,False,aucune
a53b8c29,CLI-00260,2026-07-22 00:00:00,349400.0,retrait,,local,False,aucune
fa1b5f16,CLI-00022,2026-07-22 00:00:00,22100.0,depot,,local,False,aucune
640fbfa9,CLI-00283,2026-07-22 00:00:00,14000.0,remboursement_credit,,local,False,aucune
c470ee51,CLI-00498,2026-07-22 00:00:00,23500.0,depot,,local,False,aucune
ee464d1a,CLI-00606,2026-07-22 00:00:00,60200.0,retrait,,regional_uemoa,False,aucune
8cfe0c64,CLI-00564,2026-07-22 00:00:00,793700.0,retrait,,local,False,aucune
a77e3665,CLI-00316,2026-07-22 00:00:00,61600.0,decaissement_credit,,local,False,aucune
51fb89cc,CLI-00402,2026-07-22 00:00:00,83200.0,transfert_sortant,CLI-00778,local,False,aucune
2f995507,CLI-00562,2026-07-22 00:00:00,25100.0,retrait,,local,False,aucune
1e7ef86f,CLI-00726,2026-07-22 00:00:00,171900.0,retrait,,local,False,aucune
c2b2c763,CLI-00364,2026-07-22 00:00:00,49000.0,transfert_sortant,CLI-00314,local,False,aucune
4f9e6892,CLI-00290,2026-07-22 00:00:00,18900.0,remboursement_credit,,local,False,aucune
90f5062d,CLI-00567,2026-07-22 00:00:00,25600.0,depot,,transfrontalier_sensible,False,aucune
aa65ce3b,CLI-00389,2026-07-22 00:00:00,12200.0,retrait,,local,False,aucune
d9631ba6,CLI-00764,2026-07-22 00:00:00,37500.0,transfert_sortant,CLI-00599,local,False,aucune
97e4d96c,CLI-00744,2026-07-22 00:00:00,6100.0,depot,,local,False,aucune
ccfa6339,CLI-00500,2026-07-22 00:00:00,2103400.0,transfert_sortant,,transfrontalier_sensible,True,corridor_sensible
898d0664,CLI-00102,2026-07-22 00:00:00,52800.0,retrait,,local,False,aucune
f9cb9421,CLI-00285,2026-07-22 00:00:00,176200.0,transfert_sortant,CLI-00668,local,False,aucune
5d4a904d,CLI-00287,2026-07-22 00:00:00,26400.0,remboursement_credit,,transfrontalier_sensible,False,aucune
df151c8f,CLI-00026,2026-07-22 00:00:00,16600.0,retrait,,transfrontalier_sensible,False,aucune
afad3da6,CLI-00037,2026-07-22 00:00:00,22600.0,retrait,,local,False,aucune
c5edb47c,CLI-00341,2026-07-22 00:00:00,4600.0,depot,,regional_uemoa,False,aucune
6228e5a2,CLI-00443,2026-07-22 00:00:00,283900.0,remboursement_credit,,regional_uemoa,False,aucune
a7272917,CLI-00285,2026-07-22 00:00:00,24400.0,retrait,,local,False,aucune
5153530c,CLI-00539,2026-07-22 00:00:00,41300.0,transfert_sortant,CLI-00160,local,False,aucune
903151c8,CLI-00240,2026-07-22 00:00:00,61100.0,retrait,,local,False,aucune
96d6a7a0,CLI-00362,2026-07-22 00:00:00,20900.0,transfert_entrant,CLI-00704,regional_uemoa,False,aucune
15a089d7,CLI-00398,2026-07-22 00:00:00,10400.0,retrait,,local,False,aucune
e46ee17b,CLI-00398,2026-07-22 00:00:00,25100.0,transfert_entrant,CLI-00466,local,False,aucune
600a7788,CLI-00741,2026-07-22 00:00:00,32600.0,retrait,,local,False,aucune
ed60703d,CLI-00132,2026-07-22 00:00:00,23800.0,transfert_sortant,CLI-00027,regional_uemoa,False,aucune
a3db59fc,CLI-00609,2026-07-22 00:00:00,11800.0,transfert_sortant,CLI-00734,local,False,aucune
00ee96fb,CLI-00352,2026-07-22 00:00:00,9800.0,depot,,local,False,aucune
c2ceb2c6,CLI-00007,2026-07-22 00:00:00,67600.0,depot,,local,False,aucune
28c146c5,CLI-00141,2026-07-22 00:00:00,10900.0,retrait,,local,False,aucune
5ebc0bec,CLI-00652,2026-07-22 00:00:00,33900.0,remboursement_credit,,local,False,aucune
bc00457c,CLI-00146,2026-07-22 00:00:00,15200.0,retrait,,local,False,aucune
c5166409,CLI-00632,2026-07-22 00:00:00,22200.0,depot,,local,False,aucune
8743bf1d,CLI-00302,2026-07-22 00:00:00,16000.0,remboursement_credit,,local,False,aucune
f804f7ee,CLI-00138,2026-07-22 00:00:00,67200.0,transfert_sortant,CLI-00711,local,False,aucune
f854d7ea,CLI-00035,2026-07-22 00:00:00,78900.0,depot,,regional_uemoa,False,aucune
54a5efc0,CLI-00631,2026-07-22 00:00:00,242400.0,transfert_sortant,CLI-00197,transfrontalier_sensible,False,aucune
ac46b80b,CLI-00204,2026-07-22 00:00:00,58800.0,retrait,,local,False,aucune
c93153a3,CLI-00738,2026-07-22 00:00:00,29100.0,transfert_entrant,CLI-00397,local,False,aucune
08eab6ad,CLI-00327,2026-07-22 00:00:00,34200.0,transfert_sortant,CLI-00252,local,False,aucune
93f73120,CLI-00036,2026-07-22 00:00:00,83100.0,remboursement_credit,,regional_uemoa,False,aucune
9e826d35,CLI-00737,2026-07-22 00:00:00,39100.0,retrait,,regional_uemoa,False,aucune
1d053519,CLI-00168,2026-07-22 00:00:00,14300.0,transfert_sortant,CLI-00322,local,False,aucune
7109d98c,CLI-00415,2026-07-22 00:00:00,17500.0,remboursement_credit,,local,False,aucune
b15ee672,CLI-00647,2026-07-22 00:00:00,216800.0,depot,,local,False,aucune
7dd0080b,CLI-00442,2026-07-22 00:00:00,28900.0,retrait,,local,False,aucune
e9cfadc8,CLI-00265,2026-07-22 00:00:00,366000.0,retrait,,local,False,aucune
7ad3cf04,CLI-00438,2026-07-22 00:00:00,21400.0,retrait,,local,False,aucune
83fa5095,CLI-00265,2026-07-22 00:00:00,99800.0,remboursement_credit,,local,False,aucune
38148144,CLI-00599,2026-07-22 00:00:00,335600.0,retrait,,local,False,aucune
47c9d499,CLI-00170,2026-07-22 00:00:00,24100.0,depot,,local,False,aucune
cc301479,CLI-00615,2026-07-22 00:00:00,56000.0,depot,,local,False,aucune
c0e07bee,CLI-00730,2026-07-22 00:00:00,97700.0,retrait,,local,False,aucune
46c5920d,CLI-00267,2026-07-22 00:00:00,54800.0,remboursement_credit,,transfrontalier_sensible,False,aucune
73143857,CLI-00013,2026-07-23 00:00:00,39900.0,depot,,local,False,aucune
39c50b2e,CLI-00024,2026-07-23 00:00:00,60800.0,decaissement_credit,,local,False,aucune
88f022c8,CLI-00243,2026-07-23 00:00:00,37300.0,depot,,local,False,aucune
d7713348,CLI-00631,2026-07-23 00:00:00,32100.0,retrait,,regional_uemoa,False,aucune
d2c62354,CLI-00081,2026-07-23 00:00:00,8300.0,transfert_entrant,CLI-00569,local,False,aucune
74522957,CLI-00400,2026-07-23 00:00:00,1468400.0,transfert_sortant,,transfrontalier_sensible,True,corridor_sensible
db04751e,CLI-00327,2026-07-23 00:00:00,21600.0,depot,,local,False,aucune
4797bb7d,CLI-00534,2026-07-23 00:00:00,81700.0,remboursement_credit,,local,False,aucune
ba108964,CLI-00600,2026-07-23 00:00:00,98100.0,retrait,,regional_uemoa,False,aucune
6d267e39,CLI-00324,2026-07-23 00:00:00,44900.0,transfert_entrant,CLI-00142,local,False,aucune
a42b964d,CLI-00413,2026-07-23 00:00:00,14500.0,remboursement_credit,,transfrontalier_sensible,False,aucune
291baa1c,CLI-00491,2026-07-23 00:00:00,26100.0,remboursement_credit,,local,False,aucune
5072a6c1,CLI-00068,2026-07-23 00:00:00,33600.0,depot,,local,False,aucune
c8d2a10f,CLI-00167,2026-07-23 00:00:00,7300.0,depot,,local,False,aucune
9585fa25,CLI-00461,2026-07-23 00:00:00,32500.0,transfert_sortant,CLI-00056,local,False,aucune
6e1a5b85,CLI-00569,2026-07-23 00:00:00,11100.0,depot,,local,False,aucune
cdc13b1b,CLI-00546,2026-07-23 00:00:00,48500.0,transfert_sortant,CLI-00453,local,False,aucune
a7a76479,CLI-00342,2026-07-23 00:00:00,470100.0,depot,,transfrontalier_sensible,False,aucune
3b55c8de,CLI-00492,2026-07-23 00:00:00,42100.0,retrait,,local,False,aucune
7ec4b5b4,CLI-00203,2026-07-23 00:00:00,58000.0,retrait,,local,False,aucune
1ce051b5,CLI-00799,2026-07-23 00:00:00,58100.0,remboursement_credit,,local,False,aucune
d29afb25,CLI-00709,2026-07-23 00:00:00,40800.0,retrait,,local,False,aucune
d99c4531,CLI-00303,2026-07-23 00:00:00,15900.0,depot,,local,False,aucune
ed8082d8,CLI-00117,2026-07-23 00:00:00,36700.0,transfert_entrant,CLI-00525,local,False,aucune
d1841d7b,CLI-00549,2026-07-23 00:00:00,3700.0,transfert_sortant,CLI-00508,local,False,aucune
dc40c21f,CLI-00686,2026-07-23 00:00:00,10800.0,decaissement_credit,,local,False,aucune
fbad434e,CLI-00549,2026-07-23 00:00:00,37100.0,remboursement_credit,,local,False,aucune
12564e5b,CLI-00633,2026-07-23 00:00:00,52800.0,retrait,,local,False,aucune
ea687870,CLI-00069,2026-07-23 00:00:00,47500.0,transfert_sortant,CLI-00759,local,False,aucune
34a79a89,CLI-00200,2026-07-23 00:00:00,94400.0,retrait,,local,False,aucune
e296bff7,CLI-00457,2026-07-23 00:00:00,69100.0,remboursement_credit,,local,False,aucune
148c0726,CLI-00429,2026-07-23 00:00:00,228600.0,retrait,,local,False,aucune
15a1be7c,CLI-00779,2026-07-23 00:00:00,80700.0,transfert_sortant,CLI-00299,local,False,aucune
7f873d7c,CLI-00652,2026-07-23 00:00:00,38200.0,retrait,,local,False,aucune
8ffa0268,CLI-00125,2026-07-23 00:00:00,13200.0,remboursement_credit,,local,False,aucune
2621f26e,CLI-00471,2026-07-23 00:00:00,98600.0,depot,,transfrontalier_sensible,False,aucune
1b677b60,CLI-00331,2026-07-23 00:00:00,199600.0,transfert_entrant,CLI-00689,local,False,aucune
c29edcfb,CLI-00336,2026-07-23 00:00:00,34300.0,transfert_sortant,CLI-00004,local,False,aucune
eaada1c6,CLI-00706,2026-07-23 00:00:00,5900.0,retrait,,local,False,aucune
bfe1112c,CLI-00670,2026-07-23 00:00:00,72800.0,retrait,,local,False,aucune
5e775cc9,CLI-00016,2026-07-23 00:00:00,1900.0,retrait,,local,False,aucune
401ef733,CLI-00168,2026-07-23 00:00:00,182200.0,depot,,local,False,aucune
1b62da8d,CLI-00161,2026-07-23 00:00:00,1200.0,retrait,,local,False,aucune
b1627874,CLI-00329,2026-07-23 00:00:00,22200.0,transfert_entrant,CLI-00222,regional_uemoa,False,aucune
b1a6160a,CLI-00450,2026-07-23 00:00:00,42400.0,retrait,,local,False,aucune
042c463b,CLI-00226,2026-07-23 00:00:00,26400.0,transfert_sortant,CLI-00300,local,False,aucune
bc3d4224,CLI-00524,2026-07-23 00:00:00,38100.0,retrait,,transfrontalier_sensible,False,aucune
df1f8208,CLI-00770,2026-07-23 00:00:00,417900.0,depot,,transfrontalier_sensible,False,aucune
db3ec6b1,CLI-00769,2026-07-23 00:00:00,25800.0,retrait,,local,False,aucune
b7d1ea6c,CLI-00779,2026-07-23 00:00:00,117600.0,remboursement_credit,,regional_uemoa,False,aucune
bbd95da2,CLI-00101,2026-07-23 00:00:00,12400.0,remboursement_credit,,local,False,aucune
e80fba2f,CLI-00527,2026-07-23 00:00:00,8700.0,remboursement_credit,,local,False,aucune
8549c1c0,CLI-00352,2026-07-23 00:00:00,187700.0,depot,,local,False,aucune
1381d93a,CLI-00192,2026-07-23 00:00:00,271600.0,decaissement_credit,,local,False,aucune
05115eac,CLI-00503,2026-07-23 00:00:00,13800.0,transfert_sortant,CLI-00152,local,False,aucune
69a49071,CLI-00046,2026-07-23 00:00:00,58900.0,retrait,,local,False,aucune
0941a354,CLI-00737,2026-07-23 00:00:00,55600.0,retrait,,local,False,aucune
1238fe45,CLI-00754,2026-07-23 00:00:00,14200.0,depot,,local,False,aucune
334fe681,CLI-00043,2026-07-23 00:00:00,9500.0,depot,,local,False,aucune
f742b527,CLI-00504,2026-07-23 00:00:00,27200.0,retrait,,local,False,aucune
fb660815,CLI-00439,2026-07-23 00:00:00,18200.0,transfert_sortant,CLI-00636,local,False,aucune
e71ece82,CLI-00760,2026-07-23 00:00:00,41700.0,depot,,local,False,aucune
9fb3d6e1,CLI-00580,2026-07-23 00:00:00,60300.0,transfert_sortant,CLI-00269,local,False,aucune
60bac97e,CLI-00597,2026-07-23 00:00:00,73600.0,decaissement_credit,,local,False,aucune
c9158aaa,CLI-00518,2026-07-23 00:00:00,21400.0,depot,,regional_uemoa,False,aucune
47d467ea,CLI-00599,2026-07-23 00:00:00,45600.0,transfert_entrant,CLI-00082,local,False,aucune
76244409,CLI-00181,2026-07-23 00:00:00,61400.0,transfert_sortant,CLI-00156,local,False,aucune
330d6166,CLI-00399,2026-07-24 00:00:00,186200.0,decaissement_credit,,regional_uemoa,False,aucune
d067c366,CLI-00214,2026-07-24 00:00:00,35900.0,retrait,,local,False,aucune
92fa3e69,CLI-00024,2026-07-24 00:00:00,24700.0,retrait,,local,False,aucune
3de7df77,CLI-00439,2026-07-24 00:00:00,21200.0,transfert_sortant,CLI-00456,local,False,aucune
286dcf87,CLI-00396,2026-07-24 00:00:00,942000.0,retrait,,local,False,aucune
4b493118,CLI-00656,2026-07-24 00:00:00,35000.0,transfert_sortant,CLI-00336,local,False,aucune
a60327fe,CLI-00361,2026-07-24 00:00:00,57700.0,transfert_sortant,CLI-00404,local,False,aucune
99c6a92e,CLI-00752,2026-07-24 00:00:00,1049800.0,remboursement_credit,,local,False,aucune
222fb931,CLI-00790,2026-07-24 00:00:00,16700.0,transfert_sortant,CLI-00394,local,False,aucune
df5fc70a,CLI-00068,2026-07-24 00:00:00,42500.0,remboursement_credit,,local,False,aucune
ccb17dbf,CLI-00587,2026-07-24 00:00:00,319900.0,transfert_entrant,CLI-00262,regional_uemoa,False,aucune
5f00863c,CLI-00548,2026-07-24 00:00:00,20600.0,retrait,,local,False,aucune
d613dbec,CLI-00145,2026-07-24 00:00:00,61800.0,transfert_sortant,CLI-00656,local,False,aucune
b754519e,CLI-00547,2026-07-24 00:00:00,630200.0,transfert_sortant,CLI-00084,regional_uemoa,False,aucune
cfeb28a5,CLI-00684,2026-07-24 00:00:00,6300.0,remboursement_credit,,local,False,aucune
dbb0c633,CLI-00176,2026-07-24 00:00:00,61400.0,depot,,local,False,aucune
10f116e3,CLI-00705,2026-07-24 00:00:00,19100.0,retrait,,local,False,aucune
b84593a5,CLI-00662,2026-07-24 00:00:00,49700.0,depot,,local,False,aucune
9d9711f6,CLI-00557,2026-07-24 00:00:00,199800.0,retrait,,local,False,aucune
6c9f61bb,CLI-00608,2026-07-24 00:00:00,14600.0,remboursement_credit,,local,False,aucune
03e3abe0,CLI-00177,2026-07-24 00:00:00,138500.0,depot,,local,False,aucune
feccabf8,CLI-00335,2026-07-24 00:00:00,33400.0,depot,,local,False,aucune
0fb2441c,CLI-00606,2026-07-24 00:00:00,93800.0,depot,,local,False,aucune
1b644dc9,CLI-00129,2026-07-24 00:00:00,28800.0,depot,,regional_uemoa,False,aucune
f05e0780,CLI-00270,2026-07-24 00:00:00,24600.0,transfert_sortant,CLI-00532,local,False,aucune
39b8c0f4,CLI-00426,2026-07-24 00:00:00,194600.0,retrait,,local,False,aucune
1f8f9365,CLI-00328,2026-07-24 00:00:00,27400.0,transfert_sortant,CLI-00329,local,False,aucune
dffe208d,CLI-00249,2026-07-24 00:00:00,15600.0,retrait,,local,False,aucune
aeb8f5e8,CLI-00299,2026-07-24 00:00:00,224900.0,depot,,regional_uemoa,False,aucune
c31fdec2,CLI-00370,2026-07-24 00:00:00,56900.0,retrait,,local,False,aucune
374db30b,CLI-00580,2026-07-24 00:00:00,26100.0,depot,,local,False,aucune
27c5e28e,CLI-00159,2026-07-24 00:00:00,41700.0,transfert_sortant,CLI-00348,local,False,aucune
becf1063,CLI-00678,2026-07-24 00:00:00,64800.0,retrait,,local,False,aucune
9cfa5e63,CLI-00323,2026-07-24 00:00:00,21100.0,retrait,,regional_uemoa,False,aucune
4d7061c2,CLI-00343,2026-07-24 00:00:00,9600.0,transfert_sortant,CLI-00408,local,False,aucune
814d5f55,CLI-00212,2026-07-24 00:00:00,18800.0,retrait,,transfrontalier_sensible,False,aucune
e74227b3,CLI-00300,2026-07-24 00:00:00,4900.0,remboursement_credit,,local,False,aucune
ecc56549,CLI-00465,2026-07-24 00:00:00,4700.0,transfert_entrant,CLI-00625,local,False,aucune
4cdf63b7,CLI-00417,2026-07-24 00:00:00,33600.0,depot,,regional_uemoa,False,aucune
6f024298,CLI-00170,2026-07-24 00:00:00,50700.0,retrait,,local,False,aucune
f28abf30,CLI-00256,2026-07-24 00:00:00,4400.0,depot,,local,False,aucune
0cf06398,CLI-00093,2026-07-24 00:00:00,42100.0,transfert_sortant,CLI-00649,local,False,aucune
9c5f5d77,CLI-00212,2026-07-24 00:00:00,16400.0,retrait,,local,False,aucune
63e31a7b,CLI-00308,2026-07-24 00:00:00,73900.0,transfert_entrant,CLI-00698,local,False,aucune
d62bd56d,CLI-00521,2026-07-24 00:00:00,125100.0,transfert_entrant,CLI-00766,local,False,aucune
81937793,CLI-00077,2026-07-25 00:00:00,120100.0,transfert_sortant,CLI-00153,local,False,aucune
6de20417,CLI-00646,2026-07-25 00:00:00,36000.0,retrait,,local,False,aucune
88b622a3,CLI-00713,2026-07-25 00:00:00,181300.0,depot,,local,False,aucune
c6e43357,CLI-00092,2026-07-25 00:00:00,139100.0,decaissement_credit,,local,False,aucune
0eacf0dc,CLI-00429,2026-07-25 00:00:00,44700.0,decaissement_credit,,local,False,aucune
0c10f348,CLI-00713,2026-07-25 00:00:00,128500.0,remboursement_credit,,transfrontalier_sensible,False,aucune
94d2e69b,CLI-00565,2026-07-25 00:00:00,30800.0,retrait,,local,False,aucune
9ee5e2d1,CLI-00292,2026-07-25 00:00:00,55800.0,remboursement_credit,,local,False,aucune
4cf476ed,CLI-00440,2026-07-25 00:00:00,387900.0,transfert_sortant,CLI-00654,local,False,aucune
7ef78eaf,CLI-00428,2026-07-25 00:00:00,4500.0,retrait,,local,False,aucune
b369d2bd,CLI-00384,2026-07-25 00:00:00,22300.0,retrait,,regional_uemoa,False,aucune
ecb3818c,CLI-00677,2026-07-25 00:00:00,113300.0,transfert_entrant,CLI-00309,local,False,aucune
5a2c9589,CLI-00439,2026-07-25 00:00:00,88800.0,transfert_sortant,CLI-00270,local,False,aucune
a8818c27,CLI-00099,2026-07-25 00:00:00,133800.0,transfert_entrant,CLI-00179,local,False,aucune
bf9a85e6,CLI-00065,2026-07-25 00:00:00,157900.0,depot,,local,False,aucune
49f9ad71,CLI-00478,2026-07-25 00:00:00,133300.0,decaissement_credit,,regional_uemoa,False,aucune
22018fc0,CLI-00740,2026-07-25 00:00:00,3200.0,transfert_sortant,CLI-00762,local,False,aucune
085801da,CLI-00006,2026-07-25 00:00:00,162200.0,depot,,local,False,aucune
4b02bc8e,CLI-00610,2026-07-25 00:00:00,64500.0,retrait,,local,False,aucune
7f2c3082,CLI-00781,2026-07-25 00:00:00,32100.0,retrait,,local,False,aucune
fb04c3ea,CLI-00363,2026-07-25 00:00:00,114900.0,remboursement_credit,,local,False,aucune
36ebcf8a,CLI-00074,2026-07-25 00:00:00,16100.0,depot,,local,False,aucune
c6bdbb9a,CLI-00063,2026-07-25 00:00:00,272300.0,transfert_sortant,CLI-00629,local,False,aucune
a7f746bf,CLI-00529,2026-07-25 00:00:00,260000.0,depot,,local,False,aucune
4b16f15d,CLI-00746,2026-07-25 00:00:00,45800.0,retrait,,regional_uemoa,False,aucune
9ca50d44,CLI-00723,2026-07-25 00:00:00,25500.0,retrait,,regional_uemoa,False,aucune
6ede56fb,CLI-00111,2026-07-25 00:00:00,29300.0,transfert_entrant,CLI-00157,transfrontalier_sensible,False,aucune
e129228d,CLI-00145,2026-07-25 00:00:00,30300.0,retrait,,local,False,aucune
2eba6b3b,CLI-00448,2026-07-25 00:00:00,132700.0,transfert_entrant,CLI-00347,local,False,aucune
08f66e2d,CLI-00702,2026-07-25 00:00:00,154800.0,transfert_entrant,CLI-00028,local,False,aucune
f8e41ff1,CLI-00522,2026-07-25 00:00:00,13100.0,transfert_entrant,CLI-00100,transfrontalier_sensible,False,aucune
a6211a14,CLI-00046,2026-07-25 00:00:00,86600.0,decaissement_credit,,local,False,aucune
c7b70b6e,CLI-00246,2026-07-25 00:00:00,86800.0,transfert_sortant,CLI-00372,local,False,aucune
85de4278,CLI-00026,2026-07-25 00:00:00,47300.0,retrait,,local,False,aucune
9d7b8556,CLI-00271,2026-07-25 00:00:00,37800.0,depot,,local,False,aucune
2176f8c6,CLI-00245,2026-07-25 00:00:00,10400.0,depot,,local,False,aucune
0be9f7a5,CLI-00277,2026-07-25 00:00:00,19800.0,transfert_sortant,CLI-00094,local,False,aucune
7a921153,CLI-00034,2026-07-25 00:00:00,10700.0,retrait,,local,False,aucune
83489c96,CLI-00394,2026-07-25 00:00:00,4500.0,transfert_sortant,CLI-00282,local,False,aucune
4a41258a,CLI-00658,2026-07-25 00:00:00,50700.0,retrait,,local,False,aucune
096e6be5,CLI-00531,2026-07-25 00:00:00,19300.0,decaissement_credit,,local,False,aucune
685dd88f,CLI-00211,2026-07-25 00:00:00,78700.0,depot,,local,False,aucune
86406b95,CLI-00555,2026-07-25 00:00:00,362700.0,depot,,local,False,aucune
a693a461,CLI-00197,2026-07-25 00:00:00,27200.0,depot,,local,False,aucune
d6d1099a,CLI-00040,2026-07-25 00:00:00,35000.0,depot,,local,False,aucune
30d5d14b,CLI-00130,2026-07-25 00:00:00,11000.0,retrait,,local,False,aucune
e3c2815b,CLI-00569,2026-07-25 00:00:00,72200.0,transfert_entrant,CLI-00167,regional_uemoa,False,aucune
031ef156,CLI-00077,2026-07-25 00:00:00,416300.0,retrait,,local,False,aucune
2ba9c0ff,CLI-00082,2026-07-25 00:00:00,11900.0,depot,,regional_uemoa,False,aucune
a1fd2357,CLI-00144,2026-07-26 00:00:00,532100.0,decaissement_credit,,local,False,aucune
20b952d3,CLI-00294,2026-07-26 00:00:00,66800.0,retrait,,local,False,aucune
acce5df8,CLI-00741,2026-07-26 00:00:00,539200.0,depot,,local,False,aucune
6a36c7d5,CLI-00056,2026-07-26 00:00:00,44400.0,retrait,,local,False,aucune
7530ea4f,CLI-00511,2026-07-26 00:00:00,41900.0,retrait,,local,False,aucune
5ba2d985,CLI-00548,2026-07-26 00:00:00,605600.0,depot,,local,False,aucune
266432d4,CLI-00799,2026-07-26 00:00:00,33100.0,retrait,,local,False,aucune
002d4f75,CLI-00644,2026-07-26 00:00:00,9400.0,remboursement_credit,,local,False,aucune
5b863d2a,CLI-00417,2026-07-26 00:00:00,54600.0,retrait,,local,False,aucune
00de51a5,CLI-00028,2026-07-26 00:00:00,137700.0,transfert_sortant,CLI-00152,local,False,aucune
e6b74226,CLI-00501,2026-07-26 00:00:00,87400.0,remboursement_credit,,regional_uemoa,False,aucune
f7df7f07,CLI-00740,2026-07-26 00:00:00,20700.0,decaissement_credit,,local,False,aucune
f7ce0e77,CLI-00294,2026-07-26 00:00:00,46200.0,decaissement_credit,,local,False,aucune
56f62988,CLI-00628,2026-07-26 00:00:00,14300.0,remboursement_credit,,local,False,aucune
013eb83b,CLI-00175,2026-07-26 00:00:00,183400.0,depot,,local,False,aucune
7c19b6f3,CLI-00654,2026-07-26 00:00:00,12700.0,retrait,,local,False,aucune
f1c7f201,CLI-00764,2026-07-26 00:00:00,33500.0,depot,,local,False,aucune
9ecc09b6,CLI-00390,2026-07-26 00:00:00,8300.0,depot,,regional_uemoa,False,aucune
8bdbfc9c,CLI-00051,2026-07-26 00:00:00,160800.0,depot,,local,False,aucune
99b9a5a2,CLI-00420,2026-07-26 00:00:00,15400.0,remboursement_credit,,local,False,aucune
a6439278,CLI-00011,2026-07-26 00:00:00,17100.0,transfert_sortant,CLI-00496,local,False,aucune
bad9f297,CLI-00168,2026-07-26 00:00:00,34500.0,depot,,local,False,aucune
c2eb3137,CLI-00560,2026-07-26 00:00:00,24600.0,remboursement_credit,,local,False,aucune
051de669,CLI-00019,2026-07-26 00:00:00,9900.0,retrait,,local,False,aucune
b99bebb8,CLI-00403,2026-07-26 00:00:00,30700.0,remboursement_credit,,local,False,aucune
fb3fa910,CLI-00369,2026-07-26 00:00:00,121200.0,transfert_sortant,CLI-00698,local,False,aucune
2520cfa3,CLI-00799,2026-07-26 00:00:00,7300.0,decaissement_credit,,local,False,aucune
d6a61a8c,CLI-00617,2026-07-26 00:00:00,146400.0,transfert_sortant,CLI-00102,local,False,aucune
573c53c5,CLI-00712,2026-07-26 00:00:00,5100.0,decaissement_credit,,local,False,aucune
c8c91937,CLI-00122,2026-07-26 00:00:00,8100.0,decaissement_credit,,local,False,aucune
2bbd1c5d,CLI-00355,2026-07-26 00:00:00,5200.0,depot,,local,False,aucune
4bdbe527,CLI-00371,2026-07-26 00:00:00,44900.0,depot,,local,False,aucune
b0be311b,CLI-00621,2026-07-26 00:00:00,27900.0,transfert_entrant,CLI-00028,local,False,aucune
c7ce9624,CLI-00172,2026-07-26 00:00:00,74600.0,depot,,local,False,aucune
93aa0599,CLI-00208,2026-07-26 00:00:00,78100.0,retrait,,local,False,aucune
1654af20,CLI-00670,2026-07-26 00:00:00,51800.0,transfert_entrant,CLI-00393,local,False,aucune
c171d640,CLI-00125,2026-07-26 00:00:00,10500.0,retrait,,local,False,aucune
acd39e33,CLI-00503,2026-07-26 00:00:00,17800.0,retrait,,local,False,aucune
052f7d32,CLI-00378,2026-07-26 00:00:00,177400.0,transfert_sortant,CLI-00479,local,False,aucune
32a10c5b,CLI-00752,2026-07-26 00:00:00,75000.0,depot,,local,False,aucune
5d3fe054,CLI-00345,2026-07-26 00:00:00,5883300.0,retrait,,local,True,reactivation_dormant
61d22a9f,CLI-00498,2026-07-26 00:00:00,38900.0,depot,,regional_uemoa,False,aucune
f318fdda,CLI-00584,2026-07-26 00:00:00,45600.0,depot,,local,False,aucune
778750e2,CLI-00311,2026-07-26 00:00:00,61300.0,retrait,,local,False,aucune
91787f8a,CLI-00173,2026-07-26 00:00:00,79800.0,transfert_entrant,CLI-00375,local,False,aucune
70b0de5c,CLI-00295,2026-07-26 00:00:00,76200.0,retrait,,local,False,aucune
24e45085,CLI-00751,2026-07-26 00:00:00,16000.0,depot,,local,False,aucune
3e130325,CLI-00661,2026-07-26 00:00:00,24500.0,depot,,regional_uemoa,False,aucune
be3ed8df,CLI-00015,2026-07-26 00:00:00,27000.0,depot,,local,False,aucune
f76f4d8b,CLI-00094,2026-07-27 00:00:00,33600.0,depot,,local,False,aucune
bcc8a216,CLI-00047,2026-07-27 00:00:00,46500.0,depot,,local,False,aucune
e7d4ecce,CLI-00234,2026-07-27 00:00:00,18200.0,decaissement_credit,,local,False,aucune
1e3174f6,CLI-00685,2026-07-27 00:00:00,182300.0,retrait,,local,False,aucune
f9363613,CLI-00429,2026-07-27 00:00:00,37000.0,retrait,,local,False,aucune
688a7bf7,CLI-00619,2026-07-27 00:00:00,46100.0,transfert_entrant,CLI-00312,local,False,aucune
e828fbc7,CLI-00513,2026-07-27 00:00:00,5300.0,remboursement_credit,,transfrontalier_sensible,False,aucune
cc3f00cc,CLI-00593,2026-07-27 00:00:00,11500.0,decaissement_credit,,local,False,aucune
676dbc72,CLI-00296,2026-07-27 00:00:00,15600.0,depot,,local,False,aucune
b5b76122,CLI-00138,2026-07-27 00:00:00,135600.0,decaissement_credit,,local,False,aucune
f8f6a464,CLI-00147,2026-07-27 00:00:00,39500.0,retrait,,local,False,aucune
2da3c679,CLI-00438,2026-07-27 00:00:00,33600.0,remboursement_credit,,local,False,aucune
6a1852b2,CLI-00139,2026-07-27 00:00:00,25000.0,retrait,,local,False,aucune
8badbf59,CLI-00515,2026-07-27 00:00:00,199400.0,remboursement_credit,,local,False,aucune
ed364708,CLI-00407,2026-07-27 00:00:00,126000.0,decaissement_credit,,local,False,aucune
e6e02097,CLI-00190,2026-07-27 00:00:00,21200.0,transfert_entrant,CLI-00055,local,False,aucune
b8147f04,CLI-00654,2026-07-27 00:00:00,184000.0,depot,,local,False,aucune
9279243e,CLI-00536,2026-07-27 00:00:00,53800.0,remboursement_credit,,local,False,aucune
a9d8aa3f,CLI-00379,2026-07-27 00:00:00,130100.0,remboursement_credit,,local,False,aucune
16c3a7b6,CLI-00515,2026-07-27 00:00:00,55000.0,retrait,,local,False,aucune
2857aaee,CLI-00505,2026-07-27 00:00:00,6400.0,transfert_entrant,CLI-00799,local,False,aucune
8ff759fa,CLI-00630,2026-07-27 00:00:00,40000.0,retrait,,local,False,aucune
c66fbf6e,CLI-00739,2026-07-27 00:00:00,14100.0,depot,,local,False,aucune
0d18ef86,CLI-00505,2026-07-27 00:00:00,187400.0,depot,,local,False,aucune
b301fd5f,CLI-00472,2026-07-27 00:00:00,86800.0,remboursement_credit,,local,False,aucune
d7555eae,CLI-00322,2026-07-27 00:00:00,96600.0,depot,,local,False,aucune
d92bcd14,CLI-00502,2026-07-27 00:00:00,17400.0,remboursement_credit,,local,False,aucune
c22c6fce,CLI-00506,2026-07-27 00:00:00,102200.0,retrait,,local,False,aucune
517f5b34,CLI-00680,2026-07-27 00:00:00,28100.0,retrait,,local,False,aucune
3824304b,CLI-00002,2026-07-27 00:00:00,55800.0,retrait,,local,False,aucune
a5d722ca,CLI-00426,2026-07-27 00:00:00,79300.0,retrait,,local,False,aucune
09ae5227,CLI-00040,2026-07-27 00:00:00,7800.0,retrait,,local,False,aucune
376b00c6,CLI-00215,2026-07-27 00:00:00,10500.0,depot,,local,False,aucune
7a9c8358,CLI-00461,2026-07-27 00:00:00,175600.0,remboursement_credit,,local,False,aucune
23231a54,CLI-00766,2026-07-27 00:00:00,374100.0,decaissement_credit,,local,False,aucune
825a4f0b,CLI-00568,2026-07-27 00:00:00,58500.0,transfert_sortant,CLI-00582,local,False,aucune
6111b52e,CLI-00645,2026-07-27 00:00:00,196500.0,retrait,,regional_uemoa,False,aucune
97902077,CLI-00101,2026-07-27 00:00:00,2400.0,depot,,local,False,aucune
d3d2f585,CLI-00713,2026-07-27 00:00:00,26100.0,depot,,local,False,aucune
36bf8c59,CLI-00651,2026-07-27 00:00:00,7300.0,decaissement_credit,,local,False,aucune
0a80b2cb,CLI-00239,2026-07-27 00:00:00,30600.0,remboursement_credit,,local,False,aucune
41d1abe2,CLI-00714,2026-07-27 00:00:00,118300.0,retrait,,local,False,aucune
3f91ac92,CLI-00683,2026-07-27 00:00:00,15500.0,transfert_sortant,CLI-00413,local,False,aucune
e190fed6,CLI-00650,2026-07-27 00:00:00,12100.0,retrait,,local,False,aucune
6b6e9ba2,CLI-00799,2026-07-27 00:00:00,46000.0,retrait,,local,False,aucune
99eb174e,CLI-00628,2026-07-27 00:00:00,446700.0,transfert_sortant,CLI-00592,local,False,aucune
bc73e0bf,CLI-00764,2026-07-27 00:00:00,20200.0,depot,,local,False,aucune
3cc198c2,CLI-00155,2026-07-27 00:00:00,9500.0,depot,,local,False,aucune
7c1f73ac,CLI-00387,2026-07-27 00:00:00,11100.0,decaissement_credit,,transfrontalier_sensible,False,aucune
1e866856,CLI-00665,2026-07-27 00:00:00,24000.0,decaissement_credit,,local,False,aucune
0fe42112,CLI-00233,2026-07-27 00:00:00,27500.0,transfert_entrant,CLI-00268,local,False,aucune
ce3a47c3,CLI-00740,2026-07-27 00:00:00,76600.0,transfert_sortant,CLI-00519,local,False,aucune
5e8a3b2d,CLI-00333,2026-07-27 00:00:00,43700.0,decaissement_credit,,transfrontalier_sensible,False,aucune
bce3eca1,CLI-00556,2026-07-28 00:00:00,10700.0,depot,,regional_uemoa,False,aucune
7a59f0f3,CLI-00689,2026-07-28 00:00:00,44100.0,retrait,,local,False,aucune
98008223,CLI-00459,2026-07-28 00:00:00,31900.0,remboursement_credit,,local,False,aucune
8de38f8e,CLI-00103,2026-07-28 00:00:00,14900.0,transfert_entrant,CLI-00521,local,False,aucune
22666d92,CLI-00629,2026-07-28 00:00:00,135400.0,depot,,local,False,aucune
a019e7c4,CLI-00259,2026-07-28 00:00:00,346000.0,transfert_entrant,CLI-00798,local,False,aucune
e2d0369c,CLI-00550,2026-07-28 00:00:00,200700.0,depot,,local,False,aucune
dda0ac5e,CLI-00714,2026-07-28 00:00:00,7900.0,transfert_entrant,CLI-00369,local,False,aucune
9147b0f3,CLI-00150,2026-07-28 00:00:00,95500.0,remboursement_credit,,local,False,aucune
6a852d45,CLI-00338,2026-07-28 00:00:00,126500.0,depot,,local,False,aucune
bb2e85fb,CLI-00732,2026-07-28 00:00:00,65000.0,remboursement_credit,,local,False,aucune
e04d0823,CLI-00437,2026-07-28 00:00:00,19100.0,decaissement_credit,,local,False,aucune
ecb1a0dd,CLI-00153,2026-07-28 00:00:00,33200.0,retrait,,regional_uemoa,False,aucune
1b252bed,CLI-00280,2026-07-28 00:00:00,89900.0,transfert_entrant,CLI-00373,local,False,aucune
31656975,CLI-00030,2026-07-28 00:00:00,4400.0,depot,,local,False,aucune
273dcd2e,CLI-00374,2026-07-28 00:00:00,23900.0,transfert_sortant,CLI-00794,local,False,aucune
22ced388,CLI-00253,2026-07-28 00:00:00,19200.0,retrait,,regional_uemoa,False,aucune
4d08d908,CLI-00392,2026-07-28 00:00:00,425100.0,decaissement_credit,,local,False,aucune
ab34c665,CLI-00391,2026-07-28 00:00:00,18800.0,retrait,,local,False,aucune
914776f4,CLI-00307,2026-07-28 00:00:00,28200.0,depot,,transfrontalier_sensible,False,aucune
5c75d347,CLI-00766,2026-07-28 00:00:00,83400.0,transfert_entrant,CLI-00090,local,False,aucune
20dbc937,CLI-00027,2026-07-28 00:00:00,171300.0,retrait,,local,False,aucune
5b8d6a8e,CLI-00602,2026-07-28 00:00:00,57700.0,transfert_sortant,CLI-00675,local,False,aucune
aa06b5d2,CLI-00207,2026-07-28 00:00:00,25800.0,depot,,regional_uemoa,False,aucune
0e8ff26d,CLI-00098,2026-07-28 00:00:00,41200.0,retrait,,local,False,aucune
4bb72b37,CLI-00206,2026-07-28 00:00:00,17800.0,depot,,local,False,aucune
3c0d475e,CLI-00246,2026-07-28 00:00:00,23500.0,retrait,,local,False,aucune
509d38fa,CLI-00150,2026-07-28 00:00:00,57400.0,depot,,local,False,aucune
186f0742,CLI-00697,2026-07-28 00:00:00,76600.0,transfert_sortant,CLI-00362,local,False,aucune
2191e9bd,CLI-00551,2026-07-28 00:00:00,36900.0,decaissement_credit,,local,False,aucune
ccc9df90,CLI-00736,2026-07-28 00:00:00,12800.0,depot,,local,False,aucune
0344272e,CLI-00366,2026-07-28 00:00:00,18000.0,decaissement_credit,,local,False,aucune
5e221b37,CLI-00400,2026-07-28 00:00:00,3279900.0,transfert_sortant,,transfrontalier_sensible,True,corridor_sensible
eb1c57da,CLI-00717,2026-07-28 00:00:00,18400.0,remboursement_credit,,local,False,aucune
603db955,CLI-00666,2026-07-28 00:00:00,290000.0,retrait,,local,False,aucune
49a30ee3,CLI-00596,2026-07-28 00:00:00,53700.0,decaissement_credit,,local,False,aucune
bba36028,CLI-00111,2026-07-28 00:00:00,1500.0,retrait,,transfrontalier_sensible,False,aucune
a46db949,CLI-00643,2026-07-28 00:00:00,48700.0,retrait,,local,False,aucune
4cf67711,CLI-00162,2026-07-28 00:00:00,1577400.0,depot,,transfrontalier_sensible,False,aucune
7c84a500,CLI-00728,2026-07-28 00:00:00,119100.0,depot,,local,False,aucune
69aa5046,CLI-00334,2026-07-28 00:00:00,45400.0,decaissement_credit,,local,False,aucune
b046ceee,CLI-00210,2026-07-28 00:00:00,57700.0,decaissement_credit,,local,False,aucune
c73021d5,CLI-00654,2026-07-28 00:00:00,49900.0,retrait,,local,False,aucune
9de9eafe,CLI-00449,2026-07-28 00:00:00,2400.0,transfert_sortant,CLI-00354,local,False,aucune
0c7249d3,CLI-00514,2026-07-28 00:00:00,46000.0,depot,,transfrontalier_sensible,False,aucune
63bfe811,CLI-00334,2026-07-28 00:00:00,152800.0,retrait,,local,False,aucune
0eae53c3,CLI-00249,2026-07-28 00:00:00,30800.0,transfert_sortant,CLI-00332,regional_uemoa,False,aucune
bc855601,CLI-00758,2026-07-28 00:00:00,131200.0,retrait,,local,False,aucune
1d8284fe,CLI-00685,2026-07-28 00:00:00,48600.0,depot,,transfrontalier_sensible,False,aucune
6e001483,CLI-00174,2026-07-28 00:00:00,17800.0,retrait,,regional_uemoa,False,aucune
b50eda3a,CLI-00526,2026-07-28 00:00:00,155800.0,depot,,local,False,aucune
7c2443db,CLI-00077,2026-07-28 00:00:00,120800.0,depot,,local,False,aucune
caf3ae76,CLI-00474,2026-07-28 00:00:00,156000.0,transfert_sortant,CLI-00621,regional_uemoa,False,aucune
465d5db7,CLI-00135,2026-07-28 00:00:00,26600.0,remboursement_credit,,local,False,aucune
69a677c1,CLI-00077,2026-07-28 00:00:00,42200.0,retrait,,local,False,aucune
8ef915bc,CLI-00336,2026-07-28 00:00:00,51800.0,transfert_sortant,CLI-00596,local,False,aucune
bfd71e49,CLI-00126,2026-07-28 00:00:00,4100.0,retrait,,local,False,aucune
d5582392,CLI-00575,2026-07-28 00:00:00,17900.0,retrait,,local,False,aucune
f8dbb15e,CLI-00162,2026-07-29 00:00:00,84500.0,retrait,,transfrontalier_sensible,False,aucune
8309e4d7,CLI-00602,2026-07-29 00:00:00,22000.0,depot,,local,False,aucune
b61bd789,CLI-00704,2026-07-29 00:00:00,70100.0,depot,,local,False,aucune
87758d7a,CLI-00120,2026-07-29 00:00:00,81500.0,retrait,,local,False,aucune
b47ebe16,CLI-00255,2026-07-29 00:00:00,186800.0,retrait,,local,False,aucune
9597cca9,CLI-00046,2026-07-29 00:00:00,11800.0,retrait,,local,False,aucune
29a7f1ac,CLI-00123,2026-07-29 00:00:00,20100.0,decaissement_credit,,local,False,aucune
b7534c28,CLI-00485,2026-07-29 00:00:00,35700.0,decaissement_credit,,regional_uemoa,False,aucune
bd7556e8,CLI-00332,2026-07-29 00:00:00,17100.0,depot,,local,False,aucune
1ae07a74,CLI-00762,2026-07-29 00:00:00,136400.0,remboursement_credit,,local,False,aucune
79509f88,CLI-00334,2026-07-29 00:00:00,28500.0,decaissement_credit,,local,False,aucune
92c4df3c,CLI-00495,2026-07-29 00:00:00,42400.0,depot,,local,False,aucune
2d8a814a,CLI-00112,2026-07-29 00:00:00,52900.0,decaissement_credit,,local,False,aucune
3becffd6,CLI-00694,2026-07-29 00:00:00,120300.0,retrait,,regional_uemoa,False,aucune
dcc2408c,CLI-00392,2026-07-29 00:00:00,168600.0,retrait,,local,False,aucune
0b5f3ffe,CLI-00684,2026-07-29 00:00:00,60600.0,retrait,,local,False,aucune
579cca53,CLI-00313,2026-07-29 00:00:00,119000.0,retrait,,local,False,aucune
c0d1e8cf,CLI-00543,2026-07-29 00:00:00,87300.0,depot,,local,False,aucune
fec37c43,CLI-00660,2026-07-29 00:00:00,27000.0,transfert_entrant,CLI-00136,regional_uemoa,False,aucune
e6ae14cb,CLI-00447,2026-07-29 00:00:00,11500.0,remboursement_credit,,local,False,aucune
62f5b183,CLI-00318,2026-07-29 00:00:00,147200.0,retrait,,local,False,aucune
193a73ba,CLI-00422,2026-07-29 00:00:00,175600.0,transfert_sortant,CLI-00762,local,False,aucune
a896dfa9,CLI-00778,2026-07-29 00:00:00,23600.0,transfert_sortant,CLI-00619,local,False,aucune
52927232,CLI-00593,2026-07-29 00:00:00,21500.0,depot,,local,False,aucune
9a2ee7e3,CLI-00188,2026-07-29 00:00:00,130400.0,decaissement_credit,,transfrontalier_sensible,False,aucune
636027f6,CLI-00417,2026-07-29 00:00:00,8000.0,depot,,local,False,aucune
386d26cc,CLI-00385,2026-07-29 00:00:00,66000.0,transfert_entrant,CLI-00254,local,False,aucune
8d59ef96,CLI-00683,2026-07-29 00:00:00,67400.0,retrait,,local,False,aucune
f9bccd18,CLI-00591,2026-07-29 00:00:00,38200.0,remboursement_credit,,transfrontalier_sensible,False,aucune
49c0bf09,CLI-00110,2026-07-29 00:00:00,22400.0,transfert_sortant,CLI-00459,local,False,aucune
20976f44,CLI-00252,2026-07-29 00:00:00,20400.0,retrait,,local,False,aucune
035d9a66,CLI-00686,2026-07-29 00:00:00,11200.0,retrait,,local,False,aucune
b9e65b68,CLI-00669,2026-07-29 00:00:00,87100.0,remboursement_credit,,local,False,aucune
ab555add,CLI-00484,2026-07-29 00:00:00,33000.0,transfert_entrant,CLI-00644,transfrontalier_sensible,False,aucune
24a78cf3,CLI-00576,2026-07-29 00:00:00,13400.0,decaissement_credit,,local,False,aucune
590a0dce,CLI-00435,2026-07-29 00:00:00,44600.0,depot,,local,False,aucune
78a09d23,CLI-00462,2026-07-29 00:00:00,22400.0,retrait,,local,False,aucune
3434ca1c,CLI-00050,2026-07-29 00:00:00,29400.0,decaissement_credit,,local,False,aucune
e328594e,CLI-00425,2026-07-29 00:00:00,6100.0,transfert_entrant,CLI-00547,local,False,aucune
468890c4,CLI-00638,2026-07-29 00:00:00,8100.0,decaissement_credit,,local,False,aucune
0ba0139a,CLI-00637,2026-07-29 00:00:00,3100.0,remboursement_credit,,local,False,aucune
1ce4639b,CLI-00173,2026-07-29 00:00:00,32600.0,retrait,,local,False,aucune
64048cda,CLI-00107,2026-07-29 00:00:00,31600.0,retrait,,local,False,aucune
0ae92518,CLI-00786,2026-07-29 00:00:00,36000.0,retrait,,local,False,aucune
5fd989f5,CLI-00771,2026-07-29 00:00:00,17100.0,retrait,,transfrontalier_sensible,False,aucune
ee1c309d,CLI-00557,2026-07-29 00:00:00,28800.0,retrait,,local,False,aucune
b25c4dcd,CLI-00369,2026-07-29 00:00:00,11700.0,depot,,regional_uemoa,False,aucune
c2bebf6b,CLI-00298,2026-07-29 00:00:00,14600.0,retrait,,local,False,aucune
b2325ae5,CLI-00051,2026-07-29 00:00:00,13100.0,depot,,local,False,aucune
95401fec,CLI-00481,2026-07-29 00:00:00,73100.0,decaissement_credit,,local,False,aucune
d5497ab7,CLI-00597,2026-07-29 00:00:00,27200.0,retrait,,regional_uemoa,False,aucune
0d0fd498,CLI-00799,2026-07-29 00:00:00,724200.0,remboursement_credit,,local,False,aucune
1ce49c37,CLI-00400,2026-07-29 00:00:00,3282400.0,transfert_sortant,,transfrontalier_sensible,True,corridor_sensible
3c331760,CLI-00652,2026-07-29 00:00:00,14700.0,decaissement_credit,,regional_uemoa,False,aucune
01982d02,CLI-00336,2026-07-29 00:00:00,80400.0,retrait,,local,False,aucune
f27d5562,CLI-00317,2026-07-30 00:00:00,36700.0,retrait,,local,False,aucune
db3ae2ad,CLI-00478,2026-07-30 00:00:00,63900.0,depot,,local,False,aucune
f5875f11,CLI-00537,2026-07-30 00:00:00,6500.0,remboursement_credit,,local,False,aucune
f411c682,CLI-00692,2026-07-30 00:00:00,64900.0,transfert_sortant,CLI-00249,local,False,aucune
dfa3842c,CLI-00794,2026-07-30 00:00:00,19900.0,transfert_entrant,CLI-00035,regional_uemoa,False,aucune
1db0a92a,CLI-00000,2026-07-30 00:00:00,254500.0,transfert_sortant,CLI-00330,local,False,aucune
e0753b2f,CLI-00224,2026-07-30 00:00:00,4800.0,retrait,,local,False,aucune
d0126e21,CLI-00743,2026-07-30 00:00:00,88000.0,retrait,,regional_uemoa,False,aucune
e6b6608f,CLI-00621,2026-07-30 00:00:00,77500.0,retrait,,local,False,aucune
651489a8,CLI-00373,2026-07-30 00:00:00,4700.0,depot,,local,False,aucune
f150271b,CLI-00551,2026-07-30 00:00:00,17600.0,transfert_sortant,CLI-00376,local,False,aucune
3d6b7a65,CLI-00146,2026-07-30 00:00:00,98100.0,depot,,local,False,aucune
c2f74795,CLI-00652,2026-07-30 00:00:00,25100.0,depot,,local,False,aucune
4f3d00eb,CLI-00081,2026-07-30 00:00:00,53900.0,depot,,local,False,aucune
34b7daa9,CLI-00678,2026-07-30 00:00:00,86600.0,depot,,local,False,aucune
671bdcaa,CLI-00040,2026-07-30 00:00:00,71500.0,transfert_entrant,CLI-00643,local,False,aucune
69cd88cb,CLI-00366,2026-07-30 00:00:00,39200.0,retrait,,local,False,aucune
8f948d29,CLI-00202,2026-07-30 00:00:00,13800.0,depot,,local,False,aucune
bb9b5b65,CLI-00405,2026-07-30 00:00:00,9000.0,transfert_sortant,CLI-00035,local,False,aucune
41f283b2,CLI-00402,2026-07-30 00:00:00,259900.0,transfert_sortant,CLI-00743,local,False,aucune
14615b30,CLI-00448,2026-07-30 00:00:00,305100.0,depot,,local,False,aucune
2306c398,CLI-00027,2026-07-30 00:00:00,59600.0,transfert_entrant,CLI-00488,local,False,aucune
bdacb842,CLI-00557,2026-07-30 00:00:00,31000.0,retrait,,regional_uemoa,False,aucune
900fa90c,CLI-00631,2026-07-30 00:00:00,95800.0,depot,,transfrontalier_sensible,False,aucune
284b3b0e,CLI-00461,2026-07-30 00:00:00,34500.0,transfert_entrant,CLI-00271,local,False,aucune
878ec110,CLI-00637,2026-07-30 00:00:00,13800.0,retrait,,local,False,aucune
db7232cd,CLI-00257,2026-07-30 00:00:00,64600.0,retrait,,local,False,aucune
49564628,CLI-00328,2026-07-30 00:00:00,34200.0,depot,,local,False,aucune
23184c66,CLI-00386,2026-07-30 00:00:00,46500.0,transfert_sortant,CLI-00182,local,False,aucune
3fbe9dbf,CLI-00214,2026-07-30 00:00:00,73800.0,remboursement_credit,,local,False,aucune
f8a2ad5c,CLI-00778,2026-07-30 00:00:00,3700.0,retrait,,local,False,aucune
c7bbf6a1,CLI-00578,2026-07-30 00:00:00,22600.0,depot,,local,False,aucune
45e08e20,CLI-00654,2026-07-30 00:00:00,15900.0,transfert_sortant,CLI-00174,regional_uemoa,False,aucune
fe0707f0,CLI-00353,2026-07-30 00:00:00,87400.0,remboursement_credit,,regional_uemoa,False,aucune
27a9ffe2,CLI-00636,2026-07-30 00:00:00,76800.0,retrait,,local,False,aucune
89e65405,CLI-00232,2026-07-30 00:00:00,29200.0,retrait,,local,False,aucune
17c6d925,CLI-00609,2026-07-30 00:00:00,14600.0,decaissement_credit,,local,False,aucune
d03d7e18,CLI-00291,2026-07-30 00:00:00,9600.0,depot,,regional_uemoa,False,aucune
059ed206,CLI-00766,2026-07-30 00:00:00,73700.0,decaissement_credit,,local,False,aucune
15a5a4fd,CLI-00729,2026-07-30 00:00:00,95600.0,remboursement_credit,,regional_uemoa,False,aucune
994657d2,CLI-00409,2026-07-30 00:00:00,55300.0,transfert_entrant,CLI-00106,transfrontalier_sensible,False,aucune
a63a1ac0,CLI-00556,2026-07-30 00:00:00,41300.0,retrait,,local,False,aucune
3ec7dd48,CLI-00182,2026-07-30 00:00:00,206000.0,depot,,local,False,aucune
e1fcab1d,CLI-00764,2026-07-30 00:00:00,21400.0,depot,,local,False,aucune
639ca13d,CLI-00488,2026-07-30 00:00:00,6300.0,retrait,,local,False,aucune
03c911d8,CLI-00382,2026-07-30 00:00:00,20800.0,remboursement_credit,,local,False,aucune
4d1da540,CLI-00357,2026-07-30 00:00:00,62200.0,transfert_sortant,CLI-00093,transfrontalier_sensible,False,aucune
e0c25150,CLI-00150,2026-07-30 00:00:00,46500.0,depot,,regional_uemoa,False,aucune
a7137366,CLI-00011,2026-07-30 00:00:00,204800.0,retrait,,local,False,aucune
4e04e8e9,CLI-00398,2026-07-30 00:00:00,92800.0,transfert_sortant,CLI-00387,local,False,aucune
c72b5580,CLI-00568,2026-07-30 00:00:00,80100.0,retrait,,local,False,aucune
f4647ad3,CLI-00575,2026-07-30 00:00:00,27700.0,retrait,,regional_uemoa,False,aucune
cf002c6b,CLI-00451,2026-07-30 00:00:00,475900.0,retrait,,local,False,aucune
6c919909,CLI-00108,2026-07-30 00:00:00,40400.0,retrait,,local,False,aucune
69fa7eaa,CLI-00565,2026-07-30 00:00:00,24500.0,transfert_entrant,CLI-00314,local,False,aucune
98fea350,CLI-00653,2026-07-30 00:00:00,40400.0,retrait,,local,False,aucune
c3673b91,CLI-00021,2026-07-30 00:00:00,132100.0,decaissement_credit,,local,False,aucune
51186013,CLI-00395,2026-07-30 00:00:00,26500.0,transfert_entrant,CLI-00007,local,False,aucune
67653748,CLI-00024,2026-07-30 00:00:00,8200.0,remboursement_credit,,local,False,aucune
cf277a7e,CLI-00359,2026-07-30 00:00:00,265700.0,retrait,,local,False,aucune
89afb986,CLI-00404,2026-07-31 00:00:00,26800.0,depot,,regional_uemoa,False,aucune
32b21b68,CLI-00167,2026-07-31 00:00:00,4900.0,decaissement_credit,,local,False,aucune
826eb14c,CLI-00080,2026-07-31 00:00:00,124400.0,retrait,,local,False,aucune
bd6b257a,CLI-00164,2026-07-31 00:00:00,14500.0,remboursement_credit,,local,False,aucune
72cfb76a,CLI-00659,2026-07-31 00:00:00,34800.0,retrait,,local,False,aucune
27793526,CLI-00024,2026-07-31 00:00:00,144500.0,remboursement_credit,,local,False,aucune
b3595107,CLI-00797,2026-07-31 00:00:00,3100.0,depot,,local,False,aucune
79fda6ba,CLI-00115,2026-07-31 00:00:00,75500.0,transfert_sortant,CLI-00111,local,False,aucune
282d3d70,CLI-00350,2026-07-31 00:00:00,149800.0,retrait,,local,False,aucune
d65b9bf0,CLI-00148,2026-07-31 00:00:00,170400.0,depot,,local,False,aucune
e7aa0251,CLI-00333,2026-07-31 00:00:00,23300.0,retrait,,local,False,aucune
25798ffa,CLI-00790,2026-07-31 00:00:00,20800.0,retrait,,local,False,aucune
53318d08,CLI-00175,2026-07-31 00:00:00,8100.0,decaissement_credit,,local,False,aucune
efd26df5,CLI-00774,2026-07-31 00:00:00,7000.0,transfert_sortant,CLI-00406,local,False,aucune
b5104efc,CLI-00741,2026-07-31 00:00:00,109100.0,transfert_sortant,CLI-00301,local,False,aucune
cf5e2db4,CLI-00255,2026-07-31 00:00:00,4800.0,remboursement_credit,,local,False,aucune
6b56a535,CLI-00281,2026-07-31 00:00:00,42100.0,remboursement_credit,,local,False,aucune
0e99e52b,CLI-00285,2026-07-31 00:00:00,29100.0,depot,,local,False,aucune
9b1833f3,CLI-00028,2026-07-31 00:00:00,49400.0,retrait,,local,False,aucune
bedd032b,CLI-00230,2026-07-31 00:00:00,45800.0,remboursement_credit,,local,False,aucune
c0138dde,CLI-00538,2026-07-31 00:00:00,46100.0,transfert_entrant,CLI-00150,regional_uemoa,False,aucune
f6e98af8,CLI-00710,2026-07-31 00:00:00,223900.0,transfert_sortant,CLI-00660,local,False,aucune
3b90d6aa,CLI-00221,2026-07-31 00:00:00,581400.0,remboursement_credit,,regional_uemoa,False,aucune
2cb0c03c,CLI-00597,2026-07-31 00:00:00,109800.0,depot,,local,False,aucune
f75130e9,CLI-00635,2026-07-31 00:00:00,58100.0,depot,,local,False,aucune
3c33ef3d,CLI-00730,2026-07-31 00:00:00,21300.0,retrait,,local,False,aucune
527a99cf,CLI-00487,2026-07-31 00:00:00,10500.0,transfert_sortant,CLI-00367,local,False,aucune
611be0df,CLI-00579,2026-07-31 00:00:00,85200.0,retrait,,local,False,aucune
852c839a,CLI-00372,2026-07-31 00:00:00,76700.0,transfert_entrant,CLI-00465,local,False,aucune
073e9e79,CLI-00673,2026-07-31 00:00:00,21500.0,remboursement_credit,,local,False,aucune
4048f03e,CLI-00556,2026-07-31 00:00:00,120600.0,decaissement_credit,,regional_uemoa,False,aucune
9149d64e,CLI-00699,2026-07-31 00:00:00,243500.0,retrait,,local,False,aucune
b248630f,CLI-00792,2026-07-31 00:00:00,58900.0,transfert_entrant,CLI-00285,local,False,aucune
b75b33fa,CLI-00009,2026-07-31 00:00:00,63200.0,decaissement_credit,,local,False,aucune
663d1fdb,CLI-00720,2026-07-31 00:00:00,133200.0,decaissement_credit,,local,False,aucune
4de85aaf,CLI-00590,2026-07-31 00:00:00,107500.0,retrait,,local,False,aucune
9eb2b34a,CLI-00376,2026-07-31 00:00:00,30700.0,retrait,,local,False,aucune
7c91d9c6,CLI-00246,2026-07-31 00:00:00,57700.0,retrait,,local,False,aucune
433d70c8,CLI-00322,2026-07-31 00:00:00,92200.0,retrait,,local,False,aucune
7f54aa53,CLI-00244,2026-07-31 00:00:00,23000.0,transfert_sortant,CLI-00773,local,False,aucune
82b77845,CLI-00360,2026-07-31 00:00:00,163200.0,transfert_entrant,CLI-00194,local,False,aucune
034033a5,CLI-00244,2026-07-31 00:00:00,48000.0,transfert_sortant,CLI-00220,local,False,aucune
cd676c91,CLI-00359,2026-07-31 00:00:00,9600.0,transfert_sortant,CLI-00295,local,False,aucune
dc09aaad,CLI-00417,2026-07-31 00:00:00,4500.0,decaissement_credit,,regional_uemoa,False,aucune
ca53d8fd,CLI-00213,2026-07-31 00:00:00,55400.0,retrait,,local,False,aucune
7d0a6767,CLI-00300,2026-07-31 00:00:00,48900.0,transfert_entrant,CLI-00607,transfrontalier_sensible,False,aucune
70459c51,CLI-00121,2026-07-31 00:00:00,32100.0,transfert_entrant,CLI-00703,local,False,aucune
b6e60c69,CLI-00647,2026-07-31 00:00:00,34300.0,depot,,local,False,aucune
1ad51d44,CLI-00142,2026-07-31 00:00:00,49000.0,remboursement_credit,,local,False,aucune
983548d3,CLI-00605,2026-07-31 00:00:00,137900.0,remboursement_credit,,regional_uemoa,False,aucune
02ea7b70,CLI-00600,2026-07-31 00:00:00,19000.0,retrait,,local,False,aucune
51bb0991,CLI-00455,2026-07-31 00:00:00,14100.0,depot,,local,False,aucune
a64234ab,CLI-00330,2026-07-31 00:00:00,60700.0,depot,,local,False,aucune
acf47a54,CLI-00066,2026-07-31 00:00:00,20000.0,retrait,,local,False,aucune
48f3adeb,CLI-00703,2026-07-31 00:00:00,15300.0,transfert_sortant,CLI-00054,local,False,aucune
89a1626d,CLI-00225,2026-07-31 00:00:00,550500.0,depot,,local,False,aucune
4e8436a4,CLI-00046,2026-07-31 00:00:00,22500.0,depot,,local,False,aucune
5faad9f9,CLI-00157,2026-07-31 00:00:00,24200.0,remboursement_credit,,local,False,aucune
f836aa81,CLI-00795,2026-07-31 00:00:00,164100.0,transfert_sortant,CLI-00151,transfrontalier_sensible,False,aucune
30d22103,CLI-00495,2026-07-31 00:00:00,5200.0,depot,,local,False,aucune
3dbdfc91,CLI-00638,2026-07-31 00:00:00,31700.0,depot,,local,False,aucune
2e712a86,CLI-00687,2026-07-31 00:00:00,16900.0,depot,,local,False,aucune
812667f9,CLI-00537,2026-07-31 00:00:00,50600.0,retrait,,local,False,aucune
52dc0263,CLI-00784,2026-07-31 00:00:00,107200.0,retrait,,local,False,aucune
0af72ce7,CLI-00139,2026-07-31 00:00:00,25000.0,retrait,,local,False,aucune
69cea7e8,CLI-00032,2026-07-31 00:00:00,76800.0,depot,,local,False,aucune
35697b31,CLI-00747,2026-07-31 00:00:00,41700.0,depot,,local,False,aucune
d469b958,CLI-00603,2026-08-01 00:00:00,132200.0,depot,,local,False,aucune
1c123b95,CLI-00445,2026-08-01 00:00:00,60400.0,transfert_entrant,CLI-00635,local,False,aucune
2a5a822e,CLI-00455,2026-08-01 00:00:00,43400.0,retrait,,local,False,aucune
e0b3dc37,CLI-00258,2026-08-01 00:00:00,46800.0,retrait,,local,False,aucune
94f07fc5,CLI-00507,2026-08-01 00:00:00,25800.0,retrait,,local,False,aucune
374ad409,CLI-00446,2026-08-01 00:00:00,105600.0,retrait,,transfrontalier_sensible,False,aucune
12dad02d,CLI-00584,2026-08-01 00:00:00,418700.0,decaissement_credit,,local,False,aucune
8673673e,CLI-00454,2026-08-01 00:00:00,103600.0,depot,,local,False,aucune
1e5414aa,CLI-00455,2026-08-01 00:00:00,21000.0,transfert_sortant,CLI-00540,regional_uemoa,False,aucune
3ab3f7a0,CLI-00025,2026-08-01 00:00:00,39500.0,transfert_entrant,CLI-00265,local,False,aucune
404e2fcb,CLI-00468,2026-08-01 00:00:00,13900.0,retrait,,local,False,aucune
531b62b8,CLI-00027,2026-08-01 00:00:00,181100.0,depot,,local,False,aucune
4c29443e,CLI-00603,2026-08-01 00:00:00,74100.0,depot,,local,False,aucune
ca6830fe,CLI-00679,2026-08-01 00:00:00,99900.0,remboursement_credit,,local,False,aucune
199ced49,CLI-00152,2026-08-01 00:00:00,393200.0,depot,,local,False,aucune
6b0e465a,CLI-00000,2026-08-01 00:00:00,317800.0,remboursement_credit,,local,False,aucune
1299d716,CLI-00056,2026-08-01 00:00:00,34300.0,depot,,local,False,aucune
82ba2bb2,CLI-00035,2026-08-01 00:00:00,252600.0,depot,,local,False,aucune
8f6a39da,CLI-00777,2026-08-01 00:00:00,30600.0,depot,,regional_uemoa,False,aucune
a0afb388,CLI-00462,2026-08-01 00:00:00,80000.0,retrait,,transfrontalier_sensible,False,aucune
1aad59a5,CLI-00407,2026-08-01 00:00:00,11800.0,retrait,,local,False,aucune
154b2c33,CLI-00167,2026-08-01 00:00:00,268100.0,decaissement_credit,,local,False,aucune
b3a9b70e,CLI-00703,2026-08-01 00:00:00,66900.0,decaissement_credit,,regional_uemoa,False,aucune
9b2411ba,CLI-00640,2026-08-01 00:00:00,13400.0,depot,,local,False,aucune
178e9520,CLI-00370,2026-08-01 00:00:00,14800.0,retrait,,local,False,aucune
2b5dae39,CLI-00213,2026-08-01 00:00:00,100300.0,retrait,,regional_uemoa,False,aucune
082cab8e,CLI-00783,2026-08-01 00:00:00,1200.0,transfert_entrant,CLI-00012,transfrontalier_sensible,False,aucune
ee62eaea,CLI-00511,2026-08-01 00:00:00,18400.0,depot,,local,False,aucune
2342fd7f,CLI-00702,2026-08-01 00:00:00,18300.0,retrait,,regional_uemoa,False,aucune
64db7405,CLI-00046,2026-08-01 00:00:00,37000.0,transfert_entrant,CLI-00684,local,False,aucune
b467d0b5,CLI-00013,2026-08-01 00:00:00,18000.0,transfert_entrant,CLI-00232,local,False,aucune
aa2ec543,CLI-00581,2026-08-01 00:00:00,87100.0,depot,,local,False,aucune
34ab1215,CLI-00555,2026-08-01 00:00:00,226600.0,depot,,local,False,aucune
f053932e,CLI-00375,2026-08-01 00:00:00,50200.0,retrait,,transfrontalier_sensible,False,aucune
f89b4910,CLI-00617,2026-08-01 00:00:00,20400.0,transfert_entrant,CLI-00602,local,False,aucune
56e88c03,CLI-00663,2026-08-01 00:00:00,42000.0,transfert_entrant,CLI-00258,local,False,aucune
fdafca51,CLI-00202,2026-08-01 00:00:00,104200.0,depot,,local,False,aucune
61d54fd1,CLI-00464,2026-08-01 00:00:00,41700.0,transfert_entrant,CLI-00526,local,False,aucune
1599c001,CLI-00215,2026-08-01 00:00:00,54700.0,remboursement_credit,,local,False,aucune
19afeb54,CLI-00041,2026-08-01 00:00:00,247200.0,depot,,local,False,aucune
5eb24742,CLI-00128,2026-08-01 00:00:00,69200.0,transfert_entrant,CLI-00652,local,False,aucune
48093be5,CLI-00729,2026-08-01 00:00:00,34000.0,remboursement_credit,,regional_uemoa,False,aucune
3a8e81e5,CLI-00187,2026-08-01 00:00:00,138300.0,retrait,,local,False,aucune
d044aa12,CLI-00177,2026-08-01 00:00:00,45000.0,transfert_entrant,CLI-00272,local,False,aucune
c9edf40d,CLI-00438,2026-08-01 00:00:00,54300.0,depot,,local,False,aucune
59caa107,CLI-00712,2026-08-01 00:00:00,22700.0,depot,,regional_uemoa,False,aucune
e60ae334,CLI-00270,2026-08-01 00:00:00,69100.0,transfert_sortant,CLI-00269,local,False,aucune
0525ce25,CLI-00799,2026-08-01 00:00:00,52800.0,depot,,local,False,aucune
465eb3f6,CLI-00741,2026-08-01 00:00:00,198500.0,retrait,,local,False,aucune
afc62949,CLI-00112,2026-08-01 00:00:00,76200.0,depot,,local,False,aucune
228b14d3,CLI-00214,2026-08-01 00:00:00,50300.0,transfert_sortant,CLI-00322,local,False,aucune
a3f62368,CLI-00712,2026-08-01 00:00:00,44400.0,transfert_entrant,CLI-00401,local,False,aucune
6f82742b,CLI-00023,2026-08-01 00:00:00,43700.0,depot,,regional_uemoa,False,aucune
af4226d8,CLI-00199,2026-08-01 00:00:00,42100.0,depot,,local,False,aucune
b12dc96b,CLI-00713,2026-08-01 00:00:00,6680100.0,depot,,local,True,layering
3dfa6161,CLI-00713,2026-08-01 03:00:00,1197000.0,transfert_sortant,CLI-00297,local,True,layering
c9ad583c,CLI-00713,2026-08-01 05:00:00,1106600.0,transfert_sortant,CLI-00496,local,True,layering
55fa6de6,CLI-00713,2026-08-01 08:00:00,888800.0,transfert_sortant,CLI-00134,local,True,layering
0f1e7d12,CLI-00713,2026-08-01 18:00:00,1042800.0,transfert_sortant,CLI-00172,local,True,layering
5bc39831,CLI-00713,2026-08-02 05:00:00,1094400.0,transfert_sortant,CLI-00420,local,True,layering
f43e34bb,CLI-00713,2026-08-02 08:00:00,974700.0,transfert_sortant,CLI-00498,local,True,layering
