alertID,reason,accountID,isMain,isSAR,modelID,minAmount,maxAmount,startStep,endStep,scheduleID,bankID
0,fan_in,376,true,true,2,120.00,120.00,389,399,2,bank
0,fan_in,4650,false,true,2,120.00,120.00,389,399,2,bank
0,fan_in,10638,false,true,2,120.00,120.00,389,399,2,bank
0,fan_in,2513,false,true,2,120.00,120.00,389,399,2,bank
0,fan_in,9014,false,true,2,120.00,120.00,389,399,2,bank
0,fan_in,5639,false,true,2,120.00,120.00,389,399,2,bank
0,fan_in,8644,false,true,2,120.00,120.00,389,399,2,bank
0,fan_in,6363,false,true,2,120.00,120.00,389,399,2,bank
1,fan_in,105,true,true,2,160.00,160.00,213,220,2,bank
1,fan_in,6492,false,true,2,160.00,160.00,213,220,2,bank
1,fan_in,11837,false,true,2,160.00,160.00,213,220,2,bank
1,fan_in,11968,false,true,2,160.00,160.00,213,220,2,bank
1,fan_in,3982,false,true,2,160.00,160.00,213,220,2,bank
1,fan_in,8667,false,true,2,160.00,160.00,213,220,2,bank
2,fan_in,506,true,true,2,180.00,180.00,171,187,2,bank
2,fan_in,7899,false,true,2,180.00,180.00,171,187,2,bank
2,fan_in,11589,false,true,2,180.00,180.00,171,187,2,bank
2,fan_in,11581,false,true,2,180.00,180.00,171,187,2,bank
2,fan_in,4415,false,true,2,180.00,180.00,171,187,2,bank
2,fan_in,2378,false,true,2,180.00,180.00,171,187,2,bank
2,fan_in,10947,false,true,2,180.00,180.00,171,187,2,bank
2,fan_in,9619,false,true,2,180.00,180.00,171,187,2,bank
3,fan_in,894,true,true,2,110.00,110.00,175,184,2,bank
3,fan_in,8686,false,true,2,110.00,110.00,175,184,2,bank
3,fan_in,3241,false,true,2,110.00,110.00,175,184,2,bank
3,fan_in,9923,false,true,2,110.00,110.00,175,184,2,bank
3,fan_in,10857,false,true,2,110.00,110.00,175,184,2,bank
3,fan_in,2220,false,true,2,110.00,110.00,175,184,2,bank
3,fan_in,10086,false,true,2,110.00,110.00,175,184,2,bank
3,fan_in,6436,false,true,2,110.00,110.00,175,184,2,bank
3,fan_in,7035,false,true,2,110.00,110.00,175,184,2,bank
4,fan_in,591,true,true,2,190.00,190.00,472,479,2,bank
4,fan_in,3197,false,true,2,190.00,190.00,472,479,2,bank
4,fan_in,7175,false,true,2,190.00,190.00,472,479,2,bank
4,fan_in,4387,false,true,2,190.00,190.00,472,479,2,bank
4,fan_in,10652,false,true,2,190.00,190.00,472,479,2,bank
4,fan_in,2906,false,true,2,190.00,190.00,472,479,2,bank
5,fan_in,432,true,true,2,150.00,150.00,658,675,2,bank
5,fan_in,956,false,true,2,150.00,150.00,658,675,2,bank
5,fan_in,3985,false,true,2,150.00,150.00,658,675,2,bank
5,fan_in,9557,false,true,2,150.00,150.00,658,675,2,bank
5,fan_in,11009,false,true,2,150.00,150.00,658,675,2,bank
5,fan_in,7463,false,true,2,150.00,150.00,658,675,2,bank
5,fan_in,7991,false,true,2,150.00,150.00,658,675,2,bank
6,fan_in,480,true,true,2,170.00,170.00,453,471,2,bank
6,fan_in,7036,false,true,2,170.00,170.00,453,471,2,bank
6,fan_in,10200,false,true,2,170.00,170.00,453,471,2,bank
6,fan_in,1913,false,true,2,170.00,170.00,453,471,2,bank
6,fan_in,8486,false,true,2,170.00,170.00,453,471,2,bank
6,fan_in,5786,false,true,2,170.00,170.00,453,471,2,bank
6,fan_in,1397,false,true,2,170.00,170.00,453,471,2,bank
6,fan_in,6463,false,true,2,170.00,170.00,453,471,2,bank
6,fan_in,4261,false,true,2,170.00,170.00,453,471,2,bank
7,fan_in,1124,true,true,2,120.00,120.00,617,632,2,bank
7,fan_in,6236,false,true,2,120.00,120.00,617,632,2,bank
7,fan_in,8489,false,true,2,120.00,120.00,617,632,2,bank
7,fan_in,1050,false,true,2,120.00,120.00,617,632,2,bank
7,fan_in,3843,false,true,2,120.00,120.00,617,632,2,bank
7,fan_in,6274,false,true,2,120.00,120.00,617,632,2,bank
7,fan_in,3844,false,true,2,120.00,120.00,617,632,2,bank
7,fan_in,11825,false,true,2,120.00,120.00,617,632,2,bank
7,fan_in,44,false,true,2,120.00,120.00,617,632,2,bank
8,fan_in,647,true,true,2,130.00,130.00,124,141,2,bank
8,fan_in,11441,false,true,2,130.00,130.00,124,141,2,bank
8,fan_in,513,false,true,2,130.00,130.00,124,141,2,bank
8,fan_in,2558,false,true,2,130.00,130.00,124,141,2,bank
8,fan_in,12007,false,true,2,130.00,130.00,124,141,2,bank
8,fan_in,8226,false,true,2,130.00,130.00,124,141,2,bank
8,fan_in,8764,false,true,2,130.00,130.00,124,141,2,bank
8,fan_in,7659,false,true,2,130.00,130.00,124,141,2,bank
8,fan_in,5657,false,true,2,130.00,130.00,124,141,2,bank
8,fan_in,7204,false,true,2,130.00,130.00,124,141,2,bank
9,fan_in,1095,true,true,2,180.00,180.00,618,628,2,bank
9,fan_in,10761,false,true,2,180.00,180.00,618,628,2,bank
9,fan_in,6323,false,true,2,180.00,180.00,618,628,2,bank
9,fan_in,11457,false,true,2,180.00,180.00,618,628,2,bank
9,fan_in,104,false,true,2,180.00,180.00,618,628,2,bank
10,fan_in,774,true,true,2,140.00,140.00,533,543,2,bank
10,fan_in,4971,false,true,2,140.00,140.00,533,543,2,bank
10,fan_in,11763,false,true,2,140.00,140.00,533,543,2,bank
10,fan_in,10116,false,true,2,140.00,140.00,533,543,2,bank
10,fan_in,6487,false,true,2,140.00,140.00,533,543,2,bank
11,fan_in,772,true,true,2,150.00,150.00,231,244,2,bank
11,fan_in,6361,false,true,2,150.00,150.00,231,244,2,bank
11,fan_in,10785,false,true,2,150.00,150.00,231,244,2,bank
11,fan_in,706,false,true,2,150.00,150.00,231,244,2,bank
11,fan_in,11186,false,true,2,150.00,150.00,231,244,2,bank
12,fan_in,546,true,true,2,190.00,190.00,585,604,2,bank
12,fan_in,1002,false,true,2,190.00,190.00,585,604,2,bank
12,fan_in,9502,false,true,2,190.00,190.00,585,604,2,bank
12,fan_in,4383,false,true,2,190.00,190.00,585,604,2,bank
12,fan_in,7269,false,true,2,190.00,190.00,585,604,2,bank
12,fan_in,5728,false,true,2,190.00,190.00,585,604,2,bank
12,fan_in,1623,false,true,2,190.00,190.00,585,604,2,bank
12,fan_in,2670,false,true,2,190.00,190.00,585,604,2,bank
12,fan_in,9446,false,true,2,190.00,190.00,585,604,2,bank
12,fan_in,5256,false,true,2,190.00,190.00,585,604,2,bank
13,fan_in,531,true,true,2,160.00,160.00,142,152,2,bank
13,fan_in,3207,false,true,2,160.00,160.00,142,152,2,bank
13,fan_in,10324,false,true,2,160.00,160.00,142,152,2,bank
13,fan_in,2344,false,true,2,160.00,160.00,142,152,2,bank
13,fan_in,5605,false,true,2,160.00,160.00,142,152,2,bank
13,fan_in,7235,false,true,2,160.00,160.00,142,152,2,bank
13,fan_in,10031,false,true,2,160.00,160.00,142,152,2,bank
13,fan_in,8582,false,true,2,160.00,160.00,142,152,2,bank
13,fan_in,1764,false,true,2,160.00,160.00,142,152,2,bank
14,fan_in,318,true,true,2,190.00,190.00,345,356,2,bank
14,fan_in,7703,false,true,2,190.00,190.00,345,356,2,bank
14,fan_in,130,false,true,2,190.00,190.00,345,356,2,bank
14,fan_in,8228,false,true,2,190.00,190.00,345,356,2,bank
14,fan_in,7348,false,true,2,190.00,190.00,345,356,2,bank
15,fan_in,280,true,true,2,140.00,140.00,655,665,2,bank
15,fan_in,7692,false,true,2,140.00,140.00,655,665,2,bank
15,fan_in,7875,false,true,2,140.00,140.00,655,665,2,bank
15,fan_in,527,false,true,2,140.00,140.00,655,665,2,bank
15,fan_in,10348,false,true,2,140.00,140.00,655,665,2,bank
15,fan_in,3523,false,true,2,140.00,140.00,655,665,2,bank
15,fan_in,7808,false,true,2,140.00,140.00,655,665,2,bank
15,fan_in,2015,false,true,2,140.00,140.00,655,665,2,bank
16,fan_in,392,true,true,2,150.00,150.00,91,108,2,bank
16,fan_in,6749,false,true,2,150.00,150.00,91,108,2,bank
16,fan_in,9196,false,true,2,150.00,150.00,91,108,2,bank
16,fan_in,551,false,true,2,150.00,150.00,91,108,2,bank
16,fan_in,10843,false,true,2,150.00,150.00,91,108,2,bank
16,fan_in,5864,false,true,2,150.00,150.00,91,108,2,bank
16,fan_in,6534,false,true,2,150.00,150.00,91,108,2,bank
17,fan_in,493,true,true,2,180.00,180.00,556,571,2,bank
17,fan_in,7980,false,true,2,180.00,180.00,556,571,2,bank
17,fan_in,7444,false,true,2,180.00,180.00,556,571,2,bank
17,fan_in,7443,false,true,2,180.00,180.00,556,571,2,bank
17,fan_in,8392,false,true,2,180.00,180.00,556,571,2,bank
17,fan_in,10144,false,true,2,180.00,180.00,556,571,2,bank
18,fan_in,344,true,true,2,190.00,190.00,159,175,2,bank
18,fan_in,7113,false,true,2,190.00,190.00,159,175,2,bank
18,fan_in,5701,false,true,2,190.00,190.00,159,175,2,bank
18,fan_in,2846,false,true,2,190.00,190.00,159,175,2,bank
18,fan_in,8312,false,true,2,190.00,190.00,159,175,2,bank
19,fan_in,334,true,true,2,150.00,150.00,252,271,2,bank
19,fan_in,8705,false,true,2,150.00,150.00,252,271,2,bank
19,fan_in,3650,false,true,2,150.00,150.00,252,271,2,bank
19,fan_in,3389,false,true,2,150.00,150.00,252,271,2,bank
19,fan_in,11986,false,true,2,150.00,150.00,252,271,2,bank
19,fan_in,7000,false,true,2,150.00,150.00,252,271,2,bank
19,fan_in,6112,false,true,2,150.00,150.00,252,271,2,bank
19,fan_in,10483,false,true,2,150.00,150.00,252,271,2,bank
19,fan_in,8267,false,true,2,150.00,150.00,252,271,2,bank
19,fan_in,3410,false,true,2,150.00,150.00,252,271,2,bank
20,fan_in,338,true,true,2,110.00,110.00,473,485,2,bank
20,fan_in,5270,false,true,2,110.00,110.00,473,485,2,bank
20,fan_in,5931,false,true,2,110.00,110.00,473,485,2,bank
20,fan_in,11149,false,true,2,110.00,110.00,473,485,2,bank
20,fan_in,10397,false,true,2,110.00,110.00,473,485,2,bank
20,fan_in,7917,false,true,2,110.00,110.00,473,485,2,bank
21,fan_in,596,true,true,2,170.00,170.00,204,211,2,bank
21,fan_in,7433,false,true,2,170.00,170.00,204,211,2,bank
21,fan_in,4182,false,true,2,170.00,170.00,204,211,2,bank
21,fan_in,11541,false,true,2,170.00,170.00,204,211,2,bank
21,fan_in,7734,false,true,2,170.00,170.00,204,211,2,bank
21,fan_in,2194,false,true,2,170.00,170.00,204,211,2,bank
21,fan_in,1410,false,true,2,170.00,170.00,204,211,2,bank
21,fan_in,5040,false,true,2,170.00,170.00,204,211,2,bank
21,fan_in,9898,false,true,2,170.00,170.00,204,211,2,bank
21,fan_in,9072,false,true,2,170.00,170.00,204,211,2,bank
22,fan_in,35,true,true,2,150.00,150.00,685,704,2,bank
22,fan_in,9128,false,true,2,150.00,150.00,685,704,2,bank
22,fan_in,1400,false,true,2,150.00,150.00,685,704,2,bank
22,fan_in,6156,false,true,2,150.00,150.00,685,704,2,bank
22,fan_in,8646,false,true,2,150.00,150.00,685,704,2,bank
22,fan_in,4440,false,true,2,150.00,150.00,685,704,2,bank
22,fan_in,2812,false,true,2,150.00,150.00,685,704,2,bank
22,fan_in,4608,false,true,2,150.00,150.00,685,704,2,bank
23,fan_in,686,true,true,2,200.00,200.00,568,574,2,bank
23,fan_in,7518,false,true,2,200.00,200.00,568,574,2,bank
23,fan_in,7524,false,true,2,200.00,200.00,568,574,2,bank
23,fan_in,4914,false,true,2,200.00,200.00,568,574,2,bank
23,fan_in,10455,false,true,2,200.00,200.00,568,574,2,bank
23,fan_in,3904,false,true,2,200.00,200.00,568,574,2,bank
23,fan_in,10967,false,true,2,200.00,200.00,568,574,2,bank
23,fan_in,2549,false,true,2,200.00,200.00,568,574,2,bank
23,fan_in,6512,false,true,2,200.00,200.00,568,574,2,bank
24,fan_in,6,true,true,2,100.00,100.00,191,198,2,bank
24,fan_in,3669,false,true,2,100.00,100.00,191,198,2,bank
24,fan_in,4354,false,true,2,100.00,100.00,191,198,2,bank
24,fan_in,3655,false,true,2,100.00,100.00,191,198,2,bank
24,fan_in,5789,false,true,2,100.00,100.00,191,198,2,bank
24,fan_in,9005,false,true,2,100.00,100.00,191,198,2,bank
24,fan_in,1879,false,true,2,100.00,100.00,191,198,2,bank
24,fan_in,10661,false,true,2,100.00,100.00,191,198,2,bank
24,fan_in,79,false,true,2,100.00,100.00,191,198,2,bank
24,fan_in,5971,false,true,2,100.00,100.00,191,198,2,bank
25,fan_in,726,true,true,2,130.00,130.00,699,703,2,bank
25,fan_in,6035,false,true,2,130.00,130.00,699,703,2,bank
25,fan_in,2703,false,true,2,130.00,130.00,699,703,2,bank
25,fan_in,2756,false,true,2,130.00,130.00,699,703,2,bank
25,fan_in,2468,false,true,2,130.00,130.00,699,703,2,bank
25,fan_in,1900,false,true,2,130.00,130.00,699,703,2,bank
25,fan_in,8343,false,true,2,130.00,130.00,699,703,2,bank
25,fan_in,1486,false,true,2,130.00,130.00,699,703,2,bank
25,fan_in,9344,false,true,2,130.00,130.00,699,703,2,bank
26,fan_in,416,true,true,2,160.00,160.00,595,604,2,bank
26,fan_in,1677,false,true,2,160.00,160.00,595,604,2,bank
26,fan_in,4204,false,true,2,160.00,160.00,595,604,2,bank
26,fan_in,4703,false,true,2,160.00,160.00,595,604,2,bank
26,fan_in,6616,false,true,2,160.00,160.00,595,604,2,bank
26,fan_in,3509,false,true,2,160.00,160.00,595,604,2,bank
26,fan_in,2755,false,true,2,160.00,160.00,595,604,2,bank
26,fan_in,4413,false,true,2,160.00,160.00,595,604,2,bank
26,fan_in,3337,false,true,2,160.00,160.00,595,604,2,bank
26,fan_in,646,false,true,2,160.00,160.00,595,604,2,bank
27,fan_in,253,true,true,2,100.00,100.00,413,426,2,bank
27,fan_in,10128,false,true,2,100.00,100.00,413,426,2,bank
27,fan_in,3267,false,true,2,100.00,100.00,413,426,2,bank
27,fan_in,10916,false,true,2,100.00,100.00,413,426,2,bank
27,fan_in,6239,false,true,2,100.00,100.00,413,426,2,bank
27,fan_in,114,false,true,2,100.00,100.00,413,426,2,bank
28,fan_in,362,true,true,2,150.00,150.00,632,645,2,bank
28,fan_in,6568,false,true,2,150.00,150.00,632,645,2,bank
28,fan_in,8026,false,true,2,150.00,150.00,632,645,2,bank
28,fan_in,7840,false,true,2,150.00,150.00,632,645,2,bank
28,fan_in,4027,false,true,2,150.00,150.00,632,645,2,bank
29,fan_in,448,true,true,2,130.00,130.00,76,82,2,bank
29,fan_in,6666,false,true,2,130.00,130.00,76,82,2,bank
29,fan_in,9467,false,true,2,130.00,130.00,76,82,2,bank
29,fan_in,9525,false,true,2,130.00,130.00,76,82,2,bank
29,fan_in,3317,false,true,2,130.00,130.00,76,82,2,bank
29,fan_in,6630,false,true,2,130.00,130.00,76,82,2,bank
29,fan_in,2860,false,true,2,130.00,130.00,76,82,2,bank
29,fan_in,1420,false,true,2,130.00,130.00,76,82,2,bank
29,fan_in,2644,false,true,2,130.00,130.00,76,82,2,bank
29,fan_in,2306,false,true,2,130.00,130.00,76,82,2,bank
30,fan_in,136,true,true,2,110.00,110.00,462,478,2,bank
30,fan_in,1517,false,true,2,110.00,110.00,462,478,2,bank
30,fan_in,6411,false,true,2,110.00,110.00,462,478,2,bank
30,fan_in,1518,false,true,2,110.00,110.00,462,478,2,bank
30,fan_in,9996,false,true,2,110.00,110.00,462,478,2,bank
30,fan_in,1460,false,true,2,110.00,110.00,462,478,2,bank
30,fan_in,4392,false,true,2,110.00,110.00,462,478,2,bank
30,fan_in,875,false,true,2,110.00,110.00,462,478,2,bank
30,fan_in,3975,false,true,2,110.00,110.00,462,478,2,bank
31,fan_in,252,true,true,2,200.00,200.00,460,472,2,bank
31,fan_in,7183,false,true,2,200.00,200.00,460,472,2,bank
31,fan_in,9746,false,true,2,200.00,200.00,460,472,2,bank
31,fan_in,2865,false,true,2,200.00,200.00,460,472,2,bank
31,fan_in,8060,false,true,2,200.00,200.00,460,472,2,bank
31,fan_in,3261,false,true,2,200.00,200.00,460,472,2,bank
32,fan_in,766,true,true,2,190.00,190.00,548,567,2,bank
32,fan_in,3327,false,true,2,190.00,190.00,548,567,2,bank
32,fan_in,1347,false,true,2,190.00,190.00,548,567,2,bank
32,fan_in,8562,false,true,2,190.00,190.00,548,567,2,bank
32,fan_in,30,false,true,2,190.00,190.00,548,567,2,bank
32,fan_in,2390,false,true,2,190.00,190.00,548,567,2,bank
32,fan_in,8514,false,true,2,190.00,190.00,548,567,2,bank
32,fan_in,364,false,true,2,190.00,190.00,548,567,2,bank
33,fan_in,13,true,true,2,100.00,100.00,454,464,2,bank
33,fan_in,4347,false,true,2,100.00,100.00,454,464,2,bank
33,fan_in,5234,false,true,2,100.00,100.00,454,464,2,bank
33,fan_in,7913,false,true,2,100.00,100.00,454,464,2,bank
33,fan_in,1971,false,true,2,100.00,100.00,454,464,2,bank
33,fan_in,8481,false,true,2,100.00,100.00,454,464,2,bank
34,fan_in,45,true,true,2,110.00,110.00,256,262,2,bank
34,fan_in,11249,false,true,2,110.00,110.00,256,262,2,bank
34,fan_in,3049,false,true,2,110.00,110.00,256,262,2,bank
34,fan_in,6929,false,true,2,110.00,110.00,256,262,2,bank
34,fan_in,692,false,true,2,110.00,110.00,256,262,2,bank
35,fan_in,206,true,true,2,170.00,170.00,475,492,2,bank
35,fan_in,3868,false,true,2,170.00,170.00,475,492,2,bank
35,fan_in,803,false,true,2,170.00,170.00,475,492,2,bank
35,fan_in,10783,false,true,2,170.00,170.00,475,492,2,bank
35,fan_in,11004,false,true,2,170.00,170.00,475,492,2,bank
35,fan_in,11570,false,true,2,170.00,170.00,475,492,2,bank
35,fan_in,9410,false,true,2,170.00,170.00,475,492,2,bank
35,fan_in,5868,false,true,2,170.00,170.00,475,492,2,bank
35,fan_in,9774,false,true,2,170.00,170.00,475,492,2,bank
35,fan_in,8300,false,true,2,170.00,170.00,475,492,2,bank
36,fan_in,406,true,true,2,110.00,110.00,564,580,2,bank
36,fan_in,7607,false,true,2,110.00,110.00,564,580,2,bank
36,fan_in,249,false,true,2,110.00,110.00,564,580,2,bank
36,fan_in,84,false,true,2,110.00,110.00,564,580,2,bank
36,fan_in,10830,false,true,2,110.00,110.00,564,580,2,bank
36,fan_in,2705,false,true,2,110.00,110.00,564,580,2,bank
37,fan_in,555,true,true,2,170.00,170.00,192,196,2,bank
37,fan_in,326,false,true,2,170.00,170.00,192,196,2,bank
37,fan_in,8731,false,true,2,170.00,170.00,192,196,2,bank
37,fan_in,2615,false,true,2,170.00,170.00,192,196,2,bank
37,fan_in,6862,false,true,2,170.00,170.00,192,196,2,bank
37,fan_in,2641,false,true,2,170.00,170.00,192,196,2,bank
37,fan_in,3214,false,true,2,170.00,170.00,192,196,2,bank
38,fan_in,133,true,true,2,140.00,140.00,3,17,2,bank
38,fan_in,3651,false,true,2,140.00,140.00,3,17,2,bank
38,fan_in,7701,false,true,2,140.00,140.00,3,17,2,bank
38,fan_in,11271,false,true,2,140.00,140.00,3,17,2,bank
38,fan_in,10883,false,true,2,140.00,140.00,3,17,2,bank
38,fan_in,5770,false,true,2,140.00,140.00,3,17,2,bank
38,fan_in,8965,false,true,2,140.00,140.00,3,17,2,bank
38,fan_in,9967,false,true,2,140.00,140.00,3,17,2,bank
39,fan_in,664,true,true,2,190.00,190.00,131,141,2,bank
39,fan_in,5240,false,true,2,190.00,190.00,131,141,2,bank
39,fan_in,10639,false,true,2,190.00,190.00,131,141,2,bank
39,fan_in,2309,false,true,2,190.00,190.00,131,141,2,bank
39,fan_in,2732,false,true,2,190.00,190.00,131,141,2,bank
40,fan_in,895,true,true,2,180.00,180.00,641,659,2,bank
40,fan_in,478,false,true,2,180.00,180.00,641,659,2,bank
40,fan_in,682,false,true,2,180.00,180.00,641,659,2,bank
40,fan_in,3965,false,true,2,180.00,180.00,641,659,2,bank
40,fan_in,10712,false,true,2,180.00,180.00,641,659,2,bank
40,fan_in,7588,false,true,2,180.00,180.00,641,659,2,bank
41,fan_in,113,true,true,2,120.00,120.00,151,166,2,bank
41,fan_in,3420,false,true,2,120.00,120.00,151,166,2,bank
41,fan_in,2613,false,true,2,120.00,120.00,151,166,2,bank
41,fan_in,1890,false,true,2,120.00,120.00,151,166,2,bank
41,fan_in,11649,false,true,2,120.00,120.00,151,166,2,bank
42,fan_in,8,true,true,2,200.00,200.00,320,338,2,bank
42,fan_in,11991,false,true,2,200.00,200.00,320,338,2,bank
42,fan_in,1607,false,true,2,200.00,200.00,320,338,2,bank
42,fan_in,6998,false,true,2,200.00,200.00,320,338,2,bank
42,fan_in,10363,false,true,2,200.00,200.00,320,338,2,bank
42,fan_in,3342,false,true,2,200.00,200.00,320,338,2,bank
42,fan_in,7586,false,true,2,200.00,200.00,320,338,2,bank
42,fan_in,10191,false,true,2,200.00,200.00,320,338,2,bank
42,fan_in,3989,false,true,2,200.00,200.00,320,338,2,bank
43,fan_in,587,true,true,2,180.00,180.00,628,640,2,bank
43,fan_in,3705,false,true,2,180.00,180.00,628,640,2,bank
43,fan_in,1377,false,true,2,180.00,180.00,628,640,2,bank
43,fan_in,4599,false,true,2,180.00,180.00,628,640,2,bank
43,fan_in,3177,false,true,2,180.00,180.00,628,640,2,bank
44,fan_in,261,true,true,2,180.00,180.00,335,350,2,bank
44,fan_in,9997,false,true,2,180.00,180.00,335,350,2,bank
44,fan_in,402,false,true,2,180.00,180.00,335,350,2,bank
44,fan_in,3966,false,true,2,180.00,180.00,335,350,2,bank
44,fan_in,9015,false,true,2,180.00,180.00,335,350,2,bank
44,fan_in,10351,false,true,2,180.00,180.00,335,350,2,bank
44,fan_in,5834,false,true,2,180.00,180.00,335,350,2,bank
44,fan_in,10217,false,true,2,180.00,180.00,335,350,2,bank
44,fan_in,10009,false,true,2,180.00,180.00,335,350,2,bank
44,fan_in,6936,false,true,2,180.00,180.00,335,350,2,bank
45,fan_in,715,true,true,2,120.00,120.00,682,700,2,bank
45,fan_in,7985,false,true,2,120.00,120.00,682,700,2,bank
45,fan_in,7497,false,true,2,120.00,120.00,682,700,2,bank
45,fan_in,9158,false,true,2,120.00,120.00,682,700,2,bank
45,fan_in,8626,false,true,2,120.00,120.00,682,700,2,bank
46,fan_in,306,true,true,2,120.00,120.00,619,638,2,bank
46,fan_in,9083,false,true,2,120.00,120.00,619,638,2,bank
46,fan_in,9210,false,true,2,120.00,120.00,619,638,2,bank
46,fan_in,9642,false,true,2,120.00,120.00,619,638,2,bank
46,fan_in,6059,false,true,2,120.00,120.00,619,638,2,bank
46,fan_in,3447,false,true,2,120.00,120.00,619,638,2,bank
47,fan_in,94,true,true,2,130.00,130.00,568,581,2,bank
47,fan_in,2073,false,true,2,130.00,130.00,568,581,2,bank
47,fan_in,188,false,true,2,130.00,130.00,568,581,2,bank
47,fan_in,9236,false,true,2,130.00,130.00,568,581,2,bank
47,fan_in,5296,false,true,2,130.00,130.00,568,581,2,bank
47,fan_in,8809,false,true,2,130.00,130.00,568,581,2,bank
47,fan_in,9108,false,true,2,130.00,130.00,568,581,2,bank
47,fan_in,5166,false,true,2,130.00,130.00,568,581,2,bank
47,fan_in,5748,false,true,2,130.00,130.00,568,581,2,bank
47,fan_in,11516,false,true,2,130.00,130.00,568,581,2,bank
48,fan_in,29,true,true,2,190.00,190.00,79,97,2,bank
48,fan_in,1403,false,true,2,190.00,190.00,79,97,2,bank
48,fan_in,7795,false,true,2,190.00,190.00,79,97,2,bank
48,fan_in,9118,false,true,2,190.00,190.00,79,97,2,bank
48,fan_in,7667,false,true,2,190.00,190.00,79,97,2,bank
48,fan_in,322,false,true,2,190.00,190.00,79,97,2,bank
49,fan_in,542,true,true,2,150.00,150.00,64,78,2,bank
49,fan_in,4933,false,true,2,150.00,150.00,64,78,2,bank
49,fan_in,11542,false,true,2,150.00,150.00,64,78,2,bank
49,fan_in,2828,false,true,2,150.00,150.00,64,78,2,bank
49,fan_in,2075,false,true,2,150.00,150.00,64,78,2,bank
49,fan_in,10958,false,true,2,150.00,150.00,64,78,2,bank
49,fan_in,10126,false,true,2,150.00,150.00,64,78,2,bank
50,fan_in,291,true,true,2,190.00,190.00,389,406,2,bank
50,fan_in,1499,false,true,2,190.00,190.00,389,406,2,bank
50,fan_in,773,false,true,2,190.00,190.00,389,406,2,bank
50,fan_in,4193,false,true,2,190.00,190.00,389,406,2,bank
50,fan_in,9243,false,true,2,190.00,190.00,389,406,2,bank
50,fan_in,6318,false,true,2,190.00,190.00,389,406,2,bank
50,fan_in,5293,false,true,2,190.00,190.00,389,406,2,bank
51,fan_in,246,true,true,2,130.00,130.00,90,105,2,bank
51,fan_in,3657,false,true,2,130.00,130.00,90,105,2,bank
51,fan_in,8244,false,true,2,130.00,130.00,90,105,2,bank
51,fan_in,9240,false,true,2,130.00,130.00,90,105,2,bank
51,fan_in,1351,false,true,2,130.00,130.00,90,105,2,bank
51,fan_in,9704,false,true,2,130.00,130.00,90,105,2,bank
52,fan_in,69,true,true,2,140.00,140.00,625,643,2,bank
52,fan_in,8992,false,true,2,140.00,140.00,625,643,2,bank
52,fan_in,1190,false,true,2,140.00,140.00,625,643,2,bank
52,fan_in,6874,false,true,2,140.00,140.00,625,643,2,bank
52,fan_in,251,false,true,2,140.00,140.00,625,643,2,bank
52,fan_in,4648,false,true,2,140.00,140.00,625,643,2,bank
52,fan_in,2978,false,true,2,140.00,140.00,625,643,2,bank
52,fan_in,5687,false,true,2,140.00,140.00,625,643,2,bank
52,fan_in,3845,false,true,2,140.00,140.00,625,643,2,bank
53,fan_in,198,true,true,2,150.00,150.00,214,223,2,bank
53,fan_in,545,false,true,2,150.00,150.00,214,223,2,bank
53,fan_in,11876,false,true,2,150.00,150.00,214,223,2,bank
53,fan_in,1754,false,true,2,150.00,150.00,214,223,2,bank
53,fan_in,3653,false,true,2,150.00,150.00,214,223,2,bank
53,fan_in,3182,false,true,2,150.00,150.00,214,223,2,bank
53,fan_in,5336,false,true,2,150.00,150.00,214,223,2,bank
54,fan_in,387,true,true,2,190.00,190.00,517,527,2,bank
54,fan_in,6072,false,true,2,190.00,190.00,517,527,2,bank
54,fan_in,9857,false,true,2,190.00,190.00,517,527,2,bank
54,fan_in,6036,false,true,2,190.00,190.00,517,527,2,bank
54,fan_in,5299,false,true,2,190.00,190.00,517,527,2,bank
54,fan_in,5853,false,true,2,190.00,190.00,517,527,2,bank
55,fan_in,628,true,true,2,150.00,150.00,251,258,2,bank
55,fan_in,2867,false,true,2,150.00,150.00,251,258,2,bank
55,fan_in,6082,false,true,2,150.00,150.00,251,258,2,bank
55,fan_in,1031,false,true,2,150.00,150.00,251,258,2,bank
55,fan_in,489,false,true,2,150.00,150.00,251,258,2,bank
55,fan_in,9846,false,true,2,150.00,150.00,251,258,2,bank
55,fan_in,108,false,true,2,150.00,150.00,251,258,2,bank
55,fan_in,9056,false,true,2,150.00,150.00,251,258,2,bank
55,fan_in,4373,false,true,2,150.00,150.00,251,258,2,bank
56,fan_in,580,true,true,2,110.00,110.00,417,428,2,bank
56,fan_in,8484,false,true,2,110.00,110.00,417,428,2,bank
56,fan_in,135,false,true,2,110.00,110.00,417,428,2,bank
56,fan_in,10406,false,true,2,110.00,110.00,417,428,2,bank
56,fan_in,10206,false,true,2,110.00,110.00,417,428,2,bank
57,fan_in,521,true,true,2,160.00,160.00,194,206,2,bank
57,fan_in,3251,false,true,2,160.00,160.00,194,206,2,bank
57,fan_in,9060,false,true,2,160.00,160.00,194,206,2,bank
57,fan_in,9661,false,true,2,160.00,160.00,194,206,2,bank
57,fan_in,2856,false,true,2,160.00,160.00,194,206,2,bank
57,fan_in,6198,false,true,2,160.00,160.00,194,206,2,bank
57,fan_in,1759,false,true,2,160.00,160.00,194,206,2,bank
58,fan_in,15,true,true,2,160.00,160.00,91,109,2,bank
58,fan_in,10824,false,true,2,160.00,160.00,91,109,2,bank
58,fan_in,9130,false,true,2,160.00,160.00,91,109,2,bank
58,fan_in,5544,false,true,2,160.00,160.00,91,109,2,bank
58,fan_in,8897,false,true,2,160.00,160.00,91,109,2,bank
58,fan_in,6528,false,true,2,160.00,160.00,91,109,2,bank
58,fan_in,10773,false,true,2,160.00,160.00,91,109,2,bank
58,fan_in,3978,false,true,2,160.00,160.00,91,109,2,bank
58,fan_in,4,false,true,2,160.00,160.00,91,109,2,bank
59,fan_in,529,true,true,2,130.00,130.00,645,651,2,bank
59,fan_in,4584,false,true,2,130.00,130.00,645,651,2,bank
59,fan_in,8029,false,true,2,130.00,130.00,645,651,2,bank
59,fan_in,5246,false,true,2,130.00,130.00,645,651,2,bank
59,fan_in,10507,false,true,2,130.00,130.00,645,651,2,bank
59,fan_in,7339,false,true,2,130.00,130.00,645,651,2,bank
59,fan_in,7839,false,true,2,130.00,130.00,645,651,2,bank
59,fan_in,7466,false,true,2,130.00,130.00,645,651,2,bank
59,fan_in,10846,false,true,2,130.00,130.00,645,651,2,bank
59,fan_in,6824,false,true,2,130.00,130.00,645,651,2,bank
60,fan_in,359,true,true,2,120.00,120.00,703,716,2,bank
60,fan_in,3963,false,true,2,120.00,120.00,703,716,2,bank
60,fan_in,8745,false,true,2,120.00,120.00,703,716,2,bank
60,fan_in,7048,false,true,2,120.00,120.00,703,716,2,bank
60,fan_in,11145,false,true,2,120.00,120.00,703,716,2,bank
60,fan_in,6873,false,true,2,120.00,120.00,703,716,2,bank
61,fan_in,231,true,true,2,100.00,100.00,228,245,2,bank
61,fan_in,10149,false,true,2,100.00,100.00,228,245,2,bank
61,fan_in,7,false,true,2,100.00,100.00,228,245,2,bank
61,fan_in,4364,false,true,2,100.00,100.00,228,245,2,bank
61,fan_in,8528,false,true,2,100.00,100.00,228,245,2,bank
61,fan_in,11999,false,true,2,100.00,100.00,228,245,2,bank
62,fan_in,606,true,true,2,190.00,190.00,309,316,2,bank
62,fan_in,11751,false,true,2,190.00,190.00,309,316,2,bank
62,fan_in,11427,false,true,2,190.00,190.00,309,316,2,bank
62,fan_in,11095,false,true,2,190.00,190.00,309,316,2,bank
62,fan_in,8516,false,true,2,190.00,190.00,309,316,2,bank
62,fan_in,6859,false,true,2,190.00,190.00,309,316,2,bank
62,fan_in,3550,false,true,2,190.00,190.00,309,316,2,bank
62,fan_in,4642,false,true,2,190.00,190.00,309,316,2,bank
62,fan_in,1433,false,true,2,190.00,190.00,309,316,2,bank
62,fan_in,5255,false,true,2,190.00,190.00,309,316,2,bank
63,fan_in,277,true,true,2,140.00,140.00,4,18,2,bank
63,fan_in,11677,false,true,2,140.00,140.00,4,18,2,bank
63,fan_in,6585,false,true,2,140.00,140.00,4,18,2,bank
63,fan_in,5329,false,true,2,140.00,140.00,4,18,2,bank
63,fan_in,11762,false,true,2,140.00,140.00,4,18,2,bank
64,fan_in,767,true,true,2,150.00,150.00,487,502,2,bank
64,fan_in,11679,false,true,2,150.00,150.00,487,502,2,bank
64,fan_in,7843,false,true,2,150.00,150.00,487,502,2,bank
64,fan_in,455,false,true,2,150.00,150.00,487,502,2,bank
64,fan_in,10826,false,true,2,150.00,150.00,487,502,2,bank
64,fan_in,1752,false,true,2,150.00,150.00,487,502,2,bank
65,fan_in,567,true,true,2,160.00,160.00,153,169,2,bank
65,fan_in,5807,false,true,2,160.00,160.00,153,169,2,bank
65,fan_in,5825,false,true,2,160.00,160.00,153,169,2,bank
65,fan_in,10732,false,true,2,160.00,160.00,153,169,2,bank
65,fan_in,1783,false,true,2,160.00,160.00,153,169,2,bank
65,fan_in,8175,false,true,2,160.00,160.00,153,169,2,bank
66,fan_in,598,true,true,2,180.00,180.00,371,380,2,bank
66,fan_in,5791,false,true,2,180.00,180.00,371,380,2,bank
66,fan_in,730,false,true,2,180.00,180.00,371,380,2,bank
66,fan_in,2595,false,true,2,180.00,180.00,371,380,2,bank
66,fan_in,8274,false,true,2,180.00,180.00,371,380,2,bank
66,fan_in,6639,false,true,2,180.00,180.00,371,380,2,bank
66,fan_in,7796,false,true,2,180.00,180.00,371,380,2,bank
67,fan_in,619,true,true,2,120.00,120.00,687,697,2,bank
67,fan_in,10795,false,true,2,120.00,120.00,687,697,2,bank
67,fan_in,2264,false,true,2,120.00,120.00,687,697,2,bank
67,fan_in,4166,false,true,2,120.00,120.00,687,697,2,bank
67,fan_in,5848,false,true,2,120.00,120.00,687,697,2,bank
67,fan_in,9657,false,true,2,120.00,120.00,687,697,2,bank
68,fan_in,152,true,true,2,150.00,150.00,42,56,2,bank
68,fan_in,8098,false,true,2,150.00,150.00,42,56,2,bank
68,fan_in,3110,false,true,2,150.00,150.00,42,56,2,bank
68,fan_in,3775,false,true,2,150.00,150.00,42,56,2,bank
68,fan_in,2841,false,true,2,150.00,150.00,42,56,2,bank
68,fan_in,10966,false,true,2,150.00,150.00,42,56,2,bank
68,fan_in,864,false,true,2,150.00,150.00,42,56,2,bank
68,fan_in,2450,false,true,2,150.00,150.00,42,56,2,bank
68,fan_in,9449,false,true,2,150.00,150.00,42,56,2,bank
68,fan_in,939,false,true,2,150.00,150.00,42,56,2,bank
69,fan_in,1116,true,true,2,120.00,120.00,104,112,2,bank
69,fan_in,10964,false,true,2,120.00,120.00,104,112,2,bank
69,fan_in,7793,false,true,2,120.00,120.00,104,112,2,bank
69,fan_in,8688,false,true,2,120.00,120.00,104,112,2,bank
69,fan_in,7420,false,true,2,120.00,120.00,104,112,2,bank
70,fan_in,332,true,true,2,180.00,180.00,41,58,2,bank
70,fan_in,9757,false,true,2,180.00,180.00,41,58,2,bank
70,fan_in,5580,false,true,2,180.00,180.00,41,58,2,bank
70,fan_in,9931,false,true,2,180.00,180.00,41,58,2,bank
70,fan_in,1450,false,true,2,180.00,180.00,41,58,2,bank
70,fan_in,6278,false,true,2,180.00,180.00,41,58,2,bank
71,fan_in,24,true,true,2,190.00,190.00,85,92,2,bank
71,fan_in,9272,false,true,2,190.00,190.00,85,92,2,bank
71,fan_in,7939,false,true,2,190.00,190.00,85,92,2,bank
71,fan_in,3713,false,true,2,190.00,190.00,85,92,2,bank
71,fan_in,4213,false,true,2,190.00,190.00,85,92,2,bank
71,fan_in,5367,false,true,2,190.00,190.00,85,92,2,bank
71,fan_in,1972,false,true,2,190.00,190.00,85,92,2,bank
71,fan_in,150,false,true,2,190.00,190.00,85,92,2,bank
72,fan_in,220,true,true,2,110.00,110.00,566,574,2,bank
72,fan_in,684,false,true,2,110.00,110.00,566,574,2,bank
72,fan_in,4826,false,true,2,110.00,110.00,566,574,2,bank
72,fan_in,86,false,true,2,110.00,110.00,566,574,2,bank
72,fan_in,9957,false,true,2,110.00,110.00,566,574,2,bank
72,fan_in,3089,false,true,2,110.00,110.00,566,574,2,bank
72,fan_in,10913,false,true,2,110.00,110.00,566,574,2,bank
73,fan_in,207,true,true,2,140.00,140.00,645,657,2,bank
73,fan_in,8440,false,true,2,140.00,140.00,645,657,2,bank
73,fan_in,8970,false,true,2,140.00,140.00,645,657,2,bank
73,fan_in,3485,false,true,2,140.00,140.00,645,657,2,bank
73,fan_in,10702,false,true,2,140.00,140.00,645,657,2,bank
73,fan_in,5746,false,true,2,140.00,140.00,645,657,2,bank
73,fan_in,6472,false,true,2,140.00,140.00,645,657,2,bank
73,fan_in,2868,false,true,2,140.00,140.00,645,657,2,bank
74,fan_in,373,true,true,2,170.00,170.00,148,162,2,bank
74,fan_in,11544,false,true,2,170.00,170.00,148,162,2,bank
74,fan_in,9721,false,true,2,170.00,170.00,148,162,2,bank
74,fan_in,3968,false,true,2,170.00,170.00,148,162,2,bank
74,fan_in,9666,false,true,2,170.00,170.00,148,162,2,bank
74,fan_in,3252,false,true,2,170.00,170.00,148,162,2,bank
74,fan_in,10456,false,true,2,170.00,170.00,148,162,2,bank
74,fan_in,8812,false,true,2,170.00,170.00,148,162,2,bank
74,fan_in,7858,false,true,2,170.00,170.00,148,162,2,bank
75,fan_in,178,true,true,2,140.00,140.00,475,489,2,bank
75,fan_in,3360,false,true,2,140.00,140.00,475,489,2,bank
75,fan_in,342,false,true,2,140.00,140.00,475,489,2,bank
75,fan_in,3387,false,true,2,140.00,140.00,475,489,2,bank
75,fan_in,9710,false,true,2,140.00,140.00,475,489,2,bank
75,fan_in,10136,false,true,2,140.00,140.00,475,489,2,bank
75,fan_in,3581,false,true,2,140.00,140.00,475,489,2,bank
75,fan_in,4327,false,true,2,140.00,140.00,475,489,2,bank
75,fan_in,11291,false,true,2,140.00,140.00,475,489,2,bank
76,fan_in,572,true,true,2,140.00,140.00,578,583,2,bank
76,fan_in,8625,false,true,2,140.00,140.00,578,583,2,bank
76,fan_in,1207,false,true,2,140.00,140.00,578,583,2,bank
76,fan_in,4941,false,true,2,140.00,140.00,578,583,2,bank
76,fan_in,4298,false,true,2,140.00,140.00,578,583,2,bank
76,fan_in,374,false,true,2,140.00,140.00,578,583,2,bank
76,fan_in,812,false,true,2,140.00,140.00,578,583,2,bank
76,fan_in,6820,false,true,2,140.00,140.00,578,583,2,bank
77,fan_in,397,true,true,2,100.00,100.00,330,337,2,bank
77,fan_in,8914,false,true,2,100.00,100.00,330,337,2,bank
77,fan_in,6709,false,true,2,100.00,100.00,330,337,2,bank
77,fan_in,3526,false,true,2,100.00,100.00,330,337,2,bank
77,fan_in,442,false,true,2,100.00,100.00,330,337,2,bank
77,fan_in,3514,false,true,2,100.00,100.00,330,337,2,bank
78,fan_in,456,true,true,2,160.00,160.00,641,650,2,bank
78,fan_in,7106,false,true,2,160.00,160.00,641,650,2,bank
78,fan_in,4320,false,true,2,160.00,160.00,641,650,2,bank
78,fan_in,6404,false,true,2,160.00,160.00,641,650,2,bank
78,fan_in,8280,false,true,2,160.00,160.00,641,650,2,bank
78,fan_in,9179,false,true,2,160.00,160.00,641,650,2,bank
79,fan_in,18,true,true,2,110.00,110.00,1,10,2,bank
79,fan_in,245,false,true,2,110.00,110.00,1,10,2,bank
79,fan_in,978,false,true,2,110.00,110.00,1,10,2,bank
79,fan_in,2138,false,true,2,110.00,110.00,1,10,2,bank
79,fan_in,1863,false,true,2,110.00,110.00,1,10,2,bank
79,fan_in,7251,false,true,2,110.00,110.00,1,10,2,bank
79,fan_in,11768,false,true,2,110.00,110.00,1,10,2,bank
79,fan_in,961,false,true,2,110.00,110.00,1,10,2,bank
80,fan_in,88,true,true,2,150.00,150.00,627,633,2,bank
80,fan_in,4117,false,true,2,150.00,150.00,627,633,2,bank
80,fan_in,2013,false,true,2,150.00,150.00,627,633,2,bank
80,fan_in,2169,false,true,2,150.00,150.00,627,633,2,bank
80,fan_in,1171,false,true,2,150.00,150.00,627,633,2,bank
80,fan_in,2458,false,true,2,150.00,150.00,627,633,2,bank
80,fan_in,11251,false,true,2,150.00,150.00,627,633,2,bank
80,fan_in,9518,false,true,2,150.00,150.00,627,633,2,bank
81,fan_in,698,true,true,2,170.00,170.00,103,113,2,bank
81,fan_in,1758,false,true,2,170.00,170.00,103,113,2,bank
81,fan_in,8748,false,true,2,170.00,170.00,103,113,2,bank
81,fan_in,6760,false,true,2,170.00,170.00,103,113,2,bank
81,fan_in,7996,false,true,2,170.00,170.00,103,113,2,bank
81,fan_in,5113,false,true,2,170.00,170.00,103,113,2,bank
81,fan_in,3952,false,true,2,170.00,170.00,103,113,2,bank
81,fan_in,1023,false,true,2,170.00,170.00,103,113,2,bank
81,fan_in,6026,false,true,2,170.00,170.00,103,113,2,bank
82,fan_in,558,true,true,2,190.00,190.00,312,325,2,bank
82,fan_in,6022,false,true,2,190.00,190.00,312,325,2,bank
82,fan_in,3454,false,true,2,190.00,190.00,312,325,2,bank
82,fan_in,6897,false,true,2,190.00,190.00,312,325,2,bank
82,fan_in,5576,false,true,2,190.00,190.00,312,325,2,bank
82,fan_in,1773,false,true,2,190.00,190.00,312,325,2,bank
82,fan_in,8037,false,true,2,190.00,190.00,312,325,2,bank
82,fan_in,6180,false,true,2,190.00,190.00,312,325,2,bank
82,fan_in,10413,false,true,2,190.00,190.00,312,325,2,bank
82,fan_in,5535,false,true,2,190.00,190.00,312,325,2,bank
83,fan_in,272,true,true,2,100.00,100.00,43,60,2,bank
83,fan_in,3835,false,true,2,100.00,100.00,43,60,2,bank
83,fan_in,125,false,true,2,100.00,100.00,43,60,2,bank
83,fan_in,4761,false,true,2,100.00,100.00,43,60,2,bank
83,fan_in,6143,false,true,2,100.00,100.00,43,60,2,bank
83,fan_in,4210,false,true,2,100.00,100.00,43,60,2,bank
83,fan_in,10395,false,true,2,100.00,100.00,43,60,2,bank
83,fan_in,3999,false,true,2,100.00,100.00,43,60,2,bank
83,fan_in,4768,false,true,2,100.00,100.00,43,60,2,bank
84,fan_in,1119,true,true,2,130.00,130.00,530,544,2,bank
84,fan_in,1878,false,true,2,130.00,130.00,530,544,2,bank
84,fan_in,6607,false,true,2,130.00,130.00,530,544,2,bank
84,fan_in,7881,false,true,2,130.00,130.00,530,544,2,bank
84,fan_in,584,false,true,2,130.00,130.00,530,544,2,bank
84,fan_in,6744,false,true,2,130.00,130.00,530,544,2,bank
84,fan_in,3898,false,true,2,130.00,130.00,530,544,2,bank
85,fan_in,147,true,true,2,170.00,170.00,645,651,2,bank
85,fan_in,1286,false,true,2,170.00,170.00,645,651,2,bank
85,fan_in,1421,false,true,2,170.00,170.00,645,651,2,bank
85,fan_in,7147,false,true,2,170.00,170.00,645,651,2,bank
85,fan_in,811,false,true,2,170.00,170.00,645,651,2,bank
86,fan_in,377,true,true,2,130.00,130.00,18,26,2,bank
86,fan_in,3567,false,true,2,130.00,130.00,18,26,2,bank
86,fan_in,11176,false,true,2,130.00,130.00,18,26,2,bank
86,fan_in,7994,false,true,2,130.00,130.00,18,26,2,bank
86,fan_in,8535,false,true,2,130.00,130.00,18,26,2,bank
87,fan_in,99,true,true,2,200.00,200.00,670,674,2,bank
87,fan_in,3190,false,true,2,200.00,200.00,670,674,2,bank
87,fan_in,9878,false,true,2,200.00,200.00,670,674,2,bank
87,fan_in,4134,false,true,2,200.00,200.00,670,674,2,bank
87,fan_in,6682,false,true,2,200.00,200.00,670,674,2,bank
87,fan_in,2896,false,true,2,200.00,200.00,670,674,2,bank
87,fan_in,8979,false,true,2,200.00,200.00,670,674,2,bank
88,fan_in,111,true,true,2,100.00,100.00,659,666,2,bank
88,fan_in,6362,false,true,2,100.00,100.00,659,666,2,bank
88,fan_in,8796,false,true,2,100.00,100.00,659,666,2,bank
88,fan_in,4069,false,true,2,100.00,100.00,659,666,2,bank
88,fan_in,9318,false,true,2,100.00,100.00,659,666,2,bank
88,fan_in,5733,false,true,2,100.00,100.00,659,666,2,bank
89,fan_in,174,true,true,2,180.00,180.00,438,447,2,bank
89,fan_in,5006,false,true,2,180.00,180.00,438,447,2,bank
89,fan_in,63,false,true,2,180.00,180.00,438,447,2,bank
89,fan_in,5703,false,true,2,180.00,180.00,438,447,2,bank
89,fan_in,1797,false,true,2,180.00,180.00,438,447,2,bank
89,fan_in,4509,false,true,2,180.00,180.00,438,447,2,bank
90,fan_in,687,true,true,2,150.00,150.00,541,548,2,bank
90,fan_in,2272,false,true,2,150.00,150.00,541,548,2,bank
90,fan_in,7610,false,true,2,150.00,150.00,541,548,2,bank
90,fan_in,9824,false,true,2,150.00,150.00,541,548,2,bank
90,fan_in,11348,false,true,2,150.00,150.00,541,548,2,bank
90,fan_in,10797,false,true,2,150.00,150.00,541,548,2,bank
91,fan_in,759,true,true,2,150.00,150.00,701,713,2,bank
91,fan_in,9117,false,true,2,150.00,150.00,701,713,2,bank
91,fan_in,5096,false,true,2,150.00,150.00,701,713,2,bank
91,fan_in,8706,false,true,2,150.00,150.00,701,713,2,bank
91,fan_in,8694,false,true,2,150.00,150.00,701,713,2,bank
91,fan_in,5951,false,true,2,150.00,150.00,701,713,2,bank
91,fan_in,3394,false,true,2,150.00,150.00,701,713,2,bank
92,fan_in,56,true,true,2,130.00,130.00,369,388,2,bank
92,fan_in,5150,false,true,2,130.00,130.00,369,388,2,bank
92,fan_in,10447,false,true,2,130.00,130.00,369,388,2,bank
92,fan_in,5420,false,true,2,130.00,130.00,369,388,2,bank
92,fan_in,11703,false,true,2,130.00,130.00,369,388,2,bank
93,fan_in,464,true,true,2,180.00,180.00,438,450,2,bank
93,fan_in,8077,false,true,2,180.00,180.00,438,450,2,bank
93,fan_in,5655,false,true,2,180.00,180.00,438,450,2,bank
93,fan_in,4888,false,true,2,180.00,180.00,438,450,2,bank
93,fan_in,3891,false,true,2,180.00,180.00,438,450,2,bank
93,fan_in,4220,false,true,2,180.00,180.00,438,450,2,bank
93,fan_in,2601,false,true,2,180.00,180.00,438,450,2,bank
93,fan_in,9234,false,true,2,180.00,180.00,438,450,2,bank
93,fan_in,5013,false,true,2,180.00,180.00,438,450,2,bank
93,fan_in,8658,false,true,2,180.00,180.00,438,450,2,bank
94,fan_in,360,true,true,2,170.00,170.00,1,15,2,bank
94,fan_in,10817,false,true,2,170.00,170.00,1,15,2,bank
94,fan_in,6699,false,true,2,170.00,170.00,1,15,2,bank
94,fan_in,10124,false,true,2,170.00,170.00,1,15,2,bank
94,fan_in,9348,false,true,2,170.00,170.00,1,15,2,bank
94,fan_in,9323,false,true,2,170.00,170.00,1,15,2,bank
94,fan_in,7038,false,true,2,170.00,170.00,1,15,2,bank
94,fan_in,528,false,true,2,170.00,170.00,1,15,2,bank
94,fan_in,5486,false,true,2,170.00,170.00,1,15,2,bank
94,fan_in,11590,false,true,2,170.00,170.00,1,15,2,bank
95,fan_in,1093,true,true,2,100.00,100.00,73,89,2,bank
95,fan_in,635,false,true,2,100.00,100.00,73,89,2,bank
95,fan_in,4177,false,true,2,100.00,100.00,73,89,2,bank
95,fan_in,5031,false,true,2,100.00,100.00,73,89,2,bank
95,fan_in,4492,false,true,2,100.00,100.00,73,89,2,bank
96,fan_in,486,true,true,2,190.00,190.00,388,396,2,bank
96,fan_in,8001,false,true,2,190.00,190.00,388,396,2,bank
96,fan_in,10007,false,true,2,190.00,190.00,388,396,2,bank
96,fan_in,6845,false,true,2,190.00,190.00,388,396,2,bank
96,fan_in,5811,false,true,2,190.00,190.00,388,396,2,bank
96,fan_in,2428,false,true,2,190.00,190.00,388,396,2,bank
97,fan_in,880,true,true,2,160.00,160.00,482,499,2,bank
97,fan_in,1551,false,true,2,160.00,160.00,482,499,2,bank
97,fan_in,10381,false,true,2,160.00,160.00,482,499,2,bank
97,fan_in,5538,false,true,2,160.00,160.00,482,499,2,bank
97,fan_in,12020,false,true,2,160.00,160.00,482,499,2,bank
97,fan_in,9238,false,true,2,160.00,160.00,482,499,2,bank
97,fan_in,10831,false,true,2,160.00,160.00,482,499,2,bank
97,fan_in,1573,false,true,2,160.00,160.00,482,499,2,bank
98,fan_in,296,true,true,2,160.00,160.00,323,330,2,bank
98,fan_in,8991,false,true,2,160.00,160.00,323,330,2,bank
98,fan_in,4730,false,true,2,160.00,160.00,323,330,2,bank
98,fan_in,9881,false,true,2,160.00,160.00,323,330,2,bank
98,fan_in,9058,false,true,2,160.00,160.00,323,330,2,bank
98,fan_in,4925,false,true,2,160.00,160.00,323,330,2,bank
98,fan_in,3473,false,true,2,160.00,160.00,323,330,2,bank
98,fan_in,10438,false,true,2,160.00,160.00,323,330,2,bank
99,fan_in,240,true,true,2,120.00,120.00,563,573,2,bank
99,fan_in,5592,false,true,2,120.00,120.00,563,573,2,bank
99,fan_in,3689,false,true,2,120.00,120.00,563,573,2,bank
99,fan_in,1672,false,true,2,120.00,120.00,563,573,2,bank
99,fan_in,9524,false,true,2,120.00,120.00,563,573,2,bank
99,fan_in,3587,false,true,2,120.00,120.00,563,573,2,bank
100,fan_in,720,true,true,2,160.00,160.00,186,197,2,bank
100,fan_in,5558,false,true,2,160.00,160.00,186,197,2,bank
100,fan_in,11537,false,true,2,160.00,160.00,186,197,2,bank
100,fan_in,10893,false,true,2,160.00,160.00,186,197,2,bank
100,fan_in,8081,false,true,2,160.00,160.00,186,197,2,bank
100,fan_in,1302,false,true,2,160.00,160.00,186,197,2,bank
100,fan_in,5349,false,true,2,160.00,160.00,186,197,2,bank
101,fan_in,278,true,true,2,120.00,120.00,300,318,2,bank
101,fan_in,8368,false,true,2,120.00,120.00,300,318,2,bank
101,fan_in,9420,false,true,2,120.00,120.00,300,318,2,bank
101,fan_in,10926,false,true,2,120.00,120.00,300,318,2,bank
101,fan_in,3946,false,true,2,120.00,120.00,300,318,2,bank
101,fan_in,1941,false,true,2,120.00,120.00,300,318,2,bank
101,fan_in,6448,false,true,2,120.00,120.00,300,318,2,bank
101,fan_in,7888,false,true,2,120.00,120.00,300,318,2,bank
102,fan_in,293,true,true,2,180.00,180.00,314,323,2,bank
102,fan_in,4288,false,true,2,180.00,180.00,314,323,2,bank
102,fan_in,7170,false,true,2,180.00,180.00,314,323,2,bank
102,fan_in,1305,false,true,2,180.00,180.00,314,323,2,bank
102,fan_in,3834,false,true,2,180.00,180.00,314,323,2,bank
102,fan_in,2192,false,true,2,180.00,180.00,314,323,2,bank
102,fan_in,5757,false,true,2,180.00,180.00,314,323,2,bank
103,fan_in,167,true,true,2,190.00,190.00,562,576,2,bank
103,fan_in,3530,false,true,2,190.00,190.00,562,576,2,bank
103,fan_in,5938,false,true,2,190.00,190.00,562,576,2,bank
103,fan_in,8937,false,true,2,190.00,190.00,562,576,2,bank
103,fan_in,4725,false,true,2,190.00,190.00,562,576,2,bank
103,fan_in,1268,false,true,2,190.00,190.00,562,576,2,bank
104,fan_in,1109,true,true,2,130.00,130.00,179,192,2,bank
104,fan_in,11301,false,true,2,130.00,130.00,179,192,2,bank
104,fan_in,298,false,true,2,130.00,130.00,179,192,2,bank
104,fan_in,2996,false,true,2,130.00,130.00,179,192,2,bank
104,fan_in,7955,false,true,2,130.00,130.00,179,192,2,bank
104,fan_in,11022,false,true,2,130.00,130.00,179,192,2,bank
104,fan_in,10628,false,true,2,130.00,130.00,179,192,2,bank
105,fan_in,1107,true,true,2,120.00,120.00,693,697,2,bank
105,fan_in,11601,false,true,2,120.00,120.00,693,697,2,bank
105,fan_in,11059,false,true,2,120.00,120.00,693,697,2,bank
105,fan_in,7635,false,true,2,120.00,120.00,693,697,2,bank
105,fan_in,10067,false,true,2,120.00,120.00,693,697,2,bank
105,fan_in,3597,false,true,2,120.00,120.00,693,697,2,bank
105,fan_in,6129,false,true,2,120.00,120.00,693,697,2,bank
106,fan_in,612,true,true,2,180.00,180.00,315,321,2,bank
106,fan_in,9921,false,true,2,180.00,180.00,315,321,2,bank
106,fan_in,670,false,true,2,180.00,180.00,315,321,2,bank
106,fan_in,5051,false,true,2,180.00,180.00,315,321,2,bank
106,fan_in,7544,false,true,2,180.00,180.00,315,321,2,bank
107,fan_in,369,true,true,2,130.00,130.00,418,437,2,bank
107,fan_in,2009,false,true,2,130.00,130.00,418,437,2,bank
107,fan_in,7189,false,true,2,130.00,130.00,418,437,2,bank
107,fan_in,7832,false,true,2,130.00,130.00,418,437,2,bank
107,fan_in,3347,false,true,2,130.00,130.00,418,437,2,bank
107,fan_in,3538,false,true,2,130.00,130.00,418,437,2,bank
108,fan_in,208,true,true,2,160.00,160.00,65,75,2,bank
108,fan_in,8782,false,true,2,160.00,160.00,65,75,2,bank
108,fan_in,3562,false,true,2,160.00,160.00,65,75,2,bank
108,fan_in,9038,false,true,2,160.00,160.00,65,75,2,bank
108,fan_in,794,false,true,2,160.00,160.00,65,75,2,bank
108,fan_in,11854,false,true,2,160.00,160.00,65,75,2,bank
108,fan_in,333,false,true,2,160.00,160.00,65,75,2,bank
108,fan_in,11849,false,true,2,160.00,160.00,65,75,2,bank
108,fan_in,1383,false,true,2,160.00,160.00,65,75,2,bank
108,fan_in,6263,false,true,2,160.00,160.00,65,75,2,bank
109,fan_in,381,true,true,2,130.00,130.00,541,548,2,bank
109,fan_in,8656,false,true,2,130.00,130.00,541,548,2,bank
109,fan_in,490,false,true,2,130.00,130.00,541,548,2,bank
109,fan_in,2029,false,true,2,130.00,130.00,541,548,2,bank
109,fan_in,5519,false,true,2,130.00,130.00,541,548,2,bank
110,fan_in,681,true,true,2,140.00,140.00,169,173,2,bank
110,fan_in,5797,false,true,2,140.00,140.00,169,173,2,bank
110,fan_in,735,false,true,2,140.00,140.00,169,173,2,bank
110,fan_in,643,false,true,2,140.00,140.00,169,173,2,bank
110,fan_in,7721,false,true,2,140.00,140.00,169,173,2,bank
110,fan_in,1798,false,true,2,140.00,140.00,169,173,2,bank
110,fan_in,7844,false,true,2,140.00,140.00,169,173,2,bank
110,fan_in,7648,false,true,2,140.00,140.00,169,173,2,bank
111,fan_in,64,true,true,2,200.00,200.00,545,550,2,bank
111,fan_in,9476,false,true,2,200.00,200.00,545,550,2,bank
111,fan_in,847,false,true,2,200.00,200.00,545,550,2,bank
111,fan_in,237,false,true,2,200.00,200.00,545,550,2,bank
111,fan_in,7770,false,true,2,200.00,200.00,545,550,2,bank
111,fan_in,5697,false,true,2,200.00,200.00,545,550,2,bank
111,fan_in,10431,false,true,2,200.00,200.00,545,550,2,bank
111,fan_in,11274,false,true,2,200.00,200.00,545,550,2,bank
111,fan_in,8473,false,true,2,200.00,200.00,545,550,2,bank
111,fan_in,6635,false,true,2,200.00,200.00,545,550,2,bank
112,fan_in,1121,true,true,2,170.00,170.00,621,625,2,bank
112,fan_in,667,false,true,2,170.00,170.00,621,625,2,bank
112,fan_in,8208,false,true,2,170.00,170.00,621,625,2,bank
112,fan_in,10772,false,true,2,170.00,170.00,621,625,2,bank
112,fan_in,6812,false,true,2,170.00,170.00,621,625,2,bank
113,fan_in,229,true,true,2,170.00,170.00,415,422,2,bank
113,fan_in,5153,false,true,2,170.00,170.00,415,422,2,bank
113,fan_in,9324,false,true,2,170.00,170.00,415,422,2,bank
113,fan_in,8559,false,true,2,170.00,170.00,415,422,2,bank
113,fan_in,10888,false,true,2,170.00,170.00,415,422,2,bank
113,fan_in,2121,false,true,2,170.00,170.00,415,422,2,bank
114,fan_in,76,true,true,2,200.00,200.00,35,48,2,bank
114,fan_in,11404,false,true,2,200.00,200.00,35,48,2,bank
114,fan_in,6670,false,true,2,200.00,200.00,35,48,2,bank
114,fan_in,4849,false,true,2,200.00,200.00,35,48,2,bank
114,fan_in,7455,false,true,2,200.00,200.00,35,48,2,bank
114,fan_in,6611,false,true,2,200.00,200.00,35,48,2,bank
114,fan_in,1363,false,true,2,200.00,200.00,35,48,2,bank
114,fan_in,1164,false,true,2,200.00,200.00,35,48,2,bank
114,fan_in,9588,false,true,2,200.00,200.00,35,48,2,bank
115,fan_in,644,true,true,2,100.00,100.00,446,452,2,bank
115,fan_in,5422,false,true,2,100.00,100.00,446,452,2,bank
115,fan_in,2905,false,true,2,100.00,100.00,446,452,2,bank
115,fan_in,7240,false,true,2,100.00,100.00,446,452,2,bank
115,fan_in,11426,false,true,2,100.00,100.00,446,452,2,bank
115,fan_in,3294,false,true,2,100.00,100.00,446,452,2,bank
115,fan_in,4279,false,true,2,100.00,100.00,446,452,2,bank
115,fan_in,5980,false,true,2,100.00,100.00,446,452,2,bank
115,fan_in,9616,false,true,2,100.00,100.00,446,452,2,bank
116,fan_in,337,true,true,2,140.00,140.00,7,23,2,bank
116,fan_in,5659,false,true,2,140.00,140.00,7,23,2,bank
116,fan_in,2779,false,true,2,140.00,140.00,7,23,2,bank
116,fan_in,4212,false,true,2,140.00,140.00,7,23,2,bank
116,fan_in,984,false,true,2,140.00,140.00,7,23,2,bank
116,fan_in,10719,false,true,2,140.00,140.00,7,23,2,bank
116,fan_in,1036,false,true,2,140.00,140.00,7,23,2,bank
116,fan_in,523,false,true,2,140.00,140.00,7,23,2,bank
117,fan_in,462,true,true,2,140.00,140.00,371,378,2,bank
117,fan_in,447,false,true,2,140.00,140.00,371,378,2,bank
117,fan_in,7135,false,true,2,140.00,140.00,371,378,2,bank
117,fan_in,7729,false,true,2,140.00,140.00,371,378,2,bank
117,fan_in,2658,false,true,2,140.00,140.00,371,378,2,bank
118,fan_in,234,true,true,2,100.00,100.00,558,567,2,bank
118,fan_in,11720,false,true,2,100.00,100.00,558,567,2,bank
118,fan_in,8750,false,true,2,100.00,100.00,558,567,2,bank
118,fan_in,5724,false,true,2,100.00,100.00,558,567,2,bank
118,fan_in,3045,false,true,2,100.00,100.00,558,567,2,bank
118,fan_in,11183,false,true,2,100.00,100.00,558,567,2,bank
118,fan_in,7743,false,true,2,100.00,100.00,558,567,2,bank
118,fan_in,8167,false,true,2,100.00,100.00,558,567,2,bank
119,fan_in,53,true,true,2,160.00,160.00,325,339,2,bank
119,fan_in,1035,false,true,2,160.00,160.00,325,339,2,bank
119,fan_in,6700,false,true,2,160.00,160.00,325,339,2,bank
119,fan_in,5539,false,true,2,160.00,160.00,325,339,2,bank
119,fan_in,8797,false,true,2,160.00,160.00,325,339,2,bank
119,fan_in,8696,false,true,2,160.00,160.00,325,339,2,bank
119,fan_in,3108,false,true,2,160.00,160.00,325,339,2,bank
119,fan_in,7869,false,true,2,160.00,160.00,325,339,2,bank
120,fan_in,452,true,true,2,150.00,150.00,106,119,2,bank
120,fan_in,431,false,true,2,150.00,150.00,106,119,2,bank
120,fan_in,10784,false,true,2,150.00,150.00,106,119,2,bank
120,fan_in,8338,false,true,2,150.00,150.00,106,119,2,bank
120,fan_in,11880,false,true,2,150.00,150.00,106,119,2,bank
120,fan_in,9216,false,true,2,150.00,150.00,106,119,2,bank
120,fan_in,9894,false,true,2,150.00,150.00,106,119,2,bank
120,fan_in,4399,false,true,2,150.00,150.00,106,119,2,bank
121,fan_in,408,true,true,2,170.00,170.00,504,521,2,bank
121,fan_in,339,false,true,2,170.00,170.00,504,521,2,bank
121,fan_in,6755,false,true,2,170.00,170.00,504,521,2,bank
121,fan_in,6566,false,true,2,170.00,170.00,504,521,2,bank
121,fan_in,5198,false,true,2,170.00,170.00,504,521,2,bank
121,fan_in,5887,false,true,2,170.00,170.00,504,521,2,bank
121,fan_in,5027,false,true,2,170.00,170.00,504,521,2,bank
121,fan_in,11001,false,true,2,170.00,170.00,504,521,2,bank
121,fan_in,8386,false,true,2,170.00,170.00,504,521,2,bank
122,fan_in,560,true,true,2,190.00,190.00,431,444,2,bank
122,fan_in,8075,false,true,2,190.00,190.00,431,444,2,bank
122,fan_in,2630,false,true,2,190.00,190.00,431,444,2,bank
122,fan_in,977,false,true,2,190.00,190.00,431,444,2,bank
122,fan_in,10491,false,true,2,190.00,190.00,431,444,2,bank
122,fan_in,11109,false,true,2,190.00,190.00,431,444,2,bank
122,fan_in,4580,false,true,2,190.00,190.00,431,444,2,bank
123,fan_in,302,true,true,2,110.00,110.00,188,203,2,bank
123,fan_in,9246,false,true,2,110.00,110.00,188,203,2,bank
123,fan_in,1139,false,true,2,110.00,110.00,188,203,2,bank
123,fan_in,6496,false,true,2,110.00,110.00,188,203,2,bank
123,fan_in,1600,false,true,2,110.00,110.00,188,203,2,bank
124,fan_in,26,true,true,2,160.00,160.00,361,379,2,bank
124,fan_in,10609,false,true,2,160.00,160.00,361,379,2,bank
124,fan_in,5141,false,true,2,160.00,160.00,361,379,2,bank
124,fan_in,9859,false,true,2,160.00,160.00,361,379,2,bank
124,fan_in,10881,false,true,2,160.00,160.00,361,379,2,bank
124,fan_in,3411,false,true,2,160.00,160.00,361,379,2,bank
125,fan_in,230,true,true,2,150.00,150.00,115,132,2,bank
125,fan_in,10083,false,true,2,150.00,150.00,115,132,2,bank
125,fan_in,2536,false,true,2,150.00,150.00,115,132,2,bank
125,fan_in,11518,false,true,2,150.00,150.00,115,132,2,bank
125,fan_in,1648,false,true,2,150.00,150.00,115,132,2,bank
125,fan_in,5025,false,true,2,150.00,150.00,115,132,2,bank
125,fan_in,9364,false,true,2,150.00,150.00,115,132,2,bank
126,fan_in,142,true,true,2,100.00,100.00,697,703,2,bank
126,fan_in,4644,false,true,2,100.00,100.00,697,703,2,bank
126,fan_in,10865,false,true,2,100.00,100.00,697,703,2,bank
126,fan_in,8016,false,true,2,100.00,100.00,697,703,2,bank
126,fan_in,11017,false,true,2,100.00,100.00,697,703,2,bank
126,fan_in,11543,false,true,2,100.00,100.00,697,703,2,bank
126,fan_in,7462,false,true,2,100.00,100.00,697,703,2,bank
126,fan_in,1681,false,true,2,100.00,100.00,697,703,2,bank
126,fan_in,7493,false,true,2,100.00,100.00,697,703,2,bank
126,fan_in,2784,false,true,2,100.00,100.00,697,703,2,bank
127,fan_in,19,true,true,2,200.00,200.00,222,238,2,bank
127,fan_in,8493,false,true,2,200.00,200.00,222,238,2,bank
127,fan_in,7863,false,true,2,200.00,200.00,222,238,2,bank
127,fan_in,1632,false,true,2,200.00,200.00,222,238,2,bank
127,fan_in,10313,false,true,2,200.00,200.00,222,238,2,bank
127,fan_in,4752,false,true,2,200.00,200.00,222,238,2,bank
127,fan_in,388,false,true,2,200.00,200.00,222,238,2,bank
127,fan_in,10844,false,true,2,200.00,200.00,222,238,2,bank
127,fan_in,6961,false,true,2,200.00,200.00,222,238,2,bank
127,fan_in,5988,false,true,2,200.00,200.00,222,238,2,bank
128,fan_in,624,true,true,2,110.00,110.00,123,139,2,bank
128,fan_in,3769,false,true,2,110.00,110.00,123,139,2,bank
128,fan_in,8814,false,true,2,110.00,110.00,123,139,2,bank
128,fan_in,1432,false,true,2,110.00,110.00,123,139,2,bank
128,fan_in,3551,false,true,2,110.00,110.00,123,139,2,bank
128,fan_in,1946,false,true,2,110.00,110.00,123,139,2,bank
128,fan_in,9313,false,true,2,110.00,110.00,123,139,2,bank
129,fan_in,49,true,true,2,130.00,130.00,578,588,2,bank
129,fan_in,6169,false,true,2,130.00,130.00,578,588,2,bank
129,fan_in,2974,false,true,2,130.00,130.00,578,588,2,bank
129,fan_in,10890,false,true,2,130.00,130.00,578,588,2,bank
129,fan_in,5877,false,true,2,130.00,130.00,578,588,2,bank
129,fan_in,9582,false,true,2,130.00,130.00,578,588,2,bank
129,fan_in,2037,false,true,2,130.00,130.00,578,588,2,bank
129,fan_in,11012,false,true,2,130.00,130.00,578,588,2,bank
129,fan_in,3681,false,true,2,130.00,130.00,578,588,2,bank
129,fan_in,6864,false,true,2,130.00,130.00,578,588,2,bank
130,fan_in,868,true,true,2,130.00,130.00,43,54,2,bank
130,fan_in,4165,false,true,2,130.00,130.00,43,54,2,bank
130,fan_in,11272,false,true,2,130.00,130.00,43,54,2,bank
130,fan_in,10836,false,true,2,130.00,130.00,43,54,2,bank
130,fan_in,653,false,true,2,130.00,130.00,43,54,2,bank
130,fan_in,4686,false,true,2,130.00,130.00,43,54,2,bank
130,fan_in,85,false,true,2,130.00,130.00,43,54,2,bank
131,fan_in,106,true,true,2,170.00,170.00,216,223,2,bank
131,fan_in,9916,false,true,2,170.00,170.00,216,223,2,bank
131,fan_in,4577,false,true,2,170.00,170.00,216,223,2,bank
131,fan_in,9583,false,true,2,170.00,170.00,216,223,2,bank
131,fan_in,4322,false,true,2,170.00,170.00,216,223,2,bank
131,fan_in,2924,false,true,2,170.00,170.00,216,223,2,bank
131,fan_in,7006,false,true,2,170.00,170.00,216,223,2,bank
131,fan_in,3330,false,true,2,170.00,170.00,216,223,2,bank
131,fan_in,6587,false,true,2,170.00,170.00,216,223,2,bank
131,fan_in,4130,false,true,2,170.00,170.00,216,223,2,bank
132,fan_in,43,true,true,2,200.00,200.00,635,651,2,bank
132,fan_in,8508,false,true,2,200.00,200.00,635,651,2,bank
132,fan_in,5277,false,true,2,200.00,200.00,635,651,2,bank
132,fan_in,1480,false,true,2,200.00,200.00,635,651,2,bank
132,fan_in,6617,false,true,2,200.00,200.00,635,651,2,bank
132,fan_in,3414,false,true,2,200.00,200.00,635,651,2,bank
132,fan_in,2398,false,true,2,200.00,200.00,635,651,2,bank
132,fan_in,3828,false,true,2,200.00,200.00,635,651,2,bank
132,fan_in,9549,false,true,2,200.00,200.00,635,651,2,bank
132,fan_in,7785,false,true,2,200.00,200.00,635,651,2,bank
133,fan_in,725,true,true,2,100.00,100.00,3,14,2,bank
133,fan_in,2005,false,true,2,100.00,100.00,3,14,2,bank
133,fan_in,7167,false,true,2,100.00,100.00,3,14,2,bank
133,fan_in,2521,false,true,2,100.00,100.00,3,14,2,bank
133,fan_in,7665,false,true,2,100.00,100.00,3,14,2,bank
134,fan_in,498,true,true,2,160.00,160.00,653,658,2,bank
134,fan_in,10582,false,true,2,160.00,160.00,653,658,2,bank
134,fan_in,9732,false,true,2,160.00,160.00,653,658,2,bank
134,fan_in,5713,false,true,2,160.00,160.00,653,658,2,bank
134,fan_in,3986,false,true,2,160.00,160.00,653,658,2,bank
134,fan_in,6305,false,true,2,160.00,160.00,653,658,2,bank
134,fan_in,4856,false,true,2,160.00,160.00,653,658,2,bank
134,fan_in,7516,false,true,2,160.00,160.00,653,658,2,bank
134,fan_in,10945,false,true,2,160.00,160.00,653,658,2,bank
135,fan_in,154,true,true,2,150.00,150.00,152,161,2,bank
135,fan_in,1975,false,true,2,150.00,150.00,152,161,2,bank
135,fan_in,7445,false,true,2,150.00,150.00,152,161,2,bank
135,fan_in,10572,false,true,2,150.00,150.00,152,161,2,bank
135,fan_in,4432,false,true,2,150.00,150.00,152,161,2,bank
135,fan_in,1563,false,true,2,150.00,150.00,152,161,2,bank
135,fan_in,9356,false,true,2,150.00,150.00,152,161,2,bank
136,fan_in,423,true,true,2,180.00,180.00,601,614,2,bank
136,fan_in,11859,false,true,2,180.00,180.00,601,614,2,bank
136,fan_in,9664,false,true,2,180.00,180.00,601,614,2,bank
136,fan_in,1765,false,true,2,180.00,180.00,601,614,2,bank
136,fan_in,5356,false,true,2,180.00,180.00,601,614,2,bank
136,fan_in,3990,false,true,2,180.00,180.00,601,614,2,bank
136,fan_in,4450,false,true,2,180.00,180.00,601,614,2,bank
136,fan_in,3321,false,true,2,180.00,180.00,601,614,2,bank
137,fan_in,665,true,true,2,100.00,100.00,135,141,2,bank
137,fan_in,10749,false,true,2,100.00,100.00,135,141,2,bank
137,fan_in,8908,false,true,2,100.00,100.00,135,141,2,bank
137,fan_in,8408,false,true,2,100.00,100.00,135,141,2,bank
137,fan_in,9114,false,true,2,100.00,100.00,135,141,2,bank
137,fan_in,515,false,true,2,100.00,100.00,135,141,2,bank
137,fan_in,5517,false,true,2,100.00,100.00,135,141,2,bank
138,fan_in,576,true,true,2,170.00,170.00,392,401,2,bank
138,fan_in,1887,false,true,2,170.00,170.00,392,401,2,bank
138,fan_in,286,false,true,2,170.00,170.00,392,401,2,bank
138,fan_in,9343,false,true,2,170.00,170.00,392,401,2,bank
138,fan_in,4544,false,true,2,170.00,170.00,392,401,2,bank
138,fan_in,8035,false,true,2,170.00,170.00,392,401,2,bank
138,fan_in,4611,false,true,2,170.00,170.00,392,401,2,bank
139,fan_in,614,true,true,2,190.00,190.00,349,364,2,bank
139,fan_in,1805,false,true,2,190.00,190.00,349,364,2,bank
139,fan_in,7626,false,true,2,190.00,190.00,349,364,2,bank
139,fan_in,7963,false,true,2,190.00,190.00,349,364,2,bank
139,fan_in,3059,false,true,2,190.00,190.00,349,364,2,bank
139,fan_in,11338,false,true,2,190.00,190.00,349,364,2,bank
140,fan_in,1120,true,true,2,130.00,130.00,559,565,2,bank
140,fan_in,2553,false,true,2,130.00,130.00,559,565,2,bank
140,fan_in,517,false,true,2,130.00,130.00,559,565,2,bank
140,fan_in,1262,false,true,2,130.00,130.00,559,565,2,bank
140,fan_in,3114,false,true,2,130.00,130.00,559,565,2,bank
141,fan_in,862,true,true,2,110.00,110.00,496,500,2,bank
141,fan_in,361,false,true,2,110.00,110.00,496,500,2,bank
141,fan_in,107,false,true,2,110.00,110.00,496,500,2,bank
141,fan_in,6584,false,true,2,110.00,110.00,496,500,2,bank
141,fan_in,3858,false,true,2,110.00,110.00,496,500,2,bank
141,fan_in,4920,false,true,2,110.00,110.00,496,500,2,bank
141,fan_in,11228,false,true,2,110.00,110.00,496,500,2,bank
141,fan_in,8290,false,true,2,110.00,110.00,496,500,2,bank
142,fan_in,898,true,true,2,170.00,170.00,256,264,2,bank
142,fan_in,10811,false,true,2,170.00,170.00,256,264,2,bank
142,fan_in,4867,false,true,2,170.00,170.00,256,264,2,bank
142,fan_in,5595,false,true,2,170.00,170.00,256,264,2,bank
142,fan_in,10108,false,true,2,170.00,170.00,256,264,2,bank
143,fan_in,372,true,true,2,100.00,100.00,116,122,2,bank
143,fan_in,1295,false,true,2,100.00,100.00,116,122,2,bank
143,fan_in,2234,false,true,2,100.00,100.00,116,122,2,bank
143,fan_in,5679,false,true,2,100.00,100.00,116,122,2,bank
143,fan_in,8698,false,true,2,100.00,100.00,116,122,2,bank
143,fan_in,1567,false,true,2,100.00,100.00,116,122,2,bank
143,fan_in,3343,false,true,2,100.00,100.00,116,122,2,bank
143,fan_in,9636,false,true,2,100.00,100.00,116,122,2,bank
143,fan_in,5453,false,true,2,100.00,100.00,116,122,2,bank
144,fan_in,21,true,true,2,160.00,160.00,229,233,2,bank
144,fan_in,1562,false,true,2,160.00,160.00,229,233,2,bank
144,fan_in,9220,false,true,2,160.00,160.00,229,233,2,bank
144,fan_in,983,false,true,2,160.00,160.00,229,233,2,bank
144,fan_in,4992,false,true,2,160.00,160.00,229,233,2,bank
144,fan_in,5536,false,true,2,160.00,160.00,229,233,2,bank
144,fan_in,11179,false,true,2,160.00,160.00,229,233,2,bank
144,fan_in,4037,false,true,2,160.00,160.00,229,233,2,bank
145,fan_in,693,true,true,2,200.00,200.00,401,413,2,bank
145,fan_in,330,false,true,2,200.00,200.00,401,413,2,bank
145,fan_in,5145,false,true,2,200.00,200.00,401,413,2,bank
145,fan_in,10757,false,true,2,200.00,200.00,401,413,2,bank
145,fan_in,4417,false,true,2,200.00,200.00,401,413,2,bank
145,fan_in,10055,false,true,2,200.00,200.00,401,413,2,bank
145,fan_in,8702,false,true,2,200.00,200.00,401,413,2,bank
145,fan_in,10504,false,true,2,200.00,200.00,401,413,2,bank
145,fan_in,7860,false,true,2,200.00,200.00,401,413,2,bank
146,fan_in,705,true,true,2,130.00,130.00,467,481,2,bank
146,fan_in,3260,false,true,2,130.00,130.00,467,481,2,bank
146,fan_in,6406,false,true,2,130.00,130.00,467,481,2,bank
146,fan_in,3300,false,true,2,130.00,130.00,467,481,2,bank
146,fan_in,11319,false,true,2,130.00,130.00,467,481,2,bank
146,fan_in,1446,false,true,2,130.00,130.00,467,481,2,bank
146,fan_in,9422,false,true,2,130.00,130.00,467,481,2,bank
147,fan_in,779,true,true,2,110.00,110.00,698,706,2,bank
147,fan_in,6725,false,true,2,110.00,110.00,698,706,2,bank
147,fan_in,10776,false,true,2,110.00,110.00,698,706,2,bank
147,fan_in,3703,false,true,2,110.00,110.00,698,706,2,bank
147,fan_in,8758,false,true,2,110.00,110.00,698,706,2,bank
147,fan_in,562,false,true,2,110.00,110.00,698,706,2,bank
147,fan_in,3311,false,true,2,110.00,110.00,698,706,2,bank
147,fan_in,2781,false,true,2,110.00,110.00,698,706,2,bank
147,fan_in,8971,false,true,2,110.00,110.00,698,706,2,bank
147,fan_in,11157,false,true,2,110.00,110.00,698,706,2,bank
148,fan_in,460,true,true,2,110.00,110.00,9,28,2,bank
148,fan_in,11512,false,true,2,110.00,110.00,9,28,2,bank
148,fan_in,3090,false,true,2,110.00,110.00,9,28,2,bank
148,fan_in,10210,false,true,2,110.00,110.00,9,28,2,bank
148,fan_in,678,false,true,2,110.00,110.00,9,28,2,bank
149,fan_in,141,true,true,2,100.00,100.00,208,218,2,bank
149,fan_in,5188,false,true,2,100.00,100.00,208,218,2,bank
149,fan_in,2091,false,true,2,100.00,100.00,208,218,2,bank
149,fan_in,10311,false,true,2,100.00,100.00,208,218,2,bank
149,fan_in,11676,false,true,2,100.00,100.00,208,218,2,bank
150,fan_out,871,true,true,1,150.00,150.00,141,152,2,bank
150,fan_out,407,false,true,1,150.00,150.00,141,152,2,bank
150,fan_out,1213,false,true,1,150.00,150.00,141,152,2,bank
150,fan_out,8793,false,true,1,150.00,150.00,141,152,2,bank
150,fan_out,2437,false,true,1,150.00,150.00,141,152,2,bank
150,fan_out,11684,false,true,1,150.00,150.00,141,152,2,bank
150,fan_out,10596,false,true,1,150.00,150.00,141,152,2,bank
150,fan_out,897,false,true,1,150.00,150.00,141,152,2,bank
150,fan_out,10421,false,true,1,150.00,150.00,141,152,2,bank
151,fan_out,722,true,true,1,140.00,140.00,283,290,2,bank
151,fan_out,9980,false,true,1,140.00,140.00,283,290,2,bank
151,fan_out,9198,false,true,1,140.00,140.00,283,290,2,bank
151,fan_out,7680,false,true,1,140.00,140.00,283,290,2,bank
151,fan_out,8670,false,true,1,140.00,140.00,283,290,2,bank
151,fan_out,1332,false,true,1,140.00,140.00,283,290,2,bank
151,fan_out,9151,false,true,1,140.00,140.00,283,290,2,bank
151,fan_out,1111,false,true,1,140.00,140.00,283,290,2,bank
152,fan_out,28,true,true,1,120.00,120.00,107,112,2,bank
152,fan_out,11565,false,true,1,120.00,120.00,107,112,2,bank
152,fan_out,9780,false,true,1,120.00,120.00,107,112,2,bank
152,fan_out,1755,false,true,1,120.00,120.00,107,112,2,bank
152,fan_out,9953,false,true,1,120.00,120.00,107,112,2,bank
152,fan_out,10344,false,true,1,120.00,120.00,107,112,2,bank
152,fan_out,492,false,true,1,120.00,120.00,107,112,2,bank
152,fan_out,9566,false,true,1,120.00,120.00,107,112,2,bank
153,fan_out,383,true,true,1,150.00,150.00,387,392,2,bank
153,fan_out,2118,false,true,1,150.00,150.00,387,392,2,bank
153,fan_out,7685,false,true,1,150.00,150.00,387,392,2,bank
153,fan_out,10169,false,true,1,150.00,150.00,387,392,2,bank
153,fan_out,6171,false,true,1,150.00,150.00,387,392,2,bank
154,fan_out,884,true,true,1,170.00,170.00,576,589,2,bank
154,fan_out,10465,false,true,1,170.00,170.00,576,589,2,bank
154,fan_out,9532,false,true,1,170.00,170.00,576,589,2,bank
154,fan_out,4487,false,true,1,170.00,170.00,576,589,2,bank
154,fan_out,312,false,true,1,170.00,170.00,576,589,2,bank
154,fan_out,2243,false,true,1,170.00,170.00,576,589,2,bank
155,fan_out,62,true,true,1,120.00,120.00,208,212,2,bank
155,fan_out,4854,false,true,1,120.00,120.00,208,212,2,bank
155,fan_out,8033,false,true,1,120.00,120.00,208,212,2,bank
155,fan_out,9924,false,true,1,120.00,120.00,208,212,2,bank
155,fan_out,6146,false,true,1,120.00,120.00,208,212,2,bank
155,fan_out,3450,false,true,1,120.00,120.00,208,212,2,bank
155,fan_out,11958,false,true,1,120.00,120.00,208,212,2,bank
156,fan_out,194,true,true,1,140.00,140.00,689,706,2,bank
156,fan_out,813,false,true,1,140.00,140.00,689,706,2,bank
156,fan_out,6604,false,true,1,140.00,140.00,689,706,2,bank
156,fan_out,7143,false,true,1,140.00,140.00,689,706,2,bank
156,fan_out,8480,false,true,1,140.00,140.00,689,706,2,bank
156,fan_out,10971,false,true,1,140.00,140.00,689,706,2,bank
157,fan_out,357,true,true,1,110.00,110.00,216,220,2,bank
157,fan_out,533,false,true,1,110.00,110.00,216,220,2,bank
157,fan_out,8967,false,true,1,110.00,110.00,216,220,2,bank
157,fan_out,11959,false,true,1,110.00,110.00,216,220,2,bank
157,fan_out,5773,false,true,1,110.00,110.00,216,220,2,bank
157,fan_out,9332,false,true,1,110.00,110.00,216,220,2,bank
157,fan_out,7593,false,true,1,110.00,110.00,216,220,2,bank
157,fan_out,7304,false,true,1,110.00,110.00,216,220,2,bank
158,fan_out,778,true,true,1,110.00,110.00,570,577,2,bank
158,fan_out,7475,false,true,1,110.00,110.00,570,577,2,bank
158,fan_out,201,false,true,1,110.00,110.00,570,577,2,bank
158,fan_out,2667,false,true,1,110.00,110.00,570,577,2,bank
158,fan_out,5501,false,true,1,110.00,110.00,570,577,2,bank
158,fan_out,109,false,true,1,110.00,110.00,570,577,2,bank
158,fan_out,7779,false,true,1,110.00,110.00,570,577,2,bank
158,fan_out,4735,false,true,1,110.00,110.00,570,577,2,bank
158,fan_out,969,false,true,1,110.00,110.00,570,577,2,bank
158,fan_out,3309,false,true,1,110.00,110.00,570,577,2,bank
159,fan_out,415,true,true,1,170.00,170.00,203,217,2,bank
159,fan_out,1738,false,true,1,170.00,170.00,203,217,2,bank
159,fan_out,4739,false,true,1,170.00,170.00,203,217,2,bank
159,fan_out,39,false,true,1,170.00,170.00,203,217,2,bank
159,fan_out,5738,false,true,1,170.00,170.00,203,217,2,bank
159,fan_out,507,false,true,1,170.00,170.00,203,217,2,bank
159,fan_out,9059,false,true,1,170.00,170.00,203,217,2,bank
159,fan_out,3959,false,true,1,170.00,170.00,203,217,2,bank
159,fan_out,11355,false,true,1,170.00,170.00,203,217,2,bank
160,fan_out,396,true,true,1,100.00,100.00,57,62,2,bank
160,fan_out,8209,false,true,1,100.00,100.00,57,62,2,bank
160,fan_out,1047,false,true,1,100.00,100.00,57,62,2,bank
160,fan_out,11998,false,true,1,100.00,100.00,57,62,2,bank
160,fan_out,5674,false,true,1,100.00,100.00,57,62,2,bank
160,fan_out,1933,false,true,1,100.00,100.00,57,62,2,bank
160,fan_out,12036,false,true,1,100.00,100.00,57,62,2,bank
160,fan_out,4398,false,true,1,100.00,100.00,57,62,2,bank
161,fan_out,55,true,true,1,170.00,170.00,123,131,2,bank
161,fan_out,6893,false,true,1,170.00,170.00,123,131,2,bank
161,fan_out,6502,false,true,1,170.00,170.00,123,131,2,bank
161,fan_out,6806,false,true,1,170.00,170.00,123,131,2,bank
161,fan_out,11807,false,true,1,170.00,170.00,123,131,2,bank
161,fan_out,2899,false,true,1,170.00,170.00,123,131,2,bank
161,fan_out,6740,false,true,1,170.00,170.00,123,131,2,bank
161,fan_out,7952,false,true,1,170.00,170.00,123,131,2,bank
162,fan_out,169,true,true,1,170.00,170.00,264,280,2,bank
162,fan_out,6621,false,true,1,170.00,170.00,264,280,2,bank
162,fan_out,5685,false,true,1,170.00,170.00,264,280,2,bank
162,fan_out,7344,false,true,1,170.00,170.00,264,280,2,bank
162,fan_out,10283,false,true,1,170.00,170.00,264,280,2,bank
162,fan_out,4943,false,true,1,170.00,170.00,264,280,2,bank
163,fan_out,25,true,true,1,150.00,150.00,452,468,2,bank
163,fan_out,10339,false,true,1,150.00,150.00,452,468,2,bank
163,fan_out,5443,false,true,1,150.00,150.00,452,468,2,bank
163,fan_out,9628,false,true,1,150.00,150.00,452,468,2,bank
163,fan_out,4132,false,true,1,150.00,150.00,452,468,2,bank
163,fan_out,3222,false,true,1,150.00,150.00,452,468,2,bank
163,fan_out,6028,false,true,1,150.00,150.00,452,468,2,bank
164,fan_out,23,true,true,1,100.00,100.00,686,692,2,bank
164,fan_out,11956,false,true,1,100.00,100.00,686,692,2,bank
164,fan_out,7116,false,true,1,100.00,100.00,686,692,2,bank
164,fan_out,6045,false,true,1,100.00,100.00,686,692,2,bank
164,fan_out,11893,false,true,1,100.00,100.00,686,692,2,bank
164,fan_out,4945,false,true,1,100.00,100.00,686,692,2,bank
164,fan_out,9603,false,true,1,100.00,100.00,686,692,2,bank
164,fan_out,2149,false,true,1,100.00,100.00,686,692,2,bank
165,fan_out,294,true,true,1,150.00,150.00,252,271,2,bank
165,fan_out,7724,false,true,1,150.00,150.00,252,271,2,bank
165,fan_out,7802,false,true,1,150.00,150.00,252,271,2,bank
165,fan_out,4470,false,true,1,150.00,150.00,252,271,2,bank
165,fan_out,3132,false,true,1,150.00,150.00,252,271,2,bank
165,fan_out,1885,false,true,1,150.00,150.00,252,271,2,bank
165,fan_out,2200,false,true,1,150.00,150.00,252,271,2,bank
166,fan_out,77,true,true,1,200.00,200.00,533,537,2,bank
166,fan_out,8518,false,true,1,200.00,200.00,533,537,2,bank
166,fan_out,4985,false,true,1,200.00,200.00,533,537,2,bank
166,fan_out,11507,false,true,1,200.00,200.00,533,537,2,bank
166,fan_out,789,false,true,1,200.00,200.00,533,537,2,bank
166,fan_out,1850,false,true,1,200.00,200.00,533,537,2,bank
167,fan_out,274,true,true,1,100.00,100.00,464,482,2,bank
167,fan_out,5200,false,true,1,100.00,100.00,464,482,2,bank
167,fan_out,3257,false,true,1,100.00,100.00,464,482,2,bank
167,fan_out,4043,false,true,1,100.00,100.00,464,482,2,bank
167,fan_out,7590,false,true,1,100.00,100.00,464,482,2,bank
167,fan_out,8170,false,true,1,100.00,100.00,464,482,2,bank
167,fan_out,9760,false,true,1,100.00,100.00,464,482,2,bank
167,fan_out,11096,false,true,1,100.00,100.00,464,482,2,bank
167,fan_out,4813,false,true,1,100.00,100.00,464,482,2,bank
167,fan_out,8549,false,true,1,100.00,100.00,464,482,2,bank
168,fan_out,458,true,true,1,150.00,150.00,576,591,2,bank
168,fan_out,9672,false,true,1,150.00,150.00,576,591,2,bank
168,fan_out,948,false,true,1,150.00,150.00,576,591,2,bank
168,fan_out,8470,false,true,1,150.00,150.00,576,591,2,bank
168,fan_out,2440,false,true,1,150.00,150.00,576,591,2,bank
168,fan_out,4755,false,true,1,150.00,150.00,576,591,2,bank
168,fan_out,6462,false,true,1,150.00,150.00,576,591,2,bank
168,fan_out,9572,false,true,1,150.00,150.00,576,591,2,bank
169,fan_out,437,true,true,1,170.00,170.00,114,121,2,bank
169,fan_out,7085,false,true,1,170.00,170.00,114,121,2,bank
169,fan_out,3156,false,true,1,170.00,170.00,114,121,2,bank
169,fan_out,7542,false,true,1,170.00,170.00,114,121,2,bank
169,fan_out,1699,false,true,1,170.00,170.00,114,121,2,bank
169,fan_out,2810,false,true,1,170.00,170.00,114,121,2,bank
169,fan_out,3539,false,true,1,170.00,170.00,114,121,2,bank
169,fan_out,11509,false,true,1,170.00,170.00,114,121,2,bank
169,fan_out,2124,false,true,1,170.00,170.00,114,121,2,bank
170,fan_out,175,true,true,1,120.00,120.00,385,404,2,bank
170,fan_out,11011,false,true,1,120.00,120.00,385,404,2,bank
170,fan_out,9806,false,true,1,120.00,120.00,385,404,2,bank
170,fan_out,1597,false,true,1,120.00,120.00,385,404,2,bank
170,fan_out,3759,false,true,1,120.00,120.00,385,404,2,bank
170,fan_out,1344,false,true,1,120.00,120.00,385,404,2,bank
171,fan_out,886,true,true,1,160.00,160.00,637,642,2,bank
171,fan_out,10987,false,true,1,160.00,160.00,637,642,2,bank
171,fan_out,4989,false,true,1,160.00,160.00,637,642,2,bank
171,fan_out,8038,false,true,1,160.00,160.00,637,642,2,bank
171,fan_out,8663,false,true,1,160.00,160.00,637,642,2,bank
171,fan_out,7830,false,true,1,160.00,160.00,637,642,2,bank
171,fan_out,7221,false,true,1,160.00,160.00,637,642,2,bank
171,fan_out,11387,false,true,1,160.00,160.00,637,642,2,bank
171,fan_out,10247,false,true,1,160.00,160.00,637,642,2,bank
171,fan_out,1819,false,true,1,160.00,160.00,637,642,2,bank
172,fan_out,242,true,true,1,120.00,120.00,392,406,2,bank
172,fan_out,2829,false,true,1,120.00,120.00,392,406,2,bank
172,fan_out,6519,false,true,1,120.00,120.00,392,406,2,bank
172,fan_out,4691,false,true,1,120.00,120.00,392,406,2,bank
172,fan_out,3109,false,true,1,120.00,120.00,392,406,2,bank
172,fan_out,1732,false,true,1,120.00,120.00,392,406,2,bank
173,fan_out,569,true,true,1,100.00,100.00,271,286,2,bank
173,fan_out,1098,false,true,1,100.00,100.00,271,286,2,bank
173,fan_out,11776,false,true,1,100.00,100.00,271,286,2,bank
173,fan_out,11563,false,true,1,100.00,100.00,271,286,2,bank
173,fan_out,8152,false,true,1,100.00,100.00,271,286,2,bank
173,fan_out,7080,false,true,1,100.00,100.00,271,286,2,bank
173,fan_out,1547,false,true,1,100.00,100.00,271,286,2,bank
173,fan_out,11362,false,true,1,100.00,100.00,271,286,2,bank
173,fan_out,238,false,true,1,100.00,100.00,271,286,2,bank
174,fan_out,541,true,true,1,120.00,120.00,525,532,2,bank
174,fan_out,10985,false,true,1,120.00,120.00,525,532,2,bank
174,fan_out,10905,false,true,1,120.00,120.00,525,532,2,bank
174,fan_out,11885,false,true,1,120.00,120.00,525,532,2,bank
174,fan_out,8846,false,true,1,120.00,120.00,525,532,2,bank
174,fan_out,7166,false,true,1,120.00,120.00,525,532,2,bank
174,fan_out,1969,false,true,1,120.00,120.00,525,532,2,bank
174,fan_out,3533,false,true,1,120.00,120.00,525,532,2,bank
174,fan_out,3344,false,true,1,120.00,120.00,525,532,2,bank
174,fan_out,10999,false,true,1,120.00,120.00,525,532,2,bank
175,fan_out,48,true,true,1,160.00,160.00,474,486,2,bank
175,fan_out,3826,false,true,1,160.00,160.00,474,486,2,bank
175,fan_out,1017,false,true,1,160.00,160.00,474,486,2,bank
175,fan_out,761,false,true,1,160.00,160.00,474,486,2,bank
175,fan_out,10629,false,true,1,160.00,160.00,474,486,2,bank
175,fan_out,7831,false,true,1,160.00,160.00,474,486,2,bank
176,fan_out,734,true,true,1,150.00,150.00,620,634,2,bank
176,fan_out,2129,false,true,1,150.00,150.00,620,634,2,bank
176,fan_out,2249,false,true,1,150.00,150.00,620,634,2,bank
176,fan_out,2108,false,true,1,150.00,150.00,620,634,2,bank
176,fan_out,770,false,true,1,150.00,150.00,620,634,2,bank
176,fan_out,3506,false,true,1,150.00,150.00,620,634,2,bank
176,fan_out,881,false,true,1,150.00,150.00,620,634,2,bank
176,fan_out,11148,false,true,1,150.00,150.00,620,634,2,bank
176,fan_out,2977,false,true,1,150.00,150.00,620,634,2,bank
176,fan_out,4842,false,true,1,150.00,150.00,620,634,2,bank
177,fan_out,67,true,true,1,180.00,180.00,522,538,2,bank
177,fan_out,9834,false,true,1,180.00,180.00,522,538,2,bank
177,fan_out,3290,false,true,1,180.00,180.00,522,538,2,bank
177,fan_out,1959,false,true,1,180.00,180.00,522,538,2,bank
177,fan_out,9023,false,true,1,180.00,180.00,522,538,2,bank
177,fan_out,3339,false,true,1,180.00,180.00,522,538,2,bank
178,fan_out,348,true,true,1,160.00,160.00,617,630,2,bank
178,fan_out,8309,false,true,1,160.00,160.00,617,630,2,bank
178,fan_out,10708,false,true,1,160.00,160.00,617,630,2,bank
178,fan_out,2602,false,true,1,160.00,160.00,617,630,2,bank
178,fan_out,6533,false,true,1,160.00,160.00,617,630,2,bank
178,fan_out,2564,false,true,1,160.00,160.00,617,630,2,bank
178,fan_out,9990,false,true,1,160.00,160.00,617,630,2,bank
178,fan_out,5228,false,true,1,160.00,160.00,617,630,2,bank
179,fan_out,9,true,true,1,100.00,100.00,326,343,2,bank
179,fan_out,4249,false,true,1,100.00,100.00,326,343,2,bank
179,fan_out,6202,false,true,1,100.00,100.00,326,343,2,bank
179,fan_out,10919,false,true,1,100.00,100.00,326,343,2,bank
179,fan_out,27,false,true,1,100.00,100.00,326,343,2,bank
179,fan_out,11043,false,true,1,100.00,100.00,326,343,2,bank
179,fan_out,10600,false,true,1,100.00,100.00,326,343,2,bank
179,fan_out,7623,false,true,1,100.00,100.00,326,343,2,bank
180,fan_out,204,true,true,1,130.00,130.00,494,513,2,bank
180,fan_out,1495,false,true,1,130.00,130.00,494,513,2,bank
180,fan_out,6919,false,true,1,130.00,130.00,494,513,2,bank
180,fan_out,5603,false,true,1,130.00,130.00,494,513,2,bank
180,fan_out,2056,false,true,1,130.00,130.00,494,513,2,bank
180,fan_out,4460,false,true,1,130.00,130.00,494,513,2,bank
180,fan_out,8414,false,true,1,130.00,130.00,494,513,2,bank
180,fan_out,2473,false,true,1,130.00,130.00,494,513,2,bank
181,fan_out,155,true,true,1,140.00,140.00,47,58,2,bank
181,fan_out,4175,false,true,1,140.00,140.00,47,58,2,bank
181,fan_out,525,false,true,1,140.00,140.00,47,58,2,bank
181,fan_out,11418,false,true,1,140.00,140.00,47,58,2,bank
181,fan_out,10815,false,true,1,140.00,140.00,47,58,2,bank
181,fan_out,3460,false,true,1,140.00,140.00,47,58,2,bank
182,fan_out,461,true,true,1,190.00,190.00,460,477,2,bank
182,fan_out,8141,false,true,1,190.00,190.00,460,477,2,bank
182,fan_out,9392,false,true,1,190.00,190.00,460,477,2,bank
182,fan_out,6794,false,true,1,190.00,190.00,460,477,2,bank
182,fan_out,4092,false,true,1,190.00,190.00,460,477,2,bank
182,fan_out,3881,false,true,1,190.00,190.00,460,477,2,bank
182,fan_out,4002,false,true,1,190.00,190.00,460,477,2,bank
183,fan_out,453,true,true,1,190.00,190.00,353,362,2,bank
183,fan_out,9289,false,true,1,190.00,190.00,353,362,2,bank
183,fan_out,11239,false,true,1,190.00,190.00,353,362,2,bank
183,fan_out,1177,false,true,1,190.00,190.00,353,362,2,bank
183,fan_out,3026,false,true,1,190.00,190.00,353,362,2,bank
183,fan_out,10212,false,true,1,190.00,190.00,353,362,2,bank
184,fan_out,481,true,true,1,130.00,130.00,396,405,2,bank
184,fan_out,5167,false,true,1,130.00,130.00,396,405,2,bank
184,fan_out,9545,false,true,1,130.00,130.00,396,405,2,bank
184,fan_out,6344,false,true,1,130.00,130.00,396,405,2,bank
184,fan_out,11508,false,true,1,130.00,130.00,396,405,2,bank
184,fan_out,3661,false,true,1,130.00,130.00,396,405,2,bank
184,fan_out,6955,false,true,1,130.00,130.00,396,405,2,bank
184,fan_out,9116,false,true,1,130.00,130.00,396,405,2,bank
185,fan_out,243,true,true,1,160.00,160.00,215,229,2,bank
185,fan_out,6500,false,true,1,160.00,160.00,215,229,2,bank
185,fan_out,2759,false,true,1,160.00,160.00,215,229,2,bank
185,fan_out,1236,false,true,1,160.00,160.00,215,229,2,bank
185,fan_out,1590,false,true,1,160.00,160.00,215,229,2,bank
185,fan_out,9159,false,true,1,160.00,160.00,215,229,2,bank
186,fan_out,690,true,true,1,110.00,110.00,123,141,2,bank
186,fan_out,6776,false,true,1,110.00,110.00,123,141,2,bank
186,fan_out,9933,false,true,1,110.00,110.00,123,141,2,bank
186,fan_out,8407,false,true,1,110.00,110.00,123,141,2,bank
186,fan_out,8426,false,true,1,110.00,110.00,123,141,2,bank
186,fan_out,8590,false,true,1,110.00,110.00,123,141,2,bank
186,fan_out,4256,false,true,1,110.00,110.00,123,141,2,bank
186,fan_out,9203,false,true,1,110.00,110.00,123,141,2,bank
186,fan_out,10252,false,true,1,110.00,110.00,123,141,2,bank
187,fan_out,594,true,true,1,130.00,130.00,419,434,2,bank
187,fan_out,852,false,true,1,130.00,130.00,419,434,2,bank
187,fan_out,5885,false,true,1,130.00,130.00,419,434,2,bank
187,fan_out,1021,false,true,1,130.00,130.00,419,434,2,bank
187,fan_out,8133,false,true,1,130.00,130.00,419,434,2,bank
187,fan_out,5419,false,true,1,130.00,130.00,419,434,2,bank
187,fan_out,5611,false,true,1,130.00,130.00,419,434,2,bank
187,fan_out,3232,false,true,1,130.00,130.00,419,434,2,bank
187,fan_out,1025,false,true,1,130.00,130.00,419,434,2,bank
188,fan_out,595,true,true,1,140.00,140.00,345,356,2,bank
188,fan_out,3474,false,true,1,140.00,140.00,345,356,2,bank
188,fan_out,2700,false,true,1,140.00,140.00,345,356,2,bank
188,fan_out,4247,false,true,1,140.00,140.00,345,356,2,bank
188,fan_out,8497,false,true,1,140.00,140.00,345,356,2,bank
188,fan_out,3312,false,true,1,140.00,140.00,345,356,2,bank
188,fan_out,11126,false,true,1,140.00,140.00,345,356,2,bank
188,fan_out,7474,false,true,1,140.00,140.00,345,356,2,bank
188,fan_out,8498,false,true,1,140.00,140.00,345,356,2,bank
189,fan_out,224,true,true,1,130.00,130.00,564,571,2,bank
189,fan_out,1824,false,true,1,130.00,130.00,564,571,2,bank
189,fan_out,7353,false,true,1,130.00,130.00,564,571,2,bank
189,fan_out,7870,false,true,1,130.00,130.00,564,571,2,bank
189,fan_out,10320,false,true,1,130.00,130.00,564,571,2,bank
189,fan_out,2280,false,true,1,130.00,130.00,564,571,2,bank
189,fan_out,9841,false,true,1,130.00,130.00,564,571,2,bank
189,fan_out,889,false,true,1,130.00,130.00,564,571,2,bank
190,fan_out,186,true,true,1,150.00,150.00,194,211,2,bank
190,fan_out,1833,false,true,1,150.00,150.00,194,211,2,bank
190,fan_out,4844,false,true,1,150.00,150.00,194,211,2,bank
190,fan_out,11889,false,true,1,150.00,150.00,194,211,2,bank
190,fan_out,3345,false,true,1,150.00,150.00,194,211,2,bank
190,fan_out,4909,false,true,1,150.00,150.00,194,211,2,bank
190,fan_out,7144,false,true,1,150.00,150.00,194,211,2,bank
190,fan_out,5423,false,true,1,150.00,150.00,194,211,2,bank
190,fan_out,8898,false,true,1,150.00,150.00,194,211,2,bank
190,fan_out,2654,false,true,1,150.00,150.00,194,211,2,bank
191,fan_out,474,true,true,1,200.00,200.00,173,186,2,bank
191,fan_out,869,false,true,1,200.00,200.00,173,186,2,bank
191,fan_out,3913,false,true,1,200.00,200.00,173,186,2,bank
191,fan_out,2957,false,true,1,200.00,200.00,173,186,2,bank
191,fan_out,6923,false,true,1,200.00,200.00,173,186,2,bank
192,fan_out,200,true,true,1,120.00,120.00,693,697,2,bank
192,fan_out,8229,false,true,1,120.00,120.00,693,697,2,bank
192,fan_out,3776,false,true,1,120.00,120.00,693,697,2,bank
192,fan_out,11681,false,true,1,120.00,120.00,693,697,2,bank
192,fan_out,3250,false,true,1,120.00,120.00,693,697,2,bank
192,fan_out,2529,false,true,1,120.00,120.00,693,697,2,bank
193,fan_out,271,true,true,1,200.00,200.00,46,57,2,bank
193,fan_out,4936,false,true,1,200.00,200.00,46,57,2,bank
193,fan_out,6126,false,true,1,200.00,200.00,46,57,2,bank
193,fan_out,11707,false,true,1,200.00,200.00,46,57,2,bank
193,fan_out,10429,false,true,1,200.00,200.00,46,57,2,bank
194,fan_out,749,true,true,1,160.00,160.00,672,683,2,bank
194,fan_out,3737,false,true,1,160.00,160.00,672,683,2,bank
194,fan_out,1320,false,true,1,160.00,160.00,672,683,2,bank
194,fan_out,4919,false,true,1,160.00,160.00,672,683,2,bank
194,fan_out,10059,false,true,1,160.00,160.00,672,683,2,bank
194,fan_out,3756,false,true,1,160.00,160.00,672,683,2,bank
194,fan_out,270,false,true,1,160.00,160.00,672,683,2,bank
194,fan_out,11571,false,true,1,160.00,160.00,672,683,2,bank
194,fan_out,566,false,true,1,160.00,160.00,672,683,2,bank
195,fan_out,585,true,true,1,170.00,170.00,125,130,2,bank
195,fan_out,5314,false,true,1,170.00,170.00,125,130,2,bank
195,fan_out,7486,false,true,1,170.00,170.00,125,130,2,bank
195,fan_out,6823,false,true,1,170.00,170.00,125,130,2,bank
195,fan_out,12015,false,true,1,170.00,170.00,125,130,2,bank
195,fan_out,4223,false,true,1,170.00,170.00,125,130,2,bank
195,fan_out,5271,false,true,1,170.00,170.00,125,130,2,bank
196,fan_out,485,true,true,1,140.00,140.00,105,116,2,bank
196,fan_out,6506,false,true,1,140.00,140.00,105,116,2,bank
196,fan_out,6215,false,true,1,140.00,140.00,105,116,2,bank
196,fan_out,10954,false,true,1,140.00,140.00,105,116,2,bank
196,fan_out,1014,false,true,1,140.00,140.00,105,116,2,bank
196,fan_out,5646,false,true,1,140.00,140.00,105,116,2,bank
196,fan_out,9091,false,true,1,140.00,140.00,105,116,2,bank
196,fan_out,1965,false,true,1,140.00,140.00,105,116,2,bank
196,fan_out,218,false,true,1,140.00,140.00,105,116,2,bank
196,fan_out,2936,false,true,1,140.00,140.00,105,116,2,bank
197,fan_out,81,true,true,1,140.00,140.00,411,417,2,bank
197,fan_out,3977,false,true,1,140.00,140.00,411,417,2,bank
197,fan_out,5069,false,true,1,140.00,140.00,411,417,2,bank
197,fan_out,10335,false,true,1,140.00,140.00,411,417,2,bank
197,fan_out,1526,false,true,1,140.00,140.00,411,417,2,bank
198,fan_out,577,true,true,1,130.00,130.00,209,216,2,bank
198,fan_out,8976,false,true,1,130.00,130.00,209,216,2,bank
198,fan_out,11489,false,true,1,130.00,130.00,209,216,2,bank
198,fan_out,9934,false,true,1,130.00,130.00,209,216,2,bank
198,fan_out,5241,false,true,1,130.00,130.00,209,216,2,bank
198,fan_out,9163,false,true,1,130.00,130.00,209,216,2,bank
198,fan_out,1882,false,true,1,130.00,130.00,209,216,2,bank
199,fan_out,309,true,true,1,180.00,180.00,291,308,2,bank
199,fan_out,1075,false,true,1,180.00,180.00,291,308,2,bank
199,fan_out,11178,false,true,1,180.00,180.00,291,308,2,bank
199,fan_out,4057,false,true,1,180.00,180.00,291,308,2,bank
199,fan_out,4319,false,true,1,180.00,180.00,291,308,2,bank
199,fan_out,5178,false,true,1,180.00,180.00,291,308,2,bank
199,fan_out,5545,false,true,1,180.00,180.00,291,308,2,bank
199,fan_out,3861,false,true,1,180.00,180.00,291,308,2,bank
199,fan_out,8360,false,true,1,180.00,180.00,291,308,2,bank
200,fan_out,500,true,true,1,140.00,140.00,581,591,2,bank
200,fan_out,6098,false,true,1,140.00,140.00,581,591,2,bank
200,fan_out,8682,false,true,1,140.00,140.00,581,591,2,bank
200,fan_out,11669,false,true,1,140.00,140.00,581,591,2,bank
200,fan_out,7873,false,true,1,140.00,140.00,581,591,2,bank
200,fan_out,5242,false,true,1,140.00,140.00,581,591,2,bank
200,fan_out,827,false,true,1,140.00,140.00,581,591,2,bank
201,fan_out,620,true,true,1,200.00,200.00,23,29,2,bank
201,fan_out,1497,false,true,1,200.00,200.00,23,29,2,bank
201,fan_out,1926,false,true,1,200.00,200.00,23,29,2,bank
201,fan_out,3782,false,true,1,200.00,200.00,23,29,2,bank
201,fan_out,4019,false,true,1,200.00,200.00,23,29,2,bank
201,fan_out,4391,false,true,1,200.00,200.00,23,29,2,bank
201,fan_out,11006,false,true,1,200.00,200.00,23,29,2,bank
201,fan_out,7351,false,true,1,200.00,200.00,23,29,2,bank
201,fan_out,3798,false,true,1,200.00,200.00,23,29,2,bank
202,fan_out,354,true,true,1,120.00,120.00,354,368,2,bank
202,fan_out,7203,false,true,1,120.00,120.00,354,368,2,bank
202,fan_out,1945,false,true,1,120.00,120.00,354,368,2,bank
202,fan_out,5261,false,true,1,120.00,120.00,354,368,2,bank
202,fan_out,4017,false,true,1,120.00,120.00,354,368,2,bank
203,fan_out,449,true,true,1,100.00,100.00,561,580,2,bank
203,fan_out,3268,false,true,1,100.00,100.00,561,580,2,bank
203,fan_out,4529,false,true,1,100.00,100.00,561,580,2,bank
203,fan_out,8435,false,true,1,100.00,100.00,561,580,2,bank
203,fan_out,2153,false,true,1,100.00,100.00,561,580,2,bank
203,fan_out,2793,false,true,1,100.00,100.00,561,580,2,bank
203,fan_out,2254,false,true,1,100.00,100.00,561,580,2,bank
203,fan_out,2137,false,true,1,100.00,100.00,561,580,2,bank
203,fan_out,9445,false,true,1,100.00,100.00,561,580,2,bank
203,fan_out,799,false,true,1,100.00,100.00,561,580,2,bank
204,fan_out,557,true,true,1,130.00,130.00,120,128,2,bank
204,fan_out,4102,false,true,1,130.00,130.00,120,128,2,bank
204,fan_out,4887,false,true,1,130.00,130.00,120,128,2,bank
204,fan_out,6775,false,true,1,130.00,130.00,120,128,2,bank
204,fan_out,11344,false,true,1,130.00,130.00,120,128,2,bank
204,fan_out,8264,false,true,1,130.00,130.00,120,128,2,bank
205,fan_out,520,true,true,1,140.00,140.00,532,548,2,bank
205,fan_out,7805,false,true,1,140.00,140.00,532,548,2,bank
205,fan_out,5723,false,true,1,140.00,140.00,532,548,2,bank
205,fan_out,8487,false,true,1,140.00,140.00,532,548,2,bank
205,fan_out,5151,false,true,1,140.00,140.00,532,548,2,bank
205,fan_out,5067,false,true,1,140.00,140.00,532,548,2,bank
205,fan_out,8795,false,true,1,140.00,140.00,532,548,2,bank
205,fan_out,5495,false,true,1,140.00,140.00,532,548,2,bank
205,fan_out,8558,false,true,1,140.00,140.00,532,548,2,bank
206,fan_out,310,true,true,1,150.00,150.00,557,567,2,bank
206,fan_out,5783,false,true,1,150.00,150.00,557,567,2,bank
206,fan_out,8436,false,true,1,150.00,150.00,557,567,2,bank
206,fan_out,3893,false,true,1,150.00,150.00,557,567,2,bank
206,fan_out,2606,false,true,1,150.00,150.00,557,567,2,bank
206,fan_out,5652,false,true,1,150.00,150.00,557,567,2,bank
206,fan_out,10129,false,true,1,150.00,150.00,557,567,2,bank
206,fan_out,7155,false,true,1,150.00,150.00,557,567,2,bank
206,fan_out,11748,false,true,1,150.00,150.00,557,567,2,bank
206,fan_out,1645,false,true,1,150.00,150.00,557,567,2,bank
207,fan_out,463,true,true,1,100.00,100.00,289,296,2,bank
207,fan_out,6378,false,true,1,100.00,100.00,289,296,2,bank
207,fan_out,5281,false,true,1,100.00,100.00,289,296,2,bank
207,fan_out,7505,false,true,1,100.00,100.00,289,296,2,bank
207,fan_out,8883,false,true,1,100.00,100.00,289,296,2,bank
207,fan_out,2814,false,true,1,100.00,100.00,289,296,2,bank
208,fan_out,31,true,true,1,100.00,100.00,579,598,2,bank
208,fan_out,7595,false,true,1,100.00,100.00,579,598,2,bank
208,fan_out,6933,false,true,1,100.00,100.00,579,598,2,bank
208,fan_out,920,false,true,1,100.00,100.00,579,598,2,bank
208,fan_out,11462,false,true,1,100.00,100.00,579,598,2,bank
209,fan_out,711,true,true,1,190.00,190.00,90,100,2,bank
209,fan_out,570,false,true,1,190.00,190.00,90,100,2,bank
209,fan_out,10356,false,true,1,190.00,190.00,90,100,2,bank
209,fan_out,10980,false,true,1,190.00,190.00,90,100,2,bank
209,fan_out,7739,false,true,1,190.00,190.00,90,100,2,bank
209,fan_out,487,false,true,1,190.00,190.00,90,100,2,bank
209,fan_out,3489,false,true,1,190.00,190.00,90,100,2,bank
209,fan_out,4153,false,true,1,190.00,190.00,90,100,2,bank
210,fan_out,16,true,true,1,110.00,110.00,427,433,2,bank
210,fan_out,6574,false,true,1,110.00,110.00,427,433,2,bank
210,fan_out,4016,false,true,1,110.00,110.00,427,433,2,bank
210,fan_out,2092,false,true,1,110.00,110.00,427,433,2,bank
210,fan_out,1169,false,true,1,110.00,110.00,427,433,2,bank
210,fan_out,6525,false,true,1,110.00,110.00,427,433,2,bank
210,fan_out,7424,false,true,1,110.00,110.00,427,433,2,bank
210,fan_out,41,false,true,1,110.00,110.00,427,433,2,bank
210,fan_out,3249,false,true,1,110.00,110.00,427,433,2,bank
210,fan_out,6582,false,true,1,110.00,110.00,427,433,2,bank
211,fan_out,46,true,true,1,120.00,120.00,185,193,2,bank
211,fan_out,2277,false,true,1,120.00,120.00,185,193,2,bank
211,fan_out,2407,false,true,1,120.00,120.00,185,193,2,bank
211,fan_out,6316,false,true,1,120.00,120.00,185,193,2,bank
211,fan_out,1180,false,true,1,120.00,120.00,185,193,2,bank
211,fan_out,33,false,true,1,120.00,120.00,185,193,2,bank
211,fan_out,3953,false,true,1,120.00,120.00,185,193,2,bank
211,fan_out,389,false,true,1,120.00,120.00,185,193,2,bank
211,fan_out,4903,false,true,1,120.00,120.00,185,193,2,bank
211,fan_out,8720,false,true,1,120.00,120.00,185,193,2,bank
212,fan_out,669,true,true,1,190.00,190.00,285,295,2,bank
212,fan_out,5345,false,true,1,190.00,190.00,285,295,2,bank
212,fan_out,10649,false,true,1,190.00,190.00,285,295,2,bank
212,fan_out,10724,false,true,1,190.00,190.00,285,295,2,bank
212,fan_out,3236,false,true,1,190.00,190.00,285,295,2,bank
212,fan_out,7487,false,true,1,190.00,190.00,285,295,2,bank
212,fan_out,9976,false,true,1,190.00,190.00,285,295,2,bank
212,fan_out,5851,false,true,1,190.00,190.00,285,295,2,bank
213,fan_out,899,true,true,1,150.00,150.00,6,15,2,bank
213,fan_out,6660,false,true,1,150.00,150.00,6,15,2,bank
213,fan_out,4403,false,true,1,150.00,150.00,6,15,2,bank
213,fan_out,2074,false,true,1,150.00,150.00,6,15,2,bank
213,fan_out,2476,false,true,1,150.00,150.00,6,15,2,bank
214,fan_out,303,true,true,1,120.00,120.00,706,719,2,bank
214,fan_out,11680,false,true,1,120.00,120.00,706,719,2,bank
214,fan_out,11346,false,true,1,120.00,120.00,706,719,2,bank
214,fan_out,2854,false,true,1,120.00,120.00,706,719,2,bank
214,fan_out,3892,false,true,1,120.00,120.00,706,719,2,bank
214,fan_out,2643,false,true,1,120.00,120.00,706,719,2,bank
215,fan_out,636,true,true,1,130.00,130.00,44,62,2,bank
215,fan_out,7672,false,true,1,130.00,130.00,44,62,2,bank
215,fan_out,2382,false,true,1,130.00,130.00,44,62,2,bank
215,fan_out,4313,false,true,1,130.00,130.00,44,62,2,bank
215,fan_out,1221,false,true,1,130.00,130.00,44,62,2,bank
215,fan_out,288,false,true,1,130.00,130.00,44,62,2,bank
215,fan_out,3679,false,true,1,130.00,130.00,44,62,2,bank
215,fan_out,10020,false,true,1,130.00,130.00,44,62,2,bank
215,fan_out,3084,false,true,1,130.00,130.00,44,62,2,bank
215,fan_out,10061,false,true,1,130.00,130.00,44,62,2,bank
216,fan_out,765,true,true,1,160.00,160.00,207,222,2,bank
216,fan_out,2720,false,true,1,160.00,160.00,207,222,2,bank
216,fan_out,6958,false,true,1,160.00,160.00,207,222,2,bank
216,fan_out,5001,false,true,1,160.00,160.00,207,222,2,bank
216,fan_out,10310,false,true,1,160.00,160.00,207,222,2,bank
216,fan_out,2882,false,true,1,160.00,160.00,207,222,2,bank
216,fan_out,1740,false,true,1,160.00,160.00,207,222,2,bank
216,fan_out,7197,false,true,1,160.00,160.00,207,222,2,bank
216,fan_out,7738,false,true,1,160.00,160.00,207,222,2,bank
216,fan_out,5230,false,true,1,160.00,160.00,207,222,2,bank
217,fan_out,879,true,true,1,200.00,200.00,517,525,2,bank
217,fan_out,1135,false,true,1,200.00,200.00,517,525,2,bank
217,fan_out,4834,false,true,1,200.00,200.00,517,525,2,bank
217,fan_out,7564,false,true,1,200.00,200.00,517,525,2,bank
217,fan_out,10179,false,true,1,200.00,200.00,517,525,2,bank
218,fan_out,100,true,true,1,140.00,140.00,28,42,2,bank
218,fan_out,11259,false,true,1,140.00,140.00,28,42,2,bank
218,fan_out,4197,false,true,1,140.00,140.00,28,42,2,bank
218,fan_out,3416,false,true,1,140.00,140.00,28,42,2,bank
218,fan_out,6354,false,true,1,140.00,140.00,28,42,2,bank
218,fan_out,10277,false,true,1,140.00,140.00,28,42,2,bank
218,fan_out,6418,false,true,1,140.00,140.00,28,42,2,bank
219,fan_out,379,true,true,1,120.00,120.00,30,37,2,bank
219,fan_out,6712,false,true,1,120.00,120.00,30,37,2,bank
219,fan_out,11872,false,true,1,120.00,120.00,30,37,2,bank
219,fan_out,3663,false,true,1,120.00,120.00,30,37,2,bank
219,fan_out,2174,false,true,1,120.00,120.00,30,37,2,bank
220,fan_out,96,true,true,1,100.00,100.00,596,611,2,bank
220,fan_out,11504,false,true,1,100.00,100.00,596,611,2,bank
220,fan_out,4665,false,true,1,100.00,100.00,596,611,2,bank
220,fan_out,11375,false,true,1,100.00,100.00,596,611,2,bank
220,fan_out,10847,false,true,1,100.00,100.00,596,611,2,bank
220,fan_out,10825,false,true,1,100.00,100.00,596,611,2,bank
221,fan_out,74,true,true,1,140.00,140.00,564,580,2,bank
221,fan_out,3542,false,true,1,140.00,140.00,564,580,2,bank
221,fan_out,11569,false,true,1,140.00,140.00,564,580,2,bank
221,fan_out,7510,false,true,1,140.00,140.00,564,580,2,bank
221,fan_out,1550,false,true,1,140.00,140.00,564,580,2,bank
221,fan_out,6309,false,true,1,140.00,140.00,564,580,2,bank
222,fan_out,394,true,true,1,150.00,150.00,11,30,2,bank
222,fan_out,537,false,true,1,150.00,150.00,11,30,2,bank
222,fan_out,11280,false,true,1,150.00,150.00,11,30,2,bank
222,fan_out,161,false,true,1,150.00,150.00,11,30,2,bank
222,fan_out,9643,false,true,1,150.00,150.00,11,30,2,bank
222,fan_out,3102,false,true,1,150.00,150.00,11,30,2,bank
222,fan_out,11025,false,true,1,150.00,150.00,11,30,2,bank
222,fan_out,7329,false,true,1,150.00,150.00,11,30,2,bank
222,fan_out,11085,false,true,1,150.00,150.00,11,30,2,bank
223,fan_out,650,true,true,1,110.00,110.00,243,250,2,bank
223,fan_out,9450,false,true,1,110.00,110.00,243,250,2,bank
223,fan_out,6342,false,true,1,110.00,110.00,243,250,2,bank
223,fan_out,10662,false,true,1,110.00,110.00,243,250,2,bank
223,fan_out,9237,false,true,1,110.00,110.00,243,250,2,bank
223,fan_out,3786,false,true,1,110.00,110.00,243,250,2,bank
223,fan_out,10198,false,true,1,110.00,110.00,243,250,2,bank
223,fan_out,1155,false,true,1,110.00,110.00,243,250,2,bank
223,fan_out,840,false,true,1,110.00,110.00,243,250,2,bank
223,fan_out,4406,false,true,1,110.00,110.00,243,250,2,bank
224,fan_out,143,true,true,1,200.00,200.00,346,363,2,bank
224,fan_out,1154,false,true,1,200.00,200.00,346,363,2,bank
224,fan_out,9208,false,true,1,200.00,200.00,346,363,2,bank
224,fan_out,11053,false,true,1,200.00,200.00,346,363,2,bank
224,fan_out,5396,false,true,1,200.00,200.00,346,363,2,bank
224,fan_out,5735,false,true,1,200.00,200.00,346,363,2,bank
224,fan_out,3075,false,true,1,200.00,200.00,346,363,2,bank
224,fan_out,2105,false,true,1,200.00,200.00,346,363,2,bank
224,fan_out,7008,false,true,1,200.00,200.00,346,363,2,bank
225,fan_out,491,true,true,1,130.00,130.00,28,46,2,bank
225,fan_out,11624,false,true,1,130.00,130.00,28,46,2,bank
225,fan_out,6886,false,true,1,130.00,130.00,28,46,2,bank
225,fan_out,1813,false,true,1,130.00,130.00,28,46,2,bank
225,fan_out,7237,false,true,1,130.00,130.00,28,46,2,bank
225,fan_out,3860,false,true,1,130.00,130.00,28,46,2,bank
226,fan_out,695,true,true,1,140.00,140.00,171,181,2,bank
226,fan_out,5129,false,true,1,140.00,140.00,171,181,2,bank
226,fan_out,5548,false,true,1,140.00,140.00,171,181,2,bank
226,fan_out,7215,false,true,1,140.00,140.00,171,181,2,bank
226,fan_out,11835,false,true,1,140.00,140.00,171,181,2,bank
226,fan_out,890,false,true,1,140.00,140.00,171,181,2,bank
226,fan_out,8556,false,true,1,140.00,140.00,171,181,2,bank
226,fan_out,363,false,true,1,140.00,140.00,171,181,2,bank
227,fan_out,763,true,true,1,180.00,180.00,92,98,2,bank
227,fan_out,4815,false,true,1,180.00,180.00,92,98,2,bank
227,fan_out,2794,false,true,1,180.00,180.00,92,98,2,bank
227,fan_out,8739,false,true,1,180.00,180.00,92,98,2,bank
227,fan_out,5737,false,true,1,180.00,180.00,92,98,2,bank
227,fan_out,3353,false,true,1,180.00,180.00,92,98,2,bank
227,fan_out,3217,false,true,1,180.00,180.00,92,98,2,bank
227,fan_out,10675,false,true,1,180.00,180.00,92,98,2,bank
227,fan_out,6661,false,true,1,180.00,180.00,92,98,2,bank
227,fan_out,3783,false,true,1,180.00,180.00,92,98,2,bank
228,fan_out,404,true,true,1,130.00,130.00,189,194,2,bank
228,fan_out,718,false,true,1,130.00,130.00,189,194,2,bank
228,fan_out,3813,false,true,1,130.00,130.00,189,194,2,bank
228,fan_out,1258,false,true,1,130.00,130.00,189,194,2,bank
228,fan_out,5903,false,true,1,130.00,130.00,189,194,2,bank
229,fan_out,642,true,true,1,190.00,190.00,62,70,2,bank
229,fan_out,8772,false,true,1,190.00,190.00,62,70,2,bank
229,fan_out,7381,false,true,1,190.00,190.00,62,70,2,bank
229,fan_out,1944,false,true,1,190.00,190.00,62,70,2,bank
229,fan_out,7868,false,true,1,190.00,190.00,62,70,2,bank
229,fan_out,1606,false,true,1,190.00,190.00,62,70,2,bank
230,fan_out,476,true,true,1,110.00,110.00,324,329,2,bank
230,fan_out,7427,false,true,1,110.00,110.00,324,329,2,bank
230,fan_out,6901,false,true,1,110.00,110.00,324,329,2,bank
230,fan_out,1299,false,true,1,110.00,110.00,324,329,2,bank
230,fan_out,400,false,true,1,110.00,110.00,324,329,2,bank
230,fan_out,2456,false,true,1,110.00,110.00,324,329,2,bank
230,fan_out,1655,false,true,1,110.00,110.00,324,329,2,bank
230,fan_out,10207,false,true,1,110.00,110.00,324,329,2,bank
230,fan_out,1389,false,true,1,110.00,110.00,324,329,2,bank
230,fan_out,2696,false,true,1,110.00,110.00,324,329,2,bank
231,fan_out,1102,true,true,1,190.00,190.00,525,529,2,bank
231,fan_out,10167,false,true,1,190.00,190.00,525,529,2,bank
231,fan_out,5202,false,true,1,190.00,190.00,525,529,2,bank
231,fan_out,5078,false,true,1,190.00,190.00,525,529,2,bank
231,fan_out,2190,false,true,1,190.00,190.00,525,529,2,bank
231,fan_out,11194,false,true,1,190.00,190.00,525,529,2,bank
232,fan_out,668,true,true,1,190.00,190.00,622,641,2,bank
232,fan_out,712,false,true,1,190.00,190.00,622,641,2,bank
232,fan_out,1414,false,true,1,190.00,190.00,622,641,2,bank
232,fan_out,4039,false,true,1,190.00,190.00,622,641,2,bank
232,fan_out,6124,false,true,1,190.00,190.00,622,641,2,bank
232,fan_out,11798,false,true,1,190.00,190.00,622,641,2,bank
233,fan_out,276,true,true,1,110.00,110.00,291,304,2,bank
233,fan_out,11690,false,true,1,110.00,110.00,291,304,2,bank
233,fan_out,3202,false,true,1,110.00,110.00,291,304,2,bank
233,fan_out,7082,false,true,1,110.00,110.00,291,304,2,bank
233,fan_out,7416,false,true,1,110.00,110.00,291,304,2,bank
234,fan_out,391,true,true,1,200.00,200.00,351,365,2,bank
234,fan_out,7241,false,true,1,200.00,200.00,351,365,2,bank
234,fan_out,10528,false,true,1,200.00,200.00,351,365,2,bank
234,fan_out,6145,false,true,1,200.00,200.00,351,365,2,bank
234,fan_out,7337,false,true,1,200.00,200.00,351,365,2,bank
235,fan_out,292,true,true,1,150.00,150.00,675,694,2,bank
235,fan_out,9513,false,true,1,150.00,150.00,675,694,2,bank
235,fan_out,11632,false,true,1,150.00,150.00,675,694,2,bank
235,fan_out,5046,false,true,1,150.00,150.00,675,694,2,bank
235,fan_out,9280,false,true,1,150.00,150.00,675,694,2,bank
235,fan_out,1640,false,true,1,150.00,150.00,675,694,2,bank
236,fan_out,634,true,true,1,110.00,110.00,106,121,2,bank
236,fan_out,756,false,true,1,110.00,110.00,106,121,2,bank
236,fan_out,4085,false,true,1,110.00,110.00,106,121,2,bank
236,fan_out,5625,false,true,1,110.00,110.00,106,121,2,bank
236,fan_out,5599,false,true,1,110.00,110.00,106,121,2,bank
237,fan_out,10,true,true,1,100.00,100.00,89,94,2,bank
237,fan_out,11040,false,true,1,100.00,100.00,89,94,2,bank
237,fan_out,5952,false,true,1,100.00,100.00,89,94,2,bank
237,fan_out,5691,false,true,1,100.00,100.00,89,94,2,bank
237,fan_out,7249,false,true,1,100.00,100.00,89,94,2,bank
237,fan_out,10979,false,true,1,100.00,100.00,89,94,2,bank
237,fan_out,10117,false,true,1,100.00,100.00,89,94,2,bank
237,fan_out,5702,false,true,1,100.00,100.00,89,94,2,bank
237,fan_out,8272,false,true,1,100.00,100.00,89,94,2,bank
238,fan_out,703,true,true,1,100.00,100.00,133,137,2,bank
238,fan_out,1256,false,true,1,100.00,100.00,133,137,2,bank
238,fan_out,1999,false,true,1,100.00,100.00,133,137,2,bank
238,fan_out,3235,false,true,1,100.00,100.00,133,137,2,bank
238,fan_out,7788,false,true,1,100.00,100.00,133,137,2,bank
238,fan_out,1792,false,true,1,100.00,100.00,133,137,2,bank
239,fan_out,866,true,true,1,200.00,200.00,243,247,2,bank
239,fan_out,5118,false,true,1,200.00,200.00,243,247,2,bank
239,fan_out,8128,false,true,1,200.00,200.00,243,247,2,bank
239,fan_out,2112,false,true,1,200.00,200.00,243,247,2,bank
239,fan_out,5467,false,true,1,200.00,200.00,243,247,2,bank
239,fan_out,11919,false,true,1,200.00,200.00,243,247,2,bank
239,fan_out,6234,false,true,1,200.00,200.00,243,247,2,bank
239,fan_out,4906,false,true,1,200.00,200.00,243,247,2,bank
240,fan_out,120,true,true,1,130.00,130.00,353,365,2,bank
240,fan_out,1668,false,true,1,130.00,130.00,353,365,2,bank
240,fan_out,5901,false,true,1,130.00,130.00,353,365,2,bank
240,fan_out,11631,false,true,1,130.00,130.00,353,365,2,bank
240,fan_out,10367,false,true,1,130.00,130.00,353,365,2,bank
240,fan_out,10615,false,true,1,130.00,130.00,353,365,2,bank
240,fan_out,8854,false,true,1,130.00,130.00,353,365,2,bank
241,fan_out,279,true,true,1,120.00,120.00,489,502,2,bank
241,fan_out,3524,false,true,1,120.00,120.00,489,502,2,bank
241,fan_out,5991,false,true,1,120.00,120.00,489,502,2,bank
241,fan_out,10235,false,true,1,120.00,120.00,489,502,2,bank
241,fan_out,7876,false,true,1,120.00,120.00,489,502,2,bank
241,fan_out,7492,false,true,1,120.00,120.00,489,502,2,bank
241,fan_out,7992,false,true,1,120.00,120.00,489,502,2,bank
241,fan_out,4825,false,true,1,120.00,120.00,489,502,2,bank
241,fan_out,11480,false,true,1,120.00,120.00,489,502,2,bank
242,fan_out,707,true,true,1,170.00,170.00,658,676,2,bank
242,fan_out,8227,false,true,1,170.00,170.00,658,676,2,bank
242,fan_out,10293,false,true,1,170.00,170.00,658,676,2,bank
242,fan_out,6091,false,true,1,170.00,170.00,658,676,2,bank
242,fan_out,6803,false,true,1,170.00,170.00,658,676,2,bank
242,fan_out,9544,false,true,1,170.00,170.00,658,676,2,bank
242,fan_out,6067,false,true,1,170.00,170.00,658,676,2,bank
242,fan_out,6667,false,true,1,170.00,170.00,658,676,2,bank
243,fan_out,623,true,true,1,180.00,180.00,18,24,2,bank
243,fan_out,3484,false,true,1,180.00,180.00,18,24,2,bank
243,fan_out,7321,false,true,1,180.00,180.00,18,24,2,bank
243,fan_out,1964,false,true,1,180.00,180.00,18,24,2,bank
243,fan_out,2397,false,true,1,180.00,180.00,18,24,2,bank
243,fan_out,8217,false,true,1,180.00,180.00,18,24,2,bank
244,fan_out,556,true,true,1,110.00,110.00,178,188,2,bank
244,fan_out,3070,false,true,1,110.00,110.00,178,188,2,bank
244,fan_out,7236,false,true,1,110.00,110.00,178,188,2,bank
244,fan_out,10656,false,true,1,110.00,110.00,178,188,2,bank
244,fan_out,6928,false,true,1,110.00,110.00,178,188,2,bank
244,fan_out,5598,false,true,1,110.00,110.00,178,188,2,bank
244,fan_out,3448,false,true,1,110.00,110.00,178,188,2,bank
244,fan_out,7972,false,true,1,110.00,110.00,178,188,2,bank
244,fan_out,5956,false,true,1,110.00,110.00,178,188,2,bank
244,fan_out,8721,false,true,1,110.00,110.00,178,188,2,bank
245,fan_out,751,true,true,1,130.00,130.00,578,592,2,bank
245,fan_out,10557,false,true,1,130.00,130.00,578,592,2,bank
245,fan_out,9631,false,true,1,130.00,130.00,578,592,2,bank
245,fan_out,5762,false,true,1,130.00,130.00,578,592,2,bank
245,fan_out,3764,false,true,1,130.00,130.00,578,592,2,bank
245,fan_out,3017,false,true,1,130.00,130.00,578,592,2,bank
245,fan_out,11034,false,true,1,130.00,130.00,578,592,2,bank
245,fan_out,7643,false,true,1,130.00,130.00,578,592,2,bank
245,fan_out,4128,false,true,1,130.00,130.00,578,592,2,bank
246,fan_out,214,true,true,1,190.00,190.00,56,62,2,bank
246,fan_out,6047,false,true,1,190.00,190.00,56,62,2,bank
246,fan_out,11140,false,true,1,190.00,190.00,56,62,2,bank
246,fan_out,1784,false,true,1,190.00,190.00,56,62,2,bank
246,fan_out,9883,false,true,1,190.00,190.00,56,62,2,bank
246,fan_out,8620,false,true,1,190.00,190.00,56,62,2,bank
246,fan_out,11528,false,true,1,190.00,190.00,56,62,2,bank
246,fan_out,8958,false,true,1,190.00,190.00,56,62,2,bank
246,fan_out,5823,false,true,1,190.00,190.00,56,62,2,bank
246,fan_out,11604,false,true,1,190.00,190.00,56,62,2,bank
247,fan_out,892,true,true,1,170.00,170.00,479,487,2,bank
247,fan_out,10955,false,true,1,170.00,170.00,479,487,2,bank
247,fan_out,5298,false,true,1,170.00,170.00,479,487,2,bank
247,fan_out,10681,false,true,1,170.00,170.00,479,487,2,bank
247,fan_out,4620,false,true,1,170.00,170.00,479,487,2,bank
247,fan_out,2253,false,true,1,170.00,170.00,479,487,2,bank
247,fan_out,10882,false,true,1,170.00,170.00,479,487,2,bank
247,fan_out,896,false,true,1,170.00,170.00,479,487,2,bank
247,fan_out,11114,false,true,1,170.00,170.00,479,487,2,bank
247,fan_out,4221,false,true,1,170.00,170.00,479,487,2,bank
248,fan_out,484,true,true,1,150.00,150.00,402,418,2,bank
248,fan_out,5066,false,true,1,150.00,150.00,402,418,2,bank
248,fan_out,8307,false,true,1,150.00,150.00,402,418,2,bank
248,fan_out,1099,false,true,1,150.00,150.00,402,418,2,bank
248,fan_out,2296,false,true,1,150.00,150.00,402,418,2,bank
248,fan_out,11975,false,true,1,150.00,150.00,402,418,2,bank
248,fan_out,7655,false,true,1,150.00,150.00,402,418,2,bank
248,fan_out,7218,false,true,1,150.00,150.00,402,418,2,bank
248,fan_out,2100,false,true,1,150.00,150.00,402,418,2,bank
248,fan_out,9085,false,true,1,150.00,150.00,402,418,2,bank
249,fan_out,158,true,true,1,160.00,160.00,409,423,2,bank
249,fan_out,10402,false,true,1,160.00,160.00,409,423,2,bank
249,fan_out,10309,false,true,1,160.00,160.00,409,423,2,bank
249,fan_out,949,false,true,1,160.00,160.00,409,423,2,bank
249,fan_out,6330,false,true,1,160.00,160.00,409,423,2,bank
249,fan_out,6792,false,true,1,160.00,160.00,409,423,2,bank
249,fan_out,9229,false,true,1,160.00,160.00,409,423,2,bank
249,fan_out,11458,false,true,1,160.00,160.00,409,423,2,bank
249,fan_out,5597,false,true,1,160.00,160.00,409,423,2,bank
249,fan_out,11868,false,true,1,160.00,160.00,409,423,2,bank
250,fan_out,160,true,true,1,170.00,170.00,331,345,2,bank
250,fan_out,5587,false,true,1,170.00,170.00,331,345,2,bank
250,fan_out,11294,false,true,1,170.00,170.00,331,345,2,bank
250,fan_out,2462,false,true,1,170.00,170.00,331,345,2,bank
250,fan_out,7206,false,true,1,170.00,170.00,331,345,2,bank
250,fan_out,6127,false,true,1,170.00,170.00,331,345,2,bank
250,fan_out,10189,false,true,1,170.00,170.00,331,345,2,bank
250,fan_out,10794,false,true,1,170.00,170.00,331,345,2,bank
250,fan_out,10130,false,true,1,170.00,170.00,331,345,2,bank
251,fan_out,582,true,true,1,170.00,170.00,51,57,2,bank
251,fan_out,663,false,true,1,170.00,170.00,51,57,2,bank
251,fan_out,10404,false,true,1,170.00,170.00,51,57,2,bank
251,fan_out,10446,false,true,1,170.00,170.00,51,57,2,bank
251,fan_out,2825,false,true,1,170.00,170.00,51,57,2,bank
252,fan_out,3,true,true,1,180.00,180.00,647,653,2,bank
252,fan_out,11433,false,true,1,180.00,180.00,647,653,2,bank
252,fan_out,3637,false,true,1,180.00,180.00,647,653,2,bank
252,fan_out,11586,false,true,1,180.00,180.00,647,653,2,bank
252,fan_out,4643,false,true,1,180.00,180.00,647,653,2,bank
252,fan_out,11299,false,true,1,180.00,180.00,647,653,2,bank
252,fan_out,3014,false,true,1,180.00,180.00,647,653,2,bank
252,fan_out,3507,false,true,1,180.00,180.00,647,653,2,bank
252,fan_out,2496,false,true,1,180.00,180.00,647,653,2,bank
252,fan_out,3244,false,true,1,180.00,180.00,647,653,2,bank
253,fan_out,649,true,true,1,120.00,120.00,107,114,2,bank
253,fan_out,4615,false,true,1,120.00,120.00,107,114,2,bank
253,fan_out,10856,false,true,1,120.00,120.00,107,114,2,bank
253,fan_out,8708,false,true,1,120.00,120.00,107,114,2,bank
253,fan_out,5108,false,true,1,120.00,120.00,107,114,2,bank
253,fan_out,662,false,true,1,120.00,120.00,107,114,2,bank
253,fan_out,10328,false,true,1,120.00,120.00,107,114,2,bank
254,fan_out,610,true,true,1,170.00,170.00,481,498,2,bank
254,fan_out,855,false,true,1,170.00,170.00,481,498,2,bank
254,fan_out,6290,false,true,1,170.00,170.00,481,498,2,bank
254,fan_out,4343,false,true,1,170.00,170.00,481,498,2,bank
254,fan_out,8940,false,true,1,170.00,170.00,481,498,2,bank
254,fan_out,4998,false,true,1,170.00,170.00,481,498,2,bank
254,fan_out,7216,false,true,1,170.00,170.00,481,498,2,bank
255,fan_out,548,true,true,1,130.00,130.00,289,302,2,bank
255,fan_out,10619,false,true,1,130.00,130.00,289,302,2,bank
255,fan_out,2992,false,true,1,130.00,130.00,289,302,2,bank
255,fan_out,4076,false,true,1,130.00,130.00,289,302,2,bank
255,fan_out,11396,false,true,1,130.00,130.00,289,302,2,bank
255,fan_out,10585,false,true,1,130.00,130.00,289,302,2,bank
255,fan_out,7268,false,true,1,130.00,130.00,289,302,2,bank
255,fan_out,6178,false,true,1,130.00,130.00,289,302,2,bank
255,fan_out,5533,false,true,1,130.00,130.00,289,302,2,bank
255,fan_out,7670,false,true,1,130.00,130.00,289,302,2,bank
256,fan_out,1104,true,true,1,190.00,190.00,516,535,2,bank
256,fan_out,11018,false,true,1,190.00,190.00,516,535,2,bank
256,fan_out,9521,false,true,1,190.00,190.00,516,535,2,bank
256,fan_out,3546,false,true,1,190.00,190.00,516,535,2,bank
256,fan_out,9004,false,true,1,190.00,190.00,516,535,2,bank
257,fan_out,75,true,true,1,170.00,170.00,260,264,2,bank
257,fan_out,6444,false,true,1,170.00,170.00,260,264,2,bank
257,fan_out,3287,false,true,1,170.00,170.00,260,264,2,bank
257,fan_out,8972,false,true,1,170.00,170.00,260,264,2,bank
257,fan_out,1722,false,true,1,170.00,170.00,260,264,2,bank
257,fan_out,5581,false,true,1,170.00,170.00,260,264,2,bank
257,fan_out,4655,false,true,1,170.00,170.00,260,264,2,bank
257,fan_out,4860,false,true,1,170.00,170.00,260,264,2,bank
257,fan_out,2787,false,true,1,170.00,170.00,260,264,2,bank
258,fan_out,307,true,true,1,120.00,120.00,625,629,2,bank
258,fan_out,6120,false,true,1,120.00,120.00,625,629,2,bank
258,fan_out,11836,false,true,1,120.00,120.00,625,629,2,bank
258,fan_out,3310,false,true,1,120.00,120.00,625,629,2,bank
258,fan_out,2695,false,true,1,120.00,120.00,625,629,2,bank
258,fan_out,5199,false,true,1,120.00,120.00,625,629,2,bank
258,fan_out,6437,false,true,1,120.00,120.00,625,629,2,bank
259,fan_out,266,true,true,1,140.00,140.00,539,545,2,bank
259,fan_out,10587,false,true,1,140.00,140.00,539,545,2,bank
259,fan_out,7408,false,true,1,140.00,140.00,539,545,2,bank
259,fan_out,7930,false,true,1,140.00,140.00,539,545,2,bank
259,fan_out,5684,false,true,1,140.00,140.00,539,545,2,bank
260,fan_out,648,true,true,1,130.00,130.00,463,481,2,bank
260,fan_out,4594,false,true,1,130.00,130.00,463,481,2,bank
260,fan_out,1437,false,true,1,130.00,130.00,463,481,2,bank
260,fan_out,8615,false,true,1,130.00,130.00,463,481,2,bank
260,fan_out,8653,false,true,1,130.00,130.00,463,481,2,bank
261,fan_out,98,true,true,1,180.00,180.00,399,416,2,bank
261,fan_out,1729,false,true,1,180.00,180.00,399,416,2,bank
261,fan_out,7678,false,true,1,180.00,180.00,399,416,2,bank
261,fan_out,5824,false,true,1,180.00,180.00,399,416,2,bank
261,fan_out,4553,false,true,1,180.00,180.00,399,416,2,bank
261,fan_out,8358,false,true,1,180.00,180.00,399,416,2,bank
261,fan_out,1485,false,true,1,180.00,180.00,399,416,2,bank
261,fan_out,2485,false,true,1,180.00,180.00,399,416,2,bank
261,fan_out,3074,false,true,1,180.00,180.00,399,416,2,bank
262,fan_out,660,true,true,1,110.00,110.00,243,247,2,bank
262,fan_out,851,false,true,1,110.00,110.00,243,247,2,bank
262,fan_out,4874,false,true,1,110.00,110.00,243,247,2,bank
262,fan_out,5620,false,true,1,110.00,110.00,243,247,2,bank
262,fan_out,7308,false,true,1,110.00,110.00,243,247,2,bank
262,fan_out,7798,false,true,1,110.00,110.00,243,247,2,bank
262,fan_out,4695,false,true,1,110.00,110.00,243,247,2,bank
262,fan_out,762,false,true,1,110.00,110.00,243,247,2,bank
262,fan_out,8627,false,true,1,110.00,110.00,243,247,2,bank
263,fan_out,733,true,true,1,180.00,180.00,474,490,2,bank
263,fan_out,10576,false,true,1,180.00,180.00,474,490,2,bank
263,fan_out,512,false,true,1,180.00,180.00,474,490,2,bank
263,fan_out,3001,false,true,1,180.00,180.00,474,490,2,bank
263,fan_out,10336,false,true,1,180.00,180.00,474,490,2,bank
263,fan_out,7300,false,true,1,180.00,180.00,474,490,2,bank
264,fan_out,320,true,true,1,140.00,140.00,73,90,2,bank
264,fan_out,7720,false,true,1,140.00,140.00,73,90,2,bank
264,fan_out,5672,false,true,1,140.00,140.00,73,90,2,bank
264,fan_out,3883,false,true,1,140.00,140.00,73,90,2,bank
264,fan_out,5192,false,true,1,140.00,140.00,73,90,2,bank
264,fan_out,6092,false,true,1,140.00,140.00,73,90,2,bank
265,fan_out,284,true,true,1,150.00,150.00,486,499,2,bank
265,fan_out,11143,false,true,1,150.00,150.00,486,499,2,bank
265,fan_out,6973,false,true,1,150.00,150.00,486,499,2,bank
265,fan_out,4681,false,true,1,150.00,150.00,486,499,2,bank
265,fan_out,4687,false,true,1,150.00,150.00,486,499,2,bank
266,fan_out,355,true,true,1,110.00,110.00,559,563,2,bank
266,fan_out,8340,false,true,1,110.00,110.00,559,563,2,bank
266,fan_out,10555,false,true,1,110.00,110.00,559,563,2,bank
266,fan_out,7533,false,true,1,110.00,110.00,559,563,2,bank
266,fan_out,1436,false,true,1,110.00,110.00,559,563,2,bank
267,fan_out,469,true,true,1,200.00,200.00,709,715,2,bank
267,fan_out,1228,false,true,1,200.00,200.00,709,715,2,bank
267,fan_out,5441,false,true,1,200.00,200.00,709,715,2,bank
267,fan_out,9507,false,true,1,200.00,200.00,709,715,2,bank
267,fan_out,8925,false,true,1,200.00,200.00,709,715,2,bank
267,fan_out,5258,false,true,1,200.00,200.00,709,715,2,bank
267,fan_out,4572,false,true,1,200.00,200.00,709,715,2,bank
267,fan_out,10399,false,true,1,200.00,200.00,709,715,2,bank
267,fan_out,6878,false,true,1,200.00,200.00,709,715,2,bank
268,fan_out,1106,true,true,1,170.00,170.00,616,622,2,bank
268,fan_out,7620,false,true,1,170.00,170.00,616,622,2,bank
268,fan_out,11352,false,true,1,170.00,170.00,616,622,2,bank
268,fan_out,10669,false,true,1,170.00,170.00,616,622,2,bank
268,fan_out,12024,false,true,1,170.00,170.00,616,622,2,bank
268,fan_out,2484,false,true,1,170.00,170.00,616,622,2,bank
268,fan_out,6230,false,true,1,170.00,170.00,616,622,2,bank
269,fan_out,195,true,true,1,140.00,140.00,249,266,2,bank
269,fan_out,1328,false,true,1,140.00,140.00,249,266,2,bank
269,fan_out,8964,false,true,1,140.00,140.00,249,266,2,bank
269,fan_out,7784,false,true,1,140.00,140.00,249,266,2,bank
269,fan_out,11152,false,true,1,140.00,140.00,249,266,2,bank
269,fan_out,1094,false,true,1,140.00,140.00,249,266,2,bank
270,fan_out,32,true,true,1,150.00,150.00,518,532,2,bank
270,fan_out,9413,false,true,1,150.00,150.00,518,532,2,bank
270,fan_out,149,false,true,1,150.00,150.00,518,532,2,bank
270,fan_out,10530,false,true,1,150.00,150.00,518,532,2,bank
270,fan_out,4342,false,true,1,150.00,150.00,518,532,2,bank
270,fan_out,11540,false,true,1,150.00,150.00,518,532,2,bank
270,fan_out,658,false,true,1,150.00,150.00,518,532,2,bank
270,fan_out,2416,false,true,1,150.00,150.00,518,532,2,bank
270,fan_out,7001,false,true,1,150.00,150.00,518,532,2,bank
271,fan_out,177,true,true,1,140.00,140.00,96,115,2,bank
271,fan_out,3563,false,true,1,140.00,140.00,96,115,2,bank
271,fan_out,11502,false,true,1,140.00,140.00,96,115,2,bank
271,fan_out,7654,false,true,1,140.00,140.00,96,115,2,bank
271,fan_out,121,false,true,1,140.00,140.00,96,115,2,bank
272,fan_out,727,true,true,1,160.00,160.00,350,368,2,bank
272,fan_out,9720,false,true,1,160.00,160.00,350,368,2,bank
272,fan_out,5698,false,true,1,160.00,160.00,350,368,2,bank
272,fan_out,5512,false,true,1,160.00,160.00,350,368,2,bank
272,fan_out,3006,false,true,1,160.00,160.00,350,368,2,bank
272,fan_out,3329,false,true,1,160.00,160.00,350,368,2,bank
272,fan_out,11899,false,true,1,160.00,160.00,350,368,2,bank
272,fan_out,7092,false,true,1,160.00,160.00,350,368,2,bank
272,fan_out,10747,false,true,1,160.00,160.00,350,368,2,bank
272,fan_out,11045,false,true,1,160.00,160.00,350,368,2,bank
273,fan_out,138,true,true,1,190.00,190.00,310,317,2,bank
273,fan_out,2676,false,true,1,190.00,190.00,310,317,2,bank
273,fan_out,6636,false,true,1,190.00,190.00,310,317,2,bank
273,fan_out,10428,false,true,1,190.00,190.00,310,317,2,bank
273,fan_out,5909,false,true,1,190.00,190.00,310,317,2,bank
273,fan_out,10016,false,true,1,190.00,190.00,310,317,2,bank
273,fan_out,10312,false,true,1,190.00,190.00,310,317,2,bank
273,fan_out,11783,false,true,1,190.00,190.00,310,317,2,bank
273,fan_out,4649,false,true,1,190.00,190.00,310,317,2,bank
273,fan_out,3624,false,true,1,190.00,190.00,310,317,2,bank
274,fan_out,189,true,true,1,190.00,190.00,113,118,2,bank
274,fan_out,6887,false,true,1,190.00,190.00,113,118,2,bank
274,fan_out,5775,false,true,1,190.00,190.00,113,118,2,bank
274,fan_out,4907,false,true,1,190.00,190.00,113,118,2,bank
274,fan_out,5155,false,true,1,190.00,190.00,113,118,2,bank
274,fan_out,7103,false,true,1,190.00,190.00,113,118,2,bank
274,fan_out,11701,false,true,1,190.00,190.00,113,118,2,bank
274,fan_out,6118,false,true,1,190.00,190.00,113,118,2,bank
275,fan_out,287,true,true,1,110.00,110.00,81,95,2,bank
275,fan_out,2188,false,true,1,110.00,110.00,81,95,2,bank
275,fan_out,1549,false,true,1,110.00,110.00,81,95,2,bank
275,fan_out,9978,false,true,1,110.00,110.00,81,95,2,bank
275,fan_out,9950,false,true,1,110.00,110.00,81,95,2,bank
275,fan_out,89,false,true,1,110.00,110.00,81,95,2,bank
275,fan_out,11761,false,true,1,110.00,110.00,81,95,2,bank
275,fan_out,11267,false,true,1,110.00,110.00,81,95,2,bank
275,fan_out,4639,false,true,1,110.00,110.00,81,95,2,bank
275,fan_out,904,false,true,1,110.00,110.00,81,95,2,bank
276,fan_out,483,true,true,1,170.00,170.00,628,644,2,bank
276,fan_out,2877,false,true,1,170.00,170.00,628,644,2,bank
276,fan_out,2591,false,true,1,170.00,170.00,628,644,2,bank
276,fan_out,7945,false,true,1,170.00,170.00,628,644,2,bank
276,fan_out,6452,false,true,1,170.00,170.00,628,644,2,bank
276,fan_out,156,false,true,1,170.00,170.00,628,644,2,bank
277,fan_out,61,true,true,1,100.00,100.00,658,676,2,bank
277,fan_out,6555,false,true,1,100.00,100.00,658,676,2,bank
277,fan_out,4409,false,true,1,100.00,100.00,658,676,2,bank
277,fan_out,5050,false,true,1,100.00,100.00,658,676,2,bank
277,fan_out,1886,false,true,1,100.00,100.00,658,676,2,bank
278,fan_out,891,true,true,1,140.00,140.00,95,108,2,bank
278,fan_out,5621,false,true,1,140.00,140.00,95,108,2,bank
278,fan_out,3418,false,true,1,140.00,140.00,95,108,2,bank
278,fan_out,5038,false,true,1,140.00,140.00,95,108,2,bank
278,fan_out,11852,false,true,1,140.00,140.00,95,108,2,bank
278,fan_out,8892,false,true,1,140.00,140.00,95,108,2,bank
278,fan_out,6572,false,true,1,140.00,140.00,95,108,2,bank
278,fan_out,11806,false,true,1,140.00,140.00,95,108,2,bank
279,fan_out,467,true,true,1,140.00,140.00,363,368,2,bank
279,fan_out,2081,false,true,1,140.00,140.00,363,368,2,bank
279,fan_out,3614,false,true,1,140.00,140.00,363,368,2,bank
279,fan_out,2287,false,true,1,140.00,140.00,363,368,2,bank
279,fan_out,3030,false,true,1,140.00,140.00,363,368,2,bank
279,fan_out,8988,false,true,1,140.00,140.00,363,368,2,bank
279,fan_out,2168,false,true,1,140.00,140.00,363,368,2,bank
280,fan_out,226,true,true,1,160.00,160.00,521,535,2,bank
280,fan_out,9826,false,true,1,160.00,160.00,521,535,2,bank
280,fan_out,1919,false,true,1,160.00,160.00,521,535,2,bank
280,fan_out,1574,false,true,1,160.00,160.00,521,535,2,bank
280,fan_out,9093,false,true,1,160.00,160.00,521,535,2,bank
281,fan_out,1108,true,true,1,110.00,110.00,237,243,2,bank
281,fan_out,10591,false,true,1,110.00,110.00,237,243,2,bank
281,fan_out,1419,false,true,1,110.00,110.00,237,243,2,bank
281,fan_out,5205,false,true,1,110.00,110.00,237,243,2,bank
281,fan_out,3829,false,true,1,110.00,110.00,237,243,2,bank
281,fan_out,1870,false,true,1,110.00,110.00,237,243,2,bank
282,fan_out,524,true,true,1,150.00,150.00,226,240,2,bank
282,fan_out,1233,false,true,1,150.00,150.00,226,240,2,bank
282,fan_out,4772,false,true,1,150.00,150.00,226,240,2,bank
282,fan_out,9851,false,true,1,150.00,150.00,226,240,2,bank
282,fan_out,8515,false,true,1,150.00,150.00,226,240,2,bank
282,fan_out,10221,false,true,1,150.00,150.00,226,240,2,bank
282,fan_out,6027,false,true,1,150.00,150.00,226,240,2,bank
282,fan_out,1114,false,true,1,150.00,150.00,226,240,2,bank
283,fan_out,601,true,true,1,120.00,120.00,85,96,2,bank
283,fan_out,4788,false,true,1,120.00,120.00,85,96,2,bank
283,fan_out,10463,false,true,1,120.00,120.00,85,96,2,bank
283,fan_out,2193,false,true,1,120.00,120.00,85,96,2,bank
283,fan_out,7931,false,true,1,120.00,120.00,85,96,2,bank
283,fan_out,5388,false,true,1,120.00,120.00,85,96,2,bank
283,fan_out,657,false,true,1,120.00,120.00,85,96,2,bank
283,fan_out,2492,false,true,1,120.00,120.00,85,96,2,bank
283,fan_out,8502,false,true,1,120.00,120.00,85,96,2,bank
284,fan_out,352,true,true,1,130.00,130.00,27,32,2,bank
284,fan_out,5225,false,true,1,130.00,130.00,27,32,2,bank
284,fan_out,1110,false,true,1,130.00,130.00,27,32,2,bank
284,fan_out,6352,false,true,1,130.00,130.00,27,32,2,bank
284,fan_out,11295,false,true,1,130.00,130.00,27,32,2,bank
284,fan_out,10155,false,true,1,130.00,130.00,27,32,2,bank
285,fan_out,144,true,true,1,100.00,100.00,214,221,2,bank
285,fan_out,7450,false,true,1,100.00,100.00,214,221,2,bank
285,fan_out,2410,false,true,1,100.00,100.00,214,221,2,bank
285,fan_out,9646,false,true,1,100.00,100.00,214,221,2,bank
285,fan_out,2125,false,true,1,100.00,100.00,214,221,2,bank
285,fan_out,11584,false,true,1,100.00,100.00,214,221,2,bank
285,fan_out,9122,false,true,1,100.00,100.00,214,221,2,bank
285,fan_out,10553,false,true,1,100.00,100.00,214,221,2,bank
285,fan_out,5460,false,true,1,100.00,100.00,214,221,2,bank
285,fan_out,11302,false,true,1,100.00,100.00,214,221,2,bank
286,fan_out,0,true,true,1,140.00,140.00,345,361,2,bank
286,fan_out,2042,false,true,1,140.00,140.00,345,361,2,bank
286,fan_out,10805,false,true,1,140.00,140.00,345,361,2,bank
286,fan_out,11474,false,true,1,140.00,140.00,345,361,2,bank
286,fan_out,8769,false,true,1,140.00,140.00,345,361,2,bank
286,fan_out,11475,false,true,1,140.00,140.00,345,361,2,bank
286,fan_out,1576,false,true,1,140.00,140.00,345,361,2,bank
287,fan_out,589,true,true,1,100.00,100.00,542,558,2,bank
287,fan_out,3595,false,true,1,100.00,100.00,542,558,2,bank
287,fan_out,9279,false,true,1,100.00,100.00,542,558,2,bank
287,fan_out,8623,false,true,1,100.00,100.00,542,558,2,bank
287,fan_out,10727,false,true,1,100.00,100.00,542,558,2,bank
287,fan_out,3195,false,true,1,100.00,100.00,542,558,2,bank
287,fan_out,11593,false,true,1,100.00,100.00,542,558,2,bank
287,fan_out,10100,false,true,1,100.00,100.00,542,558,2,bank
287,fan_out,1816,false,true,1,100.00,100.00,542,558,2,bank
287,fan_out,787,false,true,1,100.00,100.00,542,558,2,bank
288,fan_out,1105,true,true,1,110.00,110.00,436,447,2,bank
288,fan_out,10986,false,true,1,110.00,110.00,436,447,2,bank
288,fan_out,8512,false,true,1,110.00,110.00,436,447,2,bank
288,fan_out,9804,false,true,1,110.00,110.00,436,447,2,bank
288,fan_out,10665,false,true,1,110.00,110.00,436,447,2,bank
288,fan_out,1708,false,true,1,110.00,110.00,436,447,2,bank
288,fan_out,8366,false,true,1,110.00,110.00,436,447,2,bank
289,fan_out,51,true,true,1,100.00,100.00,125,134,2,bank
289,fan_out,4047,false,true,1,100.00,100.00,125,134,2,bank
289,fan_out,5904,false,true,1,100.00,100.00,125,134,2,bank
289,fan_out,1953,false,true,1,100.00,100.00,125,134,2,bank
289,fan_out,1276,false,true,1,100.00,100.00,125,134,2,bank
290,fan_out,91,true,true,1,120.00,120.00,522,526,2,bank
290,fan_out,8875,false,true,1,120.00,120.00,522,526,2,bank
290,fan_out,1962,false,true,1,120.00,120.00,522,526,2,bank
290,fan_out,2614,false,true,1,120.00,120.00,522,526,2,bank
290,fan_out,5484,false,true,1,120.00,120.00,522,526,2,bank
290,fan_out,680,false,true,1,120.00,120.00,522,526,2,bank
291,fan_out,867,true,true,1,120.00,120.00,281,298,2,bank
291,fan_out,8900,false,true,1,120.00,120.00,281,298,2,bank
291,fan_out,9665,false,true,1,120.00,120.00,281,298,2,bank
291,fan_out,1371,false,true,1,120.00,120.00,281,298,2,bank
291,fan_out,9499,false,true,1,120.00,120.00,281,298,2,bank
291,fan_out,9914,false,true,1,120.00,120.00,281,298,2,bank
291,fan_out,8619,false,true,1,120.00,120.00,281,298,2,bank
292,fan_out,34,true,true,1,140.00,140.00,525,540,2,bank
292,fan_out,1063,false,true,1,140.00,140.00,525,540,2,bank
292,fan_out,11700,false,true,1,140.00,140.00,525,540,2,bank
292,fan_out,3576,false,true,1,140.00,140.00,525,540,2,bank
292,fan_out,4458,false,true,1,140.00,140.00,525,540,2,bank
292,fan_out,2950,false,true,1,140.00,140.00,525,540,2,bank
292,fan_out,6671,false,true,1,140.00,140.00,525,540,2,bank
293,fan_out,1125,true,true,1,190.00,190.00,112,126,2,bank
293,fan_out,2749,false,true,1,190.00,190.00,112,126,2,bank
293,fan_out,8713,false,true,1,190.00,190.00,112,126,2,bank
293,fan_out,1465,false,true,1,190.00,190.00,112,126,2,bank
293,fan_out,2735,false,true,1,190.00,190.00,112,126,2,bank
293,fan_out,128,false,true,1,190.00,190.00,112,126,2,bank
293,fan_out,1052,false,true,1,190.00,190.00,112,126,2,bank
294,fan_out,609,true,true,1,190.00,190.00,528,532,2,bank
294,fan_out,2873,false,true,1,190.00,190.00,528,532,2,bank
294,fan_out,11304,false,true,1,190.00,190.00,528,532,2,bank
294,fan_out,1744,false,true,1,190.00,190.00,528,532,2,bank
294,fan_out,4412,false,true,1,190.00,190.00,528,532,2,bank
295,fan_out,14,true,true,1,190.00,190.00,647,656,2,bank
295,fan_out,4765,false,true,1,190.00,190.00,647,656,2,bank
295,fan_out,2048,false,true,1,190.00,190.00,647,656,2,bank
295,fan_out,5380,false,true,1,190.00,190.00,647,656,2,bank
295,fan_out,3540,false,true,1,190.00,190.00,647,656,2,bank
296,fan_out,605,true,true,1,100.00,100.00,449,453,2,bank
296,fan_out,4745,false,true,1,100.00,100.00,449,453,2,bank
296,fan_out,8884,false,true,1,100.00,100.00,449,453,2,bank
296,fan_out,6489,false,true,1,100.00,100.00,449,453,2,bank
296,fan_out,9693,false,true,1,100.00,100.00,449,453,2,bank
296,fan_out,2734,false,true,1,100.00,100.00,449,453,2,bank
296,fan_out,9138,false,true,1,100.00,100.00,449,453,2,bank
297,fan_out,370,true,true,1,180.00,180.00,21,35,2,bank
297,fan_out,9820,false,true,1,180.00,180.00,21,35,2,bank
297,fan_out,8320,false,true,1,180.00,180.00,21,35,2,bank
297,fan_out,11728,false,true,1,180.00,180.00,21,35,2,bank
297,fan_out,3792,false,true,1,180.00,180.00,21,35,2,bank
297,fan_out,5394,false,true,1,180.00,180.00,21,35,2,bank
298,fan_out,583,true,true,1,120.00,120.00,678,697,2,bank
298,fan_out,9080,false,true,1,120.00,120.00,678,697,2,bank
298,fan_out,1032,false,true,1,120.00,120.00,678,697,2,bank
298,fan_out,1252,false,true,1,120.00,120.00,678,697,2,bank
298,fan_out,553,false,true,1,120.00,120.00,678,697,2,bank
298,fan_out,8581,false,true,1,120.00,120.00,678,697,2,bank
299,fan_out,496,true,true,1,180.00,180.00,512,529,2,bank
299,fan_out,3046,false,true,1,180.00,180.00,512,529,2,bank
299,fan_out,5248,false,true,1,180.00,180.00,512,529,2,bank
299,fan_out,887,false,true,1,180.00,180.00,512,529,2,bank
299,fan_out,9288,false,true,1,180.00,180.00,512,529,2,bank
300,cycle,380,true,true,3,72.99,111.26,620,630,2,bank
300,cycle,7192,false,true,3,100.13,111.26,620,630,2,bank
300,cycle,10871,false,true,3,90.12,100.13,620,630,2,bank
300,cycle,7373,false,true,3,81.11,90.12,620,630,2,bank
300,cycle,6348,false,true,3,72.99,81.11,620,630,2,bank
301,cycle,445,true,true,3,80.65,122.92,258,268,2,bank
301,cycle,5138,false,true,3,110.63,122.92,258,268,2,bank
301,cycle,7019,false,true,3,99.57,110.63,258,268,2,bank
301,cycle,5043,false,true,3,89.61,99.57,258,268,2,bank
301,cycle,6208,false,true,3,80.65,89.61,258,268,2,bank
302,cycle,313,true,true,3,51.57,133.12,264,273,2,bank
302,cycle,50,false,true,3,119.81,133.12,264,273,2,bank
302,cycle,1197,false,true,3,107.83,119.81,264,273,2,bank
302,cycle,1760,false,true,3,97.04,107.83,264,273,2,bank
302,cycle,10118,false,true,3,87.34,97.04,264,273,2,bank
302,cycle,1223,false,true,3,78.61,87.34,264,273,2,bank
302,cycle,6623,false,true,3,70.75,78.61,264,273,2,bank
302,cycle,12039,false,true,3,63.67,70.75,264,273,2,bank
302,cycle,4393,false,true,3,57.30,63.67,264,273,2,bank
302,cycle,6748,false,true,3,51.57,57.30,264,273,2,bank
303,cycle,494,true,true,3,63.22,107.07,585,593,2,bank
303,cycle,6569,false,true,3,96.36,107.07,585,593,2,bank
303,cycle,6173,false,true,3,86.73,96.36,585,593,2,bank
303,cycle,4811,false,true,3,78.05,86.73,585,593,2,bank
303,cycle,7083,false,true,3,70.25,78.05,585,593,2,bank
303,cycle,3833,false,true,3,63.22,70.25,585,593,2,bank
304,cycle,495,true,true,3,105.15,160.26,22,32,2,bank
304,cycle,10159,false,true,3,144.24,160.26,22,32,2,bank
304,cycle,4401,false,true,3,129.81,144.24,22,32,2,bank
304,cycle,2143,false,true,3,116.83,129.81,22,32,2,bank
304,cycle,11906,false,true,3,105.15,116.83,22,32,2,bank
305,cycle,350,true,true,3,78.30,181.90,346,365,2,bank
305,cycle,6942,false,true,3,163.71,181.90,346,365,2,bank
305,cycle,10646,false,true,3,147.34,163.71,346,365,2,bank
305,cycle,3625,false,true,3,132.61,147.34,346,365,2,bank
305,cycle,777,false,true,3,119.35,132.61,346,365,2,bank
305,cycle,9409,false,true,3,107.41,119.35,346,365,2,bank
305,cycle,7577,false,true,3,96.67,107.41,346,365,2,bank
305,cycle,9380,false,true,3,87.00,96.67,346,365,2,bank
305,cycle,11775,false,true,3,78.30,87.00,346,365,2,bank
306,cycle,180,true,true,3,59.31,137.78,572,577,2,bank
306,cycle,7633,false,true,3,124.00,137.78,572,577,2,bank
306,cycle,8711,false,true,3,111.60,124.00,572,577,2,bank
306,cycle,4246,false,true,3,100.44,111.60,572,577,2,bank
306,cycle,8761,false,true,3,90.40,100.44,572,577,2,bank
306,cycle,8989,false,true,3,81.36,90.40,572,577,2,bank
306,cycle,10845,false,true,3,73.22,81.36,572,577,2,bank
306,cycle,9045,false,true,3,65.90,73.22,572,577,2,bank
306,cycle,2433,false,true,3,59.31,65.90,572,577,2,bank
307,cycle,656,true,true,3,48.49,125.17,28,40,2,bank
307,cycle,4489,false,true,3,112.65,125.17,28,40,2,bank
307,cycle,8393,false,true,3,101.39,112.65,28,40,2,bank
307,cycle,6706,false,true,3,91.25,101.39,28,40,2,bank
307,cycle,11577,false,true,3,82.12,91.25,28,40,2,bank
307,cycle,757,false,true,3,73.91,82.12,28,40,2,bank
307,cycle,10927,false,true,3,66.52,73.91,28,40,2,bank
307,cycle,6689,false,true,3,59.87,66.52,28,40,2,bank
307,cycle,4600,false,true,3,53.88,59.87,28,40,2,bank
307,cycle,1458,false,true,3,48.49,53.88,28,40,2,bank
308,cycle,92,true,true,3,73.30,137.92,477,492,2,bank
308,cycle,6260,false,true,3,124.13,137.92,477,492,2,bank
308,cycle,8325,false,true,3,111.71,124.13,477,492,2,bank
308,cycle,11424,false,true,3,100.54,111.71,477,492,2,bank
308,cycle,7294,false,true,3,90.49,100.54,477,492,2,bank
308,cycle,4046,false,true,3,81.44,90.49,477,492,2,bank
308,cycle,10473,false,true,3,73.30,81.44,477,492,2,bank
309,cycle,126,true,true,3,65.70,111.26,153,165,2,bank
309,cycle,3336,false,true,3,100.14,111.26,153,165,2,bank
309,cycle,775,false,true,3,90.12,100.14,153,165,2,bank
309,cycle,420,false,true,3,81.11,90.12,153,165,2,bank
309,cycle,6248,false,true,3,73.00,81.11,153,165,2,bank
309,cycle,10400,false,true,3,65.70,73.00,153,165,2,bank
310,cycle,873,true,true,3,66.07,153.49,141,155,2,bank
310,cycle,8140,false,true,3,138.14,153.49,141,155,2,bank
310,cycle,7483,false,true,3,124.32,138.14,141,155,2,bank
310,cycle,8245,false,true,3,111.89,124.32,141,155,2,bank
310,cycle,4628,false,true,3,100.70,111.89,141,155,2,bank
310,cycle,1582,false,true,3,90.63,100.70,141,155,2,bank
310,cycle,7783,false,true,3,81.57,90.63,141,155,2,bank
310,cycle,8155,false,true,3,73.41,81.57,141,155,2,bank
310,cycle,4251,false,true,3,66.07,73.41,141,155,2,bank
311,cycle,409,true,true,3,64.39,134.63,311,318,2,bank
311,cycle,2618,false,true,3,121.17,134.63,311,318,2,bank
311,cycle,9599,false,true,3,109.05,121.17,311,318,2,bank
311,cycle,3113,false,true,3,98.15,109.05,311,318,2,bank
311,cycle,393,false,true,3,88.33,98.15,311,318,2,bank
311,cycle,8444,false,true,3,79.50,88.33,311,318,2,bank
311,cycle,11738,false,true,3,71.55,79.50,311,318,2,bank
311,cycle,11932,false,true,3,64.39,71.55,311,318,2,bank
312,cycle,671,true,true,3,93.76,176.42,210,215,2,bank
312,cycle,7169,false,true,3,158.78,176.42,210,215,2,bank
312,cycle,5897,false,true,3,142.90,158.78,210,215,2,bank
312,cycle,6010,false,true,3,128.61,142.90,210,215,2,bank
312,cycle,4973,false,true,3,115.75,128.61,210,215,2,bank
312,cycle,11866,false,true,3,104.17,115.75,210,215,2,bank
312,cycle,4806,false,true,3,93.76,104.17,210,215,2,bank
313,cycle,399,true,true,3,74.14,191.36,632,648,2,bank
313,cycle,8878,false,true,3,172.22,191.36,632,648,2,bank
313,cycle,9469,false,true,3,155.00,172.22,632,648,2,bank
313,cycle,4457,false,true,3,139.50,155.00,632,648,2,bank
313,cycle,6130,false,true,3,125.55,139.50,632,648,2,bank
313,cycle,10405,false,true,3,113.00,125.55,632,648,2,bank
313,cycle,1354,false,true,3,101.70,113.00,632,648,2,bank
313,cycle,8065,false,true,3,91.53,101.70,632,648,2,bank
313,cycle,5393,false,true,3,82.37,91.53,632,648,2,bank
313,cycle,8411,false,true,3,74.14,82.37,632,648,2,bank
314,cycle,65,true,true,3,119.88,182.71,207,224,2,bank
314,cycle,3369,false,true,3,164.44,182.71,207,224,2,bank
314,cycle,9031,false,true,3,148.00,164.44,207,224,2,bank
314,cycle,4836,false,true,3,133.20,148.00,207,224,2,bank
314,cycle,7789,false,true,3,119.88,133.20,207,224,2,bank
315,cycle,617,true,true,3,117.59,199.13,489,503,2,bank
315,cycle,7005,false,true,3,179.22,199.13,489,503,2,bank
315,cycle,468,false,true,3,161.30,179.22,489,503,2,bank
315,cycle,3875,false,true,3,145.17,161.30,489,503,2,bank
315,cycle,6235,false,true,3,130.65,145.17,489,503,2,bank
315,cycle,11753,false,true,3,117.59,130.65,489,503,2,bank
316,cycle,434,true,true,3,80.46,151.40,174,193,2,bank
316,cycle,1651,false,true,3,136.26,151.40,174,193,2,bank
316,cycle,2777,false,true,3,122.64,136.26,174,193,2,bank
316,cycle,1990,false,true,3,110.37,122.64,174,193,2,bank
316,cycle,8584,false,true,3,99.34,110.37,174,193,2,bank
316,cycle,4264,false,true,3,89.40,99.34,174,193,2,bank
316,cycle,1096,false,true,3,80.46,89.40,174,193,2,bank
317,cycle,651,true,true,3,57.00,107.25,178,197,2,bank
317,cycle,5942,false,true,3,96.52,107.25,178,197,2,bank
317,cycle,5880,false,true,3,86.87,96.52,178,197,2,bank
317,cycle,10541,false,true,3,78.18,86.87,178,197,2,bank
317,cycle,9050,false,true,3,70.36,78.18,178,197,2,bank
317,cycle,2908,false,true,3,63.33,70.36,178,197,2,bank
317,cycle,3502,false,true,3,57.00,63.33,178,197,2,bank
318,cycle,210,true,true,3,83.53,174.65,578,588,2,bank
318,cycle,10792,false,true,3,157.18,174.65,578,588,2,bank
318,cycle,11559,false,true,3,141.46,157.18,578,588,2,bank
318,cycle,4367,false,true,3,127.32,141.46,578,588,2,bank
318,cycle,10753,false,true,3,114.58,127.32,578,588,2,bank
318,cycle,7718,false,true,3,103.13,114.58,578,588,2,bank
318,cycle,8511,false,true,3,92.81,103.13,578,588,2,bank
318,cycle,6076,false,true,3,83.53,92.81,578,588,2,bank
319,cycle,737,true,true,3,70.33,181.55,50,65,2,bank
319,cycle,9547,false,true,3,163.39,181.55,50,65,2,bank
319,cycle,4630,false,true,3,147.05,163.39,50,65,2,bank
319,cycle,9493,false,true,3,132.35,147.05,50,65,2,bank
319,cycle,9473,false,true,3,119.11,132.35,50,65,2,bank
319,cycle,2627,false,true,3,107.20,119.11,50,65,2,bank
319,cycle,9573,false,true,3,96.48,107.20,50,65,2,bank
319,cycle,78,false,true,3,86.83,96.48,50,65,2,bank
319,cycle,244,false,true,3,78.15,86.83,50,65,2,bank
319,cycle,7970,false,true,3,70.33,78.15,50,65,2,bank
320,cycle,599,true,true,3,115.43,175.93,696,711,2,bank
320,cycle,9147,false,true,3,158.33,175.93,696,711,2,bank
320,cycle,6116,false,true,3,142.50,158.33,696,711,2,bank
320,cycle,5233,false,true,3,128.25,142.50,696,711,2,bank
320,cycle,6545,false,true,3,115.43,128.25,696,711,2,bank
321,cycle,365,true,true,3,58.90,136.84,282,291,2,bank
321,cycle,2095,false,true,3,123.15,136.84,282,291,2,bank
321,cycle,1642,false,true,3,110.84,123.15,282,291,2,bank
321,cycle,3165,false,true,3,99.76,110.84,282,291,2,bank
321,cycle,10383,false,true,3,89.78,99.76,282,291,2,bank
321,cycle,6577,false,true,3,80.80,89.78,282,291,2,bank
321,cycle,3395,false,true,3,72.72,80.80,282,291,2,bank
321,cycle,9565,false,true,3,65.45,72.72,282,291,2,bank
321,cycle,5264,false,true,3,58.90,65.45,282,291,2,bank
322,cycle,179,true,true,3,70.19,118.86,434,446,2,bank
322,cycle,1406,false,true,3,106.98,118.86,434,446,2,bank
322,cycle,3403,false,true,3,96.28,106.98,434,446,2,bank
322,cycle,10372,false,true,3,86.65,96.28,434,446,2,bank
322,cycle,11808,false,true,3,77.99,86.65,434,446,2,bank
322,cycle,5815,false,true,3,70.19,77.99,434,446,2,bank
323,cycle,526,true,true,3,76.90,160.78,528,541,2,bank
323,cycle,4480,false,true,3,144.70,160.78,528,541,2,bank
323,cycle,3435,false,true,3,130.23,144.70,528,541,2,bank
323,cycle,4068,false,true,3,117.21,130.23,528,541,2,bank
323,cycle,7020,false,true,3,105.49,117.21,528,541,2,bank
323,cycle,6523,false,true,3,94.94,105.49,528,541,2,bank
323,cycle,11388,false,true,3,85.45,94.94,528,541,2,bank
323,cycle,9043,false,true,3,76.90,85.45,528,541,2,bank
324,cycle,321,true,true,3,39.41,101.74,151,155,2,bank
324,cycle,1142,false,true,3,91.56,101.74,151,155,2,bank
324,cycle,258,false,true,3,82.41,91.56,151,155,2,bank
324,cycle,2969,false,true,3,74.17,82.41,151,155,2,bank
324,cycle,2123,false,true,3,66.75,74.17,151,155,2,bank
324,cycle,9865,false,true,3,60.07,66.75,151,155,2,bank
324,cycle,9701,false,true,3,54.07,60.07,151,155,2,bank
324,cycle,10502,false,true,3,48.66,54.07,151,155,2,bank
324,cycle,2181,false,true,3,43.79,48.66,151,155,2,bank
324,cycle,9591,false,true,3,39.41,43.79,151,155,2,bank
325,cycle,578,true,true,3,51.25,107.16,542,547,2,bank
325,cycle,7316,false,true,3,96.44,107.16,542,547,2,bank
325,cycle,3163,false,true,3,86.80,96.44,542,547,2,bank
325,cycle,11740,false,true,3,78.12,86.80,542,547,2,bank
325,cycle,7709,false,true,3,70.31,78.12,542,547,2,bank
325,cycle,8311,false,true,3,63.28,70.31,542,547,2,bank
325,cycle,2294,false,true,3,56.95,63.28,542,547,2,bank
325,cycle,4438,false,true,3,51.25,56.95,542,547,2,bank
326,cycle,285,true,true,3,73.70,190.24,333,342,2,bank
326,cycle,7908,false,true,3,171.22,190.24,333,342,2,bank
326,cycle,6131,false,true,3,154.10,171.22,333,342,2,bank
326,cycle,8283,false,true,3,138.69,154.10,333,342,2,bank
326,cycle,7186,false,true,3,124.82,138.69,333,342,2,bank
326,cycle,8443,false,true,3,112.34,124.82,333,342,2,bank
326,cycle,1868,false,true,3,101.10,112.34,333,342,2,bank
326,cycle,9314,false,true,3,90.99,101.10,333,342,2,bank
326,cycle,7346,false,true,3,81.89,90.99,333,342,2,bank
326,cycle,3694,false,true,3,73.70,81.89,333,342,2,bank
327,cycle,1118,true,true,3,73.33,153.31,210,214,2,bank
327,cycle,9715,false,true,3,137.97,153.31,210,214,2,bank
327,cycle,6251,false,true,3,124.18,137.97,210,214,2,bank
327,cycle,3793,false,true,3,111.76,124.18,210,214,2,bank
327,cycle,9000,false,true,3,100.58,111.76,210,214,2,bank
327,cycle,2737,false,true,3,90.53,100.58,210,214,2,bank
327,cycle,10140,false,true,3,81.47,90.53,210,214,2,bank
327,cycle,4195,false,true,3,73.33,81.47,210,214,2,bank
328,cycle,212,true,true,3,83.15,140.82,75,79,2,bank
328,cycle,9974,false,true,3,126.74,140.82,75,79,2,bank
328,cycle,7862,false,true,3,114.06,126.74,75,79,2,bank
328,cycle,5099,false,true,3,102.66,114.06,75,79,2,bank
328,cycle,11813,false,true,3,92.39,102.66,75,79,2,bank
328,cycle,8488,false,true,3,83.15,92.39,75,79,2,bank
329,cycle,888,true,true,3,85.00,129.56,331,337,2,bank
329,cycle,3254,false,true,3,116.60,129.56,331,337,2,bank
329,cycle,7412,false,true,3,104.94,116.60,331,337,2,bank
329,cycle,2742,false,true,3,94.45,104.94,331,337,2,bank
329,cycle,1372,false,true,3,85.00,94.45,331,337,2,bank
330,cycle,709,true,true,3,59.53,100.82,441,460,2,bank
330,cycle,8560,false,true,3,90.74,100.82,441,460,2,bank
330,cycle,5935,false,true,3,81.67,90.74,441,460,2,bank
330,cycle,3437,false,true,3,73.50,81.67,441,460,2,bank
330,cycle,12042,false,true,3,66.15,73.50,441,460,2,bank
330,cycle,7878,false,true,3,59.53,66.15,441,460,2,bank
331,cycle,1101,true,true,3,120.63,183.86,197,210,2,bank
331,cycle,11065,false,true,3,165.47,183.86,197,210,2,bank
331,cycle,7401,false,true,3,148.93,165.47,197,210,2,bank
331,cycle,3464,false,true,3,134.03,148.93,197,210,2,bank
331,cycle,11560,false,true,3,120.63,134.03,197,210,2,bank
332,cycle,395,true,true,3,56.75,146.49,384,403,2,bank
332,cycle,8655,false,true,3,131.84,146.49,384,403,2,bank
332,cycle,5029,false,true,3,118.65,131.84,384,403,2,bank
332,cycle,10710,false,true,3,106.79,118.65,384,403,2,bank
332,cycle,5799,false,true,3,96.11,106.79,384,403,2,bank
332,cycle,2645,false,true,3,86.50,96.11,384,403,2,bank
332,cycle,5265,false,true,3,77.85,86.50,384,403,2,bank
332,cycle,6025,false,true,3,70.06,77.85,384,403,2,bank
332,cycle,5218,false,true,3,63.06,70.06,384,403,2,bank
332,cycle,6164,false,true,3,56.75,63.06,384,403,2,bank
333,cycle,421,true,true,3,76.50,159.95,177,195,2,bank
333,cycle,3248,false,true,3,143.95,159.95,177,195,2,bank
333,cycle,3636,false,true,3,129.56,143.95,177,195,2,bank
333,cycle,11754,false,true,3,116.60,129.56,177,195,2,bank
333,cycle,8459,false,true,3,104.94,116.60,177,195,2,bank
333,cycle,3122,false,true,3,94.45,104.94,177,195,2,bank
333,cycle,992,false,true,3,85.00,94.45,177,195,2,bank
333,cycle,1700,false,true,3,76.50,85.00,177,195,2,bank
334,cycle,604,true,true,3,47.27,109.80,352,360,2,bank
334,cycle,10683,false,true,3,98.82,109.80,352,360,2,bank
334,cycle,1144,false,true,3,88.94,98.82,352,360,2,bank
334,cycle,1718,false,true,3,80.04,88.94,352,360,2,bank
334,cycle,8877,false,true,3,72.04,80.04,352,360,2,bank
334,cycle,7389,false,true,3,64.84,72.04,352,360,2,bank
334,cycle,9123,false,true,3,58.35,64.84,352,360,2,bank
334,cycle,6769,false,true,3,52.52,58.35,352,360,2,bank
334,cycle,3837,false,true,3,47.27,52.52,352,360,2,bank
335,cycle,504,true,true,3,46.90,108.96,71,77,2,bank
335,cycle,2393,false,true,3,98.07,108.96,71,77,2,bank
335,cycle,6557,false,true,3,88.26,98.07,71,77,2,bank
335,cycle,4982,false,true,3,79.43,88.26,71,77,2,bank
335,cycle,2671,false,true,3,71.49,79.43,71,77,2,bank
335,cycle,3592,false,true,3,64.34,71.49,71,77,2,bank
335,cycle,1980,false,true,3,57.91,64.34,71,77,2,bank
335,cycle,11582,false,true,3,52.12,57.91,71,77,2,bank
335,cycle,8587,false,true,3,46.90,52.12,71,77,2,bank
336,cycle,446,true,true,3,47.03,109.26,452,457,2,bank
336,cycle,3804,false,true,3,98.34,109.26,452,457,2,bank
336,cycle,8266,false,true,3,88.50,98.34,452,457,2,bank
336,cycle,8069,false,true,3,79.65,88.50,452,457,2,bank
336,cycle,3950,false,true,3,71.69,79.65,452,457,2,bank
336,cycle,3699,false,true,3,64.52,71.69,452,457,2,bank
336,cycle,900,false,true,3,58.07,64.52,452,457,2,bank
336,cycle,1254,false,true,3,52.26,58.07,452,457,2,bank
336,cycle,10291,false,true,3,47.03,52.26,452,457,2,bank
337,cycle,581,true,true,3,77.52,180.08,76,88,2,bank
337,cycle,10066,false,true,3,162.08,180.08,76,88,2,bank
337,cycle,1134,false,true,3,145.87,162.08,76,88,2,bank
337,cycle,2403,false,true,3,131.28,145.87,76,88,2,bank
337,cycle,10104,false,true,3,118.15,131.28,76,88,2,bank
337,cycle,6407,false,true,3,106.34,118.15,76,88,2,bank
337,cycle,2098,false,true,3,95.70,106.34,76,88,2,bank
337,cycle,7410,false,true,3,86.13,95.70,76,88,2,bank
337,cycle,8146,false,true,3,77.52,86.13,76,88,2,bank
338,cycle,59,true,true,3,89.82,169.00,11,30,2,bank
338,cycle,11555,false,true,3,152.10,169.00,11,30,2,bank
338,cycle,9075,false,true,3,136.89,152.10,11,30,2,bank
338,cycle,5390,false,true,3,123.20,136.89,11,30,2,bank
338,cycle,7181,false,true,3,110.88,123.20,11,30,2,bank
338,cycle,10592,false,true,3,99.80,110.88,11,30,2,bank
338,cycle,1638,false,true,3,89.82,99.80,11,30,2,bank
339,cycle,217,true,true,3,63.77,119.99,509,517,2,bank
339,cycle,3593,false,true,3,107.99,119.99,509,517,2,bank
339,cycle,5556,false,true,3,97.19,107.99,509,517,2,bank
339,cycle,928,false,true,3,87.47,97.19,509,517,2,bank
339,cycle,652,false,true,3,78.72,87.47,509,517,2,bank
339,cycle,429,false,true,3,70.85,78.72,509,517,2,bank
339,cycle,7386,false,true,3,63.77,70.85,509,517,2,bank
340,cycle,343,true,true,3,103.97,195.64,234,247,2,bank
340,cycle,10357,false,true,3,176.07,195.64,234,247,2,bank
340,cycle,4339,false,true,3,158.47,176.07,234,247,2,bank
340,cycle,1253,false,true,3,142.62,158.47,234,247,2,bank
340,cycle,7814,false,true,3,128.36,142.62,234,247,2,bank
340,cycle,3906,false,true,3,115.52,128.36,234,247,2,bank
340,cycle,2060,false,true,3,103.97,115.52,234,247,2,bank
341,cycle,676,true,true,3,55.68,129.35,82,93,2,bank
341,cycle,4924,false,true,3,116.42,129.35,82,93,2,bank
341,cycle,2166,false,true,3,104.77,116.42,82,93,2,bank
341,cycle,6101,false,true,3,94.30,104.77,82,93,2,bank
341,cycle,926,false,true,3,84.87,94.30,82,93,2,bank
341,cycle,4443,false,true,3,76.38,84.87,82,93,2,bank
341,cycle,1839,false,true,3,68.74,76.38,82,93,2,bank
341,cycle,4162,false,true,3,61.87,68.74,82,93,2,bank
341,cycle,8454,false,true,3,55.68,61.87,82,93,2,bank
342,cycle,625,true,true,3,73.50,170.75,712,719,2,bank
342,cycle,5403,false,true,3,153.68,170.75,712,719,2,bank
342,cycle,7326,false,true,3,138.31,153.68,712,719,2,bank
342,cycle,10478,false,true,3,124.48,138.31,712,719,2,bank
342,cycle,4636,false,true,3,112.03,124.48,712,719,2,bank
342,cycle,9110,false,true,3,100.83,112.03,712,719,2,bank
342,cycle,6063,false,true,3,90.74,100.83,712,719,2,bank
342,cycle,8576,false,true,3,81.67,90.74,712,719,2,bank
342,cycle,4626,false,true,3,73.50,81.67,712,719,2,bank
343,cycle,902,true,true,3,85.19,197.91,111,124,2,bank
343,cycle,11830,false,true,3,178.12,197.91,111,124,2,bank
343,cycle,7905,false,true,3,160.31,178.12,111,124,2,bank
343,cycle,8269,false,true,3,144.28,160.31,111,124,2,bank
343,cycle,6425,false,true,3,129.85,144.28,111,124,2,bank
343,cycle,7861,false,true,3,116.87,129.85,111,124,2,bank
343,cycle,10295,false,true,3,105.18,116.87,111,124,2,bank
343,cycle,2805,false,true,3,94.66,105.18,111,124,2,bank
343,cycle,5457,false,true,3,85.19,94.66,111,124,2,bank
344,cycle,608,true,true,3,75.90,128.54,628,644,2,bank
344,cycle,3548,false,true,3,115.68,128.54,628,644,2,bank
344,cycle,2966,false,true,3,104.12,115.68,628,644,2,bank
344,cycle,8578,false,true,3,93.70,104.12,628,644,2,bank
344,cycle,2540,false,true,3,84.33,93.70,628,644,2,bank
344,cycle,2231,false,true,3,75.90,84.33,628,644,2,bank
345,cycle,87,true,true,3,95.84,146.08,583,601,2,bank
345,cycle,8927,false,true,3,131.47,146.08,583,601,2,bank
345,cycle,1854,false,true,3,118.32,131.47,583,601,2,bank
345,cycle,4883,false,true,3,106.49,118.32,583,601,2,bank
345,cycle,9145,false,true,3,95.84,106.49,583,601,2,bank
346,cycle,191,true,true,3,103.50,157.75,355,366,2,bank
346,cycle,3150,false,true,3,141.98,157.75,355,366,2,bank
346,cycle,1455,false,true,3,127.78,141.98,355,366,2,bank
346,cycle,2539,false,true,3,115.00,127.78,355,366,2,bank
346,cycle,1330,false,true,3,103.50,115.00,355,366,2,bank
347,cycle,691,true,true,3,100.43,170.08,209,218,2,bank
347,cycle,2419,false,true,3,153.07,170.08,209,218,2,bank
347,cycle,10245,false,true,3,137.77,153.07,209,218,2,bank
347,cycle,1393,false,true,3,123.99,137.77,209,218,2,bank
347,cycle,7472,false,true,3,111.59,123.99,209,218,2,bank
347,cycle,11987,false,true,3,100.43,111.59,209,218,2,bank
348,cycle,2,true,true,3,76.56,160.07,630,635,2,bank
348,cycle,10801,false,true,3,144.06,160.07,630,635,2,bank
348,cycle,5455,false,true,3,129.66,144.06,630,635,2,bank
348,cycle,11008,false,true,3,116.69,129.66,630,635,2,bank
348,cycle,3080,false,true,3,105.02,116.69,630,635,2,bank
348,cycle,6037,false,true,3,94.52,105.02,630,635,2,bank
348,cycle,497,false,true,3,85.07,94.52,630,635,2,bank
348,cycle,8263,false,true,3,76.56,85.07,630,635,2,bank
349,cycle,118,true,true,3,84.98,177.68,301,310,2,bank
349,cycle,9401,false,true,3,159.91,177.68,301,310,2,bank
349,cycle,4697,false,true,3,143.92,159.91,301,310,2,bank
349,cycle,4369,false,true,3,129.53,143.92,301,310,2,bank
349,cycle,8603,false,true,3,116.58,129.53,301,310,2,bank
349,cycle,11947,false,true,3,104.92,116.58,301,310,2,bank
349,cycle,1929,false,true,3,94.43,104.92,301,310,2,bank
349,cycle,10025,false,true,3,84.98,94.43,301,310,2,bank
350,cycle,433,true,true,3,71.87,166.96,638,655,2,bank
350,cycle,8561,false,true,3,150.26,166.96,638,655,2,bank
350,cycle,5389,false,true,3,135.24,150.26,638,655,2,bank
350,cycle,8097,false,true,3,121.71,135.24,638,655,2,bank
350,cycle,3149,false,true,3,109.54,121.71,638,655,2,bank
350,cycle,1089,false,true,3,98.59,109.54,638,655,2,bank
350,cycle,5715,false,true,3,88.73,98.59,638,655,2,bank
350,cycle,1229,false,true,3,79.86,88.73,638,655,2,bank
350,cycle,11087,false,true,3,71.87,79.86,638,655,2,bank
351,cycle,428,true,true,3,69.86,118.31,150,162,2,bank
351,cycle,7547,false,true,3,106.48,118.31,150,162,2,bank
351,cycle,7973,false,true,3,95.83,106.48,150,162,2,bank
351,cycle,4074,false,true,3,86.25,95.83,150,162,2,bank
351,cycle,5681,false,true,3,77.62,86.25,150,162,2,bank
351,cycle,3438,false,true,3,69.86,77.62,150,162,2,bank
352,cycle,349,true,true,3,84.32,158.66,474,483,2,bank
352,cycle,3869,false,true,3,142.79,158.66,474,483,2,bank
352,cycle,10224,false,true,3,128.51,142.79,474,483,2,bank
352,cycle,7706,false,true,3,115.66,128.51,474,483,2,bank
352,cycle,2325,false,true,3,104.09,115.66,474,483,2,bank
352,cycle,3374,false,true,3,93.68,104.09,474,483,2,bank
352,cycle,1275,false,true,3,84.32,93.68,474,483,2,bank
353,cycle,659,true,true,3,60.07,139.55,448,459,2,bank
353,cycle,10177,false,true,3,125.60,139.55,448,459,2,bank
353,cycle,4727,false,true,3,113.04,125.60,448,459,2,bank
353,cycle,9340,false,true,3,101.73,113.04,448,459,2,bank
353,cycle,5678,false,true,3,91.56,101.73,448,459,2,bank
353,cycle,7527,false,true,3,82.40,91.56,448,459,2,bank
353,cycle,4744,false,true,3,74.16,82.40,448,459,2,bank
353,cycle,4429,false,true,3,66.75,74.16,448,459,2,bank
353,cycle,9741,false,true,3,60.07,66.75,448,459,2,bank
354,cycle,592,true,true,3,82.78,192.31,72,83,2,bank
354,cycle,3141,false,true,3,173.08,192.31,72,83,2,bank
354,cycle,7988,false,true,3,155.77,173.08,72,83,2,bank
354,cycle,10058,false,true,3,140.19,155.77,72,83,2,bank
354,cycle,7369,false,true,3,126.17,140.19,72,83,2,bank
354,cycle,10850,false,true,3,113.56,126.17,72,83,2,bank
354,cycle,3980,false,true,3,102.20,113.56,72,83,2,bank
354,cycle,368,false,true,3,91.98,102.20,72,83,2,bank
354,cycle,7838,false,true,3,82.78,91.98,72,83,2,bank
355,cycle,639,true,true,3,78.99,120.39,245,263,2,bank
355,cycle,10928,false,true,3,108.35,120.39,245,263,2,bank
355,cycle,6535,false,true,3,97.52,108.35,245,263,2,bank
355,cycle,9728,false,true,3,87.77,97.52,245,263,2,bank
355,cycle,2962,false,true,3,78.99,87.77,245,263,2,bank
356,cycle,689,true,true,3,104.83,159.78,339,355,2,bank
356,cycle,5926,false,true,3,143.80,159.78,339,355,2,bank
356,cycle,6128,false,true,3,129.42,143.80,339,355,2,bank
356,cycle,10620,false,true,3,116.48,129.42,339,355,2,bank
356,cycle,11814,false,true,3,104.83,116.48,339,355,2,bank
357,cycle,268,true,true,3,109.79,167.34,81,92,2,bank
357,cycle,4026,false,true,3,150.60,167.34,81,92,2,bank
357,cycle,9257,false,true,3,135.54,150.60,81,92,2,bank
357,cycle,9862,false,true,3,121.99,135.54,81,92,2,bank
357,cycle,1000,false,true,3,109.79,121.99,81,92,2,bank
358,cycle,72,true,true,3,70.76,164.38,595,601,2,bank
358,cycle,2691,false,true,3,147.94,164.38,595,601,2,bank
358,cycle,6559,false,true,3,133.15,147.94,595,601,2,bank
358,cycle,9803,false,true,3,119.83,133.15,595,601,2,bank
358,cycle,7182,false,true,3,107.85,119.83,595,601,2,bank
358,cycle,6182,false,true,3,97.07,107.85,595,601,2,bank
358,cycle,10513,false,true,3,87.36,97.07,595,601,2,bank
358,cycle,1762,false,true,3,78.62,87.36,595,601,2,bank
358,cycle,4209,false,true,3,70.76,78.62,595,601,2,bank
359,cycle,723,true,true,3,64.10,148.92,350,363,2,bank
359,cycle,11913,false,true,3,134.03,148.92,350,363,2,bank
359,cycle,4694,false,true,3,120.62,134.03,350,363,2,bank
359,cycle,8370,false,true,3,108.56,120.62,350,363,2,bank
359,cycle,853,false,true,3,97.70,108.56,350,363,2,bank
359,cycle,3057,false,true,3,87.93,97.70,350,363,2,bank
359,cycle,8031,false,true,3,79.14,87.93,350,363,2,bank
359,cycle,6532,false,true,3,71.23,79.14,350,363,2,bank
359,cycle,6750,false,true,3,64.10,71.23,350,363,2,bank
360,cycle,568,true,true,3,53.12,123.41,549,558,2,bank
360,cycle,3832,false,true,3,111.07,123.41,549,558,2,bank
360,cycle,8254,false,true,3,99.96,111.07,549,558,2,bank
360,cycle,1580,false,true,3,89.96,99.96,549,558,2,bank
360,cycle,12037,false,true,3,80.97,89.96,549,558,2,bank
360,cycle,8025,false,true,3,72.87,80.97,549,558,2,bank
360,cycle,5562,false,true,3,65.58,72.87,549,558,2,bank
360,cycle,6070,false,true,3,59.03,65.58,549,558,2,bank
360,cycle,4242,false,true,3,53.12,59.03,549,558,2,bank
361,cycle,37,true,true,3,71.56,184.72,455,464,2,bank
361,cycle,8348,false,true,3,166.25,184.72,455,464,2,bank
361,cycle,10110,false,true,3,149.62,166.25,455,464,2,bank
361,cycle,3472,false,true,3,134.66,149.62,455,464,2,bank
361,cycle,10142,false,true,3,121.19,134.66,455,464,2,bank
361,cycle,5259,false,true,3,109.07,121.19,455,464,2,bank
361,cycle,3283,false,true,3,98.17,109.07,455,464,2,bank
361,cycle,6294,false,true,3,88.35,98.17,455,464,2,bank
361,cycle,6246,false,true,3,79.51,88.35,455,464,2,bank
361,cycle,981,false,true,3,71.56,79.51,455,464,2,bank
362,cycle,102,true,true,3,83.92,157.92,558,575,2,bank
362,cycle,11428,false,true,3,142.13,157.92,558,575,2,bank
362,cycle,1679,false,true,3,127.91,142.13,558,575,2,bank
362,cycle,11826,false,true,3,115.12,127.91,558,575,2,bank
362,cycle,7456,false,true,3,103.61,115.12,558,575,2,bank
362,cycle,7063,false,true,3,93.25,103.61,558,575,2,bank
362,cycle,4295,false,true,3,83.92,93.25,558,575,2,bank
363,cycle,202,true,true,3,55.38,115.79,397,405,2,bank
363,cycle,4465,false,true,3,104.21,115.79,397,405,2,bank
363,cycle,3206,false,true,3,93.79,104.21,397,405,2,bank
363,cycle,5093,false,true,3,84.41,93.79,397,405,2,bank
363,cycle,3693,false,true,3,75.97,84.41,397,405,2,bank
363,cycle,9535,false,true,3,68.37,75.97,397,405,2,bank
363,cycle,795,false,true,3,61.53,68.37,397,405,2,bank
363,cycle,5873,false,true,3,55.38,61.53,397,405,2,bank
364,cycle,257,true,true,3,72.56,168.56,258,274,2,bank
364,cycle,9798,false,true,3,151.70,168.56,258,274,2,bank
364,cycle,1901,false,true,3,136.53,151.70,258,274,2,bank
364,cycle,10960,false,true,3,122.88,136.53,258,274,2,bank
364,cycle,6224,false,true,3,110.59,122.88,258,274,2,bank
364,cycle,1313,false,true,3,99.53,110.59,258,274,2,bank
364,cycle,11350,false,true,3,89.58,99.53,258,274,2,bank
364,cycle,3745,false,true,3,80.62,89.58,258,274,2,bank
364,cycle,10713,false,true,3,72.56,80.62,258,274,2,bank
365,cycle,319,true,true,3,74.91,193.36,264,282,2,bank
365,cycle,8053,false,true,3,174.03,193.36,264,282,2,bank
365,cycle,8960,false,true,3,156.63,174.03,264,282,2,bank
365,cycle,8491,false,true,3,140.96,156.63,264,282,2,bank
365,cycle,9749,false,true,3,126.87,140.96,264,282,2,bank
365,cycle,7826,false,true,3,114.18,126.87,264,282,2,bank
365,cycle,11769,false,true,3,102.76,114.18,264,282,2,bank
365,cycle,6543,false,true,3,92.49,102.76,264,282,2,bank
365,cycle,2328,false,true,3,83.24,92.49,264,282,2,bank
365,cycle,11347,false,true,3,74.91,83.24,264,282,2,bank
366,cycle,699,true,true,3,47.56,110.49,256,266,2,bank
366,cycle,5818,false,true,3,99.44,110.49,256,266,2,bank
366,cycle,4385,false,true,3,89.50,99.44,256,266,2,bank
366,cycle,11699,false,true,3,80.55,89.50,256,266,2,bank
366,cycle,1823,false,true,3,72.49,80.55,256,266,2,bank
366,cycle,3979,false,true,3,65.24,72.49,256,266,2,bank
366,cycle,173,false,true,3,58.72,65.24,256,266,2,bank
366,cycle,1591,false,true,3,52.85,58.72,256,266,2,bank
366,cycle,11491,false,true,3,47.56,52.85,256,266,2,bank
367,cycle,315,true,true,3,74.11,112.96,126,132,2,bank
367,cycle,3392,false,true,3,101.66,112.96,126,132,2,bank
367,cycle,5872,false,true,3,91.50,101.66,126,132,2,bank
367,cycle,7481,false,true,3,82.35,91.50,126,132,2,bank
367,cycle,8450,false,true,3,74.11,82.35,126,132,2,bank
368,cycle,1127,true,true,3,76.92,117.24,42,55,2,bank
368,cycle,10319,false,true,3,105.52,117.24,42,55,2,bank
368,cycle,5149,false,true,3,94.96,105.52,42,55,2,bank
368,cycle,4179,false,true,3,85.47,94.96,42,55,2,bank
368,cycle,5907,false,true,3,76.92,85.47,42,55,2,bank
369,cycle,630,true,true,3,52.08,108.89,288,307,2,bank
369,cycle,1579,false,true,3,98.00,108.89,288,307,2,bank
369,cycle,9195,false,true,3,88.20,98.00,288,307,2,bank
369,cycle,2664,false,true,3,79.38,88.20,288,307,2,bank
369,cycle,2130,false,true,3,71.44,79.38,288,307,2,bank
369,cycle,12038,false,true,3,64.30,71.44,288,307,2,bank
369,cycle,9811,false,true,3,57.87,64.30,288,307,2,bank
369,cycle,4624,false,true,3,52.08,57.87,288,307,2,bank
370,cycle,327,true,true,3,123.64,188.44,105,124,2,bank
370,cycle,6147,false,true,3,169.60,188.44,105,124,2,bank
370,cycle,5142,false,true,3,152.64,169.60,105,124,2,bank
370,cycle,8668,false,true,3,137.37,152.64,105,124,2,bank
370,cycle,1796,false,true,3,123.64,137.37,105,124,2,bank
371,cycle,47,true,true,3,68.97,105.11,313,328,2,bank
371,cycle,7026,false,true,3,94.60,105.11,313,328,2,bank
371,cycle,4632,false,true,3,85.14,94.60,313,328,2,bank
371,cycle,8637,false,true,3,76.63,85.14,313,328,2,bank
371,cycle,5245,false,true,3,68.97,76.63,313,328,2,bank
372,cycle,209,true,true,3,57.21,119.61,565,571,2,bank
372,cycle,7618,false,true,3,107.65,119.61,565,571,2,bank
372,cycle,11373,false,true,3,96.88,107.65,565,571,2,bank
372,cycle,5057,false,true,3,87.19,96.88,565,571,2,bank
372,cycle,11884,false,true,3,78.47,87.19,565,571,2,bank
372,cycle,10787,false,true,3,70.63,78.47,565,571,2,bank
372,cycle,4451,false,true,3,63.56,70.63,565,571,2,bank
372,cycle,2834,false,true,3,57.21,63.56,565,571,2,bank
373,cycle,417,true,true,3,48.40,124.93,651,669,2,bank
373,cycle,10989,false,true,3,112.44,124.93,651,669,2,bank
373,cycle,9125,false,true,3,101.19,112.44,651,669,2,bank
373,cycle,8526,false,true,3,91.07,101.19,651,669,2,bank
373,cycle,3739,false,true,3,81.97,91.07,651,669,2,bank
373,cycle,5239,false,true,3,73.77,81.97,651,669,2,bank
373,cycle,632,false,true,3,66.39,73.77,651,669,2,bank
373,cycle,3475,false,true,3,59.75,66.39,651,669,2,bank
373,cycle,3521,false,true,3,53.78,59.75,651,669,2,bank
373,cycle,11005,false,true,3,48.40,53.78,651,669,2,bank
374,cycle,1117,true,true,3,116.33,177.30,36,55,2,bank
374,cycle,1691,false,true,3,159.57,177.30,36,55,2,bank
374,cycle,6199,false,true,3,143.62,159.57,36,55,2,bank
374,cycle,7966,false,true,3,129.25,143.62,36,55,2,bank
374,cycle,222,false,true,3,116.33,129.25,36,55,2,bank
375,cycle,539,true,true,3,126.77,193.22,662,675,2,bank
375,cycle,3463,false,true,3,173.90,193.22,662,675,2,bank
375,cycle,4932,false,true,3,156.51,173.90,662,675,2,bank
375,cycle,810,false,true,3,140.86,156.51,662,675,2,bank
375,cycle,4491,false,true,3,126.77,140.86,662,675,2,bank
376,cycle,235,true,true,3,73.53,112.07,4,23,2,bank
376,cycle,7925,false,true,3,100.86,112.07,4,23,2,bank
376,cycle,3825,false,true,3,90.77,100.86,4,23,2,bank
376,cycle,11368,false,true,3,81.70,90.77,4,23,2,bank
376,cycle,4273,false,true,3,73.53,81.70,4,23,2,bank
377,cycle,426,true,true,3,76.61,116.77,351,365,2,bank
377,cycle,8806,false,true,3,105.09,116.77,351,365,2,bank
377,cycle,10655,false,true,3,94.58,105.09,351,365,2,bank
377,cycle,5933,false,true,3,85.12,94.58,351,365,2,bank
377,cycle,5879,false,true,3,76.61,85.12,351,365,2,bank
378,cycle,450,true,true,3,65.87,170.01,241,257,2,bank
378,cycle,3621,false,true,3,153.01,170.01,241,257,2,bank
378,cycle,11503,false,true,3,137.71,153.01,241,257,2,bank
378,cycle,2367,false,true,3,123.94,137.71,241,257,2,bank
378,cycle,9042,false,true,3,111.55,123.94,241,257,2,bank
378,cycle,163,false,true,3,100.39,111.55,241,257,2,bank
378,cycle,11386,false,true,3,90.35,100.39,241,257,2,bank
378,cycle,2956,false,true,3,81.32,90.35,241,257,2,bank
378,cycle,8895,false,true,3,73.18,81.32,241,257,2,bank
378,cycle,1475,false,true,3,65.87,73.18,241,257,2,bank
379,cycle,241,true,true,3,73.82,190.55,328,335,2,bank
379,cycle,11510,false,true,3,171.49,190.55,328,335,2,bank
379,cycle,8676,false,true,3,154.34,171.49,328,335,2,bank
379,cycle,5370,false,true,3,138.91,154.34,328,335,2,bank
379,cycle,5252,false,true,3,125.02,138.91,328,335,2,bank
379,cycle,8675,false,true,3,112.52,125.02,328,335,2,bank
379,cycle,11566,false,true,3,101.26,112.52,328,335,2,bank
379,cycle,3204,false,true,3,91.14,101.26,328,335,2,bank
379,cycle,1928,false,true,3,82.02,91.14,328,335,2,bank
379,cycle,10452,false,true,3,73.82,82.02,328,335,2,bank
380,cycle,410,true,true,3,101.80,191.55,355,364,2,bank
380,cycle,5700,false,true,3,172.40,191.55,355,364,2,bank
380,cycle,5429,false,true,3,155.16,172.40,355,364,2,bank
380,cycle,7682,false,true,3,139.64,155.16,355,364,2,bank
380,cycle,10595,false,true,3,125.68,139.64,355,364,2,bank
380,cycle,8166,false,true,3,113.11,125.68,355,364,2,bank
380,cycle,3301,false,true,3,101.80,113.11,355,364,2,bank
381,cycle,522,true,true,3,79.34,134.36,544,548,2,bank
381,cycle,7209,false,true,3,120.92,134.36,544,548,2,bank
381,cycle,1726,false,true,3,108.83,120.92,544,548,2,bank
381,cycle,103,false,true,3,97.95,108.83,544,548,2,bank
381,cycle,5827,false,true,3,88.15,97.95,544,548,2,bank
381,cycle,801,false,true,3,79.34,88.15,544,548,2,bank
382,cycle,311,true,true,3,68.80,104.86,85,91,2,bank
382,cycle,4536,false,true,3,94.38,104.86,85,91,2,bank
382,cycle,5481,false,true,3,84.94,94.38,85,91,2,bank
382,cycle,2655,false,true,3,76.45,84.94,85,91,2,bank
382,cycle,7124,false,true,3,68.80,76.45,85,91,2,bank
383,cycle,36,true,true,3,60.82,127.15,591,596,2,bank
383,cycle,9516,false,true,3,114.44,127.15,591,596,2,bank
383,cycle,7168,false,true,3,102.99,114.44,591,596,2,bank
383,cycle,3404,false,true,3,92.69,102.99,591,596,2,bank
383,cycle,8550,false,true,3,83.42,92.69,591,596,2,bank
383,cycle,5366,false,true,3,75.08,83.42,591,596,2,bank
383,cycle,7045,false,true,3,67.57,75.08,591,596,2,bank
383,cycle,6544,false,true,3,60.82,67.57,591,596,2,bank
384,cycle,68,true,true,3,101.85,191.65,239,246,2,bank
384,cycle,5808,false,true,3,172.49,191.65,239,246,2,bank
384,cycle,8612,false,true,3,155.24,172.49,239,246,2,bank
384,cycle,378,false,true,3,139.71,155.24,239,246,2,bank
384,cycle,9734,false,true,3,125.74,139.71,239,246,2,bank
384,cycle,11116,false,true,3,113.17,125.74,239,246,2,bank
384,cycle,2350,false,true,3,101.85,113.17,239,246,2,bank
385,cycle,1083,true,true,3,49.50,103.49,381,387,2,bank
385,cycle,8382,false,true,3,93.14,103.49,381,387,2,bank
385,cycle,12016,false,true,3,83.83,93.14,381,387,2,bank
385,cycle,5042,false,true,3,75.44,83.83,381,387,2,bank
385,cycle,7028,false,true,3,67.90,75.44,381,387,2,bank
385,cycle,1506,false,true,3,61.11,67.90,381,387,2,bank
385,cycle,3240,false,true,3,55.00,61.11,381,387,2,bank
385,cycle,5020,false,true,3,49.50,55.00,381,387,2,bank
386,cycle,419,true,true,3,86.28,146.12,189,195,2,bank
386,cycle,4756,false,true,3,131.51,146.12,189,195,2,bank
386,cycle,3677,false,true,3,118.36,131.51,189,195,2,bank
386,cycle,9492,false,true,3,106.52,118.36,189,195,2,bank
386,cycle,5026,false,true,3,95.87,106.52,189,195,2,bank
386,cycle,2012,false,true,3,86.28,95.87,189,195,2,bank
387,cycle,60,true,true,3,50.87,131.31,67,79,2,bank
387,cycle,1039,false,true,3,118.18,131.31,67,79,2,bank
387,cycle,11443,false,true,3,106.36,118.18,67,79,2,bank
387,cycle,1570,false,true,3,95.72,106.36,67,79,2,bank
387,cycle,7430,false,true,3,86.15,95.72,67,79,2,bank
387,cycle,6086,false,true,3,77.54,86.15,67,79,2,bank
387,cycle,9662,false,true,3,69.78,77.54,67,79,2,bank
387,cycle,3626,false,true,3,62.80,69.78,67,79,2,bank
387,cycle,10878,false,true,3,56.52,62.80,67,79,2,bank
387,cycle,10292,false,true,3,50.87,56.52,67,79,2,bank
388,cycle,190,true,true,3,49.56,127.93,256,275,2,bank
388,cycle,6003,false,true,3,115.13,127.93,256,275,2,bank
388,cycle,7041,false,true,3,103.62,115.13,256,275,2,bank
388,cycle,10606,false,true,3,93.26,103.62,256,275,2,bank
388,cycle,9204,false,true,3,83.93,93.26,256,275,2,bank
388,cycle,6459,false,true,3,75.54,83.93,256,275,2,bank
388,cycle,9968,false,true,3,67.99,75.54,256,275,2,bank
388,cycle,11398,false,true,3,61.19,67.99,256,275,2,bank
388,cycle,8361,false,true,3,55.07,61.19,256,275,2,bank
388,cycle,11115,false,true,3,49.56,55.07,256,275,2,bank
389,cycle,165,true,true,3,80.70,187.47,204,220,2,bank
389,cycle,11092,false,true,3,168.72,187.47,204,220,2,bank
389,cycle,6619,false,true,3,151.85,168.72,204,220,2,bank
389,cycle,11501,false,true,3,136.66,151.85,204,220,2,bank
389,cycle,2140,false,true,3,123.00,136.66,204,220,2,bank
389,cycle,7900,false,true,3,110.70,123.00,204,220,2,bank
389,cycle,7459,false,true,3,99.63,110.70,204,220,2,bank
389,cycle,8577,false,true,3,89.66,99.63,204,220,2,bank
389,cycle,11098,false,true,3,80.70,89.66,204,220,2,bank
390,cycle,769,true,true,3,87.17,182.25,642,648,2,bank
390,cycle,183,false,true,3,164.02,182.25,642,648,2,bank
390,cycle,3682,false,true,3,147.62,164.02,642,648,2,bank
390,cycle,9317,false,true,3,132.86,147.62,642,648,2,bank
390,cycle,10143,false,true,3,119.57,132.86,642,648,2,bank
390,cycle,11688,false,true,3,107.61,119.57,642,648,2,bank
390,cycle,1780,false,true,3,96.85,107.61,642,648,2,bank
390,cycle,8601,false,true,3,87.17,96.85,642,648,2,bank
391,cycle,316,true,true,3,105.04,160.10,613,626,2,bank
391,cycle,2417,false,true,3,144.09,160.10,613,626,2,bank
391,cycle,8132,false,true,3,129.68,144.09,613,626,2,bank
391,cycle,11714,false,true,3,116.71,129.68,613,626,2,bank
391,cycle,8906,false,true,3,105.04,116.71,613,626,2,bank
392,cycle,57,true,true,3,88.79,150.37,329,344,2,bank
392,cycle,4001,false,true,3,135.33,150.37,329,344,2,bank
392,cycle,3292,false,true,3,121.80,135.33,329,344,2,bank
392,cycle,8204,false,true,3,109.62,121.80,329,344,2,bank
392,cycle,10499,false,true,3,98.66,109.62,329,344,2,bank
392,cycle,1748,false,true,3,88.79,98.66,329,344,2,bank
393,cycle,227,true,true,3,76.52,159.99,192,208,2,bank
393,cycle,6843,false,true,3,143.99,159.99,192,208,2,bank
393,cycle,12035,false,true,3,129.59,143.99,192,208,2,bank
393,cycle,11603,false,true,3,116.63,129.59,192,208,2,bank
393,cycle,2934,false,true,3,104.97,116.63,192,208,2,bank
393,cycle,10060,false,true,3,94.47,104.97,192,208,2,bank
393,cycle,1864,false,true,3,85.02,94.47,192,208,2,bank
393,cycle,5217,false,true,3,76.52,85.02,192,208,2,bank
394,cycle,122,true,true,3,70.41,132.49,125,137,2,bank
394,cycle,7943,false,true,3,119.25,132.49,125,137,2,bank
394,cycle,1702,false,true,3,107.32,119.25,125,137,2,bank
394,cycle,9253,false,true,3,96.59,107.32,125,137,2,bank
394,cycle,4798,false,true,3,86.93,96.59,125,137,2,bank
394,cycle,6200,false,true,3,78.24,86.93,125,137,2,bank
394,cycle,4360,false,true,3,70.41,78.24,125,137,2,bank
395,cycle,559,true,true,3,68.21,115.52,640,657,2,bank
395,cycle,7467,false,true,3,103.97,115.52,640,657,2,bank
395,cycle,5052,false,true,3,93.57,103.97,640,657,2,bank
395,cycle,9958,false,true,3,84.21,93.57,640,657,2,bank
395,cycle,2535,false,true,3,75.79,84.21,640,657,2,bank
395,cycle,1808,false,true,3,68.21,75.79,640,657,2,bank
396,cycle,750,true,true,3,109.58,167.01,387,398,2,bank
396,cycle,9750,false,true,3,150.31,167.01,387,398,2,bank
396,cycle,2381,false,true,3,135.28,150.31,387,398,2,bank
396,cycle,90,false,true,3,121.75,135.28,387,398,2,bank
396,cycle,3424,false,true,3,109.58,121.75,387,398,2,bank
397,cycle,412,true,true,3,72.47,110.46,615,633,2,bank
397,cycle,8194,false,true,3,99.42,110.46,615,633,2,bank
397,cycle,2177,false,true,3,89.48,99.42,615,633,2,bank
397,cycle,9397,false,true,3,80.53,89.48,615,633,2,bank
397,cycle,10877,false,true,3,72.47,80.53,615,633,2,bank
398,cycle,225,true,true,3,68.49,128.87,293,311,2,bank
398,cycle,9815,false,true,3,115.98,128.87,293,311,2,bank
398,cycle,3242,false,true,3,104.38,115.98,293,311,2,bank
398,cycle,8308,false,true,3,93.95,104.38,293,311,2,bank
398,cycle,2163,false,true,3,84.55,93.95,293,311,2,bank
398,cycle,7901,false,true,3,76.10,84.55,293,311,2,bank
398,cycle,7723,false,true,3,68.49,76.10,293,311,2,bank
399,cycle,451,true,true,3,71.01,108.23,622,641,2,bank
399,cycle,10173,false,true,3,97.41,108.23,622,641,2,bank
399,cycle,2776,false,true,3,87.67,97.41,622,641,2,bank
399,cycle,9295,false,true,3,78.90,87.67,622,641,2,bank
399,cycle,6876,false,true,3,71.01,78.90,622,641,2,bank
400,cycle,385,true,true,3,87.36,164.38,600,604,2,bank
400,cycle,7220,false,true,3,147.94,164.38,600,604,2,bank
400,cycle,8039,false,true,3,133.15,147.94,600,604,2,bank
400,cycle,1781,false,true,3,119.83,133.15,600,604,2,bank
400,cycle,6445,false,true,3,107.85,119.83,600,604,2,bank
400,cycle,6605,false,true,3,97.07,107.85,600,604,2,bank
400,cycle,7578,false,true,3,87.36,97.07,600,604,2,bank
401,cycle,80,true,true,3,53.39,124.04,145,164,2,bank
401,cycle,6790,false,true,3,111.63,124.04,145,164,2,bank
401,cycle,3042,false,true,3,100.47,111.63,145,164,2,bank
401,cycle,6432,false,true,3,90.42,100.47,145,164,2,bank
401,cycle,8928,false,true,3,81.38,90.42,145,164,2,bank
401,cycle,11134,false,true,3,73.24,81.38,145,164,2,bank
401,cycle,9772,false,true,3,65.92,73.24,145,164,2,bank
401,cycle,4805,false,true,3,59.33,65.92,145,164,2,bank
401,cycle,1993,false,true,3,53.39,59.33,145,164,2,bank
402,cycle,153,true,true,3,65.89,153.06,225,229,2,bank
402,cycle,5862,false,true,3,137.75,153.06,225,229,2,bank
402,cycle,1368,false,true,3,123.98,137.75,225,229,2,bank
402,cycle,11848,false,true,3,111.58,123.98,225,229,2,bank
402,cycle,8660,false,true,3,100.42,111.58,225,229,2,bank
402,cycle,7581,false,true,3,90.38,100.42,225,229,2,bank
402,cycle,11639,false,true,3,81.34,90.38,225,229,2,bank
402,cycle,8548,false,true,3,73.21,81.34,225,229,2,bank
402,cycle,11253,false,true,3,65.89,73.21,225,229,2,bank
403,cycle,131,true,true,3,86.91,132.46,111,122,2,bank
403,cycle,7426,false,true,3,119.22,132.46,111,122,2,bank
403,cycle,8213,false,true,3,107.29,119.22,111,122,2,bank
403,cycle,1669,false,true,3,96.57,107.29,111,122,2,bank
403,cycle,2532,false,true,3,86.91,96.57,111,122,2,bank
404,cycle,181,true,true,3,87.82,183.61,383,392,2,bank
404,cycle,11038,false,true,3,165.25,183.61,383,392,2,bank
404,cycle,514,false,true,3,148.73,165.25,383,392,2,bank
404,cycle,1153,false,true,3,133.85,148.73,383,392,2,bank
404,cycle,8975,false,true,3,120.47,133.85,383,392,2,bank
404,cycle,2722,false,true,3,108.42,120.47,383,392,2,bank
404,cycle,6838,false,true,3,97.58,108.42,383,392,2,bank
404,cycle,6368,false,true,3,87.82,97.58,383,392,2,bank
405,cycle,162,true,true,3,72.49,151.57,65,77,2,bank
405,cycle,8409,false,true,3,136.41,151.57,65,77,2,bank
405,cycle,1894,false,true,3,122.77,136.41,65,77,2,bank
405,cycle,6665,false,true,3,110.49,122.77,65,77,2,bank
405,cycle,8161,false,true,3,99.44,110.49,65,77,2,bank
405,cycle,796,false,true,3,89.50,99.44,65,77,2,bank
405,cycle,1283,false,true,3,80.55,89.50,65,77,2,bank
405,cycle,6772,false,true,3,72.49,80.55,65,77,2,bank
406,cycle,473,true,true,3,71.17,165.32,508,527,2,bank
406,cycle,732,false,true,3,148.79,165.32,508,527,2,bank
406,cycle,9828,false,true,3,133.91,148.79,508,527,2,bank
406,cycle,8416,false,true,3,120.52,133.91,508,527,2,bank
406,cycle,11144,false,true,3,108.47,120.52,508,527,2,bank
406,cycle,11746,false,true,3,97.62,108.47,508,527,2,bank
406,cycle,12040,false,true,3,87.86,97.62,508,527,2,bank
406,cycle,9007,false,true,3,79.07,87.86,508,527,2,bank
406,cycle,7891,false,true,3,71.17,79.07,508,527,2,bank
407,cycle,215,true,true,3,55.10,127.99,17,36,2,bank
407,cycle,10791,false,true,3,115.19,127.99,17,36,2,bank
407,cycle,7054,false,true,3,103.67,115.19,17,36,2,bank
407,cycle,6336,false,true,3,93.31,103.67,17,36,2,bank
407,cycle,6062,false,true,3,83.97,93.31,17,36,2,bank
407,cycle,5480,false,true,3,75.58,83.97,17,36,2,bank
407,cycle,3535,false,true,3,68.02,75.58,17,36,2,bank
407,cycle,9098,false,true,3,61.22,68.02,17,36,2,bank
407,cycle,9009,false,true,3,55.10,61.22,17,36,2,bank
408,cycle,736,true,true,3,69.59,117.85,620,629,2,bank
408,cycle,7066,false,true,3,106.06,117.85,620,629,2,bank
408,cycle,4505,false,true,3,95.45,106.06,620,629,2,bank
408,cycle,10903,false,true,3,85.91,95.45,620,629,2,bank
408,cycle,6536,false,true,3,77.32,85.91,620,629,2,bank
408,cycle,9874,false,true,3,69.59,77.32,620,629,2,bank
409,cycle,205,true,true,3,118.27,180.26,430,446,2,bank
409,cycle,1723,false,true,3,162.23,180.26,430,446,2,bank
409,cycle,7157,false,true,3,146.01,162.23,430,446,2,bank
409,cycle,7598,false,true,3,131.41,146.01,430,446,2,bank
409,cycle,8743,false,true,3,118.27,131.41,430,446,2,bank
410,cycle,742,true,true,3,63.08,131.89,641,652,2,bank
410,cycle,11651,false,true,3,118.70,131.89,641,652,2,bank
410,cycle,9686,false,true,3,106.83,118.70,641,652,2,bank
410,cycle,11978,false,true,3,96.14,106.83,641,652,2,bank
410,cycle,8158,false,true,3,86.53,96.14,641,652,2,bank
410,cycle,7011,false,true,3,77.88,86.53,641,652,2,bank
410,cycle,2821,false,true,3,70.09,77.88,641,652,2,bank
410,cycle,11466,false,true,3,63.08,70.09,641,652,2,bank
411,cycle,768,true,true,3,85.91,199.58,443,462,2,bank
411,cycle,11262,false,true,3,179.62,199.58,443,462,2,bank
411,cycle,4928,false,true,3,161.66,179.62,443,462,2,bank
411,cycle,4652,false,true,3,145.49,161.66,443,462,2,bank
411,cycle,11160,false,true,3,130.94,145.49,443,462,2,bank
411,cycle,8197,false,true,3,117.85,130.94,443,462,2,bank
411,cycle,3031,false,true,3,106.06,117.85,443,462,2,bank
411,cycle,8090,false,true,3,95.46,106.06,443,462,2,bank
411,cycle,9388,false,true,3,85.91,95.46,443,462,2,bank
412,cycle,290,true,true,3,103.66,158.00,689,695,2,bank
412,cycle,865,false,true,3,142.20,158.00,689,695,2,bank
412,cycle,10501,false,true,3,127.98,142.20,689,695,2,bank
412,cycle,4774,false,true,3,115.18,127.98,689,695,2,bank
412,cycle,11863,false,true,3,103.66,115.18,689,695,2,bank
413,cycle,20,true,true,3,96.93,182.40,286,297,2,bank
413,cycle,5828,false,true,3,164.16,182.40,286,297,2,bank
413,cycle,4724,false,true,3,147.74,164.16,286,297,2,bank
413,cycle,6987,false,true,3,132.97,147.74,286,297,2,bank
413,cycle,4881,false,true,3,119.67,132.97,286,297,2,bank
413,cycle,9255,false,true,3,107.70,119.67,286,297,2,bank
413,cycle,3496,false,true,3,96.93,107.70,286,297,2,bank
414,cycle,262,true,true,3,48.20,100.77,149,160,2,bank
414,cycle,8841,false,true,3,90.69,100.77,149,160,2,bank
414,cycle,7277,false,true,3,81.62,90.69,149,160,2,bank
414,cycle,3024,false,true,3,73.46,81.62,149,160,2,bank
414,cycle,3073,false,true,3,66.11,73.46,149,160,2,bank
414,cycle,1376,false,true,3,59.50,66.11,149,160,2,bank
414,cycle,6179,false,true,3,53.55,59.50,149,160,2,bank
414,cycle,7929,false,true,3,48.20,53.55,149,160,2,bank
415,cycle,677,true,true,3,76.36,177.39,396,404,2,bank
415,cycle,8394,false,true,3,159.65,177.39,396,404,2,bank
415,cycle,8328,false,true,3,143.68,159.65,396,404,2,bank
415,cycle,6052,false,true,3,129.31,143.68,396,404,2,bank
415,cycle,10810,false,true,3,116.38,129.31,396,404,2,bank
415,cycle,5060,false,true,3,104.75,116.38,396,404,2,bank
415,cycle,7677,false,true,3,94.27,104.75,396,404,2,bank
415,cycle,8973,false,true,3,84.84,94.27,396,404,2,bank
415,cycle,6816,false,true,3,76.36,84.84,396,404,2,bank
416,cycle,314,true,true,3,61.81,104.68,534,543,2,bank
416,cycle,785,false,true,3,94.21,104.68,534,543,2,bank
416,cycle,4742,false,true,3,84.79,94.21,534,543,2,bank
416,cycle,8505,false,true,3,76.31,84.79,534,543,2,bank
416,cycle,10518,false,true,3,68.68,76.31,534,543,2,bank
416,cycle,3338,false,true,3,61.81,68.68,534,543,2,bank
417,cycle,479,true,true,3,48.41,124.95,118,125,2,bank
417,cycle,1018,false,true,3,112.45,124.95,118,125,2,bank
417,cycle,7940,false,true,3,101.21,112.45,118,125,2,bank
417,cycle,4684,false,true,3,91.09,101.21,118,125,2,bank
417,cycle,6696,false,true,3,81.98,91.09,118,125,2,bank
417,cycle,3130,false,true,3,73.78,81.98,118,125,2,bank
417,cycle,10873,false,true,3,66.40,73.78,118,125,2,bank
417,cycle,5379,false,true,3,59.76,66.40,118,125,2,bank
417,cycle,7761,false,true,3,53.79,59.76,118,125,2,bank
417,cycle,11454,false,true,3,48.41,53.79,118,125,2,bank
418,cycle,640,true,true,3,67.10,113.63,377,392,2,bank
418,cycle,4519,false,true,3,102.27,113.63,377,392,2,bank
418,cycle,2221,false,true,3,92.04,102.27,377,392,2,bank
418,cycle,9660,false,true,3,82.83,92.04,377,392,2,bank
418,cycle,5127,false,true,3,74.55,82.83,377,392,2,bank
418,cycle,5861,false,true,3,67.10,74.55,377,392,2,bank
419,cycle,40,true,true,3,79.53,134.69,572,581,2,bank
419,cycle,4123,false,true,3,121.22,134.69,572,581,2,bank
419,cycle,8687,false,true,3,109.10,121.22,572,581,2,bank
419,cycle,8216,false,true,3,98.19,109.10,572,581,2,bank
419,cycle,9209,false,true,3,88.37,98.19,572,581,2,bank
419,cycle,7650,false,true,3,79.53,88.37,572,581,2,bank
420,cycle,346,true,true,3,69.67,179.83,117,132,2,bank
420,cycle,1529,false,true,3,161.85,179.83,117,132,2,bank
420,cycle,11827,false,true,3,145.66,161.85,117,132,2,bank
420,cycle,3967,false,true,3,131.10,145.66,117,132,2,bank
420,cycle,613,false,true,3,117.99,131.10,117,132,2,bank
420,cycle,5089,false,true,3,106.19,117.99,117,132,2,bank
420,cycle,10548,false,true,3,95.57,106.19,117,132,2,bank
420,cycle,3841,false,true,3,86.01,95.57,117,132,2,bank
420,cycle,9224,false,true,3,77.41,86.01,117,132,2,bank
420,cycle,4840,false,true,3,69.67,77.41,117,132,2,bank
421,cycle,475,true,true,3,94.90,160.71,390,396,2,bank
421,cycle,5454,false,true,3,144.64,160.71,390,396,2,bank
421,cycle,11629,false,true,3,130.17,144.64,390,396,2,bank
421,cycle,3230,false,true,3,117.16,130.17,390,396,2,bank
421,cycle,9512,false,true,3,105.44,117.16,390,396,2,bank
421,cycle,7436,false,true,3,94.90,105.44,390,396,2,bank
422,cycle,535,true,true,3,80.31,122.40,5,16,2,bank
422,cycle,9372,false,true,3,110.16,122.40,5,16,2,bank
422,cycle,1676,false,true,3,99.14,110.16,5,16,2,bank
422,cycle,3642,false,true,3,89.23,99.14,5,16,2,bank
422,cycle,2736,false,true,3,80.31,89.23,5,16,2,bank
423,cycle,600,true,true,3,98.45,166.72,453,466,2,bank
423,cycle,4955,false,true,3,150.05,166.72,453,466,2,bank
423,cycle,10650,false,true,3,135.04,150.05,453,466,2,bank
423,cycle,8247,false,true,3,121.54,135.04,453,466,2,bank
423,cycle,2267,false,true,3,109.39,121.54,453,466,2,bank
423,cycle,9434,false,true,3,98.45,109.39,453,466,2,bank
424,cycle,137,true,true,3,78.53,132.99,273,291,2,bank
424,cycle,9506,false,true,3,119.69,132.99,273,291,2,bank
424,cycle,710,false,true,3,107.72,119.69,273,291,2,bank
424,cycle,6160,false,true,3,96.95,107.72,273,291,2,bank
424,cycle,7341,false,true,3,87.26,96.95,273,291,2,bank
424,cycle,414,false,true,3,78.53,87.26,273,291,2,bank
425,cycle,340,true,true,3,63.10,131.93,473,487,2,bank
425,cycle,3280,false,true,3,118.73,131.93,473,487,2,bank
425,cycle,1246,false,true,3,106.86,118.73,473,487,2,bank
425,cycle,4395,false,true,3,96.18,106.86,473,487,2,bank
425,cycle,5190,false,true,3,86.56,96.18,473,487,2,bank
425,cycle,6949,false,true,3,77.90,86.56,473,487,2,bank
425,cycle,9946,false,true,3,70.11,77.90,473,487,2,bank
425,cycle,8323,false,true,3,63.10,70.11,473,487,2,bank
426,cycle,519,true,true,3,116.08,176.92,431,440,2,bank
426,cycle,7280,false,true,3,159.23,176.92,431,440,2,bank
426,cycle,1810,false,true,3,143.31,159.23,431,440,2,bank
426,cycle,11718,false,true,3,128.98,143.31,431,440,2,bank
426,cycle,7921,false,true,3,116.08,128.98,431,440,2,bank
427,cycle,185,true,true,3,53.22,100.14,231,247,2,bank
427,cycle,8044,false,true,3,90.12,100.14,231,247,2,bank
427,cycle,11192,false,true,3,81.11,90.12,231,247,2,bank
427,cycle,7611,false,true,3,73.00,81.11,231,247,2,bank
427,cycle,1647,false,true,3,65.70,73.00,231,247,2,bank
427,cycle,6863,false,true,3,59.13,65.70,231,247,2,bank
427,cycle,2795,false,true,3,53.22,59.13,231,247,2,bank
428,cycle,674,true,true,3,66.67,112.91,62,81,2,bank
428,cycle,7822,false,true,3,101.62,112.91,62,81,2,bank
428,cycle,4073,false,true,3,91.45,101.62,62,81,2,bank
428,cycle,11044,false,true,3,82.31,91.45,62,81,2,bank
428,cycle,9322,false,true,3,74.08,82.31,62,81,2,bank
428,cycle,10762,false,true,3,66.67,74.08,62,81,2,bank
429,cycle,353,true,true,3,78.07,146.91,607,617,2,bank
429,cycle,2023,false,true,3,132.22,146.91,607,617,2,bank
429,cycle,9219,false,true,3,119.00,132.22,607,617,2,bank
429,cycle,6192,false,true,3,107.10,119.00,607,617,2,bank
429,cycle,5074,false,true,3,96.39,107.10,607,617,2,bank
429,cycle,7279,false,true,3,86.75,96.39,607,617,2,bank
429,cycle,2818,false,true,3,78.07,86.75,607,617,2,bank
430,cycle,1112,true,true,3,76.33,116.34,351,369,2,bank
430,cycle,11617,false,true,3,104.70,116.34,351,369,2,bank
430,cycle,1483,false,true,3,94.23,104.70,351,369,2,bank
430,cycle,6774,false,true,3,84.81,94.23,351,369,2,bank
430,cycle,4312,false,true,3,76.33,84.81,351,369,2,bank
431,cycle,1113,true,true,3,62.66,117.91,198,215,2,bank
431,cycle,3790,false,true,3,106.12,117.91,198,215,2,bank
431,cycle,1046,false,true,3,95.51,106.12,198,215,2,bank
431,cycle,8469,false,true,3,85.96,95.51,198,215,2,bank
431,cycle,11409,false,true,3,77.36,85.96,198,215,2,bank
431,cycle,8270,false,true,3,69.63,77.36,198,215,2,bank
431,cycle,2565,false,true,3,62.66,69.63,198,215,2,bank
432,cycle,11,true,true,3,70.45,181.83,632,650,2,bank
432,cycle,3413,false,true,3,163.65,181.83,632,650,2,bank
432,cycle,2785,false,true,3,147.28,163.65,632,650,2,bank
432,cycle,8061,false,true,3,132.56,147.28,632,650,2,bank
432,cycle,4066,false,true,3,119.30,132.56,632,650,2,bank
432,cycle,4233,false,true,3,107.37,119.30,632,650,2,bank
432,cycle,1594,false,true,3,96.63,107.37,632,650,2,bank
432,cycle,2542,false,true,3,86.97,96.63,632,650,2,bank
432,cycle,5644,false,true,3,78.27,86.97,632,650,2,bank
432,cycle,9930,false,true,3,70.45,78.27,632,650,2,bank
433,cycle,511,true,true,3,83.80,157.69,521,537,2,bank
433,cycle,3846,false,true,3,141.92,157.69,521,537,2,bank
433,cycle,9167,false,true,3,127.73,141.92,521,537,2,bank
433,cycle,2608,false,true,3,114.95,127.73,521,537,2,bank
433,cycle,3458,false,true,3,103.46,114.95,521,537,2,bank
433,cycle,4897,false,true,3,93.11,103.46,521,537,2,bank
433,cycle,6895,false,true,3,83.80,93.11,521,537,2,bank
434,cycle,110,true,true,3,73.16,137.66,7,23,2,bank
434,cycle,5928,false,true,3,123.90,137.66,7,23,2,bank
434,cycle,5718,false,true,3,111.51,123.90,7,23,2,bank
434,cycle,8939,false,true,3,100.36,111.51,7,23,2,bank
434,cycle,4188,false,true,3,90.32,100.36,7,23,2,bank
434,cycle,4101,false,true,3,81.29,90.32,7,23,2,bank
434,cycle,9020,false,true,3,73.16,81.29,7,23,2,bank
435,cycle,688,true,true,3,92.52,156.69,359,370,2,bank
435,cycle,6684,false,true,3,141.02,156.69,359,370,2,bank
435,cycle,8792,false,true,3,126.92,141.02,359,370,2,bank
435,cycle,11131,false,true,3,114.22,126.92,359,370,2,bank
435,cycle,8934,false,true,3,102.80,114.22,359,370,2,bank
435,cycle,4006,false,true,3,92.52,102.80,359,370,2,bank
436,cycle,534,true,true,3,66.14,124.46,634,653,2,bank
436,cycle,1557,false,true,3,112.02,124.46,634,653,2,bank
436,cycle,3586,false,true,3,100.81,112.02,634,653,2,bank
436,cycle,8932,false,true,3,90.73,100.81,634,653,2,bank
436,cycle,6341,false,true,3,81.66,90.73,634,653,2,bank
436,cycle,2297,false,true,3,73.49,81.66,634,653,2,bank
436,cycle,3201,false,true,3,66.14,73.49,634,653,2,bank
437,cycle,571,true,true,3,95.01,160.91,116,133,2,bank
437,cycle,7534,false,true,3,144.82,160.91,116,133,2,bank
437,cycle,7324,false,true,3,130.33,144.82,116,133,2,bank
437,cycle,7765,false,true,3,117.30,130.33,116,133,2,bank
437,cycle,6476,false,true,3,105.57,117.30,116,133,2,bank
437,cycle,6273,false,true,3,95.01,105.57,116,133,2,bank
438,cycle,129,true,true,3,58.07,149.88,57,70,2,bank
438,cycle,11282,false,true,3,134.89,149.88,57,70,2,bank
438,cycle,8780,false,true,3,121.40,134.89,57,70,2,bank
438,cycle,9299,false,true,3,109.26,121.40,57,70,2,bank
438,cycle,8304,false,true,3,98.34,109.26,57,70,2,bank
438,cycle,10820,false,true,3,88.50,98.34,57,70,2,bank
438,cycle,3224,false,true,3,79.65,88.50,57,70,2,bank
438,cycle,11268,false,true,3,71.69,79.65,57,70,2,bank
438,cycle,2792,false,true,3,64.52,71.69,57,70,2,bank
438,cycle,4031,false,true,3,58.07,64.52,57,70,2,bank
439,cycle,459,true,true,3,71.18,108.48,640,654,2,bank
439,cycle,3002,false,true,3,97.64,108.48,640,654,2,bank
439,cycle,9200,false,true,3,87.87,97.64,640,654,2,bank
439,cycle,2494,false,true,3,79.08,87.87,640,654,2,bank
439,cycle,1981,false,true,3,71.18,79.08,640,654,2,bank
440,cycle,724,true,true,3,75.78,195.61,445,454,2,bank
440,cycle,8902,false,true,3,176.04,195.61,445,454,2,bank
440,cycle,10459,false,true,3,158.44,176.04,445,454,2,bank
440,cycle,6457,false,true,3,142.60,158.44,445,454,2,bank
440,cycle,6218,false,true,3,128.34,142.60,445,454,2,bank
440,cycle,7601,false,true,3,115.50,128.34,445,454,2,bank
440,cycle,5497,false,true,3,103.95,115.50,445,454,2,bank
440,cycle,9733,false,true,3,93.56,103.95,445,454,2,bank
440,cycle,8040,false,true,3,84.20,93.56,445,454,2,bank
440,cycle,8912,false,true,3,75.78,84.20,445,454,2,bank
441,cycle,273,true,true,3,56.04,130.19,492,510,2,bank
441,cycle,12014,false,true,3,117.17,130.19,492,510,2,bank
441,cycle,8002,false,true,3,105.46,117.17,492,510,2,bank
441,cycle,7152,false,true,3,94.91,105.46,492,510,2,bank
441,cycle,3591,false,true,3,85.42,94.91,492,510,2,bank
441,cycle,11626,false,true,3,76.88,85.42,492,510,2,bank
441,cycle,3142,false,true,3,69.19,76.88,492,510,2,bank
441,cycle,5341,false,true,3,62.27,69.19,492,510,2,bank
441,cycle,8865,false,true,3,56.04,62.27,492,510,2,bank
442,cycle,554,true,true,3,47.05,121.45,356,362,2,bank
442,cycle,6467,false,true,3,109.30,121.45,356,362,2,bank
442,cycle,4149,false,true,3,98.37,109.30,356,362,2,bank
442,cycle,4445,false,true,3,88.54,98.37,356,362,2,bank
442,cycle,8523,false,true,3,79.68,88.54,356,362,2,bank
442,cycle,7522,false,true,3,71.71,79.68,356,362,2,bank
442,cycle,8808,false,true,3,64.54,71.71,356,362,2,bank
442,cycle,6542,false,true,3,58.09,64.54,356,362,2,bank
442,cycle,9601,false,true,3,52.28,58.09,356,362,2,bank
442,cycle,2617,false,true,3,47.05,52.28,356,362,2,bank
443,cycle,626,true,true,3,99.14,186.55,586,592,2,bank
443,cycle,11637,false,true,3,167.89,186.55,586,592,2,bank
443,cycle,11745,false,true,3,151.10,167.89,586,592,2,bank
443,cycle,8802,false,true,3,135.99,151.10,586,592,2,bank
443,cycle,3396,false,true,3,122.39,135.99,586,592,2,bank
443,cycle,1711,false,true,3,110.16,122.39,586,592,2,bank
443,cycle,11472,false,true,3,99.14,110.16,586,592,2,bank
444,cycle,93,true,true,3,89.04,150.79,522,532,2,bank
444,cycle,5829,false,true,3,135.71,150.79,522,532,2,bank
444,cycle,5325,false,true,3,122.14,135.71,522,532,2,bank
444,cycle,8930,false,true,3,109.92,122.14,522,532,2,bank
444,cycle,5337,false,true,3,98.93,109.92,522,532,2,bank
444,cycle,980,false,true,3,89.04,98.93,522,532,2,bank
445,cycle,289,true,true,3,62.37,117.35,418,425,2,bank
445,cycle,5361,false,true,3,105.62,117.35,418,425,2,bank
445,cycle,4025,false,true,3,95.06,105.62,418,425,2,bank
445,cycle,3213,false,true,3,85.55,95.06,418,425,2,bank
445,cycle,8359,false,true,3,77.00,85.55,418,425,2,bank
445,cycle,9057,false,true,3,69.30,77.00,418,425,2,bank
445,cycle,5802,false,true,3,62.37,69.30,418,425,2,bank
446,cycle,439,true,true,3,60.35,113.56,54,67,2,bank
446,cycle,8335,false,true,3,102.21,113.56,54,67,2,bank
446,cycle,6890,false,true,3,91.99,102.21,54,67,2,bank
446,cycle,9748,false,true,3,82.79,91.99,54,67,2,bank
446,cycle,10049,false,true,3,74.51,82.79,54,67,2,bank
446,cycle,11203,false,true,3,67.06,74.51,54,67,2,bank
446,cycle,8715,false,true,3,60.35,67.06,54,67,2,bank
447,cycle,366,true,true,3,63.59,147.71,438,444,2,bank
447,cycle,8952,false,true,3,132.94,147.71,438,444,2,bank
447,cycle,8799,false,true,3,119.65,132.94,438,444,2,bank
447,cycle,1785,false,true,3,107.68,119.65,438,444,2,bank
447,cycle,9663,false,true,3,96.91,107.68,438,444,2,bank
447,cycle,7148,false,true,3,87.22,96.91,438,444,2,bank
447,cycle,9133,false,true,3,78.50,87.22,438,444,2,bank
447,cycle,8148,false,true,3,70.65,78.50,438,444,2,bank
447,cycle,1727,false,true,3,63.59,70.65,438,444,2,bank
448,cycle,627,true,true,3,93.33,142.25,701,715,2,bank
448,cycle,11729,false,true,3,128.03,142.25,701,715,2,bank
448,cycle,4408,false,true,3,115.22,128.03,701,715,2,bank
448,cycle,6932,false,true,3,103.70,115.22,701,715,2,bank
448,cycle,7731,false,true,3,93.33,103.70,701,715,2,bank
449,cycle,454,true,true,3,84.10,195.37,289,308,2,bank
449,cycle,7781,false,true,3,175.83,195.37,289,308,2,bank
449,cycle,5209,false,true,3,158.25,175.83,289,308,2,bank
449,cycle,11151,false,true,3,142.42,158.25,289,308,2,bank
449,cycle,9648,false,true,3,128.18,142.42,289,308,2,bank
449,cycle,6415,false,true,3,115.36,128.18,289,308,2,bank
449,cycle,2470,false,true,3,103.83,115.36,289,308,2,bank
449,cycle,5865,false,true,3,93.44,103.83,289,308,2,bank
449,cycle,11401,false,true,3,84.10,93.44,289,308,2,bank
450,cycle,563,true,true,3,63.74,148.07,673,690,2,bank
450,cycle,8124,false,true,3,133.26,148.07,673,690,2,bank
450,cycle,6385,false,true,3,119.93,133.26,673,690,2,bank
450,cycle,10280,false,true,3,107.94,119.93,673,690,2,bank
450,cycle,7223,false,true,3,97.15,107.94,673,690,2,bank
450,cycle,8345,false,true,3,87.43,97.15,673,690,2,bank
450,cycle,7065,false,true,3,78.69,87.43,673,690,2,bank
450,cycle,9231,false,true,3,70.82,78.69,673,690,2,bank
450,cycle,5282,false,true,3,63.74,70.82,673,690,2,bank
451,cycle,199,true,true,3,64.81,135.50,467,471,2,bank
451,cycle,8907,false,true,3,121.95,135.50,467,471,2,bank
451,cycle,4683,false,true,3,109.75,121.95,467,471,2,bank
451,cycle,883,false,true,3,98.78,109.75,467,471,2,bank
451,cycle,7746,false,true,3,88.90,98.78,467,471,2,bank
451,cycle,10425,false,true,3,80.01,88.90,467,471,2,bank
451,cycle,5003,false,true,3,72.01,80.01,467,471,2,bank
451,cycle,10409,false,true,3,64.81,72.01,467,471,2,bank
452,cycle,622,true,true,3,48.17,100.72,249,265,2,bank
452,cycle,6280,false,true,3,90.65,100.72,249,265,2,bank
452,cycle,2184,false,true,3,81.58,90.65,249,265,2,bank
452,cycle,1516,false,true,3,73.42,81.58,249,265,2,bank
452,cycle,10975,false,true,3,66.08,73.42,249,265,2,bank
452,cycle,1515,false,true,3,59.47,66.08,249,265,2,bank
452,cycle,9260,false,true,3,53.53,59.47,249,265,2,bank
452,cycle,6909,false,true,3,48.17,53.53,249,265,2,bank
453,cycle,901,true,true,3,107.03,163.14,182,189,2,bank
453,cycle,2750,false,true,3,146.82,163.14,182,189,2,bank
453,cycle,140,false,true,3,132.14,146.82,182,189,2,bank
453,cycle,7070,false,true,3,118.93,132.14,182,189,2,bank
453,cycle,7625,false,true,3,107.03,118.93,182,189,2,bank
454,cycle,384,true,true,3,94.17,196.89,582,599,2,bank
454,cycle,2554,false,true,3,177.20,196.89,582,599,2,bank
454,cycle,2961,false,true,3,159.48,177.20,582,599,2,bank
454,cycle,3486,false,true,3,143.53,159.48,582,599,2,bank
454,cycle,10949,false,true,3,129.18,143.53,582,599,2,bank
454,cycle,3725,false,true,3,116.26,129.18,582,599,2,bank
454,cycle,1285,false,true,3,104.63,116.26,582,599,2,bank
454,cycle,2669,false,true,3,94.17,104.63,582,599,2,bank
455,cycle,299,true,true,3,91.33,154.67,187,204,2,bank
455,cycle,1343,false,true,3,139.20,154.67,187,204,2,bank
455,cycle,7804,false,true,3,125.28,139.20,187,204,2,bank
455,cycle,9444,false,true,3,112.75,125.28,187,204,2,bank
455,cycle,8931,false,true,3,101.48,112.75,187,204,2,bank
455,cycle,10549,false,true,3,91.33,101.48,187,204,2,bank
456,cycle,510,true,true,3,68.84,116.58,15,19,2,bank
456,cycle,5109,false,true,3,104.92,116.58,15,19,2,bank
456,cycle,3445,false,true,3,94.43,104.92,15,19,2,bank
456,cycle,11170,false,true,3,84.99,94.43,15,19,2,bank
456,cycle,9626,false,true,3,76.49,84.99,15,19,2,bank
456,cycle,2116,false,true,3,68.84,76.49,15,19,2,bank
457,cycle,367,true,true,3,77.84,146.48,85,94,2,bank
457,cycle,10150,false,true,3,131.83,146.48,85,94,2,bank
457,cycle,5503,false,true,3,118.65,131.83,85,94,2,bank
457,cycle,965,false,true,3,106.78,118.65,85,94,2,bank
457,cycle,9412,false,true,3,96.10,106.78,85,94,2,bank
457,cycle,5440,false,true,3,86.49,96.10,85,94,2,bank
457,cycle,4306,false,true,3,77.84,86.49,85,94,2,bank
458,cycle,760,true,true,3,113.16,191.64,700,711,2,bank
458,cycle,4108,false,true,3,172.48,191.64,700,711,2,bank
458,cycle,3105,false,true,3,155.23,172.48,700,711,2,bank
458,cycle,7288,false,true,3,139.71,155.23,700,711,2,bank
458,cycle,1136,false,true,3,125.74,139.71,700,711,2,bank
458,cycle,5583,false,true,3,113.16,125.74,700,711,2,bank
459,cycle,565,true,true,3,69.02,116.89,633,640,2,bank
459,cycle,4949,false,true,3,105.20,116.89,633,640,2,bank
459,cycle,9177,false,true,3,94.68,105.20,633,640,2,bank
459,cycle,6836,false,true,3,85.21,94.68,633,640,2,bank
459,cycle,8114,false,true,3,76.69,85.21,633,640,2,bank
459,cycle,5162,false,true,3,69.02,76.69,633,640,2,bank
460,cycle,317,true,true,3,54.62,102.77,275,284,2,bank
460,cycle,1123,false,true,3,92.49,102.77,275,284,2,bank
460,cycle,5318,false,true,3,83.24,92.49,275,284,2,bank
460,cycle,6781,false,true,3,74.92,83.24,275,284,2,bank
460,cycle,427,false,true,3,67.43,74.92,275,284,2,bank
460,cycle,9095,false,true,3,60.69,67.43,275,284,2,bank
460,cycle,5755,false,true,3,54.62,60.69,275,284,2,bank
461,cycle,58,true,true,3,115.02,194.78,134,138,2,bank
461,cycle,8234,false,true,3,175.30,194.78,134,138,2,bank
461,cycle,7872,false,true,3,157.77,175.30,134,138,2,bank
461,cycle,8107,false,true,3,141.99,157.77,134,138,2,bank
461,cycle,6785,false,true,3,127.79,141.99,134,138,2,bank
461,cycle,11089,false,true,3,115.02,127.79,134,138,2,bank
462,cycle,424,true,true,3,48.37,124.84,337,349,2,bank
462,cycle,586,false,true,3,112.36,124.84,337,349,2,bank
462,cycle,8347,false,true,3,101.12,112.36,337,349,2,bank
462,cycle,3225,false,true,3,91.01,101.12,337,349,2,bank
462,cycle,10519,false,true,3,81.91,91.01,337,349,2,bank
462,cycle,7025,false,true,3,73.72,81.91,337,349,2,bank
462,cycle,1310,false,true,3,66.34,73.72,337,349,2,bank
462,cycle,7573,false,true,3,59.71,66.34,337,349,2,bank
462,cycle,4769,false,true,3,53.74,59.71,337,349,2,bank
462,cycle,11382,false,true,3,48.37,53.74,337,349,2,bank
463,cycle,530,true,true,3,89.85,187.85,475,488,2,bank
463,cycle,10134,false,true,3,169.07,187.85,475,488,2,bank
463,cycle,11416,false,true,3,152.16,169.07,475,488,2,bank
463,cycle,5732,false,true,3,136.95,152.16,475,488,2,bank
463,cycle,6798,false,true,3,123.25,136.95,475,488,2,bank
463,cycle,4843,false,true,3,110.93,123.25,475,488,2,bank
463,cycle,8569,false,true,3,99.83,110.93,475,488,2,bank
463,cycle,6021,false,true,3,89.85,99.83,475,488,2,bank
464,cycle,672,true,true,3,72.97,152.55,236,248,2,bank
464,cycle,2910,false,true,3,137.30,152.55,236,248,2,bank
464,cycle,6380,false,true,3,123.57,137.30,236,248,2,bank
464,cycle,5421,false,true,3,111.21,123.57,236,248,2,bank
464,cycle,7819,false,true,3,100.09,111.21,236,248,2,bank
464,cycle,8364,false,true,3,90.08,100.09,236,248,2,bank
464,cycle,11219,false,true,3,81.07,90.08,236,248,2,bank
464,cycle,3126,false,true,3,72.97,81.07,236,248,2,bank
465,cycle,654,true,true,3,127.32,194.06,405,423,2,bank
465,cycle,3218,false,true,3,174.65,194.06,405,423,2,bank
465,cycle,4569,false,true,3,157.19,174.65,405,423,2,bank
465,cycle,4115,false,true,3,141.47,157.19,405,423,2,bank
465,cycle,10470,false,true,3,127.32,141.47,405,423,2,bank
466,cycle,356,true,true,3,91.73,191.79,667,679,2,bank
466,cycle,2940,false,true,3,172.61,191.79,667,679,2,bank
466,cycle,11741,false,true,3,155.35,172.61,667,679,2,bank
466,cycle,10486,false,true,3,139.81,155.35,667,679,2,bank
466,cycle,8684,false,true,3,125.83,139.81,667,679,2,bank
466,cycle,3326,false,true,3,113.25,125.83,667,679,2,bank
466,cycle,9630,false,true,3,101.92,113.25,667,679,2,bank
466,cycle,1001,false,true,3,91.73,101.92,667,679,2,bank
467,cycle,411,true,true,3,121.33,184.93,94,109,2,bank
467,cycle,816,false,true,3,166.44,184.93,94,109,2,bank
467,cycle,7385,false,true,3,149.79,166.44,94,109,2,bank
467,cycle,6015,false,true,3,134.82,149.79,94,109,2,bank
467,cycle,11697,false,true,3,121.33,134.82,94,109,2,bank
468,cycle,259,true,true,3,88.77,135.29,54,64,2,bank
468,cycle,6963,false,true,3,121.76,135.29,54,64,2,bank
468,cycle,6228,false,true,3,109.59,121.76,54,64,2,bank
468,cycle,4285,false,true,3,98.63,109.59,54,64,2,bank
468,cycle,8207,false,true,3,88.77,98.63,54,64,2,bank
469,cycle,536,true,true,3,53.68,138.56,679,696,2,bank
469,cycle,5801,false,true,3,124.71,138.56,679,696,2,bank
469,cycle,2989,false,true,3,112.24,124.71,679,696,2,bank
469,cycle,834,false,true,3,101.01,112.24,679,696,2,bank
469,cycle,3139,false,true,3,90.91,101.01,679,696,2,bank
469,cycle,4916,false,true,3,81.82,90.91,679,696,2,bank
469,cycle,9509,false,true,3,73.64,81.82,679,696,2,bank
469,cycle,3226,false,true,3,66.27,73.64,679,696,2,bank
469,cycle,11622,false,true,3,59.65,66.27,679,696,2,bank
469,cycle,1596,false,true,3,53.68,59.65,679,696,2,bank
470,cycle,401,true,true,3,51.64,107.96,560,577,2,bank
470,cycle,6664,false,true,3,97.16,107.96,560,577,2,bank
470,cycle,5720,false,true,3,87.45,97.16,560,577,2,bank
470,cycle,1274,false,true,3,78.70,87.45,560,577,2,bank
470,cycle,2505,false,true,3,70.83,78.70,560,577,2,bank
470,cycle,11024,false,true,3,63.75,70.83,560,577,2,bank
470,cycle,9627,false,true,3,57.37,63.75,560,577,2,bank
470,cycle,12033,false,true,3,51.64,57.37,560,577,2,bank
471,cycle,505,true,true,3,79.04,183.60,46,63,2,bank
471,cycle,10190,false,true,3,165.24,183.60,46,63,2,bank
471,cycle,4882,false,true,3,148.72,165.24,46,63,2,bank
471,cycle,1338,false,true,3,133.85,148.72,46,63,2,bank
471,cycle,10997,false,true,3,120.46,133.85,46,63,2,bank
471,cycle,8380,false,true,3,108.42,120.46,46,63,2,bank
471,cycle,10720,false,true,3,97.58,108.42,46,63,2,bank
471,cycle,7596,false,true,3,87.82,97.58,46,63,2,bank
471,cycle,3307,false,true,3,79.04,87.82,46,63,2,bank
472,cycle,552,true,true,3,79.82,166.89,206,218,2,bank
472,cycle,2308,false,true,3,150.20,166.89,206,218,2,bank
472,cycle,3572,false,true,3,135.18,150.20,206,218,2,bank
472,cycle,11058,false,true,3,121.66,135.18,206,218,2,bank
472,cycle,2420,false,true,3,109.50,121.66,206,218,2,bank
472,cycle,4341,false,true,3,98.55,109.50,206,218,2,bank
472,cycle,4712,false,true,3,88.69,98.55,206,218,2,bank
472,cycle,256,false,true,3,79.82,88.69,206,218,2,bank
473,cycle,375,true,true,3,81.43,170.26,370,386,2,bank
473,cycle,10407,false,true,3,153.23,170.26,370,386,2,bank
473,cycle,11662,false,true,3,137.91,153.23,370,386,2,bank
473,cycle,4098,false,true,3,124.12,137.91,370,386,2,bank
473,cycle,593,false,true,3,111.71,124.12,370,386,2,bank
473,cycle,9551,false,true,3,100.54,111.71,370,386,2,bank
473,cycle,3446,false,true,3,90.48,100.54,370,386,2,bank
473,cycle,9373,false,true,3,81.43,90.48,370,386,2,bank
474,cycle,503,true,true,3,55.40,143.00,495,506,2,bank
474,cycle,8046,false,true,3,128.70,143.00,495,506,2,bank
474,cycle,731,false,true,3,115.83,128.70,495,506,2,bank
474,cycle,3459,false,true,3,104.25,115.83,495,506,2,bank
474,cycle,9097,false,true,3,93.82,104.25,495,506,2,bank
474,cycle,7468,false,true,3,84.44,93.82,495,506,2,bank
474,cycle,10267,false,true,3,76.00,84.44,495,506,2,bank
474,cycle,11890,false,true,3,68.40,76.00,495,506,2,bank
474,cycle,1042,false,true,3,61.56,68.40,495,506,2,bank
474,cycle,112,false,true,3,55.40,61.56,495,506,2,bank
475,cycle,885,true,true,3,106.05,179.60,33,37,2,bank
475,cycle,2144,false,true,3,161.64,179.60,33,37,2,bank
475,cycle,11625,false,true,3,145.48,161.64,33,37,2,bank
475,cycle,2866,false,true,3,130.93,145.48,33,37,2,bank
475,cycle,4410,false,true,3,117.84,130.93,33,37,2,bank
475,cycle,738,false,true,3,106.05,117.84,33,37,2,bank
476,cycle,196,true,true,3,74.79,173.75,58,74,2,bank
476,cycle,11106,false,true,3,156.37,173.75,58,74,2,bank
476,cycle,6185,false,true,3,140.73,156.37,58,74,2,bank
476,cycle,1620,false,true,3,126.66,140.73,58,74,2,bank
476,cycle,1261,false,true,3,113.99,126.66,58,74,2,bank
476,cycle,1198,false,true,3,102.60,113.99,58,74,2,bank
476,cycle,10386,false,true,3,92.34,102.60,58,74,2,bank
476,cycle,2552,false,true,3,83.10,92.34,58,74,2,bank
476,cycle,10725,false,true,3,74.79,83.10,58,74,2,bank
477,cycle,171,true,true,3,100.79,189.66,651,657,2,bank
477,cycle,6440,false,true,3,170.69,189.66,651,657,2,bank
477,cycle,10498,false,true,3,153.62,170.69,651,657,2,bank
477,cycle,982,false,true,3,138.26,153.62,651,657,2,bank
477,cycle,9431,false,true,3,124.43,138.26,651,657,2,bank
477,cycle,8935,false,true,3,111.99,124.43,651,657,2,bank
477,cycle,2827,false,true,3,100.79,111.99,651,657,2,bank
478,cycle,708,true,true,3,90.85,170.95,31,38,2,bank
478,cycle,5891,false,true,3,153.85,170.95,31,38,2,bank
478,cycle,10137,false,true,3,138.47,153.85,31,38,2,bank
478,cycle,6679,false,true,3,124.62,138.47,31,38,2,bank
478,cycle,9079,false,true,3,112.16,124.62,31,38,2,bank
478,cycle,6183,false,true,3,100.94,112.16,31,38,2,bank
478,cycle,5860,false,true,3,90.85,100.94,31,38,2,bank
479,cycle,42,true,true,3,112.65,171.69,642,647,2,bank
479,cycle,10042,false,true,3,154.52,171.69,642,647,2,bank
479,cycle,1970,false,true,3,139.07,154.52,642,647,2,bank
479,cycle,4329,false,true,3,125.16,139.07,642,647,2,bank
479,cycle,6767,false,true,3,112.65,125.16,642,647,2,bank
480,cycle,661,true,true,3,81.12,188.46,606,618,2,bank
480,cycle,7399,false,true,3,169.61,188.46,606,618,2,bank
480,cycle,616,false,true,3,152.65,169.61,606,618,2,bank
480,cycle,283,false,true,3,137.39,152.65,606,618,2,bank
480,cycle,3969,false,true,3,123.65,137.39,606,618,2,bank
480,cycle,398,false,true,3,111.28,123.65,606,618,2,bank
480,cycle,8231,false,true,3,100.15,111.28,606,618,2,bank
480,cycle,5295,false,true,3,90.14,100.15,606,618,2,bank
480,cycle,2179,false,true,3,81.12,90.14,606,618,2,bank
481,cycle,248,true,true,3,109.72,167.23,348,352,2,bank
481,cycle,7099,false,true,3,150.51,167.23,348,352,2,bank
481,cycle,7507,false,true,3,135.46,150.51,348,352,2,bank
481,cycle,7452,false,true,3,121.91,135.46,348,352,2,bank
481,cycle,1048,false,true,3,109.72,121.91,348,352,2,bank
482,cycle,631,true,true,3,47.79,123.34,8,13,2,bank
482,cycle,1561,false,true,3,111.01,123.34,8,13,2,bank
482,cycle,2436,false,true,3,99.91,111.01,8,13,2,bank
482,cycle,5267,false,true,3,89.92,99.91,8,13,2,bank
482,cycle,1652,false,true,3,80.93,89.92,8,13,2,bank
482,cycle,1084,false,true,3,72.83,80.93,8,13,2,bank
482,cycle,11522,false,true,3,65.55,72.83,8,13,2,bank
482,cycle,9146,false,true,3,58.99,65.55,8,13,2,bank
482,cycle,5160,false,true,3,53.10,58.99,8,13,2,bank
482,cycle,8240,false,true,3,47.79,53.10,8,13,2,bank
483,cycle,540,true,true,3,93.12,175.22,120,126,2,bank
483,cycle,10687,false,true,3,157.70,175.22,120,126,2,bank
483,cycle,7330,false,true,3,141.93,157.70,120,126,2,bank
483,cycle,10666,false,true,3,127.74,141.93,120,126,2,bank
483,cycle,11138,false,true,3,114.96,127.74,120,126,2,bank
483,cycle,5990,false,true,3,103.47,114.96,120,126,2,bank
483,cycle,7691,false,true,3,93.12,103.47,120,126,2,bank
484,cycle,590,true,true,3,80.76,136.77,129,146,2,bank
484,cycle,4612,false,true,3,123.09,136.77,129,146,2,bank
484,cycle,11725,false,true,3,110.78,123.09,129,146,2,bank
484,cycle,8951,false,true,3,99.70,110.78,129,146,2,bank
484,cycle,6222,false,true,3,89.73,99.70,129,146,2,bank
484,cycle,6880,false,true,3,80.76,89.73,129,146,2,bank
485,cycle,717,true,true,3,62.91,131.53,575,582,2,bank
485,cycle,8004,false,true,3,118.38,131.53,575,582,2,bank
485,cycle,7995,false,true,3,106.54,118.38,575,582,2,bank
485,cycle,6677,false,true,3,95.89,106.54,575,582,2,bank
485,cycle,10368,false,true,3,86.30,95.89,575,582,2,bank
485,cycle,9884,false,true,3,77.67,86.30,575,582,2,bank
485,cycle,3263,false,true,3,69.90,77.67,575,582,2,bank
485,cycle,6724,false,true,3,62.91,69.90,575,582,2,bank
486,cycle,236,true,true,3,44.92,104.36,507,520,2,bank
486,cycle,8203,false,true,3,93.92,104.36,507,520,2,bank
486,cycle,2495,false,true,3,84.53,93.92,507,520,2,bank
486,cycle,6396,false,true,3,76.08,84.53,507,520,2,bank
486,cycle,6094,false,true,3,68.47,76.08,507,520,2,bank
486,cycle,2483,false,true,3,61.62,68.47,507,520,2,bank
486,cycle,11402,false,true,3,55.46,61.62,507,520,2,bank
486,cycle,2533,false,true,3,49.92,55.46,507,520,2,bank
486,cycle,3180,false,true,3,44.92,49.92,507,520,2,bank
487,cycle,17,true,true,3,60.90,141.47,363,375,2,bank
487,cycle,6089,false,true,3,127.32,141.47,363,375,2,bank
487,cycle,3981,false,true,3,114.59,127.32,363,375,2,bank
487,cycle,10273,false,true,3,103.13,114.59,363,375,2,bank
487,cycle,1936,false,true,3,92.82,103.13,363,375,2,bank
487,cycle,10205,false,true,3,83.54,92.82,363,375,2,bank
487,cycle,4504,false,true,3,75.18,83.54,363,375,2,bank
487,cycle,10364,false,true,3,67.67,75.18,363,375,2,bank
487,cycle,4120,false,true,3,60.90,67.67,363,375,2,bank
488,cycle,675,true,true,3,78.25,163.60,71,85,2,bank
488,cycle,7928,false,true,3,147.24,163.60,71,85,2,bank
488,cycle,10346,false,true,3,132.51,147.24,71,85,2,bank
488,cycle,10079,false,true,3,119.26,132.51,71,85,2,bank
488,cycle,2999,false,true,3,107.34,119.26,71,85,2,bank
488,cycle,7661,false,true,3,96.60,107.34,71,85,2,bank
488,cycle,6041,false,true,3,86.94,96.60,71,85,2,bank
488,cycle,2224,false,true,3,78.25,86.94,71,85,2,bank
489,cycle,71,true,true,3,84.23,142.65,108,117,2,bank
489,cycle,9101,false,true,3,128.39,142.65,108,117,2,bank
489,cycle,3365,false,true,3,115.55,128.39,108,117,2,bank
489,cycle,1564,false,true,3,103.99,115.55,108,117,2,bank
489,cycle,2884,false,true,3,93.59,103.99,108,117,2,bank
489,cycle,7327,false,true,3,84.23,93.59,108,117,2,bank
490,cycle,502,true,true,3,82.20,125.29,673,682,2,bank
490,cycle,9022,false,true,3,112.76,125.29,673,682,2,bank
490,cycle,6430,false,true,3,101.48,112.76,673,682,2,bank
490,cycle,9872,false,true,3,91.34,101.48,673,682,2,bank
490,cycle,1411,false,true,3,82.20,91.34,673,682,2,bank
491,cycle,192,true,true,3,65.62,169.38,646,661,2,bank
491,cycle,5560,false,true,3,152.44,169.38,646,661,2,bank
491,cycle,2844,false,true,3,137.20,152.44,646,661,2,bank
491,cycle,1467,false,true,3,123.48,137.20,646,661,2,bank
491,cycle,1399,false,true,3,111.13,123.48,646,661,2,bank
491,cycle,2646,false,true,3,100.02,111.13,646,661,2,bank
491,cycle,11353,false,true,3,90.02,100.02,646,661,2,bank
491,cycle,8683,false,true,3,81.01,90.02,646,661,2,bank
491,cycle,8543,false,true,3,72.91,81.01,646,661,2,bank
491,cycle,4633,false,true,3,65.62,72.91,646,661,2,bank
492,cycle,1087,true,true,3,89.38,136.23,277,290,2,bank
492,cycle,7857,false,true,3,122.61,136.23,277,290,2,bank
492,cycle,8916,false,true,3,110.35,122.61,277,290,2,bank
492,cycle,5094,false,true,3,99.31,110.35,277,290,2,bank
492,cycle,2666,false,true,3,89.38,99.31,277,290,2,bank
493,cycle,38,true,true,3,103.13,194.06,15,31,2,bank
493,cycle,7546,false,true,3,174.65,194.06,15,31,2,bank
493,cycle,11989,false,true,3,157.19,174.65,15,31,2,bank
493,cycle,444,false,true,3,141.47,157.19,15,31,2,bank
493,cycle,4747,false,true,3,127.32,141.47,15,31,2,bank
493,cycle,8850,false,true,3,114.59,127.32,15,31,2,bank
493,cycle,4646,false,true,3,103.13,114.59,15,31,2,bank
494,cycle,323,true,true,3,76.23,143.44,226,239,2,bank
494,cycle,3351,false,true,3,129.10,143.44,226,239,2,bank
494,cycle,10423,false,true,3,116.19,129.10,226,239,2,bank
494,cycle,11049,false,true,3,104.57,116.19,226,239,2,bank
494,cycle,988,false,true,3,94.11,104.57,226,239,2,bank
494,cycle,10276,false,true,3,84.70,94.11,226,239,2,bank
494,cycle,1751,false,true,3,76.23,84.70,226,239,2,bank
495,cycle,275,true,true,3,41.68,107.59,514,521,2,bank
495,cycle,544,false,true,3,96.83,107.59,514,521,2,bank
495,cycle,2368,false,true,3,87.15,96.83,514,521,2,bank
495,cycle,6913,false,true,3,78.44,87.15,514,521,2,bank
495,cycle,3138,false,true,3,70.59,78.44,514,521,2,bank
495,cycle,176,false,true,3,63.53,70.59,514,521,2,bank
495,cycle,10153,false,true,3,57.18,63.53,514,521,2,bank
495,cycle,2061,false,true,3,51.46,57.18,514,521,2,bank
495,cycle,6270,false,true,3,46.32,51.46,514,521,2,bank
495,cycle,4830,false,true,3,41.68,46.32,514,521,2,bank
496,cycle,637,true,true,3,115.42,195.47,201,219,2,bank
496,cycle,10545,false,true,3,175.92,195.47,201,219,2,bank
496,cycle,5342,false,true,3,158.33,175.92,201,219,2,bank
496,cycle,9985,false,true,3,142.50,158.33,201,219,2,bank
496,cycle,9171,false,true,3,128.25,142.50,201,219,2,bank
496,cycle,8442,false,true,3,115.42,128.25,201,219,2,bank
497,cycle,82,true,true,3,69.90,180.42,79,91,2,bank
497,cycle,11238,false,true,3,162.38,180.42,79,91,2,bank
497,cycle,11073,false,true,3,146.14,162.38,79,91,2,bank
497,cycle,11817,false,true,3,131.53,146.14,79,91,2,bank
497,cycle,7484,false,true,3,118.37,131.53,79,91,2,bank
497,cycle,4353,false,true,3,106.54,118.37,79,91,2,bank
497,cycle,182,false,true,3,95.88,106.54,79,91,2,bank
497,cycle,8618,false,true,3,86.29,95.88,79,91,2,bank
497,cycle,7979,false,true,3,77.66,86.29,79,91,2,bank
497,cycle,3839,false,true,3,69.90,77.66,79,91,2,bank
498,cycle,472,true,true,3,113.92,192.93,287,291,2,bank
498,cycle,5268,false,true,3,173.63,192.93,287,291,2,bank
498,cycle,335,false,true,3,156.27,173.63,287,291,2,bank
498,cycle,11760,false,true,3,140.64,156.27,287,291,2,bank
498,cycle,7521,false,true,3,126.58,140.64,287,291,2,bank
498,cycle,4428,false,true,3,113.92,126.58,287,291,2,bank
499,cycle,54,true,true,3,61.05,114.87,80,99,2,bank
499,cycle,4738,false,true,3,103.38,114.87,80,99,2,bank
499,cycle,1016,false,true,3,93.04,103.38,80,99,2,bank
499,cycle,1977,false,true,3,83.74,93.04,80,99,2,bank
499,cycle,6024,false,true,3,75.36,83.74,80,99,2,bank
499,cycle,5505,false,true,3,67.83,75.36,80,99,2,bank
499,cycle,2228,false,true,3,61.05,67.83,80,99,2,bank
